{
  "Name": "levels/xp1_003/objects/lightpost_xp003_blinking_01",
  "PartitionGuid": "4b20017d-694e-4dc6-92e9-2b0b0df78f8e",
  "PrimaryInstanceGuid": "691e18be-f363-4336-b18e-ec14edbf24a4",
  "Instances": {
    "ec0d0ecf-daeb-4613-9708-15fef960903f": {
      "$type": "EffectReferenceObjectData",
      "AutoStart": true,
      "BlueprintTransform": {
        "right": {
          "x": 0.09357657,
          "y": -0.10724292,
          "z": -0.9898193
        },
        "up": {
          "x": -3.7488293E-10,
          "y": 0.99418175,
          "z": -0.10771557
        },
        "forward": {
          "x": 0.995612,
          "y": 0.010079654,
          "z": 0.09303212
        },
        "trans": {
          "x": -0.19235598,
          "y": 7.887525,
          "z": 2.972672
        }
      },
      "Blueprint": {
        "PartitionGuid": "1f986dbb-4c3b-430e-829e-59da45042142",
        "InstanceGuid": "ca5003a2-7fde-4ca2-80e8-1543e84465ac"
      },
      "ObjectVariation": null,
      "StreamRealm": 0,
      "CastSunShadowEnable": true,
      "Excluded": false,
      "IndexInBlueprint": 3,
      "IsEventConnectionTarget": 0,
      "IsPropertyConnectionTarget": 3
    },
    "971eeb33-b8c1-415c-a572-3cd70ecac424": {
      "$type": "FloatPropertyTrackData",
      "Values": [
        0.0,
        24.0,
        0.0,
        24.0,
        24.0,
        0.0,
        24.0,
        0.0,
        24.0,
        15.0,
        0.0,
        24.0,
        0.0,
        24.0,
        0.0,
        24.0,
        0.0,
        24.0,
        3.0,
        24.0,
        0.0,
        24.0,
        0.0,
        24.0,
        0.1,
        24.0,
        3.0,
        24.0,
        0.0,
        24.0,
        24.0
      ],
      "InterpolationType": 0,
      "Id": 622077060,
      "Times": [
        0,
        94,
        188,
        284,
        641,
        750,
        847,
        939,
        1029,
        1107,
        1218,
        1305,
        1402,
        1505,
        2291,
        2367,
        2454,
        2545,
        2630,
        2719,
        2792,
        3646,
        3729,
        3824,
        3917,
        3986,
        4030,
        4095,
        4313,
        4593,
        5000
      ]
    },
    "d6e066a5-a6d8-4c6c-a926-4807db096a7b": {
      "$type": "InterfaceDescriptorData",
      "InputEvents": [],
      "OutputEvents": [
        {
          "Id": -1452333337
        }
      ],
      "InputLinks": [],
      "OutputLinks": [],
      "Fields": []
    },
    "298a4e23-de55-44b0-aea0-f859dcd0b13a": {
      "$type": "ObjectVariationSwitchEntityData",
      "Variation1": {
        "PartitionGuid": "e06c1779-7a57-11e0-9159-ce9670d49f50",
        "InstanceGuid": "a04a8b67-2a3d-c00c-5caf-a077f52809df"
      },
      "Variation2": {
        "PartitionGuid": "412bac62-7a1e-11e0-a394-a59d2067f2e4",
        "InstanceGuid": "4a130323-828e-060e-040c-80b075139457"
      },
      "IndexInBlueprint": 2,
      "IsEventConnectionTarget": 0,
      "IsPropertyConnectionTarget": 3
    },
    "9206f7d2-6d19-43b0-942a-509694395aaa": {
      "$type": "ReferenceObjectData",
      "BlueprintTransform": {
        "right": {
          "x": 1.0,
          "y": 0.0,
          "z": 0.0
        },
        "up": {
          "x": 0.0,
          "y": 1.0,
          "z": 0.0
        },
        "forward": {
          "x": 0.0,
          "y": 0.0,
          "z": 1.0
        },
        "trans": {
          "x": 0.0,
          "y": 0.0,
          "z": 0.0
        }
      },
      "Blueprint": {
        "PartitionGuid": "2e2685d3-fda2-4962-bedf-4b31e8c52aed",
        "InstanceGuid": "18c5cb1c-4c1f-4a3b-9447-77a379a1ba53"
      },
      "ObjectVariation": {
        "PartitionGuid": "660917e0-fca7-11e0-b578-c8194233f0f9",
        "InstanceGuid": "366ba49b-f6c6-3eeb-44b2-6204efc38111"
      },
      "StreamRealm": 0,
      "CastSunShadowEnable": true,
      "Excluded": false,
      "IndexInBlueprint": 4,
      "IsEventConnectionTarget": 3,
      "IsPropertyConnectionTarget": 3
    },
    "6eaef968-0290-4f9b-bf6e-9f2580d270a4": {
      "$type": "SequenceEntityData",
      "IsEventConnectionTarget": 2,
      "IsPropertyConnectionTarget": 3,
      "IndexInBlueprint": 1,
      "Events": [
        {
          "Event": {
            "Id": -117303631
          },
          "Time": 0
        },
        {
          "Event": {
            "Id": -1952177180
          },
          "Time": 90
        },
        {
          "Event": {
            "Id": -117303631
          },
          "Time": 178
        },
        {
          "Event": {
            "Id": -1952177180
          },
          "Time": 269
        },
        {
          "Event": {
            "Id": -1952177180
          },
          "Time": 638
        },
        {
          "Event": {
            "Id": -117303631
          },
          "Time": 759
        },
        {
          "Event": {
            "Id": -1952177180
          },
          "Time": 846
        },
        {
          "Event": {
            "Id": -117303631
          },
          "Time": 949
        },
        {
          "Event": {
            "Id": -1952177180
          },
          "Time": 1028
        },
        {
          "Event": {
            "Id": -1952177180
          },
          "Time": 1110
        },
        {
          "Event": {
            "Id": -117303631
          },
          "Time": 1218
        },
        {
          "Event": {
            "Id": -1952177180
          },
          "Time": 1309
        },
        {
          "Event": {
            "Id": -117303631
          },
          "Time": 1388
        },
        {
          "Event": {
            "Id": -1952177180
          },
          "Time": 1518
        },
        {
          "Event": {
            "Id": -117303631
          },
          "Time": 2280
        },
        {
          "Event": {
            "Id": -1952177180
          },
          "Time": 2380
        },
        {
          "Event": {
            "Id": -117303631
          },
          "Time": 2465
        },
        {
          "Event": {
            "Id": -1952177180
          },
          "Time": 2540
        },
        {
          "Event": {
            "Id": -117303631
          },
          "Time": 2631
        },
        {
          "Event": {
            "Id": -1952177180
          },
          "Time": 2713
        },
        {
          "Event": {
            "Id": -117303631
          },
          "Time": 2798
        },
        {
          "Event": {
            "Id": -1952177180
          },
          "Time": 3641
        },
        {
          "Event": {
            "Id": -117303631
          },
          "Time": 3729
        },
        {
          "Event": {
            "Id": -1952177180
          },
          "Time": 3829
        },
        {
          "Event": {
            "Id": -117303631
          },
          "Time": 3920
        },
        {
          "Event": {
            "Id": -1952177180
          },
          "Time": 3986
        },
        {
          "Event": {
            "Id": -117303631
          },
          "Time": 4035
        },
        {
          "Event": {
            "Id": -1952177180
          },
          "Time": 4098
        },
        {
          "Event": {
            "Id": -117303631
          },
          "Time": 4307
        },
        {
          "Event": {
            "Id": -1952177180
          },
          "Time": 4591
        }
      ],
      "SequenceStartTime": 0,
      "SequenceLength": 5000,
      "Looping": true,
      "AutoStart": true,
      "AutoPlayFirstFrame": false,
      "PlayInReverse": false,
      "Realm": 2,