{
  "Name": "fx/ambient/levelspecific/sp_f18/emitters/em_amb_spjet_carrier_splash_lowend_l_mist",
  "PartitionGuid": "1c0fd291-55d5-4426-a4fd-d1f831335c50",
  "PrimaryInstanceGuid": "fb28cdfc-90a5-495b-9349-554e1a062cc3",
  "Instances": {
    "1842b522-6706-18e3-d371-d531920c0b41": {
      "$type": "PolynomialData",
      "EmitterParameter": 0,
      "Coefficients": {
        "x": 15.174557,
        "y": -29.87372,
        "z": 14.699163,
        "w": -0.004999995
      },
      "ScaleValue": 0.1,
      "MinClamp": 0.0,
      "MaxClamp": 1.0
    },
    "29f3bf0b-00e3-5c1e-f4ce-fd7b7208e86d": {
      "$type": "UpdateClipScaleData",
      "DefaultValues": {
        "x": 1.0,
        "y": 1.0,
        "z": 1.0,
        "w": 1.0
      },
      "NextProcessor": {
        "PartitionGuid": "1c0fd291-55d5-4426-a4fd-d1f831335c50",
        "InstanceGuid": "65485bc9-61f6-69ee-69d0-e571fc40b10d"
      },
      "Pre": null,
      "EvaluatorInput": 2,
      "Enable": true,
      "Lookup": [
        32767,
        32767,
        32767,
        32767,
        29439,
        30207,
        29823,
        30079,
        29439,
        30207,
        29823,
        30079,
        29439,
        30207,
        29823,
        30079,
        29439,
        30207,
        29823,
        30079,
        29439,
        30207,
        29823,
        30079,
        29439,
        30207,
        29823,
        30079,
        29439,
        30207,
        29823,
        30079,
        29439,
        30207,
        29823,
        30079,
        29439,
        30207,
        29823,
        30079,
        29439,
        30207,
        29823,
        30079,
        29439,
        30207,
        29823,
        30079,
        29439,
        30207,
        29823,
        30079,
        29439,
        30207,
        29823,
        30079,
        29439,
        30207,
        29823,
        30079,
        29439,
        30207,
        29823,
        30079,
        29439,
        30207,
        29823,
        30079,
        29439,
        30207,
        29823,
        30079,
        29439,
        30207,
        29823,
        30079,
        29439,
        30207,
        29823,
        30079,
        29439,
        30207,
        29823,
        30079,
        29439,
        30207,
        29823,
        30079,
        29439,
        30207,
        29823,
        30079,
        29439,
        30207,
        29823,
        30079,
        29439,
        30207,
        29823,
        30079,
        29439,
        30207,
        29823,
        30079,
        29439,
        30207,
        29823,
        30079,
        29439,
        30207,
        29823,
        30079,
        29055,
        29823,
        29695,
        29951,
        29055,
        29823,
        29695,
        29951,
        28671,
        29695,
        29311,
        29695,
        27647,
        28927,
        28671,
        28287,
        0,
        0,
        0,
        0
      ]
    },
    "2b7050ef-2430-415f-2ff9-2f1bf0ca4ce6": {
      "$type": "UpdateOrientationData",
      "DefaultValues": {
        "x": 1.0,
        "y": 1.0,
        "z": 1.0,
        "w": 1.0
      },
      "NextProcessor": {
        "PartitionGuid": "1c0fd291-55d5-4426-a4fd-d1f831335c50",
        "InstanceGuid": "29f3bf0b-00e3-5c1e-f4ce-fd7b7208e86d"
      },
      "Pre": null,
      "EvaluatorInput": 2,
      "Enable": true
    },
    "34578a6c-79e9-45dd-1de5-2c445c70f35d": {
      "$type": "SpawnDirectionData",
      "DefaultValues": {
        "x": 0.0,
        "y": 1.0,
        "z": 0.0,
        "w": 0.0
      },
      "NextProcessor": {
        "PartitionGuid": "1c0fd291-55d5-4426-a4fd-d1f831335c50",
        "InstanceGuid": "ceba655e-d178-86e0-e4f4-e59efc26aa3d"
      },
      "Pre": {
        "PartitionGuid": "1c0fd291-55d5-4426-a4fd-d1f831335c50",
        "InstanceGuid": "61b651f4-862d-ed41-d87a-21a8291603ed"
      },
      "EvaluatorInput": 1,
      "Enable": true,
      "DirectionFromEmitterOrigin": 0.0,
      "InheritSpeedAndDirectionFromEmitter": false
    },
    "3e7b3542-c395-76da-d20c-ab7f58e90d92": {
      "$type": "SpawnSpeedData",
      "DefaultValues": {
        "x": 1.0,
        "y": 1.0,
        "z": 1.0,
        "w": 1.0
      },
      "NextProcessor": {
        "PartitionGuid": "1c0fd291-55d5-4426-a4fd-d1f831335c50",
        "InstanceGuid": "78e2e4a6-9bcf-385f-7722-cd0a7df15232"
      },
      "Pre": {
        "PartitionGuid": "1c0fd291-55d5-4426-a4fd-d1f831335c50",
        "InstanceGuid": "9cf4c3c8-4da0-fe78-fbaf-8c0ed4c0a744"
      },
      "EvaluatorInput": 1,
      "Enable": true,
      "Speed": 25.0
    },
    "5109a323-9844-bb16-2354-65663a9e94a8": {
      "$type": "PolynomialData",
      "EmitterParameter": 0,
      "Coefficients": {
        "x": 0.0,
        "y": 0.0,
        "z": -0.9908676,
        "w": 1.0044236
      },
      "ScaleValue": 1.0,
      "MinClamp": 0.0,
      "MaxClamp": 1.0
    },
    "61b651f4-862d-ed41-d87a-21a8291603ed": {
      "$type": "RandomXYZEvaluatorData",
      "EmitterParameter": 0,
      "MaxX": 1.0,
      "MinX": -1.0,
      "MaxY": 0.1,
      "MinY": 0.1,
      "MaxZ": -2.0,
      "MinZ": -2.0
    },
    "6320d7b1-89fd-190b-3e87-52b83db6f6a6": {
      "$type": "UpdateColorData",
      "DefaultValues": {
        "x": 5.0,
        "y": 5.0,
        "z": 5.0,
        "w": 1.0
      },
      "NextProcessor": {
        "PartitionGuid": "1c0fd291-55d5-4426-a4fd-d1f831335c50",
        "InstanceGuid": "8d9b6d21-0de3-e4dd-7dd6-1b5fd2564b9b"
      },
      "Pre": null,
      "EvaluatorInput": 2,
      "Enable": true,
      "Color": {
        "x": 5.0,
        "y": 5.0,
        "z": 5.0
      }
    },
    "65485bc9-61f6-69ee-69d0-e571fc40b10d": {
      "$type": "UpdateLinearVelocityData",
      "DefaultValues": {
        "x": 1.0,
        "y": 1.0,
        "z": 1.0,
        "w": 1.0
      },
      "NextProcessor": null,
      "Pre": null,
      "EvaluatorInput": 2,
      "Enable": true
    },
    "65b6978a-4533-95bf-ee2c-2d547ec30f92": {
      "$type": "GravityData",
      "DefaultValues": {
        "x": 1.0,
        "y": 1.0,
        "z": 1.0,
        "w": 1.0
      },
      "NextProcessor": {
        "PartitionGuid": "1c0fd291-55d5-4426-a4fd-d1f831335c50",
        "InstanceGuid": "6320d7b1-89fd-190b-3e87-52b83db6f6a6"
      },
      "Pre": null,
      "EvaluatorInput": 2,
      "Enable": true,
      "Gravity": 3.0
    },
    "7552159a-5454-4d81-acd1-15035c76a1c3": {
      "$type": "SpawnRateData",
      "DefaultValues": {
        "x": 1.0,
        "y": 1.0,
        "z": 1.0,
        "w": 1.0
      },
      "NextProcessor": {
        "PartitionGuid": "1c0fd291-55d5-4426-a4fd-d1f831335c50",
        "InstanceGuid": "ade538ea-8ca9-4957-a8d0-a7a2cf85e194"
      },
      "Pre": null,
      "EvaluatorInput": 1,
      "Enable": true,
      "SpawnRate": 15.0,
      "TrailSegmentLength": 5.0,
      "DistributeOverTime": true,
      "DistributeOverDistance": false
    },
    "76a65810-4a51-7fe3-4aef-f7798f0a31a2": {
      "$type": "PolynomialData",
      "EmitterParameter": 0,
      "Coefficients": {
        "x": 0.0,
        "y": 0.0,
        "z": -5.0,
        "w": 1.0
      },
      "ScaleValue": 1.0,
      "MinClamp": 0.0,
      "MaxClamp": 1.0
    },
    "78e2e4a6-9bcf-385f-7722-cd0a7df15232": {
      "$type": "UpdateRotationData",
      "DefaultValues": {
        "x": 1.0,
        "y": 0.0,
        "z": 0.0,
        "w": 0.0
      },
      "NextProcessor": {
        "PartitionGuid": "1c0fd291-55d5-4426-a4fd-d1f831335c50",
        "InstanceGuid": "ebe3bc29-ffbd-ff27-3e4a-9e517fc6d88f"
      },