{
  "Name": "fx/ambient/generic/wind/vegitation/emitter/em_tree_leafs_blowinginwind_leafs01",
  "PartitionGuid": "9bb57552-e5be-11df-acc4-e46ef22498cb",
  "PrimaryInstanceGuid": "241984a4-84dd-5710-4f59-90244f39f697",
  "Instances": {
    "048b2b15-d252-4423-872a-33977cc7fac0": {
      "$type": "SphereEvaluatorData",
      "EmitterParameter": 0,
      "Scale": {
        "x": 1.0,
        "y": 0.5,
        "z": 1.0
      },
      "Pivot": {
        "x": -1.0,
        "y": 0.0,
        "z": 0.0
      },
      "Radius": 5.0
    },
    "0bfc042a-5387-471c-85df-9d024fbdbc7e": {
      "$type": "RandomEvaluatorData",
      "EmitterParameter": 0,
      "Max": 1.0,
      "Min": -1.0
    },
    "241984a4-84dd-5710-4f59-90244f39f697": {
      "$type": "EmitterTemplateData",
      "PointLightIntensity": {
        "x": 0.0,
        "y": 0.0,
        "z": 0.0,
        "w": 1.0
      },
      "PointLightPivot": {
        "x": 0.0,
        "y": 0.0,
        "z": 0.0
      },
      "PointLightColor": {
        "x": 1.0,
        "y": 1.0,
        "z": 1.0
      },
      "MaxCount": 11,
      "Name": "FX/Ambient/Generic/Wind/Vegitation/Emitter/Em_Tree_Leafs_BlowingInWind_Leafs01",
      "TimeScale": 1.0,
      "LifetimeFrameCount": 0,
      "Lifetime": 0.0,
      "RootProcessor": {
        "PartitionGuid": "9bb57552-e5be-11df-acc4-e46ef22498cb",
        "InstanceGuid": "a404cd5e-2f98-4a20-8f13-d3d74316fed5"
      },
      "VisibleAfterDistance": 0.0,
      "ZOcclusionLookup": [
        0.3430786,
        0.0,
        0.3430786,
        0.3430786,
        0.3430786,
        0.3430786,
        0.3430786,
        0.3430786,
        0.3430786,
        0.3430786,
        0.3430786,
        0.3430786,
        0.3430786,
        0.3430786,
        0.3430786,
        0.3430786,
        0.3430786,
        0.3430786,
        0.3430786,
        0.3430786,
        0.3430786,
        0.3430786,
        0.3430786,
        0.3430786,
        0.3430786,
        0.3430786,
        0.3430786,
        0.3430786,
        0.3430786,
        0.3430786,
        0.3430786,
        0.0,
        0.0
      ],
      "EmittableType": 1,
      "Mesh": null,
      "DistanceScaleNearValue": 1.0,
      "PointLightRadius": 20.0,
      "VertexPixelLightingBlendFactor": 0.0,
      "GlobalLocalNormalBlendFactor": 1.0,
      "SoftParticlesFadeDistanceMultiplier": 0.0,
      "LightWrapAroundFactor": 0.5,
      "LightMultiplier": 1.0,
      "DistanceScaleFarValue": 1.0,
      "PointLightRandomIntensityMin": 1.0,
      "MeshCullingDistance": 0.0,
      "PointLightRandomIntensityMax": 1.0,
      "MaxSpawnDistance": 0.0,
      "MinScreenArea": 1.0,
      "DistanceScaleLength": 0.0,
      "PointLightMaxClamp": 1.0,
      "ParticleCullingFactor": 0.8,
      "PointLightMinClamp": 0.0,
      "FollowSpawnSource": false,
      "RepeatParticleSpawning": false,
      "Emissive": false,
      "ExclusionVolumeCullEnable": false,
      "TransparencySunShadowEnable": false,
      "ForceFullRes": false,
      "LocalSpace": false,
      "Opaque": true,
      "ActAsPointLight": false,
      "KillParticlesWithEmitter": false,
      "ForceNiceSorting": false
    },
    "2c1d95c1-dc2d-c583-3cfc-59e9d08d2857": {
      "$type": "UpdateLinearVelocityData",
      "DefaultValues": {
        "x": 1.0,
        "y": 1.0,
        "z": 1.0,
        "w": 1.0
      },
      "NextProcessor": null,
      "Pre": null,
      "EvaluatorInput": 2,
      "Enable": true
    },
    "370f2bea-6427-4799-b4f3-c4fa791e6582": {
      "$type": "UpdateRotationData",
      "DefaultValues": {
        "x": 1.0,
        "y": 0.0,
        "z": 0.0,
        "w": 0.0
      },
      "NextProcessor": {
        "PartitionGuid": "9bb57552-e5be-11df-acc4-e46ef22498cb",
        "InstanceGuid": "981f620b-951c-4e41-a107-01631a728c3e"
      },
      "Pre": null,
      "EvaluatorInput": 2,
      "Enable": true
    },
    "434e1ec4-5c43-25f8-d9fb-7004c2a107eb": {
      "$type": "EmitterDocument",
      "Name": "FX/Ambient/Generic/Wind/Vegitation/Emitter/Em_Tree_Leafs_BlowingInWind_Leafs01",
      "RootProcessor": {
        "PartitionGuid": "9bb57552-e5be-11df-acc4-e46ef22498cb",
        "InstanceGuid": "a404cd5e-2f98-4a20-8f13-d3d74316fed5"
      },
      "TemplateData": {
        "PartitionGuid": "9bb57552-e5be-11df-acc4-e46ef22498cb",
        "InstanceGuid": "241984a4-84dd-5710-4f59-90244f39f697"
      }
    },
    "46a50aa5-010d-4a27-90a9-e2831729394f": {
      "$type": "SpawnSizeData",
      "DefaultValues": {
        "x": 1.0,
        "y": 1.0,
        "z": 1.0,
        "w": 1.0
      },
      "NextProcessor": {
        "PartitionGuid": "9bb57552-e5be-11df-acc4-e46ef22498cb",
        "InstanceGuid": "5f313f3c-29f1-49f4-8559-25efc66c8103"
      },
      "Pre": {
        "PartitionGuid": "9bb57552-e5be-11df-acc4-e46ef22498cb",
        "InstanceGuid": "8cde5ca3-3a1f-4129-879d-8a88f2453377"
      },
      "EvaluatorInput": 1,
      "Enable": true,
      "Size": 0.08
    },
    "485c9e9b-791e-41ab-951e-99a0d4bf10e4": {
      "$type": "PolynomialColorInterpData",
      "EmitterParameter": 0,
      "Color0": {
        "x": 0.271,
        "y": 0.459,
        "z": 0.129
      },
      "Color1": {
        "x": 0.592,
        "y": 0.436,
        "z": 0.063
      },
      "Coefficients": {
        "x": 0.0,
        "y": 0.0,
        "z": 0.0,
        "w": 0.99999994
      }
    },
    "4c3606a1-3283-403c-814f-3c75b7d3808c": {
      "$type": "SpawnDirectionData",
      "DefaultValues": {
        "x": 0.0,
        "y": 1.0,
        "z": 0.0,
        "w": 0.0
      },
      "NextProcessor": {
        "PartitionGuid": "9bb57552-e5be-11df-acc4-e46ef22498cb",
        "InstanceGuid": "594172d0-2565-4974-a196-abf480394c9c"
      },
      "Pre": {
        "PartitionGuid": "9bb57552-e5be-11df-acc4-e46ef22498cb",
        "InstanceGuid": "ba5b5eea-d1b0-4e56-9ece-f1a29498a8c4"
      },
      "EvaluatorInput": 1,
      "Enable": true,
      "DirectionFromEmitterOrigin": 1.0,
      "InheritSpeedAndDirectionFromEmitter": false
    },
    "594084a7-87a2-4255-9db5-4a4d87790dc2": {
      "$type": "UpdateColorData",
      "DefaultValues": {
        "x": 1.0,
        "y": 1.0,
        "z": 1.0,
        "w": 1.0
      },
      "NextProcessor": {
        "PartitionGuid": "9bb57552-e5be-11df-acc4-e46ef22498cb",
        "InstanceGuid": "675f31c7-ebe9-4338-8da7-669564c7e926"
      },
      "Pre": {
        "PartitionGuid": "9bb57552-e5be-11df-acc4-e46ef22498cb",
        "InstanceGuid": "485c9e9b-791e-41ab-951e-99a0d4bf10e4"
      },
      "EvaluatorInput": 2,
      "Enable": true,
      "Color": {
        "x": 1.0,
        "y": 1.0,
        "z": 1.0
      }
    },
    "594172d0-2565-4974-a196-abf480394c9c": {
      "$type": "SpawnPositionData",
      "DefaultValues": {
        "x": 0.0,
        "y": 0.0,
        "z": 0.0,
        "w": 1.0
      },
      "NextProcessor": {
        "PartitionGuid": "9bb57552-e5be-11df-acc4-e46ef22498cb",
        "InstanceGuid": "c73de604-38d3-41a3-8774-0740b3c1cc39"
      },
      "Pre": {
        "PartitionGuid": "9bb57552-e5be-11df-acc4-e46ef22498cb",
        "InstanceGuid": "048b2b15-d252-4423-872a-33977cc7fac0"
      },
      "EvaluatorInput": 1,
      "Enable": true
    },
    "5f313f3c-29f1-49f4-8559-25efc66c8103": {
      "$type": "AirResistanceData",
      "DefaultValues": {
        "x": 1.0,
        "y": 1.0,
        "z": 1.0,
        "w": 1.0
      },
      "NextProcessor": {
        "PartitionGuid": "9bb57552-e5be-11df-acc4-e46ef22498cb",
        "InstanceGuid": "76f48448-88f9-4ed1-b2f9-5d556514daa5"
      },
      "Pre": {
        "PartitionGuid": "9bb57552-e5be-11df-acc4-e46ef22498cb",
        "InstanceGuid": "72fcffd0-4a39-412c-8901-5b187236d208"
      },
      "EvaluatorInput": 2,