{
  "Name": "levels/sp_paris/heat/layer23_heat_oobtriggers",
  "PartitionGuid": "4638456c-7f72-4406-b482-0b55459b75f3",
  "PrimaryInstanceGuid": "98a55378-955a-4477-9c23-d2b0216e6d5e",
  "Instances": {
    "7287c83f-bbd0-4eb2-9c72-a31fe802d690": {
      "$type": "ReferenceObjectData",
      "IndexInBlueprint": 897,
      "IsEventConnectionTarget": 2,
      "IsPropertyConnectionTarget": 3,
      "BlueprintTransform": {
        "right": {
          "x": -3.948457E-08,
          "y": -2.3695113E-10,
          "z": 1.0
        },
        "up": {
          "x": -3.26568E-10,
          "y": 1.0,
          "z": 1.229273E-10
        },
        "forward": {
          "x": -1.0,
          "y": -1.2410347E-09,
          "z": -1.5917038E-08
        },
        "trans": {
          "x": -249.57721,
          "y": -0.7558676,
          "z": -105.17585
        }
      },
      "Blueprint": {
        "PartitionGuid": "9dfa9a18-8e02-11e0-b5fa-9eed3940ca36",
        "InstanceGuid": "9a77c5bb-614d-6b66-d69b-72e19242882a"
      },
      "ObjectVariation": null,
      "StreamRealm": "StreamRealm_Both",
      "CastSunShadowEnable": true,
      "Excluded": false
    },
    "775c0c6f-c5d1-4f15-8b34-1260b9a16f7d": {
      "$type": "OBBData",
      "IndexInBlueprint": 893,
      "IsEventConnectionTarget": 1,
      "IsPropertyConnectionTarget": 3,
      "Transform": {
        "right": {
          "x": 1.0,
          "y": 0.0,
          "z": 0.0
        },
        "up": {
          "x": 0.0,
          "y": 1.0,
          "z": 0.0
        },
        "forward": {
          "x": 0.0,
          "y": 0.0,
          "z": 1.0
        },
        "trans": {
          "x": -214.59084,
          "y": 1.4323373,
          "z": -23.172483
        }
      },
      "HalfExtents": {
        "x": 5.174792,
        "y": 1.9666182,
        "z": 11.27674
      }
    },
    "77717ae7-f434-4db9-93e8-52adc4b91b11": {
      "$type": "OBBData",
      "IndexInBlueprint": 895,
      "IsEventConnectionTarget": 1,
      "IsPropertyConnectionTarget": 3,
      "Transform": {
        "right": {
          "x": 0.7071068,
          "y": 0.0,
          "z": -0.7071068
        },
        "up": {
          "x": 0.0,
          "y": 1.0,
          "z": 0.0
        },
        "forward": {
          "x": 0.7071068,
          "y": 0.0,
          "z": 0.7071068
        },
        "trans": {
          "x": -306.48746,
          "y": 1.4469358,
          "z": -19.23639
        }
      },
      "HalfExtents": {
        "x": 16.676151,
        "y": 2.0413918,
        "z": 5.745705
      }
    },
    "7f98b02e-a5d9-45e1-b30f-cb998a999884": {
      "$type": "OBBData",
      "IndexInBlueprint": 894,
      "IsEventConnectionTarget": 1,
      "IsPropertyConnectionTarget": 3,
      "Transform": {
        "right": {
          "x": 1.0,
          "y": 0.0,
          "z": 0.0
        },
        "up": {
          "x": 0.0,
          "y": 1.0,
          "z": 0.0
        },
        "forward": {
          "x": 0.0,
          "y": 0.0,
          "z": 1.0
        },
        "trans": {
          "x": -275.4572,
          "y": 1.1201539,
          "z": 18.182634
        }
      },
      "HalfExtents": {
        "x": 23.274298,
        "y": 1.7153411,
        "z": 5.484875
      }
    },
    "98a55378-955a-4477-9c23-d2b0216e6d5e": {
      "$type": "WorldPartData",
      "Name": "Levels/SP_Paris/Heat_OOBTriggers",
      "PropertyConnections": [],
      "LinkConnections": [],
      "EventConnections": [],
      "Descriptor": null,
      "NeedNetworkId": false,
      "InterfaceHasConnections": false,
      "AlwaysCreateEntityBusClient": false,
      "AlwaysCreateEntityBusServer": false,
      "Objects": [
        {
          "PartitionGuid": "4638456c-7f72-4406-b482-0b55459b75f3",
          "InstanceGuid": "775c0c6f-c5d1-4f15-8b34-1260b9a16f7d"
        },
        {
          "PartitionGuid": "4638456c-7f72-4406-b482-0b55459b75f3",
          "InstanceGuid": "7f98b02e-a5d9-45e1-b30f-cb998a999884"
        },
        {
          "PartitionGuid": "4638456c-7f72-4406-b482-0b55459b75f3",
          "InstanceGuid": "77717ae7-f434-4db9-93e8-52adc4b91b11"
        },
        {
          "PartitionGuid": "4638456c-7f72-4406-b482-0b55459b75f3",
          "InstanceGuid": "f6d957e3-478e-41c6-97f2-8fe372513dc2"
        },
        {
          "PartitionGuid": "4638456c-7f72-4406-b482-0b55459b75f3",
          "InstanceGuid": "7287c83f-bbd0-4eb2-9c72-a31fe802d690"
        },
        {
          "PartitionGuid": "4638456c-7f72-4406-b482-0b55459b75f3",
          "InstanceGuid": "d7de65b4-2ab0-4fba-a265-def42f30e9c6"
        },
        {
          "PartitionGuid": "4638456c-7f72-4406-b482-0b55459b75f3",
          "InstanceGuid": "9ede7eb9-8978-464f-8af5-66da40198b2b"
        },
        {
          "PartitionGuid": "4638456c-7f72-4406-b482-0b55459b75f3",
          "InstanceGuid": "dcd97e5f-4423-4d6e-bb64-d36c981dee60"
        },
        {
          "PartitionGuid": "4638456c-7f72-4406-b482-0b55459b75f3",
          "InstanceGuid": "9d7935df-e29d-446b-8317-010afa4e6748"
        }
      ],
      "HackToSolveRealTimeTweakingIssue": "d9fc0ffb-0e7c-2b2a-0f34-0df86c3c717a",
      "UseDeferredEntityCreation": false,
      "Enabled": true
    },
    "9d7935df-e29d-446b-8317-010afa4e6748": {
      "$type": "OBBData",
      "IndexInBlueprint": 901,
      "IsEventConnectionTarget": 1,
      "IsPropertyConnectionTarget": 3,
      "Transform": {
        "right": {
          "x": 0.92387956,
          "y": 0.0,
          "z": 0.38268363
        },
        "up": {
          "x": 0.0,
          "y": 1.0,
          "z": 0.0
        },
        "forward": {
          "x": -0.38268346,
          "y": 0.0,
          "z": 0.9238795
        },
        "trans": {
          "x": -250.56203,
          "y": 4.07233,
          "z": -217.59306
        }
      },
      "HalfExtents": {
        "x": 17.889906,
        "y": 4.7131276,
        "z": 14.332735
      }
    },
    "9ede7eb9-8978-464f-8af5-66da40198b2b": {
      "$type": "OBBData",
      "IndexInBlueprint": 899,
      "IsEventConnectionTarget": 1,
      "IsPropertyConnectionTarget": 3,
      "Transform": {
        "right": {
          "x": 1.0,
          "y": 0.0,
          "z": 0.0
        },
        "up": {
          "x": 0.0,
          "y": 1.0,
          "z": 0.0
        },
        "forward": {
          "x": 0.0,
          "y": 0.0,
          "z": 1.0
        },
        "trans": {
          "x": -298.8885,
          "y": 3.9026868,
          "z": -155.26537
        }
      },
      "HalfExtents": {
        "x": 5.481195,
        "y": 1.757751,
        "z": 7.993406
      }
    },
    "d7de65b4-2ab0-4fba-a265-def42f30e9c6": {
      "$type": "OBBData",
      "IndexInBlueprint": 898,
      "IsEventConnectionTarget": 1,
      "IsPropertyConnectionTarget": 3,
      "Transform": {
        "right": {
          "x": 1.0,
          "y": 1.3957351E-09,
          "z": -4.867316E-09
        },
        "up": {
          "x": 4.5995634E-11,
          "y": 1.0,
          "z": -6.7598545E-11
        },
        "forward": {
          "x": -3.6329493E-09,
          "y": -9.571335E-11,
          "z": 1.0
        },
        "trans": {
          "x": -255.29361,
          "y": 1.4625698,
          "z": -104.556305
        }
      },
      "HalfExtents": {
        "x": 6.076355,
        "y": 1.9999053,
        "z": 10.808947
      }
    },
    "dcd97e5f-4423-4d6e-bb64-d36c981dee60": {
      "$type": "OBBData",
      "IndexInBlueprint": 900,
      "IsEventConnectionTarget": 1,
      "IsPropertyConnectionTarget": 3,
      "Transform": {
        "right": {
          "x": 1.0,
          "y": 0.0,
          "z": -1.9637671E-15
        },