{
  "Name": "levels/mp_012/conquest_large/layer5_spawncameras",
  "PartitionGuid": "94d57f1a-12f8-4309-aaf3-a4fee843b235",
  "PrimaryInstanceGuid": "69f76b06-459a-4eac-93d8-a85b1ffd7326",
  "Instances": {
    "69f76b06-459a-4eac-93d8-a85b1ffd7326": {
      "$type": "WorldPartData",
      "Name": "Levels/MP_012/SpawnCameras",
      "PropertyConnections": [],
      "LinkConnections": [],
      "EventConnections": [],
      "Descriptor": null,
      "NeedNetworkId": false,
      "InterfaceHasConnections": false,
      "AlwaysCreateEntityBusClient": false,
      "AlwaysCreateEntityBusServer": false,
      "Objects": [
        {
          "PartitionGuid": "94d57f1a-12f8-4309-aaf3-a4fee843b235",
          "InstanceGuid": "b28d0307-90de-49ff-8650-730d10b2c089"
        },
        {
          "PartitionGuid": "94d57f1a-12f8-4309-aaf3-a4fee843b235",
          "InstanceGuid": "b52b3c62-47da-485c-886c-a0c49afb4346"
        }
      ],
      "HackToSolveRealTimeTweakingIssue": "00000000-0000-0000-0000-000000000000",
      "UseDeferredEntityCreation": false,
      "Enabled": true
    },
    "b28d0307-90de-49ff-8650-730d10b2c089": {
      "$type": "AlternateSpawnEntityData",
      "IndexInBlueprint": 68,
      "IsEventConnectionTarget": 3,
      "IsPropertyConnectionTarget": 3,
      "Transform": {
        "right": {
          "x": -0.7606273,
          "y": 0.0033228463,
          "z": -0.649181
        },
        "up": {
          "x": -0.002873821,
          "y": 0.9999599,
          "z": 0.008485494
        },
        "forward": {
          "x": 0.64918315,
          "y": 0.008319924,
          "z": -0.7605871
        },
        "trans": {
          "x": 305.84485,
          "y": 131.45744,
          "z": 135.01488
        }
      },
      "Team": "Team1",
      "Priority": 1.0,
      "Enabled": false
    },
    "b52b3c62-47da-485c-886c-a0c49afb4346": {
      "$type": "AlternateSpawnEntityData",
      "IndexInBlueprint": 69,
      "IsEventConnectionTarget": 3,
      "IsPropertyConnectionTarget": 3,
      "Transform": {
        "right": {
          "x": -0.7606273,
          "y": 0.0033228463,
          "z": -0.649181
        },
        "up": {
          "x": -0.002873821,
          "y": 0.9999599,
          "z": 0.008485494
        },
        "forward": {
          "x": 0.64918315,
          "y": 0.008319924,
          "z": -0.7605871
        },
        "trans": {
          "x": 304.86487,
          "y": 131.40634,
          "z": 137.5233
        }
      },
      "Team": "Team1",
      "Priority": 1.0,
      "Enabled": false
    }
  }
}