{
  "Name": "objects/vegetation/bushazalea_m_02/bushazalea_m_02_cluster_skeleton",
  "PartitionGuid": "d2a3e6dd-5549-11e0-a3ed-cdfd2f2f5318",
  "PrimaryInstanceGuid": "8252db27-04a8-b311-8c73-69814c797870",
  "Instances": {
    "8252db27-04a8-b311-8c73-69814c797870": {
      "$type": "SkeletonAsset",
      "Name": "Objects/Vegetation/BushAzalea_M_02/BushAzalea_M_02_Cluster_Skeleton",
      "BoneNames": [
        "BushCluster_Skeleton",
        "joint5",
        "NOSKIN1",
        "joint7",
        "joint8",
        "joint9",
        "joint10",
        "joint11",
        "joint12",
        "joint13",
        "joint14",
        "joint15",
        "joint16",
        "joint17",
        "joint18"
      ],
      "Hierarchy": [
        -1,
        0,
        1,
        2,
        3,
        4,
        4,
        6,
        7,
        4,
        9,
        10,
        4,
        12,
        13
      ],
      "LocalPose": [
        {
          "right": {
            "x": 1.0,
            "y": 0.0,
            "z": 0.0
          },
          "up": {
            "x": -0.0,
            "y": 1.0,
            "z": 0.0
          },
          "forward": {
            "x": 0.0,
            "y": -0.0,
            "z": 1.0
          },
          "trans": {
            "x": 0.0,
            "y": 0.0,
            "z": 0.0
          }
        },
        {
          "right": {
            "x": 2.8327693E-16,
            "y": 1.0,
            "z": 0.0
          },
          "up": {
            "x": -1.0,
            "y": 2.8327693E-16,
            "z": 0.0
          },
          "forward": {
            "x": 0.0,
            "y": -0.0,
            "z": 1.0
          },
          "trans": {
            "x": 0.0,
            "y": -0.018598659,
            "z": 0.07750993
          }
        },
        {
          "right": {
            "x": 0.9997167,
            "y": 1.7347235E-18,
            "z": -0.023802778
          },
          "up": {
            "x": 0.023802778,
            "y": 6.127364E-17,
            "z": 0.9997167
          },
          "forward": {
            "x": 3.192715E-18,
            "y": -1.0,
            "z": 6.121499E-17
          },
          "trans": {
            "x": 0.36955386,
            "y": 8.205744E-17,
            "z": 0.0
          }
        },
        {
          "right": {
            "x": 0.9996891,
            "y": -0.024934242,
            "z": 1.7331543E-18
          },
          "up": {
            "x": 0.024934242,
            "y": 0.9996891,
            "z": 8.4544114E-20
          },
          "forward": {
            "x": -1.7347235E-18,
            "y": -4.130294E-20,
            "z": 1.0
          },
          "trans": {
            "x": 0.20700881,
            "y": 1.7763568E-17,
            "z": -4.5952166E-17
          }
        },
        {
          "right": {
            "x": 0.9991131,
            "y": 0.04210698,
            "z": -1.5262294E-18
          },
          "up": {
            "x": -0.04210698,
            "y": 0.9991131,
            "z": 4.5267524E-20
          },
          "forward": {
            "x": 1.526782E-18,
            "y": 1.9037533E-20,
            "z": 1.0
          },
          "trans": {
            "x": 0.202263,
            "y": -3.0198067E-16,
            "z": -4.5417983E-17
          }
        },
        {
          "right": {
            "x": 6.123234E-17,
            "y": 0.0,
            "z": 1.0
          },
          "up": {
            "x": 0.99997807,
            "y": 0.0066223713,
            "z": -6.1231E-17
          },
          "forward": {
            "x": -0.0066223713,
            "y": 0.99997807,
            "z": 4.055033E-19
          },
          "trans": {
            "x": 0.7440514,
            "y": 5.7731595E-16,
            "z": -1.6378966E-16
          }
        },
        {
          "right": {
            "x": 0.99997807,
            "y": 0.0066223713,
            "z": 2.5778927E-18
          },
          "up": {
            "x": -0.0066223713,
            "y": 0.99997807,
            "z": -7.1379806E-20
          },
          "forward": {
            "x": -2.578309E-18,
            "y": 5.430648E-20,
            "z": 1.0
          },
          "trans": {
            "x": -0.72776854,
            "y": 1.261546,
            "z": 2.983893E-16
          }
        },
        {
          "right": {
            "x": 0.99989796,
            "y": 0.014284257,
            "z": 4.0544273E-19
          },
          "up": {
            "x": 0.014284257,
            "y": -0.99989796,
            "z": 1.2246469E-16
          },
          "forward": {
            "x": 2.1547182E-18,
            "y": -1.224464E-16,
            "z": -1.0
          },
          "trans": {
            "x": 0.7144708,
            "y": 5.684342E-15,
            "z": -1.567563E-16
          }
        },
        {
          "right": {
            "x": 0.9997814,
            "y": 0.02090564,
            "z": -3.9617748E-19
          },
          "up": {
            "x": 0.02090564,
            "y": -0.9997814,
            "z": 1.2246469E-16
          },
          "forward": {
            "x": 2.1641115E-18,
            "y": -1.224462E-16,
            "z": -1.0
          },
          "trans": {
            "x": 0.6899043,
            "y": 3.694822E-15,
            "z": 1.5025712E-16
          }
        },
        {
          "right": {
            "x": 0.9984438,
            "y": -0.055767443,
            "z": 2.577325E-18
          },
          "up": {
            "x": 0.055767443,
            "y": 0.9984438,
            "z": 8.9563724E-20
          },
          "forward": {
            "x": -2.578309E-18,
            "y": 5.430648E-20,
            "z": 1.0
          },
          "trans": {
            "x": -0.7245055,
            "y": -1.4633359,
            "z": -8.0019643E-19
          }
        },
        {
          "right": {
            "x": 0.9984965,
            "y": 0.05481571,
            "z": -3.4148603E-18
          },
          "up": {
            "x": -0.05481571,
            "y": 0.9984965,
            "z": 9.2035695E-20
          },
          "forward": {
            "x": 3.4147711E-18,
            "y": 9.529067E-20,
            "z": 1.0
          },
          "trans": {
            "x": 0.7109279,
            "y": -8.5265126E-16,
            "z": -1.6059727E-16
          }
        },
        {
          "right": {
            "x": 0.9999995,
            "y": 0.00095319276,
            "z": 3.3564049E-18
          },
          "up": {
            "x": -0.00095319276,
            "y": 0.9999995,
            "z": -9.5262856E-20
          },
          "forward": {
            "x": -3.3564942E-18,
            "y": 9.206351E-20,
            "z": 1.0
          },
          "trans": {
            "x": 0.6504335,
            "y": 8.5265126E-16,
            "z": -1.4324918E-16
          }
        },
        {
          "right": {
            "x": 0.9983056,
            "y": -0.05818872,
            "z": 2.5771002E-18
          },
          "up": {
            "x": 0.05818872,
            "y": 0.9983056,
            "z": 9.581403E-20
          },
          "forward": {
            "x": -2.578309E-18,
            "y": 5.430648E-20,
            "z": 1.0
          },
          "trans": {
            "x": -0.72816014,
            "y": -3.1436353,
            "z": -1.8404803E-16
          }
        },
        {
          "right": {
            "x": 0.99878895,
            "y": 0.049200427,
            "z": -3.5638212E-18
          },
          "up": {
            "x": -0.049200427,
            "y": 0.99878895,
            "z": 7.1676305E-20
          },