{
  "Name": "objects/vegetation/bushazalea_m_02/bushazalea_m_02_skeleton",
  "PartitionGuid": "bfa55ae5-5549-11e0-a3ed-cdfd2f2f5318",
  "PrimaryInstanceGuid": "4adef61e-0a96-9bc7-0a9d-f8e71de3b197",
  "Instances": {
    "4adef61e-0a96-9bc7-0a9d-f8e71de3b197": {
      "$type": "SkeletonAsset",
      "Name": "Objects/Vegetation/BushAzalea_M_02/BushAzalea_M_02_Skeleton",
      "BoneNames": [
        "Bush_Skeleton",
        "joint1",
        "NOSKIN1",
        "joint3",
        "joint4"
      ],
      "Hierarchy": [
        -1,
        0,
        1,
        2,
        3
      ],
      "LocalPose": [
        {
          "right": {
            "x": 1.0,
            "y": 0.0,
            "z": 0.0
          },
          "up": {
            "x": -0.0,
            "y": 1.0,
            "z": 0.0
          },
          "forward": {
            "x": 0.0,
            "y": -0.0,
            "z": 1.0
          },
          "trans": {
            "x": 0.0,
            "y": 0.0,
            "z": 0.0
          }
        },
        {
          "right": {
            "x": -0.023150641,
            "y": 0.999732,
            "z": 0.0
          },
          "up": {
            "x": 0.999732,
            "y": 0.023150641,
            "z": 1.2246469E-16
          },
          "forward": {
            "x": 1.2243186E-16,
            "y": 2.835136E-18,
            "z": -1.0
          },
          "trans": {
            "x": 0.0,
            "y": 0.0,
            "z": 0.0
          }
        },
        {
          "right": {
            "x": 0.999732,
            "y": 0.023150641,
            "z": 0.0
          },
          "up": {
            "x": -0.023150641,
            "y": 0.999732,
            "z": -2.4651903E-32
          },
          "forward": {
            "x": -5.7070737E-34,
            "y": 2.4645297E-32,
            "z": 1.0
          },
          "trans": {
            "x": 0.5280691,
            "y": -1.4876989E-16,
            "z": -1.8461465E-32
          }
        },
        {
          "right": {
            "x": 0.99994093,
            "y": -0.010868923,
            "z": 3.5673984E-22
          },
          "up": {
            "x": 0.010868923,
            "y": 0.99994093,
            "z": -3.2820068E-20
          },
          "forward": {
            "x": 5.008076E-34,
            "y": 3.2822006E-20,
            "z": 1.0
          },
          "trans": {
            "x": 0.22845542,
            "y": 4.6629365E-16,
            "z": 6.4770217E-19
          }
        },
        {
          "right": {
            "x": -0.010868923,
            "y": 0.99994093,
            "z": 2.3579677E-20
          },
          "up": {
            "x": 0.99994093,
            "y": 0.010868923,
            "z": 1.2246469E-16
          },
          "forward": {
            "x": 1.224572E-16,
            "y": 1.3546375E-18,
            "z": -1.0
          },
          "trans": {
            "x": 0.72479796,
            "y": -3.3117953E-15,
            "z": 1.0902889E-18
          }
        }
      ],
      "ModelPose": [
        {
          "right": {
            "x": 1.0,
            "y": 0.0,
            "z": 0.0
          },
          "up": {
            "x": 0.0,
            "y": 1.0,
            "z": 0.0
          },
          "forward": {
            "x": 0.0,
            "y": 0.0,
            "z": 1.0
          },
          "trans": {
            "x": 0.0,
            "y": 0.0,
            "z": 0.0
          }
        },
        {
          "right": {
            "x": -0.023150641,
            "y": 0.999732,
            "z": 0.0
          },
          "up": {
            "x": 0.999732,
            "y": 0.023150641,
            "z": 1.2246469E-16
          },
          "forward": {
            "x": 1.2243186E-16,
            "y": 2.835136E-18,
            "z": -1.0
          },
          "trans": {
            "x": 0.0,
            "y": 0.0,
            "z": 0.0
          }
        },
        {
          "right": {
            "x": 0.0,
            "y": 1.0,
            "z": 2.8351361E-18
          },
          "up": {
            "x": 1.0,
            "y": 0.0,
            "z": 1.2243186E-16
          },
          "forward": {
            "x": 1.2243186E-16,
            "y": 2.835136E-18,
            "z": -1.0
          },
          "trans": {
            "x": -0.012225138,
            "y": 0.5279276,
            "z": 2.424075E-34
          }
        },
        {
          "right": {
            "x": -0.010868923,
            "y": 0.99994093,
            "z": 1.5039094E-18
          },
          "up": {
            "x": 0.99994093,
            "y": 0.010868923,
            "z": 1.2248827E-16
          },
          "forward": {
            "x": 1.2246469E-16,
            "y": 2.835136E-18,
            "z": -1.0
          },
          "trans": {
            "x": -0.012225138,
            "y": 0.756383,
            "z": 5.169879E-26
          }
        },
        {
          "right": {
            "x": 1.0,
            "y": 6.685159E-38,
            "z": 1.224411E-16
          },
          "up": {
            "x": 1.4997599E-32,
            "y": 1.0,
            "z": -1.1962955E-16
          },
          "forward": {
            "x": -1.224411E-16,
            "y": 1.1962953E-16,
            "z": 1.0
          },
          "trans": {
            "x": -0.02010291,
            "y": 1.4811382,
            "z": -2.5839054E-22
          }
        }
      ],
      "WeaponBoneName": "Wep_Root",
      "HeadBoneName": "Head",
      "HipBoneName": "Hips",
      "CameraBoneName": "cameraJoint"
    }
  }
}