{
  "Name": "fx/ambient/levelspecific/sp_03/emitter_bodyshot/em_amb_sp3_soldier_bodyshot_smokearm",
  "PartitionGuid": "5dccc1a6-1ff1-11e0-aa00-90d52bf10289",
  "PrimaryInstanceGuid": "3c8c4f08-e2ab-9902-54b6-eb327eb453c4",
  "Instances": {
    "0dd62c9b-9573-4eb1-a94e-74eb4b5768ca": {
      "$type": "PolynomialData",
      "EmitterParameter": 0,
      "Coefficients": {
        "x": 0.0,
        "y": 0.9048172,
        "z": -1.972406,
        "w": 1.072926
      },
      "ScaleValue": 0.2,
      "MinClamp": 0.0,
      "MaxClamp": 1.0
    },
    "189956e6-d85d-c69b-2165-1c52a914c241": {
      "$type": "UpdateClipScaleData",
      "DefaultValues": {
        "x": 1.0,
        "y": 1.0,
        "z": 1.0,
        "w": 1.0
      },
      "NextProcessor": {
        "PartitionGuid": "5dccc1a6-1ff1-11e0-aa00-90d52bf10289",
        "InstanceGuid": "1b96c4e9-029d-0ff9-06c1-16c607b7daa6"
      },
      "Pre": null,
      "EvaluatorInput": 2,
      "Enable": true,
      "Lookup": [
        32767,
        32767,
        32767,
        32767,
        29183,
        30975,
        31743,
        31871,
        29183,
        30975,
        31743,
        31871,
        29183,
        30975,
        31743,
        31871,
        29183,
        30975,
        31743,
        31871,
        29183,
        30975,
        31743,
        31871,
        29183,
        30975,
        31743,
        31871,
        29183,
        30975,
        31743,
        31871,
        29183,
        30975,
        31743,
        31871,
        29183,
        30975,
        31743,
        31871,
        29183,
        30975,
        31743,
        31871,
        29183,
        30975,
        31743,
        31871,
        29183,
        30975,
        31743,
        31871,
        29183,
        30975,
        31743,
        31871,
        29183,
        30975,
        31743,
        31871,
        29183,
        30975,
        31743,
        31871,
        29183,
        30975,
        31743,
        31871,
        29183,
        30975,
        31743,
        31871,
        29183,
        30975,
        31743,
        31871,
        29183,
        30975,
        31743,
        31871,
        29183,
        30975,
        31743,
        31871,
        29183,
        30975,
        31743,
        31871,
        28415,
        30463,
        31615,
        31615,
        28415,
        30463,
        31359,
        31359,
        28159,
        28927,
        31359,
        31231,
        27135,
        28159,
        31231,
        30079,
        23551,
        26111,
        31103,
        29311,
        21759,
        22015,
        30975,
        24191,
        21247,
        20735,
        30847,
        17535,
        20223,
        18175,
        30719,
        9215,
        18943,
        17663,
        30591,
        8703,
        18175,
        12799,
        30463,
        8063,
        16639,
        12031,
        30207,
        3711
      ]
    },
    "18f6c9bc-e8c1-40dc-81c1-11097e5426f0": {
      "$type": "SpawnDirectionData",
      "DefaultValues": {
        "x": 0.0,
        "y": 0.0,
        "z": 0.0,
        "w": 0.0
      },
      "NextProcessor": {
        "PartitionGuid": "5dccc1a6-1ff1-11e0-aa00-90d52bf10289",
        "InstanceGuid": "59170bfb-b554-4d29-b654-c10042d2c3b7"
      },
      "Pre": {
        "PartitionGuid": "5dccc1a6-1ff1-11e0-aa00-90d52bf10289",
        "InstanceGuid": "edb3e923-a398-48ae-94a7-2ff9fd34835b"
      },
      "EvaluatorInput": 1,
      "Enable": true,
      "DirectionFromEmitterOrigin": 0.0,
      "InheritSpeedAndDirectionFromEmitter": false
    },
    "1b96c4e9-029d-0ff9-06c1-16c607b7daa6": {
      "$type": "UpdateLinearVelocityData",
      "DefaultValues": {
        "x": 1.0,
        "y": 1.0,
        "z": 1.0,
        "w": 1.0
      },
      "NextProcessor": null,
      "Pre": null,
      "EvaluatorInput": 2,
      "Enable": true
    },
    "24087d46-b7f1-4e5c-830b-6b9a3cca49fd": {
      "$type": "PolynomialData",
      "EmitterParameter": 0,
      "Coefficients": {
        "x": 0.0,
        "y": 0.0,
        "z": -5.8205075,
        "w": 2.754348
      },
      "ScaleValue": 1.0,
      "MinClamp": 0.0,
      "MaxClamp": 1.0
    },
    "3c8c4f08-e2ab-9902-54b6-eb327eb453c4": {
      "$type": "EmitterTemplateData",
      "PointLightIntensity": {
        "x": 0.0,
        "y": 0.0,
        "z": 0.0,
        "w": 1.0
      },
      "PointLightPivot": {
        "x": 0.0,
        "y": 0.0,
        "z": 0.0
      },
      "PointLightColor": {
        "x": 1.0,
        "y": 1.0,
        "z": 1.0
      },
      "MaxCount": 4,
      "Name": "FX/Ambient/LevelSpecific/SP_03/Emitter_BodyShot/Em_Amb_SP3_Soldier_Bodyshot_SmokeArm",
      "TimeScale": 1.0,
      "LifetimeFrameCount": 0,
      "Lifetime": 0.1,
      "RootProcessor": {
        "PartitionGuid": "5dccc1a6-1ff1-11e0-aa00-90d52bf10289",
        "InstanceGuid": "c6b8bf45-2fb5-4fab-83e3-716a7b6b4c88"
      },
      "VisibleAfterDistance": 0.0,
      "ZOcclusionLookup": [],
      "EmittableType": 3,
      "Mesh": null,
      "DistanceScaleNearValue": 1.0,
      "PointLightRadius": 20.0,
      "VertexPixelLightingBlendFactor": 0.0,
      "GlobalLocalNormalBlendFactor": 1.0,
      "SoftParticlesFadeDistanceMultiplier": 0.0,
      "LightWrapAroundFactor": 0.5,
      "LightMultiplier": 1.0,
      "DistanceScaleFarValue": 1.0,
      "PointLightRandomIntensityMin": 1.0,
      "MeshCullingDistance": 0.0,
      "PointLightRandomIntensityMax": 1.0,
      "MaxSpawnDistance": 0.0,
      "MinScreenArea": 1.0,
      "DistanceScaleLength": 0.0,
      "PointLightMaxClamp": 1.0,
      "ParticleCullingFactor": 0.8,
      "PointLightMinClamp": 0.0,
      "FollowSpawnSource": false,
      "RepeatParticleSpawning": false,
      "Emissive": true,
      "ExclusionVolumeCullEnable": false,
      "TransparencySunShadowEnable": false,
      "ForceFullRes": false,
      "LocalSpace": false,
      "Opaque": false,
      "ActAsPointLight": false,
      "KillParticlesWithEmitter": false,
      "ForceNiceSorting": false
    },
    "3dc91dba-b8a2-4632-af47-3182d9210cb8": {
      "$type": "RandomEvaluatorData",
      "EmitterParameter": 0,
      "Max": 1.0,
      "Min": 0.5
    },
    "3f4557e0-c3e0-452a-adf7-0f09cb44a5d4": {
      "$type": "SpawnRotationData",
      "DefaultValues": {
        "x": 1.0,
        "y": 1.0,
        "z": 1.0,
        "w": 1.0
      },
      "NextProcessor": {
        "PartitionGuid": "5dccc1a6-1ff1-11e0-aa00-90d52bf10289",
        "InstanceGuid": "4329e574-062a-41c5-be63-87f15ca8e57e"
      },
      "Pre": null,
      "EvaluatorInput": 1,
      "Enable": true,
      "Rotation": 0.0
    },
    "4329e574-062a-41c5-be63-87f15ca8e57e": {
      "$type": "UpdateSizeData",
      "DefaultValues": {
        "x": 1.0,
        "y": 1.0,
        "z": 1.0,
        "w": 1.0
      },
      "NextProcessor": {
        "PartitionGuid": "5dccc1a6-1ff1-11e0-aa00-90d52bf10289",
        "InstanceGuid": "d45dd962-2f5c-4500-940e-12dd82e1ece7"
      },
      "Pre": null,
      "EvaluatorInput": 2,
      "Enable": true,
      "Pivot": {
        "x": -1.0,
        "y": 0.0
      }
    },
    "4876f594-6d9e-480e-928b-c4f8db7170dd": {
      "$type": "UpdateAlphaLevelScaleData",
      "DefaultValues": {
        "x": 1.0,
        "y": 1.0,
        "z": 1.0,
        "w": 1.0
      },
      "NextProcessor": {
        "PartitionGuid": "5dccc1a6-1ff1-11e0-aa00-90d52bf10289",
        "InstanceGuid": "f274a0a6-2978-4453-8071-8e71bf35df79"
      },
      "Pre": {
        "PartitionGuid": "5dccc1a6-1ff1-11e0-aa00-90d52bf10289",
        "InstanceGuid": "e88b32d3-d128-48da-8f02-75e7e702ade0"
      },