{
  "Name": "fx/impacts/generic/emitter_l/em_impact_lowend_generic_l_mainparent",
  "PartitionGuid": "620d1b6f-4dea-4579-ad12-327ad3f5bf23",
  "PrimaryInstanceGuid": "17a929b6-4170-4e26-a0cc-78bd0a08f18b",
  "Instances": {
    "03a591c4-b1ee-cee5-7d72-c67c93948544": {
      "$type": "UpdateTextureCoordsData",
      "DefaultValues": {
        "x": 1.0,
        "y": 0.0,
        "z": 0.0,
        "w": 0.0
      },
      "NextProcessor": {
        "PartitionGuid": "620d1b6f-4dea-4579-ad12-327ad3f5bf23",
        "InstanceGuid": "a580d1f9-eb0b-c187-20dd-c0208263b412"
      },
      "Pre": null,
      "EvaluatorInput": 2,
      "Enable": true,
      "TextureInfo1": {
        "TextureName": "Systems/Emitter/DefaultTexture",
        "NormalmapName": "Systems/Emitter/DefaultNormalmap",
        "AnimationFrameCount": 49.0,
        "AnimationFrameColumnCount": 7.0,
        "EnableAnimation": false
      },
      "TextureBlendValue": 1.0
    },
    "17a929b6-4170-4e26-a0cc-78bd0a08f18b": {
      "$type": "EmitterTemplateData",
      "PointLightIntensity": {
        "x": 0.0,
        "y": 0.8862693,
        "z": -1.8847846,
        "w": 0.99
      },
      "PointLightPivot": {
        "x": 0.0,
        "y": 0.5,
        "z": 0.0
      },
      "PointLightColor": {
        "x": 150.0,
        "y": 28.084,
        "z": 2.147
      },
      "MaxCount": 4,
      "Name": "FX/Impacts/Generic/Emitter_L/Em_Impact_LowEnd_Generic_L_MainParent",
      "TimeScale": 1.0,
      "LifetimeFrameCount": 0,
      "Lifetime": 0.1,
      "RootProcessor": {
        "PartitionGuid": "620d1b6f-4dea-4579-ad12-327ad3f5bf23",
        "InstanceGuid": "466dd473-0fbb-46a0-af34-d6171545eab2"
      },
      "VisibleAfterDistance": 0.0,
      "ZOcclusionLookup": [
        0.12121582,
        0.12121582,
        0.12121582,
        0.12121582,
        0.12121582,
        0.12121582,
        0.12121582,
        0.12121582,
        0.12121582,
        0.12121582,
        0.12121582,
        0.12121582,
        0.12121582,
        0.12121582,
        0.12121582,
        0.12121582,
        0.12121582,
        0.12121582,
        0.12121582,
        0.12121582,
        0.12121582,
        0.12121582,
        0.12121582,
        0.12121582,
        0.12121582,
        0.12121582,
        0.12121582,
        0.12121582,
        0.12121582,
        0.12121582,
        0.12121582,
        0.12121582,
        0.12121582
      ],
      "EmittableType": 3,
      "Mesh": null,
      "DistanceScaleNearValue": 1.0,
      "PointLightRadius": 25.0,
      "VertexPixelLightingBlendFactor": 0.0,
      "GlobalLocalNormalBlendFactor": 1.0,
      "SoftParticlesFadeDistanceMultiplier": 0.0,
      "LightWrapAroundFactor": 0.5,
      "LightMultiplier": 1.0,
      "DistanceScaleFarValue": 1.0,
      "PointLightRandomIntensityMin": 1.0,
      "MeshCullingDistance": 0.0,
      "PointLightRandomIntensityMax": 1.0,
      "MaxSpawnDistance": 0.0,
      "MinScreenArea": 1.0,
      "DistanceScaleLength": 0.0,
      "PointLightMaxClamp": 1.0,
      "ParticleCullingFactor": 0.8,
      "PointLightMinClamp": 0.0,
      "FollowSpawnSource": false,
      "RepeatParticleSpawning": false,
      "Emissive": false,
      "ExclusionVolumeCullEnable": false,
      "TransparencySunShadowEnable": false,
      "ForceFullRes": false,
      "LocalSpace": false,
      "Opaque": true,
      "ActAsPointLight": true,
      "KillParticlesWithEmitter": false,
      "ForceNiceSorting": false
    },
    "1c84e603-f0c2-4aba-a926-c96f1ef8356e": {
      "$type": "GravityData",
      "DefaultValues": {
        "x": 1.0,
        "y": 1.0,
        "z": 1.0,
        "w": 1.0
      },
      "NextProcessor": {
        "PartitionGuid": "620d1b6f-4dea-4579-ad12-327ad3f5bf23",
        "InstanceGuid": "1fce1b44-59d4-b1c4-0975-fd9cdd94b3f6"
      },
      "Pre": null,
      "EvaluatorInput": 2,
      "Enable": true,
      "Gravity": 9.0
    },
    "1fce1b44-59d4-b1c4-0975-fd9cdd94b3f6": {
      "$type": "UpdateColorData",
      "DefaultValues": {
        "x": 1.0,
        "y": 1.0,
        "z": 1.0,
        "w": 1.0
      },
      "NextProcessor": {
        "PartitionGuid": "620d1b6f-4dea-4579-ad12-327ad3f5bf23",
        "InstanceGuid": "277fa229-6db7-f2da-0fbb-a8f6daa0225b"
      },
      "Pre": null,
      "EvaluatorInput": 2,
      "Enable": true,
      "Color": {
        "x": 1.0,
        "y": 1.0,
        "z": 1.0
      }
    },
    "264ee47b-839b-47d7-bd6d-fb80f4bd0c17": {
      "$type": "PolynomialData",
      "EmitterParameter": 0,
      "Coefficients": {
        "x": 0.0,
        "y": 0.0,
        "z": -0.960591,
        "w": 0.98519707
      },
      "ScaleValue": 1.0,
      "MinClamp": 0.0,
      "MaxClamp": 1.0
    },
    "277fa229-6db7-f2da-0fbb-a8f6daa0225b": {
      "$type": "UpdateTransparencyData",
      "DefaultValues": {
        "x": 1.0,
        "y": 1.0,
        "z": 1.0,
        "w": 1.0
      },
      "NextProcessor": {
        "PartitionGuid": "620d1b6f-4dea-4579-ad12-327ad3f5bf23",
        "InstanceGuid": "84d992f2-35e8-370f-cf3c-5104fed82a2a"
      },
      "Pre": null,
      "EvaluatorInput": 2,
      "Enable": true,
      "CullThreshold": 0.2
    },
    "32871469-41dd-489a-985b-c074cdcd1f85": {
      "$type": "SpawnPositionData",
      "DefaultValues": {
        "x": 0.0,
        "y": 0.0,
        "z": 0.0,
        "w": 1.0
      },
      "NextProcessor": {
        "PartitionGuid": "620d1b6f-4dea-4579-ad12-327ad3f5bf23",
        "InstanceGuid": "55c587a5-7c0d-483b-91e7-5344a751c45c"
      },
      "Pre": null,
      "EvaluatorInput": 1,
      "Enable": true
    },
    "3dd74677-dbe2-351a-87c4-29ed72a1a82b": {
      "$type": "UpdateLinearVelocityData",
      "DefaultValues": {
        "x": 1.0,
        "y": 1.0,
        "z": 1.0,
        "w": 1.0
      },
      "NextProcessor": null,
      "Pre": null,
      "EvaluatorInput": 2,
      "Enable": true
    },
    "425a8013-1ace-4942-9c9e-2c1968fab9fd": {
      "$type": "EmitterDocument",
      "Name": "FX/Impacts/Generic/Emitter_L/Em_Impact_LowEnd_Generic_L_MainParent",
      "RootProcessor": {
        "PartitionGuid": "620d1b6f-4dea-4579-ad12-327ad3f5bf23",
        "InstanceGuid": "466dd473-0fbb-46a0-af34-d6171545eab2"
      },
      "TemplateData": {
        "PartitionGuid": "620d1b6f-4dea-4579-ad12-327ad3f5bf23",
        "InstanceGuid": "17a929b6-4170-4e26-a0cc-78bd0a08f18b"
      }
    },
    "466dd473-0fbb-46a0-af34-d6171545eab2": {
      "$type": "EmitterData",
      "DefaultValues": {
        "x": 1.0,
        "y": 1.0,
        "z": 1.0,
        "w": 1.0
      },
      "NextProcessor": {
        "PartitionGuid": "620d1b6f-4dea-4579-ad12-327ad3f5bf23",
        "InstanceGuid": "cdad982b-eca8-4f6a-bbb7-6c4bb998f2c3"
      },
      "Pre": null,
      "EvaluatorInput": 2,
      "Enable": true,
      "EmitterAssets": [
        {
          "PartitionGuid": "c3669b21-fd7b-4230-becd-e7ffb49358bc",
          "InstanceGuid": "cfcd74f2-47c6-463b-8e32-e54abdb82572"
        }
      ]
    },
    "489f45f4-fdb2-46d1-8263-3c43a05a62bf": {
      "$type": "UpdateAgeData",
      "DefaultValues": {
        "x": 1.0,
        "y": 1.0,
        "z": 1.0,
        "w": 1.0
      },
      "NextProcessor": {
        "PartitionGuid": "620d1b6f-4dea-4579-ad12-327ad3f5bf23",
        "InstanceGuid": "9f5db7d1-f2a8-4c83-8206-93b5525f11c3"
      },
      "Pre": null,
      "EvaluatorInput": 2,
      "Enable": true,
      "Lifetime": 0.1
    },
    "511b7f2d-3f03-45ab-a9e3-a49b37d15043": {
      "$type": "AirResistanceData",
      "DefaultValues": {
        "x": 1.0,
        "y": 1.0,
        "z": 1.0,
        "w": 1.0
      },
      "NextProcessor": {
        "PartitionGuid": "620d1b6f-4dea-4579-ad12-327ad3f5bf23",