{
  "Name": "fx/weapons/muzzleflashes/generic/em_lmg/em_muzz_generic_lmg_1p_wpnsmoke",
  "PartitionGuid": "4f517588-db19-461a-8772-766b768e9f9b",
  "PrimaryInstanceGuid": "a925c5b1-2bb1-42c2-a930-63666f6e00cb",
  "Instances": {
    "074f270c-9ab4-0ab4-49bc-462ade561b84": {
      "$type": "UpdateTransparencyData",
      "DefaultValues": {
        "x": 1.0,
        "y": 1.0,
        "z": 1.0,
        "w": 1.0
      },
      "NextProcessor": {
        "PartitionGuid": "4f517588-db19-461a-8772-766b768e9f9b",
        "InstanceGuid": "d3102e03-1309-61e0-4dc8-1ce794787d67"
      },
      "Pre": {
        "PartitionGuid": "4f517588-db19-461a-8772-766b768e9f9b",
        "InstanceGuid": "18fef048-cdd8-9b5f-0e3f-675c89b72444"
      },
      "EvaluatorInput": 2,
      "Enable": true,
      "CullThreshold": 0.2
    },
    "0ce388e0-5191-b7cf-095e-90ab7fa42f83": {
      "$type": "RandomEvaluatorData",
      "EmitterParameter": 0,
      "Max": 32.0,
      "Min": 1.0
    },
    "16028174-9e0c-3bb6-0a08-ada76a755d61": {
      "$type": "UpdateLinearVelocityData",
      "DefaultValues": {
        "x": 1.0,
        "y": 1.0,
        "z": 1.0,
        "w": 1.0
      },
      "NextProcessor": null,
      "Pre": null,
      "EvaluatorInput": 2,
      "Enable": true
    },
    "18fef048-cdd8-9b5f-0e3f-675c89b72444": {
      "$type": "PolynomialData",
      "EmitterParameter": 0,
      "Coefficients": {
        "x": 0.0,
        "y": 0.95294344,
        "z": -1.9477582,
        "w": 1.0
      },
      "ScaleValue": 0.2,
      "MinClamp": 0.0,
      "MaxClamp": 1.0
    },
    "1c89ef82-d991-2ff0-fbbb-8be3083a5b3d": {
      "$type": "UpdateClipScaleData",
      "DefaultValues": {
        "x": 1.0,
        "y": 1.0,
        "z": 1.0,
        "w": 1.0
      },
      "NextProcessor": {
        "PartitionGuid": "4f517588-db19-461a-8772-766b768e9f9b",
        "InstanceGuid": "16028174-9e0c-3bb6-0a08-ada76a755d61"
      },
      "Pre": null,
      "EvaluatorInput": 2,
      "Enable": true,
      "Lookup": [
        32767,
        32767,
        32767,
        32767,
        32511,
        31743,
        32511,
        32255,
        32511,
        31743,
        32511,
        32255,
        32511,
        31743,
        32511,
        32255,
        32511,
        31743,
        32511,
        32255,
        32511,
        31743,
        32511,
        32255,
        32511,
        31743,
        32511,
        32255,
        32511,
        31743,
        32511,
        32255,
        32511,
        31743,
        32511,
        32255,
        32511,
        31743,
        32511,
        32255,
        32511,
        31487,
        32511,
        32255,
        31999,
        30975,
        32255,
        31743,
        31999,
        30719,
        31999,
        31487,
        31487,
        30463,
        31743,
        31231,
        31231,
        29951,
        31487,
        30975,
        30719,
        29439,
        30975,
        30719,
        30463,
        28671,
        30719,
        30463,
        29951,
        28159,
        30463,
        30207,
        29695,
        27647,
        30463,
        29951,
        29439,
        27391,
        30207,
        29695,
        29183,
        27135,
        29951,
        29439,
        28927,
        26367,
        29695,
        29183,
        28927,
        25599,
        29439,
        28927,
        28671,
        24831,
        29183,
        28671,
        28415,
        23807,
        29183,
        28415,
        28159,
        23807,
        28927,
        28159,
        27647,
        23551,
        28671,
        27903,
        27391,
        23295,
        28415,
        27647,
        26367,
        23295,
        28159,
        27391,
        25087,
        23039,
        27903,
        26879,
        23807,
        22783,
        27647,
        26367,
        23295,
        22527,
        27135,
        25599,
        21247,
        22015,
        26623,
        25087
      ]
    },
    "1c9ad046-464d-6643-49ed-1c8c2488bf3b": {
      "$type": "SpawnAnimationData",
      "DefaultValues": {
        "x": 0.0,
        "y": 0.0,
        "z": 0.0,
        "w": 0.0
      },
      "NextProcessor": {
        "PartitionGuid": "4f517588-db19-461a-8772-766b768e9f9b",
        "InstanceGuid": "3bada79d-2dec-f55b-b278-9611cbc59754"
      },
      "Pre": null,
      "EvaluatorInput": 1,
      "Enable": true,
      "AnimationSpeed": 30.0
    },
    "1df59870-8572-d015-8bd1-5f7af6fb72ad": {
      "$type": "PolynomialData",
      "EmitterParameter": 0,
      "Coefficients": {
        "x": 0.0,
        "y": 0.0,
        "z": 0.9804876,
        "w": 0.0050001144
      },
      "ScaleValue": 1.0,
      "MinClamp": 0.1,
      "MaxClamp": 1.0
    },
    "1ff0d9f5-78c6-4fec-bb9c-8bb58065026b": {
      "$type": "RandomEvaluatorData",
      "EmitterParameter": 0,
      "Max": 1.0,
      "Min": 0.6
    },
    "22f0807f-c571-42c7-90c2-fbed06655b6d": {
      "$type": "SpawnSizeData",
      "DefaultValues": {
        "x": 1.0,
        "y": 1.0,
        "z": 1.0,
        "w": 1.0
      },
      "NextProcessor": {
        "PartitionGuid": "4f517588-db19-461a-8772-766b768e9f9b",
        "InstanceGuid": "a7d5abe8-3a68-6c3b-2ad1-087a6465d221"
      },
      "Pre": {
        "PartitionGuid": "4f517588-db19-461a-8772-766b768e9f9b",
        "InstanceGuid": "9428c5f7-b479-42d0-8106-a71b7c01cd21"
      },
      "EvaluatorInput": 1,
      "Enable": true,
      "Size": 0.75
    },
    "301458b0-87ab-8a5b-8828-d4deda7dc4e6": {
      "$type": "AirResistanceData",
      "DefaultValues": {
        "x": 1.0,
        "y": 1.0,
        "z": 1.0,
        "w": 1.0
      },
      "NextProcessor": {
        "PartitionGuid": "4f517588-db19-461a-8772-766b768e9f9b",
        "InstanceGuid": "4da98081-a0de-3383-46e3-e5f476e423f4"
      },
      "Pre": null,
      "EvaluatorInput": 2,
      "Enable": true,
      "DragFactor": 1.0
    },
    "3279c245-ccb2-5c0f-7ca1-12914d1048a7": {
      "$type": "UpdateSizeData",
      "DefaultValues": {
        "x": 1.0,
        "y": 1.0,
        "z": 1.0,
        "w": 1.0
      },
      "NextProcessor": {
        "PartitionGuid": "4f517588-db19-461a-8772-766b768e9f9b",
        "InstanceGuid": "301458b0-87ab-8a5b-8828-d4deda7dc4e6"
      },
      "Pre": {
        "PartitionGuid": "4f517588-db19-461a-8772-766b768e9f9b",
        "InstanceGuid": "8dd1d88b-74a2-dd68-dc45-f4bea7993c1e"
      },
      "EvaluatorInput": 2,
      "Enable": true,
      "Pivot": {
        "x": 0.0,
        "y": 0.0
      }
    },
    "391a22cb-217b-8693-b3b9-6370e89513ca": {
      "$type": "UpdateAlphaLevelScaleData",
      "DefaultValues": {
        "x": 1.0,
        "y": 1.0,
        "z": 1.0,
        "w": 1.0
      },
      "NextProcessor": {
        "PartitionGuid": "4f517588-db19-461a-8772-766b768e9f9b",
        "InstanceGuid": "8b4a1247-53e3-4ac8-406e-11dfb9ef888f"
      },
      "Pre": {
        "PartitionGuid": "4f517588-db19-461a-8772-766b768e9f9b",
        "InstanceGuid": "1df59870-8572-d015-8bd1-5f7af6fb72ad"
      },
      "EvaluatorInput": 2,
      "Enable": true,
      "Exponent": 5.0
    },
    "3bada79d-2dec-f55b-b278-9611cbc59754": {
      "$type": "UpdateTextureCoordsData",
      "DefaultValues": {
        "x": 1.0,
        "y": 0.0,
        "z": 0.0,
        "w": 0.0
      },
      "NextProcessor": {
        "PartitionGuid": "4f517588-db19-461a-8772-766b768e9f9b",
        "InstanceGuid": "53713d34-8b36-2126-12c2-307ecac3400f"
      },
      "Pre": null,
      "EvaluatorInput": 2,
      "Enable": true,