{
  "Name": "levels/xp4_quake/conquest/layer0_conquest_design",
  "PartitionGuid": "e22f3361-0f41-450f-8540-cfaa669c4de8",
  "PrimaryInstanceGuid": "b04376c9-5de7-4225-9d0f-1a8ea4fb2b5e",
  "Instances": {
    "0ddd1169-ccd7-4ad1-ba83-b98706439054": {
      "$type": "AlternateSpawnEntityData",
      "IndexInBlueprint": 20,
      "IsEventConnectionTarget": 2,
      "IsPropertyConnectionTarget": 3,
      "Transform": {
        "right": {
          "x": 0.99143416,
          "y": 1.5211742E-19,
          "z": 0.13060954
        },
        "up": {
          "x": -3.251203E-12,
          "y": 1.0000001,
          "z": 2.467931E-11
        },
        "forward": {
          "x": -0.1306095,
          "y": -2.4892538E-11,
          "z": 0.99143386
        },
        "trans": {
          "x": 3.820182,
          "y": 176.87769,
          "z": -95.00248
        }
      },
      "Team": 2,
      "Priority": 1.0,
      "Enabled": true
    },
    "17d8ae6d-bd2c-44e1-8ab5-7e7f9b7131f7": {
      "$type": "AlternateSpawnEntityData",
      "IndexInBlueprint": 23,
      "IsEventConnectionTarget": 2,
      "IsPropertyConnectionTarget": 3,
      "Transform": {
        "right": {
          "x": 0.58812284,
          "y": 5.8532454E-12,
          "z": -0.808772
        },
        "up": {
          "x": -1.5439418E-12,
          "y": 0.99999976,
          "z": 6.114474E-12
        },
        "forward": {
          "x": 0.80877113,
          "y": -2.3473628E-12,
          "z": 0.5881222
        },
        "trans": {
          "x": -296.06558,
          "y": 183.7997,
          "z": 61.873848
        }
      },
      "Team": 1,
      "Priority": 1.0,
      "Enabled": true
    },
    "37e38f86-3357-4813-871d-2800435b195b": {
      "$type": "AlternateSpawnEntityData",
      "IndexInBlueprint": 15,
      "IsEventConnectionTarget": 2,
      "IsPropertyConnectionTarget": 3,
      "Transform": {
        "right": {
          "x": 0.8732813,
          "y": -6.3998693E-12,
          "z": 0.48721683
        },
        "up": {
          "x": 3.0243873E-11,
          "y": 1.0,
          "z": -4.1073173E-11
        },
        "forward": {
          "x": -0.48721668,
          "y": 5.0603743E-11,
          "z": 0.873281
        },
        "trans": {
          "x": 15.748976,
          "y": 175.11205,
          "z": -95.154526
        }
      },
      "Team": 2,
      "Priority": 1.0,
      "Enabled": true
    },
    "395b07a6-d468-45e2-996d-da94ba6109ed": {
      "$type": "AlternateSpawnEntityData",
      "IndexInBlueprint": 17,
      "IsEventConnectionTarget": 2,
      "IsPropertyConnectionTarget": 3,
      "Transform": {
        "right": {
          "x": 0.20285925,
          "y": 4.5895707E-10,
          "z": -0.97920805
        },
        "up": {
          "x": 6.982466E-10,
          "y": 0.99999976,
          "z": 6.1335564E-10
        },
        "forward": {
          "x": 0.97920734,
          "y": -8.0815327E-10,
          "z": 0.20285913
        },
        "trans": {
          "x": -278.88336,
          "y": 187.12785,
          "z": 114.25319
        }
      },
      "Team": 1,
      "Priority": 1.0,
      "Enabled": true
    },
    "5a054180-c4ee-4419-9aaa-894f0fc74e74": {
      "$type": "AlternateSpawnEntityData",
      "IndexInBlueprint": 24,
      "IsEventConnectionTarget": 2,
      "IsPropertyConnectionTarget": 3,
      "Transform": {
        "right": {
          "x": 0.7895927,
          "y": 1.7882206E-18,
          "z": -0.61363167
        },
        "up": {
          "x": 9.317856E-11,
          "y": 0.9999997,
          "z": 1.1989783E-10
        },
        "forward": {
          "x": 0.613631,
          "y": -1.5184766E-10,
          "z": 0.78959185
        },
        "trans": {
          "x": -276.08746,
          "y": 183.30551,
          "z": 61.487648
        }
      },
      "Team": 1,
      "Priority": 1.0,
      "Enabled": true
    },
    "61ba44d5-4561-471b-9e2c-789cc7352586": {
      "$type": "AlternateSpawnEntityData",
      "IndexInBlueprint": 18,
      "IsEventConnectionTarget": 2,
      "IsPropertyConnectionTarget": 3,
      "Transform": {
        "right": {
          "x": -0.7436817,
          "y": 2.1305575E-11,
          "z": -0.6685343
        },
        "up": {
          "x": -3.7537525E-11,
          "y": 0.99999976,
          "z": 7.362605E-11
        },
        "forward": {
          "x": 0.6685336,
          "y": 7.9849405E-11,
          "z": -0.74368095
        },
        "trans": {
          "x": -289.45996,
          "y": 184.39256,
          "z": 74.22659
        }
      },
      "Team": 1,
      "Priority": 1.0,
      "Enabled": true
    },
    "6633ce31-a9e8-442e-a025-a1bfc68fb2de": {
      "$type": "AlternateSpawnEntityData",
      "IndexInBlueprint": 25,
      "IsEventConnectionTarget": 2,
      "IsPropertyConnectionTarget": 3,
      "Transform": {
        "right": {
          "x": -0.75345296,
          "y": -1.2200147E-11,
          "z": -0.65750194
        },
        "up": {
          "x": 1.3023957E-11,
          "y": 1.0,
          "z": -3.3479886E-11
        },
        "forward": {
          "x": 0.6575018,
          "y": -3.378879E-11,
          "z": -0.7534527
        },
        "trans": {
          "x": -267.5439,
          "y": 187.2971,
          "z": 133.4599
        }
      },
      "Team": 1,
      "Priority": 1.0,
      "Enabled": true
    },
    "66910f9e-284f-4a0a-8354-f8404fa71c4e": {
      "$type": "ReferenceObjectData",
      "IndexInBlueprint": 9,
      "IsEventConnectionTarget": 3,
      "IsPropertyConnectionTarget": 2,
      "BlueprintTransform": {
        "right": {
          "x": 0.7120354,
          "y": 0.0,
          "z": 0.70214355
        },
        "up": {
          "x": 0.0,
          "y": 1.0,
          "z": 0.0
        },
        "forward": {
          "x": -0.70214355,
          "y": 0.0,
          "z": 0.7120354
        },
        "trans": {
          "x": -295.72443,
          "y": 199.18648,
          "z": 107.11027
        }
      },
      "Blueprint": {
        "PartitionGuid": "694a231c-4439-461d-a7ff-764915fc3e7c",
        "InstanceGuid": "a43b1768-98ff-4714-b309-980e259c4fda"
      },
      "ObjectVariation": null,
      "StreamRealm": 0,
      "CastSunShadowEnable": true,
      "Excluded": false
    },
    "6c4b2eb4-baea-4c1a-b103-2bb26b9650b7": {
      "$type": "ReferenceObjectData",
      "IndexInBlueprint": 10,
      "IsEventConnectionTarget": 3,
      "IsPropertyConnectionTarget": 2,
      "BlueprintTransform": {
        "right": {
          "x": -0.8902344,
          "y": 0.0,
          "z": -0.4555026
        },
        "up": {
          "x": 0.0,
          "y": 1.0,
          "z": 0.0
        },
        "forward": {
          "x": 0.4555026,
          "y": 0.0,
          "z": -0.8902344
        },
        "trans": {
          "x": 11.029293,
          "y": 186.03578,
          "z": -72.48524
        }
      },
      "Blueprint": {
        "PartitionGuid": "5d4b1096-3089-45a7-9e3a-422e15e0d8f6",
        "InstanceGuid": "f680a3f4-57f8-4f40-887e-83d6ea50b67f"
      },
      "ObjectVariation": null,
      "StreamRealm": 0,
      "CastSunShadowEnable": true,
      "Excluded": false
    },
    "7ebc2b4f-bac9-4818-a214-2bfd184dde0c": {
      "$type": "AlternateSpawnEntityData",
      "IndexInBlueprint": 16,
      "IsEventConnectionTarget": 2,
      "IsPropertyConnectionTarget": 3,
      "Transform": {
        "right": {
          "x": -0.71036935,
          "y": -9.382467E-12,
          "z": 0.7038298
        },
        "up": {
          "x": 1.077662E-11,
          "y": 0.99999976,
          "z": 2.420734E-11
        },
        "forward": {
          "x": -0.70382935,