{
  "Name": "levels/mp_013/mp_013/layer14_occluders",
  "PartitionGuid": "dd27a047-2dc7-4846-981e-24dd59b943c2",
  "PrimaryInstanceGuid": "c7383060-3ac2-4e51-ab4a-1221bc11ec3e",
  "Instances": {
    "30d37d10-c9e9-4653-aa90-1b05a827eaa6": {
      "$type": "OccluderVolumeEntityData",
      "IndexInBlueprint": 1188,
      "IsEventConnectionTarget": 3,
      "IsPropertyConnectionTarget": 3,
      "Transform": {
        "right": {
          "x": 5.9869127,
          "y": 0.0,
          "z": -3.2502735
        },
        "up": {
          "x": 0.0,
          "y": 9.114725,
          "z": 0.0
        },
        "forward": {
          "x": 2.2233331,
          "y": 0.0,
          "z": 4.0953226
        },
        "trans": {
          "x": -13.860492,
          "y": 222.42531,
          "z": 194.30087
        }
      },
      "OccluderHighPriority": false
    },
    "5ecd63d1-30d0-4974-b058-6c04145dcd8e": {
      "$type": "OccluderVolumeEntityData",
      "IndexInBlueprint": 1192,
      "IsEventConnectionTarget": 3,
      "IsPropertyConnectionTarget": 3,
      "Transform": {
        "right": {
          "x": 185.92375,
          "y": 21.365671,
          "z": -8.501413
        },
        "up": {
          "x": -107.353645,
          "y": 985.7427,
          "z": 129.56223
        },
        "forward": {
          "x": 31.001902,
          "y": -64.44886,
          "z": 516.0312
        },
        "trans": {
          "x": -10.853162,
          "y": 161.98317,
          "z": -617.0358
        }
      },
      "OccluderHighPriority": true
    },
    "8eb2671c-22a3-4fbd-99f0-6822b64a7fb8": {
      "$type": "OccluderVolumeEntityData",
      "IndexInBlueprint": 1191,
      "IsEventConnectionTarget": 3,
      "IsPropertyConnectionTarget": 3,
      "Transform": {
        "right": {
          "x": 0.09510738,
          "y": 0.0,
          "z": -9.701598
        },
        "up": {
          "x": 0.0,
          "y": 15.590836,
          "z": 0.0
        },
        "forward": {
          "x": 40.032024,
          "y": 0.0,
          "z": 0.3924678
        },
        "trans": {
          "x": 37.10501,
          "y": 219.06499,
          "z": 258.01755
        }
      },
      "OccluderHighPriority": false
    },
    "95e7dca4-2060-4723-b9ec-ab06ac7513df": {
      "$type": "OccluderVolumeEntityData",
      "IndexInBlueprint": 1185,
      "IsEventConnectionTarget": 3,
      "IsPropertyConnectionTarget": 3,
      "Transform": {
        "right": {
          "x": 22.794794,
          "y": -3.0742387E-37,
          "z": -1.0276646E-18
        },
        "up": {
          "x": -3.3078012E-29,
          "y": 12.436659,
          "z": -7.3370976E-10
        },
        "forward": {
          "x": 1.1904155E-18,
          "y": 1.5577715E-09,
          "z": 26.404821
        },
        "trans": {
          "x": -59.990425,
          "y": 216.40454,
          "z": 38.9494
        }
      },
      "OccluderHighPriority": false
    },
    "bc09df46-1471-4870-beff-71e0aeeda07e": {
      "$type": "OccluderVolumeEntityData",
      "IndexInBlueprint": 1187,
      "IsEventConnectionTarget": 3,
      "IsPropertyConnectionTarget": 3,
      "Transform": {
        "right": {
          "x": 17.381552,
          "y": 1.8354855E-35,
          "z": -7.8361715E-19
        },
        "up": {
          "x": -3.3078006E-29,
          "y": 12.436659,
          "z": -7.3370976E-10
        },
        "forward": {
          "x": 1.7255698E-18,
          "y": 2.2580715E-09,
          "z": 38.275185
        },
        "trans": {
          "x": -20.72535,
          "y": 212.38882,
          "z": 5.8517456
        }
      },
      "OccluderHighPriority": false
    },
    "bcacce62-d3c4-48a2-b3fd-8446094a2358": {
      "$type": "OccluderVolumeEntityData",
      "IndexInBlueprint": 1193,
      "IsEventConnectionTarget": 3,
      "IsPropertyConnectionTarget": 3,
      "Transform": {
        "right": {
          "x": 669.5601,
          "y": -115.370026,
          "z": 91.301506
        },
        "up": {
          "x": 147.85239,
          "y": 977.4401,
          "z": 150.83202
        },
        "forward": {
          "x": -81.042336,
          "y": -66.488495,
          "z": 510.3082
        },
        "trans": {
          "x": -3.1991978,
          "y": 152.44858,
          "z": -798.6474
        }
      },
      "OccluderHighPriority": true
    },
    "bce54f61-0a0e-4ea3-8d68-50bf90d23159": {
      "$type": "OccluderVolumeEntityData",
      "IndexInBlueprint": 1194,
      "IsEventConnectionTarget": 3,
      "IsPropertyConnectionTarget": 3,
      "Transform": {
        "right": {
          "x": 165.89494,
          "y": -53.741795,
          "z": 68.4623
        },
        "up": {
          "x": 188.75739,
          "y": 801.0847,
          "z": 171.44968
        },
        "forward": {
          "x": -211.89165,
          "y": -51.336697,
          "z": 473.1484
        },
        "trans": {
          "x": 20.040668,
          "y": 227.4156,
          "z": -574.22754
        }
      },
      "OccluderHighPriority": true
    },
    "c7383060-3ac2-4e51-ab4a-1221bc11ec3e": {
      "$type": "WorldPartData",
      "Name": "Levels/MP_013/Occluders",
      "PropertyConnections": [],
      "LinkConnections": [],
      "EventConnections": [],
      "Descriptor": null,
      "NeedNetworkId": false,
      "InterfaceHasConnections": false,
      "AlwaysCreateEntityBusClient": false,
      "AlwaysCreateEntityBusServer": false,
      "Objects": [
        {
          "PartitionGuid": "dd27a047-2dc7-4846-981e-24dd59b943c2",
          "InstanceGuid": "95e7dca4-2060-4723-b9ec-ab06ac7513df"
        },
        {
          "PartitionGuid": "dd27a047-2dc7-4846-981e-24dd59b943c2",
          "InstanceGuid": "f8a1859a-8a09-4f19-8e78-4780980fc412"
        },
        {
          "PartitionGuid": "dd27a047-2dc7-4846-981e-24dd59b943c2",
          "InstanceGuid": "bc09df46-1471-4870-beff-71e0aeeda07e"
        },
        {
          "PartitionGuid": "dd27a047-2dc7-4846-981e-24dd59b943c2",
          "InstanceGuid": "30d37d10-c9e9-4653-aa90-1b05a827eaa6"
        },
        {
          "PartitionGuid": "dd27a047-2dc7-4846-981e-24dd59b943c2",
          "InstanceGuid": "d910ff4d-1612-457c-bc18-403106ce9e07"
        },
        {
          "PartitionGuid": "dd27a047-2dc7-4846-981e-24dd59b943c2",
          "InstanceGuid": "cae0a608-90d6-4b97-8b50-115acf10d68c"
        },
        {
          "PartitionGuid": "dd27a047-2dc7-4846-981e-24dd59b943c2",
          "InstanceGuid": "8eb2671c-22a3-4fbd-99f0-6822b64a7fb8"
        },
        {
          "PartitionGuid": "dd27a047-2dc7-4846-981e-24dd59b943c2",
          "InstanceGuid": "5ecd63d1-30d0-4974-b058-6c04145dcd8e"
        },
        {
          "PartitionGuid": "dd27a047-2dc7-4846-981e-24dd59b943c2",
          "InstanceGuid": "bcacce62-d3c4-48a2-b3fd-8446094a2358"
        },
        {
          "PartitionGuid": "dd27a047-2dc7-4846-981e-24dd59b943c2",
          "InstanceGuid": "bce54f61-0a0e-4ea3-8d68-50bf90d23159"
        }
      ],
      "HackToSolveRealTimeTweakingIssue": "2a7e0996-6c0e-5615-37e4-3960d1157c44",
      "UseDeferredEntityCreation": false,
      "Enabled": true
    },
    "cae0a608-90d6-4b97-8b50-115acf10d68c": {
      "$type": "OccluderVolumeEntityData",
      "IndexInBlueprint": 1190,
      "IsEventConnectionTarget": 3,
      "IsPropertyConnectionTarget": 3,
      "Transform": {
        "right": {
          "x": 9.031939,
          "y": 0.0,
          "z": -3.5431824
        },
        "up": {
          "x": 0.0,
          "y": 15.590837,
          "z": 0.0
        },
        "forward": {
          "x": 20.569693,
          "y": 0.0,
          "z": 52.434364
        },