{
  "Name": "levels/xp4_parl/conquest/layer7_bank",
  "PartitionGuid": "4481fe57-ca0a-4e3f-b3c5-ce1415c850a4",
  "PrimaryInstanceGuid": "6b761c68-051f-4a00-a3e4-55e4ccb7bff9",
  "Instances": {
    "215e94e8-17c0-4bae-9fd6-8f266131c8d3": {
      "$type": "AlternateSpawnEntityData",
      "IndexInBlueprint": 91,
      "IsEventConnectionTarget": 2,
      "IsPropertyConnectionTarget": 3,
      "Transform": {
        "right": {
          "x": 0.4640681,
          "y": -1.31736154E-20,
          "z": -0.88579965
        },
        "up": {
          "x": 5.204872E-13,
          "y": 1.0000001,
          "z": 2.7268183E-13
        },
        "forward": {
          "x": 0.88579947,
          "y": -5.875901E-13,
          "z": 0.46406803
        },
        "trans": {
          "x": -505.3944,
          "y": 66.594765,
          "z": 73.6673
        }
      },
      "Team": 0,
      "Priority": 1.0,
      "Enabled": true
    },
    "26d13fc1-e990-4cf4-8bf8-7ae274b6cde4": {
      "$type": "ReferenceObjectData",
      "IndexInBlueprint": 98,
      "IsEventConnectionTarget": 3,
      "IsPropertyConnectionTarget": 2,
      "BlueprintTransform": {
        "right": {
          "x": -0.6411539,
          "y": 0.0,
          "z": 0.76741236
        },
        "up": {
          "x": 0.0,
          "y": 1.0,
          "z": 0.0
        },
        "forward": {
          "x": -0.76741236,
          "y": 0.0,
          "z": -0.6411539
        },
        "trans": {
          "x": -463.36295,
          "y": 66.15726,
          "z": 89.524185
        }
      },
      "Blueprint": {
        "PartitionGuid": "67554523-cf64-4484-b3de-d57c849558bc",
        "InstanceGuid": "5e738bb6-4717-4c72-951d-8993e41c6bdb"
      },
      "ObjectVariation": null,
      "StreamRealm": 0,
      "CastSunShadowEnable": true,
      "Excluded": false
    },
    "2d908bb5-c55c-4eac-bfe7-95cdde880752": {
      "$type": "VolumeVectorShapeData",
      "IndexInBlueprint": 99,
      "IsEventConnectionTarget": 2,
      "IsPropertyConnectionTarget": 3,
      "Points": [
        {
          "x": -476.48474,
          "y": 60.862446,
          "z": 92.345276
        },
        {
          "x": -484.45975,
          "y": 60.862446,
          "z": 92.501495
        },
        {
          "x": -484.3646,
          "y": 60.862446,
          "z": 108.38015
        },
        {
          "x": -481.91855,
          "y": 60.862446,
          "z": 108.42776
        },
        {
          "x": -481.88303,
          "y": 60.862446,
          "z": 111.997345
        },
        {
          "x": -474.35376,
          "y": 60.862446,
          "z": 112.067856
        },
        {
          "x": -474.24606,
          "y": 60.862446,
          "z": 122.091446
        },
        {
          "x": -463.37234,
          "y": 60.862446,
          "z": 122.13716
        },
        {
          "x": -463.37317,
          "y": 60.862446,
          "z": 120.45848
        },
        {
          "x": -457.79254,
          "y": 60.862446,
          "z": 120.44821
        },
        {
          "x": -456.27643,
          "y": 60.862446,
          "z": 117.47936
        },
        {
          "x": -456.16193,
          "y": 60.862446,
          "z": 107.375885
        },
        {
          "x": -456.08807,
          "y": 60.862446,
          "z": 92.95999
        },
        {
          "x": -458.02722,
          "y": 60.862446,
          "z": 90.335655
        },
        {
          "x": -474.9734,
          "y": 60.862446,
          "z": 90.246315
        }
      ],
      "Normals": [
        {
          "x": 0.0,
          "y": 1.0,
          "z": 0.0
        },
        {
          "x": 0.0,
          "y": 1.0,
          "z": 0.0
        },
        {
          "x": 0.0,
          "y": 1.0,
          "z": 0.0
        },
        {
          "x": 0.0,
          "y": 1.0,
          "z": 0.0
        },
        {
          "x": 0.0,
          "y": 1.0,
          "z": 0.0
        },
        {
          "x": 0.0,
          "y": 1.0,
          "z": 0.0
        },
        {
          "x": 0.0,
          "y": 1.0,
          "z": 0.0
        },
        {
          "x": 0.0,
          "y": 1.0,
          "z": 0.0
        },
        {
          "x": 0.0,
          "y": 1.0,
          "z": 0.0
        },
        {
          "x": 0.0,
          "y": 1.0,
          "z": 0.0
        },
        {
          "x": 0.0,
          "y": 1.0,
          "z": 0.0
        },
        {
          "x": 0.0,
          "y": 1.0,
          "z": 0.0
        },
        {
          "x": 0.0,
          "y": 1.0,
          "z": 0.0
        },
        {
          "x": 0.0,
          "y": 1.0,
          "z": 0.0
        },
        {
          "x": 0.0,
          "y": 1.0,
          "z": 0.0
        }
      ],
      "Tension": 0.0,
      "IsClosed": true,
      "AllowRoll": false,
      "Height": 10.0
    },
    "33109f6f-b751-4350-bdcc-a39c7963c980": {
      "$type": "AlternateSpawnEntityData",
      "IndexInBlueprint": 92,
      "IsEventConnectionTarget": 2,
      "IsPropertyConnectionTarget": 3,
      "Transform": {
        "right": {
          "x": -0.31944966,
          "y": -2.9548592E-21,
          "z": 0.9476034
        },
        "up": {
          "x": -6.3846975E-13,
          "y": 1.0,
          "z": -2.1523664E-13
        },
        "forward": {
          "x": -0.9476034,
          "y": -6.737733E-13,
          "z": -0.31944966
        },
        "trans": {
          "x": -432.55502,
          "y": 67.532005,
          "z": 116.3559
        }
      },
      "Team": 0,
      "Priority": 1.0,
      "Enabled": true
    },
    "3924ec1c-f1c0-42d9-9ac1-b6923edb3693": {
      "$type": "AlternateSpawnEntityData",
      "IndexInBlueprint": 94,
      "IsEventConnectionTarget": 2,
      "IsPropertyConnectionTarget": 3,
      "Transform": {
        "right": {
          "x": 0.6286516,
          "y": 1.08101417E-19,
          "z": 0.7776874
        },
        "up": {
          "x": -2.279428E-12,
          "y": 1.0,
          "z": 1.8425988E-12
        },
        "forward": {
          "x": -0.77768713,
          "y": -2.9310339E-12,
          "z": 0.6286514
        },
        "trans": {
          "x": -421.49802,
          "y": 64.48536,
          "z": 69.80566
        }
      },
      "Team": 0,
      "Priority": 1.0,
      "Enabled": true
    },
    "4704da37-c54e-4ec5-92e4-778203e6b0f6": {
      "$type": "AlternateSpawnEntityData",
      "IndexInBlueprint": 95,
      "IsEventConnectionTarget": 2,
      "IsPropertyConnectionTarget": 3,
      "Transform": {
        "right": {
          "x": -0.69279724,
          "y": -2.4465776E-14,
          "z": -0.72113204
        },
        "up": {
          "x": -1.6301987E-13,
          "y": 1.0,
          "z": 1.2268765E-13
        },
        "forward": {
          "x": 0.721132,
          "y": 2.025565E-13,
          "z": -0.69279724
        },
        "trans": {
          "x": -507.90097,
          "y": 70.786644,
          "z": 113.50414
        }
      },
      "Team": 0,
      "Priority": 1.0,
      "Enabled": true
    },
    "49c838a8-675a-4366-a9f8-0c1594cb3d2b": {
      "$type": "AlternateSpawnEntityData",
      "IndexInBlueprint": 93,
      "IsEventConnectionTarget": 2,
      "IsPropertyConnectionTarget": 3,
      "Transform": {
        "right": {
          "x": -0.35051978,
          "y": 2.4548245E-12,
          "z": -0.93655545
        },
        "up": {
          "x": 3.2683228E-11,
          "y": 1.0000001,
          "z": -9.611064E-12
        },
        "forward": {
          "x": 0.9365553,
          "y": -3.397851E-11,
          "z": -0.3505197
        },