{
  "Name": "levels/xp4_parl/xp4_parl/layer18_collisionlayer_qa",
  "PartitionGuid": "1c2e16c3-4bc1-4663-baa6-723339911a11",
  "PrimaryInstanceGuid": "3ef23a43-661a-4e5d-9e06-7ec51c88b53e",
  "Instances": {
    "a14520c8-a2c4-4fa9-ab0f-5a77fc7215c5": {
      "$type": "ReferenceObjectData",
      "BlueprintTransform": {
        "right": {
          "x": 0.7950864,
          "y": 0.088510364,
          "z": 0.0019022577
        },
        "up": {
          "x": -0.08852833,
          "y": 0.7950105,
          "z": 0.010999523
        },
        "forward": {
          "x": -0.000673472,
          "y": -0.011142452,
          "z": 0.7999221
        },
        "trans": {
          "x": -305.4789,
          "y": 69.892075,
          "z": 124.54191
        }
      },
      "Blueprint": {
        "PartitionGuid": "8b71d172-8518-11e0-bb7a-dda550615caf",
        "InstanceGuid": "db773658-00fc-49e9-5603-7467a89f63e1"
      },
      "ObjectVariation": null,
      "StreamRealm": 0,
      "CastSunShadowEnable": true,
      "Excluded": false,
      "IndexInBlueprint": 2494,
      "IsEventConnectionTarget": 3,
      "IsPropertyConnectionTarget": 3
    },
    "caf43ded-1039-46cb-96d9-11299679f37c": {
      "$type": "ReferenceObjectData",
      "BlueprintTransform": {
        "right": {
          "x": 0.0021893806,
          "y": 0.005061498,
          "z": -0.24993917
        },
        "up": {
          "x": -0.07897493,
          "y": 0.23716255,
          "z": 0.0041110045
        },
        "forward": {
          "x": 0.23718804,
          "y": 0.0789197,
          "z": 0.0036758773
        },
        "trans": {
          "x": -307.53745,
          "y": 73.35295,
          "z": 120.048706
        }
      },
      "Blueprint": {
        "PartitionGuid": "8b71d172-8518-11e0-bb7a-dda550615caf",
        "InstanceGuid": "db773658-00fc-49e9-5603-7467a89f63e1"
      },
      "ObjectVariation": null,
      "StreamRealm": 0,
      "CastSunShadowEnable": true,
      "Excluded": false,
      "IndexInBlueprint": 2495,
      "IsEventConnectionTarget": 3,
      "IsPropertyConnectionTarget": 3
    },
    "594a39e3-e5d1-4287-a332-ad2633fe4014": {
      "$type": "ReferenceObjectData",
      "BlueprintTransform": {
        "right": {
          "x": 0.0021893806,
          "y": 0.005061498,
          "z": -0.24993917
        },
        "up": {
          "x": -0.07897493,
          "y": 0.23716255,
          "z": 0.0041110045
        },
        "forward": {
          "x": 0.23718804,
          "y": 0.0789197,
          "z": 0.0036758773
        },
        "trans": {
          "x": -307.9269,
          "y": 74.52224,
          "z": 120.069
        }
      },
      "Blueprint": {
        "PartitionGuid": "8b71d172-8518-11e0-bb7a-dda550615caf",
        "InstanceGuid": "db773658-00fc-49e9-5603-7467a89f63e1"
      },
      "ObjectVariation": null,
      "StreamRealm": 0,
      "CastSunShadowEnable": true,
      "Excluded": false,
      "IndexInBlueprint": 2496,
      "IsEventConnectionTarget": 3,
      "IsPropertyConnectionTarget": 3
    },
    "55e32cbc-652e-4850-8f3c-72f04670849e": {
      "$type": "ReferenceObjectData",
      "BlueprintTransform": {
        "right": {
          "x": -0.013840549,
          "y": 0.0,
          "z": 0.79988027
        },
        "up": {
          "x": 0.0,
          "y": 0.8,
          "z": 0.0
        },
        "forward": {
          "x": -0.79988027,
          "y": 0.0,
          "z": -0.013840549
        },
        "trans": {
          "x": -376.26294,
          "y": 78.22061,
          "z": -55.511166
        }
      },
      "Blueprint": {
        "PartitionGuid": "8b71d172-8518-11e0-bb7a-dda550615caf",
        "InstanceGuid": "db773658-00fc-49e9-5603-7467a89f63e1"
      },
      "ObjectVariation": null,
      "StreamRealm": 0,
      "CastSunShadowEnable": false,
      "Excluded": false,
      "IndexInBlueprint": 2497,
      "IsEventConnectionTarget": 3,
      "IsPropertyConnectionTarget": 3
    },
    "1188e2b4-eceb-4f81-952e-b785a37dde2a": {
      "$type": "ReferenceObjectData",
      "BlueprintTransform": {
        "right": {
          "x": -0.013840549,
          "y": 0.0,
          "z": 0.79988027
        },
        "up": {
          "x": 0.0,
          "y": 0.8,
          "z": 0.0
        },
        "forward": {
          "x": -0.79988027,
          "y": 0.0,
          "z": -0.013840549
        },
        "trans": {
          "x": -376.26294,
          "y": 82.04717,
          "z": -55.511166
        }
      },
      "Blueprint": {
        "PartitionGuid": "8b71d172-8518-11e0-bb7a-dda550615caf",
        "InstanceGuid": "db773658-00fc-49e9-5603-7467a89f63e1"
      },
      "ObjectVariation": null,
      "StreamRealm": 0,
      "CastSunShadowEnable": false,
      "Excluded": false,
      "IndexInBlueprint": 2498,
      "IsEventConnectionTarget": 3,
      "IsPropertyConnectionTarget": 3
    },
    "aa32a118-5650-4b7a-97ea-0c6b7fb736af": {
      "$type": "ReferenceObjectData",
      "BlueprintTransform": {
        "right": {
          "x": 0.7906671,
          "y": -3.4481616E-08,
          "z": -0.12184234
        },
        "up": {
          "x": -0.121842325,
          "y": 6.197697E-09,
          "z": -0.7906671
        },
        "forward": {
          "x": 3.494667E-08,
          "y": 0.8,
          "z": 8.9783E-10
        },
        "trans": {
          "x": -368.8619,
          "y": 85.088554,
          "z": -55.747486
        }
      },
      "Blueprint": {
        "PartitionGuid": "8b71d172-8518-11e0-bb7a-dda550615caf",
        "InstanceGuid": "db773658-00fc-49e9-5603-7467a89f63e1"
      },
      "ObjectVariation": null,
      "StreamRealm": 0,
      "CastSunShadowEnable": false,
      "Excluded": false,
      "IndexInBlueprint": 2499,
      "IsEventConnectionTarget": 3,
      "IsPropertyConnectionTarget": 3
    },
    "c53f3f10-4485-4f3c-a2fe-a2cf0f5efb7e": {
      "$type": "ReferenceObjectData",
      "BlueprintTransform": {
        "right": {
          "x": 0.7950864,
          "y": 0.08851036,
          "z": 0.0019022574
        },
        "up": {
          "x": -0.08852833,
          "y": 0.7950105,
          "z": 0.010999523
        },
        "forward": {
          "x": -0.00067347236,
          "y": -0.011142452,
          "z": 0.7999221
        },
        "trans": {
          "x": -305.86685,
          "y": 73.599205,
          "z": 124.54191
        }
      },
      "Blueprint": {
        "PartitionGuid": "8b71d172-8518-11e0-bb7a-dda550615caf",
        "InstanceGuid": "db773658-00fc-49e9-5603-7467a89f63e1"
      },
      "ObjectVariation": null,
      "StreamRealm": 0,
      "CastSunShadowEnable": true,
      "Excluded": false,
      "IndexInBlueprint": 2500,
      "IsEventConnectionTarget": 3,
      "IsPropertyConnectionTarget": 3
    },
    "58e3f352-20c9-470d-95c5-79520a9ca0dd": {
      "$type": "ReferenceObjectData",
      "BlueprintTransform": {
        "right": {
          "x": 0.72365355,
          "y": 0.240024,
          "z": -0.24230973
        },
        "up": {
          "x": -0.22081493,
          "y": -0.103447594,
          "z": -0.76193136
        },
        "forward": {
          "x": -0.25993526,
          "y": 0.7560999,
          "z": -0.027324168
        },
        "trans": {
          "x": -314.09308,
          "y": 62.635742,
          "z": 104.58081
        }
      },
      "Blueprint": {
        "PartitionGuid": "8b71d172-8518-11e0-bb7a-dda550615caf",
        "InstanceGuid": "db773658-00fc-49e9-5603-7467a89f63e1"
      },
      "ObjectVariation": null,
      "StreamRealm": 0,
      "CastSunShadowEnable": true,
      "Excluded": false,
      "IndexInBlueprint": 2501,
      "IsEventConnectionTarget": 3,