{
  "Name": "levels/xp4_parl/conquest/layer5_construction",
  "PartitionGuid": "4c596b02-7bcf-47bc-9646-16c3b4a1c7b4",
  "PrimaryInstanceGuid": "02001a3b-dad2-478a-9f02-a41bbb8cbd9b",
  "Instances": {
    "5ed34fd3-6997-459b-a1b0-580d7cf346b0": {
      "$type": "AlternateSpawnEntityData",
      "Team": 0,
      "Priority": 1.0,
      "Enabled": true,
      "Transform": {
        "right": {
          "x": -0.99979496,
          "y": 1.3152317E-12,
          "z": -0.020257136
        },
        "up": {
          "x": 1.3581486E-12,
          "y": 1.0,
          "z": -2.1048567E-12
        },
        "forward": {
          "x": 0.020257147,
          "y": -2.1319368E-12,
          "z": -0.99979484
        },
        "trans": {
          "x": -204.26599,
          "y": 67.93854,
          "z": -19.25916
        }
      },
      "IndexInBlueprint": 66,
      "IsEventConnectionTarget": 2,
      "IsPropertyConnectionTarget": 3
    },
    "61e1aeab-a628-424f-9d0e-f80e2f2e18f5": {
      "$type": "AlternateSpawnEntityData",
      "Team": 0,
      "Priority": 1.0,
      "Enabled": true,
      "Transform": {
        "right": {
          "x": -0.7367251,
          "y": 1.4082978E-14,
          "z": 0.6761924
        },
        "up": {
          "x": -6.5103366E-14,
          "y": 1.0,
          "z": -9.175829E-14
        },
        "forward": {
          "x": -0.67619234,
          "y": -1.1162304E-13,
          "z": -0.736725
        },
        "trans": {
          "x": -209.03394,
          "y": 68.12003,
          "z": -13.478594
        }
      },
      "IndexInBlueprint": 67,
      "IsEventConnectionTarget": 2,
      "IsPropertyConnectionTarget": 3
    },
    "9e037e7e-3ac1-4ddb-b888-e5e3ad28741d": {
      "$type": "AlternateSpawnEntityData",
      "Team": 0,
      "Priority": 1.0,
      "Enabled": true,
      "Transform": {
        "right": {
          "x": -0.9998841,
          "y": 3.2316476E-25,
          "z": -0.015214961
        },
        "up": {
          "x": -3.680024E-17,
          "y": 1.0,
          "z": 2.4184076E-15
        },
        "forward": {
          "x": 0.015214961,
          "y": 2.4186875E-15,
          "z": -0.9998841
        },
        "trans": {
          "x": -191.89363,
          "y": 70.66144,
          "z": -22.674538
        }
      },
      "IndexInBlueprint": 68,
      "IsEventConnectionTarget": 2,
      "IsPropertyConnectionTarget": 3
    },
    "25d061b3-4d78-4e79-b01b-20f6b69afd4c": {
      "$type": "AlternateSpawnEntityData",
      "Team": 2,
      "Priority": 1.0,
      "Enabled": true,
      "Transform": {
        "right": {
          "x": 0.70546085,
          "y": -6.3457594E-12,
          "z": 0.708749
        },
        "up": {
          "x": 5.595509E-12,
          "y": 1.0,
          "z": 3.3839162E-12
        },
        "forward": {
          "x": -0.70874894,
          "y": 1.5785911E-12,
          "z": 0.7054608
        },
        "trans": {
          "x": -154.6428,
          "y": 67.93854,
          "z": -56.689754
        }
      },
      "IndexInBlueprint": 69,
      "IsEventConnectionTarget": 2,
      "IsPropertyConnectionTarget": 3
    },
    "2aded49b-21d8-493f-bc75-52bcfd8853b7": {
      "$type": "AlternateSpawnEntityData",
      "Team": 2,
      "Priority": 1.0,
      "Enabled": true,
      "Transform": {
        "right": {
          "x": -0.09317026,
          "y": 1.8966383E-18,
          "z": 0.99565023
        },
        "up": {
          "x": 3.450018E-10,
          "y": 1.0,
          "z": 3.2284335E-11
        },
        "forward": {
          "x": -0.9956505,
          "y": 3.4650913E-10,
          "z": -0.093170285
        },
        "trans": {
          "x": -170.73088,
          "y": 69.399254,
          "z": -58.296196
        }
      },
      "IndexInBlueprint": 70,
      "IsEventConnectionTarget": 2,
      "IsPropertyConnectionTarget": 3
    },
    "17c6dbba-eef4-47ef-88aa-b1894e85d002": {
      "$type": "AlternateSpawnEntityData",
      "Team": 0,
      "Priority": 1.0,
      "Enabled": true,
      "Transform": {
        "right": {
          "x": -0.7251311,
          "y": 0.0,
          "z": -0.6886108
        },
        "up": {
          "x": 0.0,
          "y": 1.0,
          "z": 0.0
        },
        "forward": {
          "x": 0.6886108,
          "y": 0.0,
          "z": -0.7251311
        },
        "trans": {
          "x": -231.4545,
          "y": 68.09987,
          "z": -28.658379
        }
      },
      "IndexInBlueprint": 71,
      "IsEventConnectionTarget": 2,
      "IsPropertyConnectionTarget": 3
    },
    "26169034-b189-446a-af09-c67150c16c0f": {
      "$type": "AlternateSpawnEntityData",
      "Team": 0,
      "Priority": 1.0,
      "Enabled": true,
      "Transform": {
        "right": {
          "x": 0.7442697,
          "y": -1.0854489E-13,
          "z": 0.6678792
        },
        "up": {
          "x": -2.9547493E-13,
          "y": 1.0,
          "z": 4.917924E-13
        },
        "forward": {
          "x": -0.66787905,
          "y": -5.6336766E-13,
          "z": 0.74426955
        },
        "trans": {
          "x": -193.21255,
          "y": 69.86568,
          "z": -122.38327
        }
      },
      "IndexInBlueprint": 72,
      "IsEventConnectionTarget": 2,
      "IsPropertyConnectionTarget": 3
    },
    "49741254-7d2d-4745-981a-ac52813b042e": {
      "$type": "AlternateSpawnEntityData",
      "Team": 2,
      "Priority": 1.0,
      "Enabled": true,
      "Transform": {
        "right": {
          "x": -0.99999475,
          "y": 4.2076867E-12,
          "z": -0.003206243
        },
        "up": {
          "x": 4.2009655E-12,
          "y": 1.0,
          "z": 2.1029185E-12
        },
        "forward": {
          "x": 0.003206262,
          "y": 2.0894378E-12,
          "z": -0.9999945
        },
        "trans": {
          "x": -155.39598,
          "y": 68.129005,
          "z": -72.19891
        }
      },
      "IndexInBlueprint": 73,
      "IsEventConnectionTarget": 2,
      "IsPropertyConnectionTarget": 3
    },
    "a3985202-7d38-4bb8-9dcb-22fb4dc130cc": {
      "$type": "AlternateSpawnEntityData",
      "Team": 2,
      "Priority": 1.0,
      "Enabled": true,
      "Transform": {
        "right": {
          "x": -0.76006025,
          "y": 1.997458E-11,
          "z": 0.6498527
        },
        "up": {
          "x": 2.1532229E-11,
          "y": 1.0,
          "z": -5.553243E-12
        },
        "forward": {
          "x": -0.6498524,
          "y": 9.771976E-12,
          "z": -0.76006
        },
        "trans": {
          "x": -177.97478,
          "y": 68.757355,
          "z": -95.0496
        }
      },
      "IndexInBlueprint": 74,
      "IsEventConnectionTarget": 2,
      "IsPropertyConnectionTarget": 3
    },
    "cccc4337-e923-4e4e-b59e-609eb406c428": {
      "$type": "AlternateSpawnEntityData",
      "Team": 0,
      "Priority": 1.0,
      "Enabled": true,
      "Transform": {
        "right": {
          "x": 0.9394827,
          "y": 8.611311E-15,
          "z": -0.34259573
        },
        "up": {
          "x": -1.7093431E-15,
          "y": 1.0,
          "z": 2.0448051E-14
        },
        "forward": {
          "x": 0.3425957,
          "y": -1.8624974E-14,
          "z": 0.9394826
        },
        "trans": {
          "x": -223.51201,
          "y": 68.1578,
          "z": -124.33049
        }
      },
      "IndexInBlueprint": 75,
      "IsEventConnectionTarget": 2,
      "IsPropertyConnectionTarget": 3
    },
    "1b939570-6f4e-46c2-bd5b-34b67fd92feb": {
      "$type": "AlternateSpawnEntityData",
      "Team": 0,
      "Priority": 1.0,
      "Enabled": true,