{
  "Name": "levels/xp4_parl/deathmatch/layer2_dm_added_objects",
  "PartitionGuid": "b2b69905-0146-4720-bc3f-fd58d519818d",
  "PrimaryInstanceGuid": "aeec20bb-38fa-43b3-9bd3-fc98577dbd7a",
  "Instances": {
    "ed94f9ec-72f9-4330-a1e9-cfe99fa6868e": {
      "$type": "ReferenceObjectData",
      "BlueprintTransform": {
        "right": {
          "x": -0.9951144,
          "y": 0.03130951,
          "z": 0.09363285
        },
        "up": {
          "x": 0.03144763,
          "y": 0.9995054,
          "z": -8.56643E-09
        },
        "forward": {
          "x": -0.09358649,
          "y": 0.0029445584,
          "z": -0.9956068
        },
        "trans": {
          "x": -399.29144,
          "y": 69.51024,
          "z": -80.11959
        }
      },
      "Blueprint": {
        "PartitionGuid": "2a3e4eb5-de56-11dd-ae2c-d53d253aef63",
        "InstanceGuid": "2a3e4eb6-de56-11dd-ae2c-d53d253aef63"
      },
      "ObjectVariation": null,
      "StreamRealm": 0,
      "CastSunShadowEnable": false,
      "Excluded": false,
      "IndexInBlueprint": 52,
      "IsEventConnectionTarget": 3,
      "IsPropertyConnectionTarget": 3
    },
    "aef28f7b-656c-4318-b9d8-7a9ec22a4185": {
      "$type": "ReferenceObjectData",
      "BlueprintTransform": {
        "right": {
          "x": -0.9991017,
          "y": -0.024338957,
          "z": -0.034691215
        },
        "up": {
          "x": -0.024243137,
          "y": 0.99970114,
          "z": -0.003180422
        },
        "forward": {
          "x": 0.03475827,
          "y": -0.002336648,
          "z": -0.99939305
        },
        "trans": {
          "x": -323.02353,
          "y": 71.90086,
          "z": -118.32643
        }
      },
      "Blueprint": {
        "PartitionGuid": "20faefcb-2a3f-11e0-92bf-eaa01378ad4e",
        "InstanceGuid": "269b1238-b6d3-58ec-7af4-8dd8d672db16"
      },
      "ObjectVariation": null,
      "StreamRealm": 0,
      "CastSunShadowEnable": true,
      "Excluded": false,
      "IndexInBlueprint": 53,
      "IsEventConnectionTarget": 3,
      "IsPropertyConnectionTarget": 3
    },
    "9a47fbce-c4f0-49bd-9552-87cd079fc0e3": {
      "$type": "ReferenceObjectData",
      "BlueprintTransform": {
        "right": {
          "x": -0.9985685,
          "y": -0.0018605436,
          "z": -0.053457834
        },
        "up": {
          "x": -0.0044395356,
          "y": 0.9988296,
          "z": 0.04816462
        },
        "forward": {
          "x": 0.053305533,
          "y": 0.048332926,
          "z": -0.99740785
        },
        "trans": {
          "x": -321.05386,
          "y": 71.86746,
          "z": -118.212494
        }
      },
      "Blueprint": {
        "PartitionGuid": "13a61eaf-2a3f-11e0-92bf-eaa01378ad4e",
        "InstanceGuid": "63c970b5-8fa0-07cd-8e37-b89bc5dd11da"
      },
      "ObjectVariation": null,
      "StreamRealm": 0,
      "CastSunShadowEnable": true,
      "Excluded": false,
      "IndexInBlueprint": 54,
      "IsEventConnectionTarget": 3,
      "IsPropertyConnectionTarget": 3
    },
    "2ccd40b6-cc13-4bf2-a494-7dde49acdb0b": {
      "$type": "ReferenceObjectData",
      "BlueprintTransform": {
        "right": {
          "x": 0.055373285,
          "y": 0.107663624,
          "z": -0.99264413
        },
        "up": {
          "x": 0.003598279,
          "y": 0.9941415,
          "z": 0.10802639
        },
        "forward": {
          "x": 0.9984592,
          "y": -0.009553708,
          "z": 0.054661725
        },
        "trans": {
          "x": -322.02414,
          "y": 74.4119,
          "z": -118.23431
        }
      },
      "Blueprint": {
        "PartitionGuid": "90f7c75c-fc31-11dd-9978-fe37f49d451c",
        "InstanceGuid": "90f7c75d-fc31-11dd-9978-fe37f49d451c"
      },
      "ObjectVariation": null,
      "StreamRealm": 0,
      "CastSunShadowEnable": false,
      "Excluded": false,
      "IndexInBlueprint": 55,
      "IsEventConnectionTarget": 2,
      "IsPropertyConnectionTarget": 3
    },
    "89b83389-e6c0-4ad2-b9b5-13c9fc2a392b": {
      "$type": "ReferenceObjectData",
      "BlueprintTransform": {
        "right": {
          "x": -0.009917616,
          "y": -0.000504796,
          "z": 0.9999507
        },
        "up": {
          "x": 0.00012851885,
          "y": 0.9999999,
          "z": 0.00050609076
        },
        "forward": {
          "x": -0.9999508,
          "y": 0.00013349397,
          "z": -0.009917599
        },
        "trans": {
          "x": -348.77652,
          "y": 68.05503,
          "z": -11.731019
        }
      },
      "Blueprint": {
        "PartitionGuid": "20faefcb-2a3f-11e0-92bf-eaa01378ad4e",
        "InstanceGuid": "269b1238-b6d3-58ec-7af4-8dd8d672db16"
      },
      "ObjectVariation": null,
      "StreamRealm": 0,
      "CastSunShadowEnable": true,
      "Excluded": false,
      "IndexInBlueprint": 56,
      "IsEventConnectionTarget": 3,
      "IsPropertyConnectionTarget": 3
    },
    "88a7eac5-ce6e-407f-88b4-6f1db4deaae9": {
      "$type": "ReferenceObjectData",
      "BlueprintTransform": {
        "right": {
          "x": -0.028635493,
          "y": 0.004260723,
          "z": 0.99958086
        },
        "up": {
          "x": 0.050787188,
          "y": 0.99870557,
          "z": -0.00280204
        },
        "forward": {
          "x": -0.9982989,
          "y": 0.050685633,
          "z": -0.028814731
        },
        "trans": {
          "x": -348.69336,
          "y": 68.06179,
          "z": -13.724117
        }
      },
      "Blueprint": {
        "PartitionGuid": "13a61eaf-2a3f-11e0-92bf-eaa01378ad4e",
        "InstanceGuid": "63c970b5-8fa0-07cd-8e37-b89bc5dd11da"
      },
      "ObjectVariation": null,
      "StreamRealm": 0,
      "CastSunShadowEnable": true,
      "Excluded": false,
      "IndexInBlueprint": 57,
      "IsEventConnectionTarget": 3,
      "IsPropertyConnectionTarget": 3
    },
    "f85e34b7-6076-44a3-b607-671cd283eedf": {
      "$type": "ReferenceObjectData",
      "BlueprintTransform": {
        "right": {
          "x": -0.3328086,
          "y": 0.0042607253,
          "z": -0.9429849
        },
        "up": {
          "x": -0.046380542,
          "y": 0.99870557,
          "z": 0.020881599
        },
        "forward": {
          "x": 0.9418531,
          "y": 0.050685607,
          "z": -0.33218032
        },
        "trans": {
          "x": -364.12286,
          "y": 68.06115,
          "z": 3.446034
        }
      },
      "Blueprint": {
        "PartitionGuid": "13a61eaf-2a3f-11e0-92bf-eaa01378ad4e",
        "InstanceGuid": "63c970b5-8fa0-07cd-8e37-b89bc5dd11da"
      },
      "ObjectVariation": null,
      "StreamRealm": 0,
      "CastSunShadowEnable": true,
      "Excluded": false,
      "IndexInBlueprint": 58,
      "IsEventConnectionTarget": 3,
      "IsPropertyConnectionTarget": 3
    },
    "92e619f1-f12b-4c80-8187-24153a824e5d": {
      "$type": "ReferenceObjectData",
      "BlueprintTransform": {
        "right": {
          "x": -0.35040686,
          "y": -0.0005047928,
          "z": -0.93659747
        },
        "up": {
          "x": -0.000301988,
          "y": 0.9999999,
          "z": -0.00042597856
        },
        "forward": {
          "x": 0.9365976,
          "y": 0.00013349233,
          "z": -0.35040691
        },
        "trans": {
          "x": -364.70316,
          "y": 68.025925,
          "z": 1.5299704
        }
      },
      "Blueprint": {
        "PartitionGuid": "20faefcb-2a3f-11e0-92bf-eaa01378ad4e",
        "InstanceGuid": "269b1238-b6d3-58ec-7af4-8dd8d672db16"
      },
      "ObjectVariation": null,
      "StreamRealm": 0,
      "CastSunShadowEnable": true,
      "Excluded": false,