{
  "Name": "levels/xp4_parl/conquest/layer3_downtown",
  "PartitionGuid": "39846d74-ee58-4727-978f-f59f5df801f7",
  "PrimaryInstanceGuid": "ee98391c-4e20-4842-a2a1-f69aa1df9b74",
  "Instances": {
    "8c0b193d-44df-43bf-be68-77ba57873caf": {
      "$type": "AlternateSpawnEntityData",
      "Team": 0,
      "Priority": 1.0,
      "Enabled": true,
      "Transform": {
        "right": {
          "x": -0.9717724,
          "y": 1.8310439E-21,
          "z": 0.23592125
        },
        "up": {
          "x": -7.997178E-14,
          "y": 1.0,
          "z": -3.294081E-13
        },
        "forward": {
          "x": -0.23592116,
          "y": -3.3897665E-13,
          "z": -0.971772
        },
        "trans": {
          "x": -350.07288,
          "y": 66.18851,
          "z": 155.73949
        }
      },
      "IndexInBlueprint": 45,
      "IsEventConnectionTarget": 2,
      "IsPropertyConnectionTarget": 3
    },
    "631d2e4b-2c43-49f2-8ba7-1d82f3785dd9": {
      "$type": "AlternateSpawnEntityData",
      "Team": 0,
      "Priority": 1.0,
      "Enabled": true,
      "Transform": {
        "right": {
          "x": -0.61349124,
          "y": 1.4476306E-12,
          "z": -0.7897017
        },
        "up": {
          "x": 7.988198E-13,
          "y": 1.0,
          "z": 1.2125613E-12
        },
        "forward": {
          "x": 0.78970146,
          "y": 1.1306629E-13,
          "z": -0.61349094
        },
        "trans": {
          "x": -426.13745,
          "y": 68.28412,
          "z": 131.21664
        }
      },
      "IndexInBlueprint": 46,
      "IsEventConnectionTarget": 2,
      "IsPropertyConnectionTarget": 3
    },
    "a8cee79e-4b1c-4fab-ad55-eb18b57dbbc4": {
      "$type": "AlternateSpawnEntityData",
      "Team": 0,
      "Priority": 1.0,
      "Enabled": true,
      "Transform": {
        "right": {
          "x": 0.87911433,
          "y": -7.327567E-21,
          "z": -0.4766112
        },
        "up": {
          "x": -2.2386811E-13,
          "y": 1.0,
          "z": -4.129271E-13
        },
        "forward": {
          "x": 0.4766111,
          "y": 4.697081E-13,
          "z": 0.87911415
        },
        "trans": {
          "x": -405.21616,
          "y": 65.06507,
          "z": 98.12586
        }
      },
      "IndexInBlueprint": 47,
      "IsEventConnectionTarget": 2,
      "IsPropertyConnectionTarget": 3
    },
    "118e7675-ccce-4871-831f-a64f9469c4b0": {
      "$type": "AlternateSpawnEntityData",
      "Team": 0,
      "Priority": 1.0,
      "Enabled": true,
      "Transform": {
        "right": {
          "x": -0.9558516,
          "y": -1.12911965E-14,
          "z": -0.2938494
        },
        "up": {
          "x": 2.5091728E-14,
          "y": 1.0,
          "z": -1.2004503E-13
        },
        "forward": {
          "x": 0.29384935,
          "y": -1.2211845E-13,
          "z": -0.9558514
        },
        "trans": {
          "x": -367.24875,
          "y": 67.67477,
          "z": 153.35693
        }
      },
      "IndexInBlueprint": 48,
      "IsEventConnectionTarget": 2,
      "IsPropertyConnectionTarget": 3
    },
    "9a102c96-4fbf-47b5-b32b-de49390bc599": {
      "$type": "AlternateSpawnEntityData",
      "Team": 0,
      "Priority": 1.0,
      "Enabled": true,
      "Transform": {
        "right": {
          "x": -0.06404895,
          "y": -2.980675E-12,
          "z": -0.9979469
        },
        "up": {
          "x": 8.148006E-12,
          "y": 1.0,
          "z": -3.5097524E-12
        },
        "forward": {
          "x": 0.9979466,
          "y": -8.356072E-12,
          "z": -0.06404895
        },
        "trans": {
          "x": -410.4918,
          "y": 65.06581,
          "z": 94.71867
        }
      },
      "IndexInBlueprint": 49,
      "IsEventConnectionTarget": 2,
      "IsPropertyConnectionTarget": 3
    },
    "43d9d880-2d9c-4848-8615-336b3754f846": {
      "$type": "AlternateSpawnEntityData",
      "Team": 0,
      "Priority": 1.0,
      "Enabled": true,
      "Transform": {
        "right": {
          "x": 0.10502858,
          "y": 6.2478876E-12,
          "z": 0.9944691
        },
        "up": {
          "x": 2.0332038E-11,
          "y": 1.0,
          "z": -8.429959E-12
        },
        "forward": {
          "x": -0.9944688,
          "y": 2.1104963E-11,
          "z": 0.105028555
        },
        "trans": {
          "x": -316.48215,
          "y": 66.54349,
          "z": 96.46374
        }
      },
      "IndexInBlueprint": 50,
      "IsEventConnectionTarget": 2,
      "IsPropertyConnectionTarget": 3
    },
    "d7cf1756-c778-4d4b-9f81-3a02afb8fdd1": {
      "$type": "AlternateSpawnEntityData",
      "Team": 0,
      "Priority": 1.0,
      "Enabled": true,
      "Transform": {
        "right": {
          "x": -0.99993414,
          "y": -6.5608613E-13,
          "z": 0.011456929
        },
        "up": {
          "x": -6.4702963E-13,
          "y": 1.0,
          "z": 7.942044E-13
        },
        "forward": {
          "x": -0.011456906,
          "y": 7.86739E-13,
          "z": -0.9999339
        },
        "trans": {
          "x": -342.22852,
          "y": 66.18851,
          "z": 138.90385
        }
      },
      "IndexInBlueprint": 51,
      "IsEventConnectionTarget": 2,
      "IsPropertyConnectionTarget": 3
    },
    "9019a646-be12-4cca-bd4b-7270be782233": {
      "$type": "AlternateSpawnEntityData",
      "Team": 0,
      "Priority": 1.0,
      "Enabled": true,
      "Transform": {
        "right": {
          "x": -0.98991233,
          "y": 4.159903E-14,
          "z": -0.14168018
        },
        "up": {
          "x": 6.488933E-14,
          "y": 1.0,
          "z": -1.5976631E-13
        },
        "forward": {
          "x": 0.14168014,
          "y": -1.6734811E-13,
          "z": -0.98991203
        },
        "trans": {
          "x": -334.66257,
          "y": 66.75082,
          "z": 108.33079
        }
      },
      "IndexInBlueprint": 52,
      "IsEventConnectionTarget": 2,
      "IsPropertyConnectionTarget": 3
    },
    "5b6336ce-2c57-4702-96aa-4e2bd20c2a82": {
      "$type": "AlternateSpawnEntityData",
      "Team": 0,
      "Priority": 1.0,
      "Enabled": true,
      "Transform": {
        "right": {
          "x": 0.7403571,
          "y": -2.7236E-21,
          "z": 0.6722136
        },
        "up": {
          "x": -1.1968131E-13,
          "y": 1.0,
          "z": 1.3181361E-13
        },
        "forward": {
          "x": -0.67221344,
          "y": -1.7804051E-13,
          "z": 0.7403569
        },
        "trans": {
          "x": -367.39008,
          "y": 64.67286,
          "z": 63.82389
        }
      },
      "IndexInBlueprint": 53,
      "IsEventConnectionTarget": 2,
      "IsPropertyConnectionTarget": 3
    },
    "5736fe7c-c74c-42d3-899e-be2e7c85a40b": {
      "$type": "AlternateSpawnEntityData",
      "Team": 0,
      "Priority": 1.0,
      "Enabled": true,
      "Transform": {
        "right": {
          "x": -0.10182063,
          "y": 2.0933322E-12,
          "z": 0.9948026
        },
        "up": {
          "x": 3.5653646E-12,
          "y": 1.0,
          "z": -1.7393448E-12
        },
        "forward": {
          "x": -0.99480236,
          "y": 3.369732E-12,
          "z": -0.10182061
        },
        "trans": {
          "x": -376.91788,
          "y": 64.77844,
          "z": 64.68433
        }
      },
      "IndexInBlueprint": 54,
      "IsEventConnectionTarget": 2,
      "IsPropertyConnectionTarget": 3
    },
    "70d61be7-1853-4a8c-89e0-df2e1763b8ff": {
      "$type": "ReferenceObjectData",