{
  "Name": "levels/xp4_parl/conquest/layer8_main_floor",
  "PartitionGuid": "9b2a4831-8183-4853-a656-d3cd57cdc61b",
  "PrimaryInstanceGuid": "b789afa1-b06b-46f5-953f-6b22d5022ad6",
  "Instances": {
    "273d6e4f-f4ae-4380-90aa-a0b79a981ccf": {
      "$type": "AlternateSpawnEntityData",
      "Team": 0,
      "Priority": 1.0,
      "Enabled": true,
      "Transform": {
        "right": {
          "x": -0.49891022,
          "y": -9.5056395E-23,
          "z": 0.8666538
        },
        "up": {
          "x": -7.758127E-15,
          "y": 1.0,
          "z": -4.466154E-15
        },
        "forward": {
          "x": -0.8666537,
          "y": -8.951819E-15,
          "z": -0.49891016
        },
        "trans": {
          "x": -317.24432,
          "y": 68.157295,
          "z": -64.34516
        }
      },
      "IndexInBlueprint": 103,
      "IsEventConnectionTarget": 2,
      "IsPropertyConnectionTarget": 3
    },
    "540c5fd9-d5dc-4720-bed0-f74691a074e9": {
      "$type": "AlternateSpawnEntityData",
      "Team": 0,
      "Priority": 1.0,
      "Enabled": true,
      "Transform": {
        "right": {
          "x": -0.8175303,
          "y": 2.043413E-11,
          "z": 0.5758861
        },
        "up": {
          "x": 2.131241E-11,
          "y": 1.0,
          "z": -5.227751E-12
        },
        "forward": {
          "x": -0.5758859,
          "y": 7.999673E-12,
          "z": -0.8175301
        },
        "trans": {
          "x": -344.82816,
          "y": 68.3329,
          "z": -28.294083
        }
      },
      "IndexInBlueprint": 104,
      "IsEventConnectionTarget": 2,
      "IsPropertyConnectionTarget": 3
    },
    "4e7768cd-c4b2-49d6-a4bf-ff13af807f0c": {
      "$type": "AlternateSpawnEntityData",
      "Team": 0,
      "Priority": 1.0,
      "Enabled": true,
      "Transform": {
        "right": {
          "x": 0.008839934,
          "y": 1.5922423E-12,
          "z": 0.999961
        },
        "up": {
          "x": -8.261312E-13,
          "y": 1.0,
          "z": -1.5850011E-12
        },
        "forward": {
          "x": -0.9999609,
          "y": -8.1208776E-13,
          "z": 0.008839922
        },
        "trans": {
          "x": -310.09143,
          "y": 78.93767,
          "z": -86.64353
        }
      },
      "IndexInBlueprint": 105,
      "IsEventConnectionTarget": 2,
      "IsPropertyConnectionTarget": 3
    },
    "84d8470d-e1aa-4362-b00f-bcb7f3ee24e3": {
      "$type": "AlternateSpawnEntityData",
      "Team": 0,
      "Priority": 1.0,
      "Enabled": true,
      "Transform": {
        "right": {
          "x": 0.50575763,
          "y": -5.754799E-14,
          "z": -0.86267596
        },
        "up": {
          "x": 4.0831184E-13,
          "y": 1.0,
          "z": 1.7267073E-13
        },
        "forward": {
          "x": 0.8626757,
          "y": -4.395702E-13,
          "z": 0.5057575
        },
        "trans": {
          "x": -382.12485,
          "y": 68.48331,
          "z": -88.210464
        }
      },
      "IndexInBlueprint": 106,
      "IsEventConnectionTarget": 2,
      "IsPropertyConnectionTarget": 3
    },
    "ed86ff73-806d-4e4e-881a-6dab2621708c": {
      "$type": "AlternateSpawnEntityData",
      "Team": 0,
      "Priority": 1.0,
      "Enabled": true,
      "Transform": {
        "right": {
          "x": -0.68284696,
          "y": 1.295043E-12,
          "z": -0.73056203
        },
        "up": {
          "x": 5.2124624E-12,
          "y": 1.0,
          "z": -3.0993554E-12
        },
        "forward": {
          "x": 0.73056185,
          "y": -5.9244103E-12,
          "z": -0.68284684
        },
        "trans": {
          "x": -359.31415,
          "y": 68.19737,
          "z": -31.502888
        }
      },
      "IndexInBlueprint": 107,
      "IsEventConnectionTarget": 2,
      "IsPropertyConnectionTarget": 3
    },
    "eaf54666-eefa-477f-a2e7-0afb62d8ead4": {
      "$type": "AlternateSpawnEntityData",
      "Team": 0,
      "Priority": 1.0,
      "Enabled": true,
      "Transform": {
        "right": {
          "x": 0.18050976,
          "y": -2.5233477E-11,
          "z": 0.98357296
        },
        "up": {
          "x": 8.576574E-11,
          "y": 1.0,
          "z": 9.914798E-12
        },
        "forward": {
          "x": -0.9835728,
          "y": 8.256713E-11,
          "z": 0.18050972
        },
        "trans": {
          "x": -325.63654,
          "y": 71.13893,
          "z": -136.63936
        }
      },
      "IndexInBlueprint": 108,
      "IsEventConnectionTarget": 2,
      "IsPropertyConnectionTarget": 3
    },
    "6f82cda7-af2e-4f1c-b3fc-b43359c7a1d2": {
      "$type": "AlternateSpawnEntityData",
      "Team": 0,
      "Priority": 1.0,
      "Enabled": true,
      "Transform": {
        "right": {
          "x": 0.5679323,
          "y": -4.4307066E-19,
          "z": -0.82307523
        },
        "up": {
          "x": 2.7293187E-12,
          "y": 1.0,
          "z": 1.8832642E-12
        },
        "forward": {
          "x": 0.823075,
          "y": -3.3160003E-12,
          "z": 0.5679321
        },
        "trans": {
          "x": -393.6829,
          "y": 68.344795,
          "z": -123.20146
        }
      },
      "IndexInBlueprint": 109,
      "IsEventConnectionTarget": 2,
      "IsPropertyConnectionTarget": 3
    },
    "685b79fc-82bd-4fe8-be47-adc7bb3ae03a": {
      "$type": "AlternateSpawnEntityData",
      "Team": 0,
      "Priority": 1.0,
      "Enabled": true,
      "Transform": {
        "right": {
          "x": -0.41043735,
          "y": -7.466047E-21,
          "z": 0.9118888
        },
        "up": {
          "x": -1.2959721E-12,
          "y": 1.0,
          "z": -5.833116E-13
        },
        "forward": {
          "x": -0.91188866,
          "y": -1.4211951E-12,
          "z": -0.41043732
        },
        "trans": {
          "x": -311.1569,
          "y": 68.46842,
          "z": -86.61512
        }
      },
      "IndexInBlueprint": 110,
      "IsEventConnectionTarget": 2,
      "IsPropertyConnectionTarget": 3
    },
    "a73733f5-2268-4096-abe1-d92d603fe65a": {
      "$type": "AlternateSpawnEntityData",
      "Team": 0,
      "Priority": 1.0,
      "Enabled": true,
      "Transform": {
        "right": {
          "x": 0.7646853,
          "y": 1.2546185E-21,
          "z": 0.6444038
        },
        "up": {
          "x": -1.39395145E-14,
          "y": 1.0,
          "z": 1.6541401E-14
        },
        "forward": {
          "x": -0.6444037,
          "y": -2.163164E-14,
          "z": 0.76468515
        },
        "trans": {
          "x": -300.47708,
          "y": 66.25743,
          "z": -113.03261
        }
      },
      "IndexInBlueprint": 111,
      "IsEventConnectionTarget": 2,
      "IsPropertyConnectionTarget": 3
    },
    "9c2b388a-56b8-4d4b-9c33-7aa375c3c2f2": {
      "$type": "ReferenceObjectData",
      "BlueprintTransform": {
        "right": {
          "x": 1.0,
          "y": 0.0,
          "z": 0.0
        },
        "up": {
          "x": 0.0,
          "y": 1.0,
          "z": 0.0
        },
        "forward": {
          "x": 0.0,
          "y": 0.0,
          "z": 1.0
        },
        "trans": {
          "x": -350.62634,
          "y": 69.9835,
          "z": -72.832184
        }
      },
      "Blueprint": {
        "PartitionGuid": "8e7c1d8b-d445-4a11-af56-a04be8a0b7c0",
        "InstanceGuid": "4c2bb56d-f4cb-4fa9-8888-9adc345a5728"
      },
      "ObjectVariation": null,
      "StreamRealm": 0,
      "CastSunShadowEnable": true,
      "Excluded": false,
      "IndexInBlueprint": 112,
      "IsEventConnectionTarget": 3,