{
  "Name": "levels/xp4_parl/conquest/layer6_senate",
  "PartitionGuid": "0d78e2c2-6806-4320-86ca-6a750bbb5541",
  "PrimaryInstanceGuid": "bf8d8d30-c9b3-4312-aa6e-28a46abb1df2",
  "Instances": {
    "efb9a662-7506-45c1-9daf-92464559a9d6": {
      "$type": "AlternateSpawnEntityData",
      "Team": 0,
      "Priority": 1.0,
      "Enabled": true,
      "Transform": {
        "right": {
          "x": -0.27593958,
          "y": 8.338229E-13,
          "z": 0.96117514
        },
        "up": {
          "x": -4.6113833E-12,
          "y": 1.0,
          "z": -2.1913651E-12
        },
        "forward": {
          "x": -0.96117526,
          "y": -5.037032E-12,
          "z": -0.27593958
        },
        "trans": {
          "x": -303.05536,
          "y": 67.25927,
          "z": 17.97987
        }
      },
      "IndexInBlueprint": 79,
      "IsEventConnectionTarget": 2,
      "IsPropertyConnectionTarget": 3
    },
    "d992df81-73e1-48a2-96f0-16813bdcf0f3": {
      "$type": "AlternateSpawnEntityData",
      "Team": 0,
      "Priority": 1.0,
      "Enabled": true,
      "Transform": {
        "right": {
          "x": -0.6764638,
          "y": 4.5530517E-21,
          "z": -0.73647577
        },
        "up": {
          "x": -1.2081272E-12,
          "y": 1.0,
          "z": 1.1096828E-12
        },
        "forward": {
          "x": 0.73647577,
          "y": 1.6404169E-12,
          "z": -0.6764638
        },
        "trans": {
          "x": -329.04263,
          "y": 69.661476,
          "z": 17.714323
        }
      },
      "IndexInBlueprint": 80,
      "IsEventConnectionTarget": 2,
      "IsPropertyConnectionTarget": 3
    },
    "9345ff38-3ff9-4988-b1d0-61528fe6489f": {
      "$type": "AlternateSpawnEntityData",
      "Team": 0,
      "Priority": 1.0,
      "Enabled": true,
      "Transform": {
        "right": {
          "x": -0.8746777,
          "y": -2.8898411E-13,
          "z": -0.48470473
        },
        "up": {
          "x": -1.3839646E-12,
          "y": 1.0,
          "z": 1.9012374E-12
        },
        "forward": {
          "x": 0.4847046,
          "y": 2.3337838E-12,
          "z": -0.87467754
        },
        "trans": {
          "x": -359.68643,
          "y": 67.259285,
          "z": 28.978935
        }
      },
      "IndexInBlueprint": 81,
      "IsEventConnectionTarget": 2,
      "IsPropertyConnectionTarget": 3
    },
    "0d2d0975-988c-4f36-ad14-055475e0017e": {
      "$type": "AlternateSpawnEntityData",
      "Team": 0,
      "Priority": 1.0,
      "Enabled": true,
      "Transform": {
        "right": {
          "x": 0.9545565,
          "y": -9.998131E-15,
          "z": -0.29802963
        },
        "up": {
          "x": 1.5663564E-14,
          "y": 1.0,
          "z": 1.6621251E-14
        },
        "forward": {
          "x": 0.29802954,
          "y": -2.0534122E-14,
          "z": 0.9545562
        },
        "trans": {
          "x": -326.1292,
          "y": 78.93767,
          "z": -53.137398
        }
      },
      "IndexInBlueprint": 82,
      "IsEventConnectionTarget": 2,
      "IsPropertyConnectionTarget": 3
    },
    "050f015f-d71a-419b-981b-96c48585eed8": {
      "$type": "AlternateSpawnEntityData",
      "Team": 0,
      "Priority": 1.0,
      "Enabled": true,
      "Transform": {
        "right": {
          "x": 0.984609,
          "y": -9.574165E-14,
          "z": 0.17477141
        },
        "up": {
          "x": 3.9559942E-14,
          "y": 1.0,
          "z": 3.24942E-13
        },
        "forward": {
          "x": -0.17477137,
          "y": -3.1302676E-13,
          "z": 0.9846087
        },
        "trans": {
          "x": -307.0561,
          "y": 78.937675,
          "z": -32.733128
        }
      },
      "IndexInBlueprint": 83,
      "IsEventConnectionTarget": 2,
      "IsPropertyConnectionTarget": 3
    },
    "efa52767-11b8-4db3-851f-9fe3195c077c": {
      "$type": "AlternateSpawnEntityData",
      "Team": 0,
      "Priority": 1.0,
      "Enabled": true,
      "Transform": {
        "right": {
          "x": 0.84682244,
          "y": -2.8649603E-22,
          "z": 0.5318757
        },
        "up": {
          "x": 1.2028205E-14,
          "y": 1.0,
          "z": -1.9150627E-14
        },
        "forward": {
          "x": -0.5318756,
          "y": 2.2614685E-14,
          "z": 0.84682226
        },
        "trans": {
          "x": -321.16708,
          "y": 68.09479,
          "z": -47.883335
        }
      },
      "IndexInBlueprint": 84,
      "IsEventConnectionTarget": 2,
      "IsPropertyConnectionTarget": 3
    },
    "aea53680-e9d0-45bb-8f77-80dd172511de": {
      "$type": "AlternateSpawnEntityData",
      "Team": 0,
      "Priority": 1.0,
      "Enabled": true,
      "Transform": {
        "right": {
          "x": -0.27614227,
          "y": 1.018225E-11,
          "z": -0.9611167
        },
        "up": {
          "x": 2.1955052E-11,
          "y": 1.0,
          "z": 4.2861934E-12
        },
        "forward": {
          "x": 0.96111643,
          "y": -1.9917764E-11,
          "z": -0.27614218
        },
        "trans": {
          "x": -352.06445,
          "y": 78.93743,
          "z": -17.007534
        }
      },
      "IndexInBlueprint": 85,
      "IsEventConnectionTarget": 2,
      "IsPropertyConnectionTarget": 3
    },
    "cbf06185-1f21-4261-b1f2-b271c2c1117a": {
      "$type": "AlternateSpawnEntityData",
      "Team": 0,
      "Priority": 1.0,
      "Enabled": true,
      "Transform": {
        "right": {
          "x": -0.12327202,
          "y": 1.6061975E-12,
          "z": 0.9923731
        },
        "up": {
          "x": -4.6113838E-12,
          "y": 1.0,
          "z": -2.1913651E-12
        },
        "forward": {
          "x": -0.9923732,
          "y": -4.8463473E-12,
          "z": -0.12327202
        },
        "trans": {
          "x": -311.58945,
          "y": 68.62466,
          "z": 10.434329
        }
      },
      "IndexInBlueprint": 88,
      "IsEventConnectionTarget": 2,
      "IsPropertyConnectionTarget": 3
    },
    "f576f500-53c1-48f5-a338-4b00d52c9566": {
      "$type": "AlternateSpawnEntityData",
      "Team": 0,
      "Priority": 1.0,
      "Enabled": true,
      "Transform": {
        "right": {
          "x": 0.67033255,
          "y": 1.4650343E-12,
          "z": -0.74206114
        },
        "up": {
          "x": -4.611384E-12,
          "y": 1.0,
          "z": -2.1913651E-12
        },
        "forward": {
          "x": 0.74206126,
          "y": 4.8908737E-12,
          "z": 0.67033255
        },
        "trans": {
          "x": -326.72272,
          "y": 69.076164,
          "z": 0.49566764
        }
      },
      "IndexInBlueprint": 89,
      "IsEventConnectionTarget": 2,
      "IsPropertyConnectionTarget": 3
    },
    "e39fd18e-42b9-4722-bf2f-e795ccffb60f": {
      "$type": "OBBData",
      "Transform": {
        "right": {
          "x": 1.0,
          "y": 0.0,
          "z": 0.0
        },
        "up": {
          "x": 0.0,
          "y": 1.0,
          "z": 0.0
        },
        "forward": {
          "x": 0.0,
          "y": 0.0,
          "z": 1.0
        },
        "trans": {
          "x": -320.03915,
          "y": 82.66653,
          "z": 5.7980995
        }
      },
      "HalfExtents": {
        "x": 10.458331,
        "y": 4.039433,
        "z": 14.2704115
      },
      "IndexInBlueprint": 86,
      "IsEventConnectionTarget": 2,
      "IsPropertyConnectionTarget": 3
    },
    "288a8433-f764-48d9-9f6f-f10a159c13da": {
      "$type": "ReferenceObjectData",
      "BlueprintTransform": {
        "right": {
          "x": 0.009639829,