{
  "Name": "levels/xp4_parl/conquest/layer4_west_entrance",
  "PartitionGuid": "87343d61-45ef-4dab-85f3-36550c81b1b3",
  "PrimaryInstanceGuid": "98d8fd75-eaf9-45c1-ab77-b26f99c0ebd1",
  "Instances": {
    "36011b90-cb33-418e-9b8a-42257a5dcb45": {
      "$type": "AlternateSpawnEntityData",
      "Team": 1,
      "Priority": 1.0,
      "Enabled": true,
      "Transform": {
        "right": {
          "x": -0.5415943,
          "y": -2.575874E-20,
          "z": -0.84064
        },
        "up": {
          "x": 2.0284419E-12,
          "y": 1.0,
          "z": -1.3068526E-12
        },
        "forward": {
          "x": 0.8406398,
          "y": -2.4129728E-12,
          "z": -0.5415942
        },
        "trans": {
          "x": -488.52597,
          "y": 70.57921,
          "z": 244.40695
        }
      },
      "IndexInBlueprint": 57,
      "IsEventConnectionTarget": 2,
      "IsPropertyConnectionTarget": 3
    },
    "45b38f53-bb7b-4ff0-8cb8-4f1e3a85ee65": {
      "$type": "AlternateSpawnEntityData",
      "Team": 0,
      "Priority": 1.0,
      "Enabled": true,
      "Transform": {
        "right": {
          "x": -0.27232495,
          "y": 7.689223E-20,
          "z": -0.96220535
        },
        "up": {
          "x": 3.9967786E-12,
          "y": 1.0,
          "z": -1.1311749E-12
        },
        "forward": {
          "x": 0.9622052,
          "y": -4.153768E-12,
          "z": -0.2723249
        },
        "trans": {
          "x": -440.27066,
          "y": 70.48917,
          "z": 215.29945
        }
      },
      "IndexInBlueprint": 58,
      "IsEventConnectionTarget": 2,
      "IsPropertyConnectionTarget": 3
    },
    "76befb2d-01fc-425f-b774-30dfe15b48e7": {
      "$type": "AlternateSpawnEntityData",
      "Team": 1,
      "Priority": 1.0,
      "Enabled": true,
      "Transform": {
        "right": {
          "x": -0.55735636,
          "y": 1.1349115E-14,
          "z": 0.8302733
        },
        "up": {
          "x": -2.04052E-14,
          "y": 1.0,
          "z": -2.7366996E-14
        },
        "forward": {
          "x": -0.8302731,
          "y": -3.2195055E-14,
          "z": -0.5573563
        },
        "trans": {
          "x": -463.5236,
          "y": 70.563576,
          "z": 227.0255
        }
      },
      "IndexInBlueprint": 59,
      "IsEventConnectionTarget": 2,
      "IsPropertyConnectionTarget": 3
    },
    "5f9cba09-4905-4f69-96cd-a484ebe34ed7": {
      "$type": "AlternateSpawnEntityData",
      "Team": 0,
      "Priority": 1.0,
      "Enabled": true,
      "Transform": {
        "right": {
          "x": -0.7701079,
          "y": 1.8955842E-13,
          "z": -0.63791376
        },
        "up": {
          "x": 7.623629E-13,
          "y": 1.0,
          "z": -6.231929E-13
        },
        "forward": {
          "x": 0.63791347,
          "y": -9.662472E-13,
          "z": -0.7701076
        },
        "trans": {
          "x": -503.01642,
          "y": 70.375565,
          "z": 219.37201
        }
      },
      "IndexInBlueprint": 60,
      "IsEventConnectionTarget": 2,
      "IsPropertyConnectionTarget": 3
    },
    "a79e3b3c-b2bf-497c-b986-1f90cf82b197": {
      "$type": "AlternateSpawnEntityData",
      "Team": 0,
      "Priority": 1.0,
      "Enabled": true,
      "Transform": {
        "right": {
          "x": -0.57140726,
          "y": 5.1763694E-21,
          "z": -0.820667
        },
        "up": {
          "x": 2.3214454E-13,
          "y": 1.0,
          "z": -1.6163568E-13
        },
        "forward": {
          "x": 0.82066673,
          "y": -2.8287306E-13,
          "z": -0.5714071
        },
        "trans": {
          "x": -426.1099,
          "y": 70.4893,
          "z": 216.136
        }
      },
      "IndexInBlueprint": 61,
      "IsEventConnectionTarget": 2,
      "IsPropertyConnectionTarget": 3
    },
    "b0e4aec2-1188-4a5d-b876-047e308e3aa7": {
      "$type": "AlternateSpawnEntityData",
      "Team": 0,
      "Priority": 1.0,
      "Enabled": true,
      "Transform": {
        "right": {
          "x": -0.6934945,
          "y": 0.0,
          "z": -0.72046185
        },
        "up": {
          "x": 0.0,
          "y": 1.0,
          "z": 0.0
        },
        "forward": {
          "x": 0.7204616,
          "y": 0.0,
          "z": -0.69349426
        },
        "trans": {
          "x": -514.69147,
          "y": 70.37608,
          "z": 174.06125
        }
      },
      "IndexInBlueprint": 62,
      "IsEventConnectionTarget": 2,
      "IsPropertyConnectionTarget": 3
    },
    "d4344821-edf6-409c-886e-9d08c6f3b49c": {
      "$type": "AlternateSpawnEntityData",
      "Team": 0,
      "Priority": 1.0,
      "Enabled": true,
      "Transform": {
        "right": {
          "x": 0.6500114,
          "y": -3.3722433E-13,
          "z": -0.7599248
        },
        "up": {
          "x": -3.9229084E-12,
          "y": 1.0,
          "z": -3.79927E-12
        },
        "forward": {
          "x": 0.7599245,
          "y": 5.450682E-12,
          "z": 0.6500111
        },
        "trans": {
          "x": -507.8885,
          "y": 70.313576,
          "z": 168.26363
        }
      },
      "IndexInBlueprint": 63,
      "IsEventConnectionTarget": 2,
      "IsPropertyConnectionTarget": 3
    },
    "28340853-46d1-4450-8a19-6e4c53a8c480": {
      "$type": "AlternateSpawnEntityData",
      "Team": 0,
      "Priority": 1.0,
      "Enabled": true,
      "Transform": {
        "right": {
          "x": -0.9999997,
          "y": 1.1227117E-26,
          "z": 0.000763742
        },
        "up": {
          "x": 1.3580038E-18,
          "y": 1.0,
          "z": 1.7780916E-15
        },
        "forward": {
          "x": -0.00076374196,
          "y": 1.778092E-15,
          "z": -0.99999964
        },
        "trans": {
          "x": -437.24393,
          "y": 70.80921,
          "z": 224.38068
        }
      },
      "IndexInBlueprint": 64,
      "IsEventConnectionTarget": 2,
      "IsPropertyConnectionTarget": 3
    },
    "39b721e4-8b0b-47e0-9bad-deea756d4dc3": {
      "$type": "ReferenceObjectData",
      "BlueprintTransform": {
        "right": {
          "x": 1.0,
          "y": 0.0,
          "z": 0.0
        },
        "up": {
          "x": 0.0,
          "y": 1.0,
          "z": 0.0
        },
        "forward": {
          "x": 0.0,
          "y": 0.0,
          "z": 1.0
        },
        "trans": {
          "x": -463.16443,
          "y": 67.60854,
          "z": 193.70882
        }
      },
      "Blueprint": {
        "PartitionGuid": "345cd76d-57e1-11e1-a4fa-e789f45ea82d",
        "InstanceGuid": "671628a6-df6e-0a03-a823-fb35efe17502"
      },
      "ObjectVariation": null,
      "StreamRealm": 0,
      "CastSunShadowEnable": true,
      "Excluded": false,
      "IndexInBlueprint": 65,
      "IsEventConnectionTarget": 3,
      "IsPropertyConnectionTarget": 2
    },
    "2609dd0e-d5bc-44ca-9fb8-705ee7da900c": {
      "$type": "VolumeVectorShapeData",
      "Height": 15.0,
      "Points": [
        {
          "x": -466.18524,
          "y": 63.567207,
          "z": 160.27852
        },
        {
          "x": -481.85608,
          "y": 63.567207,
          "z": 160.15027
        },
        {
          "x": -484.20908,
          "y": 63.567207,
          "z": 163.7401
        },
        {
          "x": -484.1422,
          "y": 63.567207,
          "z": 192.13536
        },
        {
          "x": -474.00494,
          "y": 63.567207,
          "z": 192.12999
        },
        {
          "x": -474.0207,
          "y": 63.567207,
          "z": 202.25476
        },
        {
          "x": -473.88528,