{
  "Name": "xp4/architecture/roadblock_v2/roadblock_prefab_xp4",
  "PartitionGuid": "c12aac1f-fcb6-11e1-ba40-fe646633c6ac",
  "PrimaryInstanceGuid": "bb279cab-70a7-af56-82f1-ec9779dae713",
  "Instances": {
    "d437616b-1db3-4717-87f3-36e571c1c5b7": {
      "$type": "ReferenceObjectData",
      "BlueprintTransform": {
        "right": {
          "x": 0.9528505,
          "y": 0.01802389,
          "z": 0.3029045
        },
        "up": {
          "x": -0.018912358,
          "y": 0.9998212,
          "z": 2.9544853E-09
        },
        "forward": {
          "x": -0.3028503,
          "y": -0.0057286383,
          "z": 0.95302093
        },
        "trans": {
          "x": -0.38398224,
          "y": -0.06255431,
          "z": -0.94650227
        }
      },
      "Blueprint": {
        "PartitionGuid": "86706b27-fcb1-11e1-ba40-fe646633c6ac",
        "InstanceGuid": "b5d22db7-aa0a-c454-b463-1b95a3246074"
      },
      "ObjectVariation": null,
      "StreamRealm": 0,
      "CastSunShadowEnable": true,
      "Excluded": false,
      "IndexInBlueprint": 0,
      "IsEventConnectionTarget": 3,
      "IsPropertyConnectionTarget": 3
    },
    "881312a5-2ad7-4214-9542-b6e156c3151f": {
      "$type": "ReferenceObjectData",
      "BlueprintTransform": {
        "right": {
          "x": 0.9995361,
          "y": -0.030456373,
          "z": 0.0
        },
        "up": {
          "x": 0.030456373,
          "y": 0.9995361,
          "z": 0.0
        },
        "forward": {
          "x": 0.0,
          "y": 0.0,
          "z": 1.0
        },
        "trans": {
          "x": 2.6260228,
          "y": 0.0055571175,
          "z": -0.56109095
        }
      },
      "Blueprint": {
        "PartitionGuid": "7152fe17-fcb1-11e1-ba40-fe646633c6ac",
        "InstanceGuid": "e11e269d-a152-9d5a-6b66-ce582343cc5d"
      },
      "ObjectVariation": null,
      "StreamRealm": 0,
      "CastSunShadowEnable": true,
      "Excluded": false,
      "IndexInBlueprint": 1,
      "IsEventConnectionTarget": 3,
      "IsPropertyConnectionTarget": 3
    },
    "01de1831-1827-4653-ac79-cc88ab6c58d8": {
      "$type": "ReferenceObjectData",
      "BlueprintTransform": {
        "right": {
          "x": 0.9773391,
          "y": -0.061704673,
          "z": 0.20248675
        },
        "up": {
          "x": 0.063009925,
          "y": 0.9980129,
          "z": 0.0
        },
        "forward": {
          "x": -0.20208439,
          "y": 0.012758675,
          "z": 0.979285
        },
        "trans": {
          "x": 6.6694746,
          "y": -1.1259452E-08,
          "z": -0.9967675
        }
      },
      "Blueprint": {
        "PartitionGuid": "7582f6b8-fcb2-11e1-ba40-fe646633c6ac",
        "InstanceGuid": "a0f9666e-57cb-f5f1-2219-7699766a22de"
      },
      "ObjectVariation": null,
      "StreamRealm": 0,
      "CastSunShadowEnable": true,
      "Excluded": false,
      "IndexInBlueprint": 2,
      "IsEventConnectionTarget": 3,
      "IsPropertyConnectionTarget": 3
    },
    "bb279cab-70a7-af56-82f1-ec9779dae713": {
      "$type": "SpatialPrefabBlueprint",
      "Name": "XP4/Architecture/Roadblock_v2/roadblock_prefab_XP4",
      "PropertyConnections": [],
      "LinkConnections": [],
      "EventConnections": [],
      "Descriptor": null,
      "NeedNetworkId": false,
      "InterfaceHasConnections": false,
      "AlwaysCreateEntityBusClient": false,
      "AlwaysCreateEntityBusServer": false,
      "Objects": [
        {
          "PartitionGuid": "c12aac1f-fcb6-11e1-ba40-fe646633c6ac",
          "InstanceGuid": "d437616b-1db3-4717-87f3-36e571c1c5b7"
        },
        {
          "PartitionGuid": "c12aac1f-fcb6-11e1-ba40-fe646633c6ac",
          "InstanceGuid": "881312a5-2ad7-4214-9542-b6e156c3151f"
        },
        {
          "PartitionGuid": "c12aac1f-fcb6-11e1-ba40-fe646633c6ac",
          "InstanceGuid": "01de1831-1827-4653-ac79-cc88ab6c58d8"
        }
      ]
    }
  }
}