{
  "Name": "objects/tires_stack/tires_stack02",
  "PartitionGuid": "722bdc48-546e-11e0-a0d3-98557a06b0d6",
  "PrimaryInstanceGuid": "41313c75-92cd-3891-7e4c-7b37ef982630",
  "Instances": {
    "06bc05b5-59b8-4b2f-9593-1afc54a25638": {
      "$type": "ReferenceObjectData",
      "IndexInBlueprint": 65535,
      "IsEventConnectionTarget": 3,
      "IsPropertyConnectionTarget": 3,
      "BlueprintTransform": {
        "right": {
          "x": 0.97928286,
          "y": -0.20249712,
          "z": -3.6456704E-10
        },
        "up": {
          "x": 0.19741835,
          "y": 0.9547217,
          "z": 0.22255884
        },
        "forward": {
          "x": -0.045067526,
          "y": -0.21794806,
          "z": 0.97491926
        },
        "trans": {
          "x": 1.1790604E-09,
          "y": 0.41041285,
          "z": 0.027749509
        }
      },
      "Blueprint": {
        "PartitionGuid": "a8e1b86d-c170-418e-8675-28515ef71a9c",
        "InstanceGuid": "1d3168fd-ce48-4006-9b73-f19b2f96742e"
      },
      "ObjectVariation": null,
      "StreamRealm": 0,
      "CastSunShadowEnable": true,
      "Excluded": false
    },
    "2b5b14ba-f60b-4ff5-acde-5c883c1095c2": {
      "$type": "ReferenceObjectData",
      "IndexInBlueprint": 65535,
      "IsEventConnectionTarget": 3,
      "IsPropertyConnectionTarget": 3,
      "BlueprintTransform": {
        "right": {
          "x": 0.97484773,
          "y": -0.22287191,
          "z": 0.0
        },
        "up": {
          "x": 0.22287191,
          "y": 0.97484773,
          "z": 0.0
        },
        "forward": {
          "x": 0.0,
          "y": 0.0,
          "z": 1.0
        },
        "trans": {
          "x": 0.026196688,
          "y": 0.11458502,
          "z": 0.0
        }
      },
      "Blueprint": {
        "PartitionGuid": "fc93d7fa-9346-11e0-ac2e-9b0dd8f0b477",
        "InstanceGuid": "4085b785-fcaa-5d80-bb64-7003807d56bb"
      },
      "ObjectVariation": null,
      "StreamRealm": 0,
      "CastSunShadowEnable": true,
      "Excluded": false
    },
    "3e31f1ec-cda8-c345-e0d7-f7ec2323bd19": {
      "$type": "PhysicsEntityData",
      "IndexInBlueprint": 65535,
      "IsEventConnectionTarget": 3,
      "IsPropertyConnectionTarget": 3,
      "InertiaModifier": {
        "x": 1.0,
        "y": 1.0,
        "z": 1.0
      },
      "ScaledAssets": [
        {
          "PartitionGuid": "722bdc48-546e-11e0-a0d3-98557a06b0d6",
          "InstanceGuid": "def481f6-62bf-f53b-0551-54268b76e150"
        }
      ],
      "RigidBodies": [
        {
          "PartitionGuid": "722bdc48-546e-11e0-a0d3-98557a06b0d6",
          "InstanceGuid": "9cf6e328-1a5a-87b4-eafb-99bf4a930476"
        },
        {
          "PartitionGuid": "722bdc48-546e-11e0-a0d3-98557a06b0d6",
          "InstanceGuid": "c702c4b7-3de7-bfe6-0e1e-5bb5a77a96ff"
        }
      ],
      "Asset": null,
      "FloatPhysics": null,
      "Mass": 1000010.0,
      "Restitution": 1000010.0,
      "Friction": 1000010.0,
      "LinearVelocityDamping": -1.0,
      "AngularVelocityDamping": -1.0,
      "Proximity": null,
      "Constraints": [],
      "EncapsulatePartsInLists": false,
      "MovableParts": false
    },
    "41313c75-92cd-3891-7e4c-7b37ef982630": {
      "$type": "ObjectBlueprint",
      "Name": "Objects/Tires_Stack/Tires_Stack02",
      "PropertyConnections": [],
      "LinkConnections": [],
      "EventConnections": [],
      "Descriptor": null,
      "NeedNetworkId": false,
      "InterfaceHasConnections": false,
      "AlwaysCreateEntityBusClient": false,
      "AlwaysCreateEntityBusServer": false,
      "Object": {
        "PartitionGuid": "722bdc48-546e-11e0-a0d3-98557a06b0d6",
        "InstanceGuid": "722bdc49-546e-11e0-a0d3-98557a06b0d6"
      }
    },
    "5cf1f55b-7321-4abc-ac09-307e77f3e3ed": {
      "$type": "HealthStateData",
      "Objects": [
        {
          "PartitionGuid": "722bdc48-546e-11e0-a0d3-98557a06b0d6",
          "InstanceGuid": "f6a252ca-15ab-4d2d-8a1f-fb87e2c70aa8"
        },
        {
          "PartitionGuid": "722bdc48-546e-11e0-a0d3-98557a06b0d6",
          "InstanceGuid": "06bc05b5-59b8-4b2f-9593-1afc54a25638"
        },
        {
          "PartitionGuid": "722bdc48-546e-11e0-a0d3-98557a06b0d6",
          "InstanceGuid": "f21ece37-9729-4f6e-9162-b191ebb591df"
        },
        {
          "PartitionGuid": "722bdc48-546e-11e0-a0d3-98557a06b0d6",
          "InstanceGuid": "2b5b14ba-f60b-4ff5-acde-5c883c1095c2"
        }
      ],
      "LoosePartPhysics": [],
      "SpawnedBangerBlueprint": null,
      "SpawnedBangerImpulseParams": null,
      "Health": 0.0,
      "PartIndex": 4294967295,
      "PhysicsEnabled": true,
      "CopyDamageToBanger": true,
      "CanSupportOtherParts": false
    },
    "6d3d6af9-7495-03de-b81b-cea1c0e7f626": {
      "$type": "PartComponentData",
      "IndexInBlueprint": 1,
      "IsEventConnectionTarget": 3,
      "IsPropertyConnectionTarget": 3,
      "Transform": {
        "right": {
          "x": 1.0,
          "y": 0.0,
          "z": 0.0
        },
        "up": {
          "x": 0.0,
          "y": 1.0,
          "z": 0.0
        },
        "forward": {
          "x": 0.0,
          "y": 0.0,
          "z": 1.0
        },
        "trans": {
          "x": 5.9604645E-08,
          "y": 0.0,
          "z": 0.0
        }
      },
      "Components": [],
      "Excluded": false,
      "HealthStates": [
        {
          "PartitionGuid": "722bdc48-546e-11e0-a0d3-98557a06b0d6",
          "InstanceGuid": "a3585981-8c95-1cca-70f0-5b3b89975787"
        },
        {
          "PartitionGuid": "722bdc48-546e-11e0-a0d3-98557a06b0d6",
          "InstanceGuid": "5cf1f55b-7321-4abc-ac09-307e77f3e3ed"
        }
      ],
      "PartLinks": [],
      "IsSupported": false,
      "IsFragile": false,
      "IsNetworkable": true,
      "IsWindow": false,
      "AnimatePhysics": false
    },
    "722bdc49-546e-11e0-a0d3-98557a06b0d6": {
      "$type": "StaticModelEntityData",
      "IndexInBlueprint": 0,
      "IsEventConnectionTarget": 2,
      "IsPropertyConnectionTarget": 2,
      "Transform": {
        "right": {
          "x": 1.0,
          "y": 0.0,
          "z": 0.0
        },
        "up": {
          "x": 0.0,
          "y": 1.0,
          "z": 0.0
        },
        "forward": {
          "x": 0.0,
          "y": 0.0,
          "z": 1.0
        },
        "trans": {
          "x": 0.0,
          "y": 0.0,
          "z": 0.0
        }
      },
      "Components": [
        {
          "PartitionGuid": "722bdc48-546e-11e0-a0d3-98557a06b0d6",
          "InstanceGuid": "6d3d6af9-7495-03de-b81b-cea1c0e7f626"
        }
      ],
      "Enabled": true,
      "RuntimeComponentCount": 1,
      "PhysicsData": {
        "PartitionGuid": "722bdc48-546e-11e0-a0d3-98557a06b0d6",
        "InstanceGuid": "3e31f1ec-cda8-c345-e0d7-f7ec2323bd19"
      },
      "PartLinks": [],
      "Mesh": {
        "PartitionGuid": "3ffc4e06-e585-176a-3f86-71f85f242f25",
        "InstanceGuid": "8cfb0f59-2ade-78bb-4a83-754325050a71"
      },
      "BoneCount": 0,
      "BasePoseTransforms": [],
      "NetworkInfo": {
        "PartNetworkIdRanges": [
          {
            "First": 0,
            "Last": 0
          }
        ],
        "NetworkIdCount": 1,
        "ChildNetworkInfos": [],
        "ChildNetworkIdCount": 0
      },
      "PhysicsPartInfos": [
        {
          "PartComponentIndex": 0,
          "HealthStateIndex": 0
        }
      ],
      "ExcludeFromNearbyObjectDestruction": false,
      "AnimatePhysics": false,
      "Visible": true
    },
    "9cf6e328-1a5a-87b4-eafb-99bf4a930476": {
      "$type": "RigidBodyData",
      "InertiaModifier": {
        "x": 1.0,
        "y": 1.0,