{
  "Name": "objects/tires_stack/tires_stack01",
  "PartitionGuid": "20c0f707-546e-11e0-a0d3-98557a06b0d6",
  "PrimaryInstanceGuid": "b1bd6d5f-ef09-acdf-c73f-fef5a5905e1b",
  "Instances": {
    "003a578b-bdd8-4dc2-877a-3bf6c5e15a93": {
      "$type": "ReferenceObjectData",
      "IndexInBlueprint": 65535,
      "IsEventConnectionTarget": 3,
      "IsPropertyConnectionTarget": 3,
      "BlueprintTransform": {
        "right": {
          "x": 1.0,
          "y": 0.0,
          "z": 0.0
        },
        "up": {
          "x": 0.0,
          "y": 0.9450954,
          "z": 0.3267948
        },
        "forward": {
          "x": 0.0,
          "y": -0.3267948,
          "z": 0.9450954
        },
        "trans": {
          "x": 0.36538267,
          "y": 0.28044748,
          "z": -4.306413E-09
        }
      },
      "Blueprint": {
        "PartitionGuid": "fc93d7fa-9346-11e0-ac2e-9b0dd8f0b477",
        "InstanceGuid": "4085b785-fcaa-5d80-bb64-7003807d56bb"
      },
      "ObjectVariation": null,
      "StreamRealm": 0,
      "CastSunShadowEnable": true,
      "Excluded": false
    },
    "037c9ac5-45e5-4a09-877a-ae77ef7471fb": {
      "$type": "ReferenceObjectData",
      "IndexInBlueprint": 65535,
      "IsEventConnectionTarget": 3,
      "IsPropertyConnectionTarget": 3,
      "BlueprintTransform": {
        "right": {
          "x": 0.9914258,
          "y": -0.11553132,
          "z": 0.061052218
        },
        "up": {
          "x": 0.1306708,
          "y": 0.87655944,
          "z": -0.46321556
        },
        "forward": {
          "x": 2.2530078E-09,
          "y": 0.4672216,
          "z": 0.88414025
        },
        "trans": {
          "x": 0.5901408,
          "y": 2.3260274E-09,
          "z": 1.2264201E-10
        }
      },
      "Blueprint": {
        "PartitionGuid": "a8e1b86d-c170-418e-8675-28515ef71a9c",
        "InstanceGuid": "1d3168fd-ce48-4006-9b73-f19b2f96742e"
      },
      "ObjectVariation": null,
      "StreamRealm": 0,
      "CastSunShadowEnable": true,
      "Excluded": false
    },
    "08d5fca2-88e6-45ee-a2c8-9e459a932128": {
      "$type": "HealthStateData",
      "Objects": [
        {
          "PartitionGuid": "20c0f707-546e-11e0-a0d3-98557a06b0d6",
          "InstanceGuid": "92570d37-58ed-4684-b24d-31ae7a9f8a7e"
        },
        {
          "PartitionGuid": "20c0f707-546e-11e0-a0d3-98557a06b0d6",
          "InstanceGuid": "037c9ac5-45e5-4a09-877a-ae77ef7471fb"
        },
        {
          "PartitionGuid": "20c0f707-546e-11e0-a0d3-98557a06b0d6",
          "InstanceGuid": "313793b5-8ba0-4089-9272-ee59c00cf101"
        },
        {
          "PartitionGuid": "20c0f707-546e-11e0-a0d3-98557a06b0d6",
          "InstanceGuid": "003a578b-bdd8-4dc2-877a-3bf6c5e15a93"
        },
        {
          "PartitionGuid": "20c0f707-546e-11e0-a0d3-98557a06b0d6",
          "InstanceGuid": "8714f19b-222f-43e2-95e7-dfbfa005cbf3"
        }
      ],
      "LoosePartPhysics": [],
      "SpawnedBangerBlueprint": null,
      "SpawnedBangerImpulseParams": null,
      "Health": 0.0,
      "PartIndex": 4294967295,
      "PhysicsEnabled": true,
      "CopyDamageToBanger": true,
      "CanSupportOtherParts": false
    },
    "11741d8e-2860-3499-534d-d81415c1be6b": {
      "$type": "RigidBodyData",
      "InertiaModifier": {
        "x": 1.0,
        "y": 1.0,
        "z": 1.0
      },
      "RigidBodyType": 3,
      "Mass": 0.0,
      "Restitution": 0.4,
      "Friction": 0.5,
      "AngularVelocityDamping": -1.0,
      "LinearVelocityDamping": -1.0,
      "InteractionToolkitCollisionVolumeId": 0,
      "MotionType": 1,
      "QualityType": 0,
      "CollisionLayer": 0,
      "FloatPhysics": null,
      "Constraints": []
    },
    "20c0f708-546e-11e0-a0d3-98557a06b0d6": {
      "$type": "StaticModelEntityData",
      "IndexInBlueprint": 0,
      "IsEventConnectionTarget": 2,
      "IsPropertyConnectionTarget": 2,
      "Transform": {
        "right": {
          "x": 1.0,
          "y": 0.0,
          "z": 0.0
        },
        "up": {
          "x": 0.0,
          "y": 1.0,
          "z": 0.0
        },
        "forward": {
          "x": 0.0,
          "y": 0.0,
          "z": 1.0
        },
        "trans": {
          "x": 0.0,
          "y": 0.0,
          "z": 0.0
        }
      },
      "Components": [
        {
          "PartitionGuid": "20c0f707-546e-11e0-a0d3-98557a06b0d6",
          "InstanceGuid": "6d35a1b6-17b2-3afa-fff1-6f557e244576"
        }
      ],
      "Enabled": true,
      "RuntimeComponentCount": 1,
      "PhysicsData": {
        "PartitionGuid": "20c0f707-546e-11e0-a0d3-98557a06b0d6",
        "InstanceGuid": "f9f68160-0c4e-0435-eaf0-d4a2eaa14da8"
      },
      "PartLinks": [],
      "Mesh": {
        "PartitionGuid": "4772985b-2586-b04b-ed1c-7ca6747825a3",
        "InstanceGuid": "dfd1acd9-e6c9-d590-7f70-b20e5bebe855"
      },
      "BoneCount": 0,
      "BasePoseTransforms": [],
      "NetworkInfo": {
        "PartNetworkIdRanges": [
          {
            "First": 0,
            "Last": 0
          }
        ],
        "NetworkIdCount": 1,
        "ChildNetworkInfos": [],
        "ChildNetworkIdCount": 0
      },
      "PhysicsPartInfos": [
        {
          "PartComponentIndex": 0,
          "HealthStateIndex": 0
        }
      ],
      "ExcludeFromNearbyObjectDestruction": false,
      "AnimatePhysics": false,
      "Visible": true
    },
    "313793b5-8ba0-4089-9272-ee59c00cf101": {
      "$type": "ReferenceObjectData",
      "IndexInBlueprint": 65535,
      "IsEventConnectionTarget": 3,
      "IsPropertyConnectionTarget": 3,
      "BlueprintTransform": {
        "right": {
          "x": 0.9546987,
          "y": -0.29757425,
          "z": 1.620613E-09
        },
        "up": {
          "x": 0.2840038,
          "y": 0.911161,
          "z": -0.29854223
        },
        "forward": {
          "x": 0.08883848,
          "y": 0.28501788,
          "z": 0.9543964
        },
        "trans": {
          "x": -0.6479564,
          "y": 0.13009675,
          "z": -5.770333E-10
        }
      },
      "Blueprint": {
        "PartitionGuid": "fc93d7fa-9346-11e0-ac2e-9b0dd8f0b477",
        "InstanceGuid": "4085b785-fcaa-5d80-bb64-7003807d56bb"
      },
      "ObjectVariation": null,
      "StreamRealm": 0,
      "CastSunShadowEnable": true,
      "Excluded": false
    },
    "6d35a1b6-17b2-3afa-fff1-6f557e244576": {
      "$type": "PartComponentData",
      "IndexInBlueprint": 1,
      "IsEventConnectionTarget": 3,
      "IsPropertyConnectionTarget": 3,
      "Transform": {
        "right": {
          "x": 1.0,
          "y": 0.0,
          "z": 0.0
        },
        "up": {
          "x": 0.0,
          "y": 1.0,
          "z": 0.0
        },
        "forward": {
          "x": 0.0,
          "y": 0.0,
          "z": 1.0
        },
        "trans": {
          "x": 0.0,
          "y": 0.0,
          "z": -9.313226E-10
        }
      },
      "Components": [],
      "Excluded": false,
      "HealthStates": [
        {
          "PartitionGuid": "20c0f707-546e-11e0-a0d3-98557a06b0d6",
          "InstanceGuid": "fdf0ad90-fd59-e49c-c2ec-554d45a829a9"
        },
        {
          "PartitionGuid": "20c0f707-546e-11e0-a0d3-98557a06b0d6",
          "InstanceGuid": "08d5fca2-88e6-45ee-a2c8-9e459a932128"
        }
      ],
      "PartLinks": [],
      "IsSupported": false,
      "IsFragile": false,
      "IsNetworkable": true,
      "IsWindow": false,
      "AnimatePhysics": false
    },
    "8714f19b-222f-43e2-95e7-dfbfa005cbf3": {
      "$type": "ReferenceObjectData",
      "IndexInBlueprint": 65535,
      "IsEventConnectionTarget": 3,
      "IsPropertyConnectionTarget": 3,