{
  "Name": "fx/ambient/levelspecific/sp_tank/bm21_rocket/emitter_infort/em_bm21_rocket_insidefort_launch_smoke_parent",
  "PartitionGuid": "97c084ea-9e5b-46dd-9024-0c67ac8d139f",
  "PrimaryInstanceGuid": "c27ae2c6-36ac-4e2e-89b0-ace31cc09f9e",
  "Instances": {
    "1397bada-7ab5-4e7e-a2ec-85ef20e44d4f": {
      "$type": "PolynomialData",
      "EmitterParameter": 0,
      "Coefficients": {
        "x": 5.623916,
        "y": -12.764269,
        "z": 7.090961,
        "w": 0.0050001144
      },
      "ScaleValue": 0.5,
      "MinClamp": 0.0,
      "MaxClamp": 1.0
    },
    "14e5b78c-1237-a22f-ce5a-16846153f6d3": {
      "$type": "UpdateClipScaleData",
      "DefaultValues": {
        "x": 1.0,
        "y": 1.0,
        "z": 1.0,
        "w": 1.0
      },
      "NextProcessor": {
        "PartitionGuid": "97c084ea-9e5b-46dd-9024-0c67ac8d139f",
        "InstanceGuid": "9e1c6e1a-b662-1e9b-ec19-5352c48338b6"
      },
      "Pre": null,
      "EvaluatorInput": 2,
      "Enable": true,
      "Lookup": [
        32767,
        32767,
        32767,
        32767,
        32511,
        31743,
        32511,
        32255,
        32511,
        31743,
        32511,
        32255,
        32511,
        31743,
        32511,
        32255,
        32511,
        31743,
        32511,
        32255,
        32511,
        31743,
        32511,
        32255,
        32511,
        31743,
        32511,
        32255,
        32511,
        31743,
        32511,
        32255,
        32511,
        31743,
        32511,
        32255,
        32511,
        31743,
        32511,
        32255,
        32511,
        31743,
        32511,
        32255,
        32511,
        31743,
        32511,
        32255,
        32511,
        31743,
        32511,
        32255,
        32511,
        31743,
        32511,
        32255,
        32511,
        31743,
        32511,
        32255,
        32511,
        31743,
        32511,
        32255,
        32511,
        31743,
        32511,
        32255,
        32511,
        31743,
        32511,
        32255,
        32511,
        31743,
        32511,
        32255,
        32511,
        31743,
        32511,
        32255,
        32511,
        31743,
        32511,
        32255,
        32511,
        31743,
        32511,
        32255,
        32511,
        31743,
        32511,
        32255,
        32511,
        31743,
        32511,
        32255,
        32511,
        31743,
        32511,
        32255,
        32511,
        31743,
        32511,
        32255,
        32511,
        31743,
        32511,
        32255,
        32511,
        31743,
        32511,
        32255,
        32511,
        31743,
        32511,
        32255,
        32511,
        31743,
        32511,
        32255,
        32511,
        31743,
        32511,
        32255,
        32511,
        31743,
        32511,
        32255,
        31743,
        30719,
        31999,
        31231
      ]
    },
    "1736a814-e804-43c1-9a14-efb82b31105d": {
      "$type": "AirResistanceData",
      "DefaultValues": {
        "x": 1.0,
        "y": 1.0,
        "z": 1.0,
        "w": 1.0
      },
      "NextProcessor": {
        "PartitionGuid": "97c084ea-9e5b-46dd-9024-0c67ac8d139f",
        "InstanceGuid": "1ecc574a-5bcd-4897-b240-fbd87816578d"
      },
      "Pre": {
        "PartitionGuid": "97c084ea-9e5b-46dd-9024-0c67ac8d139f",
        "InstanceGuid": "3d89db6a-4845-49e2-8021-444cca16c211"
      },
      "EvaluatorInput": 2,
      "Enable": true,
      "DragFactor": 2.0
    },
    "1ecc574a-5bcd-4897-b240-fbd87816578d": {
      "$type": "UpdateColorData",
      "DefaultValues": {
        "x": 1.0,
        "y": 1.0,
        "z": 1.0,
        "w": 1.0
      },
      "NextProcessor": {
        "PartitionGuid": "97c084ea-9e5b-46dd-9024-0c67ac8d139f",
        "InstanceGuid": "db426036-9490-4b07-890b-704ae21ef5ff"
      },
      "Pre": {
        "PartitionGuid": "97c084ea-9e5b-46dd-9024-0c67ac8d139f",
        "InstanceGuid": "8914be3b-f7bd-40a9-aa39-6b7542ca9cac"
      },
      "EvaluatorInput": 2,
      "Enable": true,
      "Color": {
        "x": 1.0,
        "y": 1.0,
        "z": 1.0
      }
    },
    "2ec74577-3964-407b-b563-30277102d355": {
      "$type": "SpawnPositionData",
      "DefaultValues": {
        "x": 0.0,
        "y": 0.0,
        "z": 0.0,
        "w": 1.0
      },
      "NextProcessor": {
        "PartitionGuid": "97c084ea-9e5b-46dd-9024-0c67ac8d139f",
        "InstanceGuid": "70d6b35a-bbf4-4c8a-9dcd-531c7fe51ad2"
      },
      "Pre": {
        "PartitionGuid": "97c084ea-9e5b-46dd-9024-0c67ac8d139f",
        "InstanceGuid": "7c4ec2ce-02ec-4ecf-88af-5708e43cc196"
      },
      "EvaluatorInput": 1,
      "Enable": true
    },
    "35797669-6160-437f-ab8a-b0a5e0f10351": {
      "$type": "SpawnDirectionData",
      "DefaultValues": {
        "x": 0.0,
        "y": 1.0,
        "z": 0.0,
        "w": 0.0
      },
      "NextProcessor": {
        "PartitionGuid": "97c084ea-9e5b-46dd-9024-0c67ac8d139f",
        "InstanceGuid": "2ec74577-3964-407b-b563-30277102d355"
      },
      "Pre": {
        "PartitionGuid": "97c084ea-9e5b-46dd-9024-0c67ac8d139f",
        "InstanceGuid": "c8b8cd85-125c-47ef-b5fd-3c2475b1ab8f"
      },
      "EvaluatorInput": 1,
      "Enable": true,
      "DirectionFromEmitterOrigin": 0.0,
      "InheritSpeedAndDirectionFromEmitter": false
    },
    "37e5b8db-14a9-4e8b-893c-7b677e7b3f12": {
      "$type": "EmitterDocument",
      "Name": "FX/Ambient/LevelSpecific/SP_Tank/Bm21_Rocket/Emitter_InFort/Em_BM21_Rocket_InsideFort_Launch_Smoke_Parent",
      "RootProcessor": {
        "PartitionGuid": "97c084ea-9e5b-46dd-9024-0c67ac8d139f",
        "InstanceGuid": "88ad1b9a-95cd-45a0-85fd-f4f1ce9d1363"
      },
      "TemplateData": {
        "PartitionGuid": "97c084ea-9e5b-46dd-9024-0c67ac8d139f",
        "InstanceGuid": "c27ae2c6-36ac-4e2e-89b0-ace31cc09f9e"
      }
    },
    "3d89db6a-4845-49e2-8021-444cca16c211": {
      "$type": "PolynomialData",
      "EmitterParameter": 0,
      "Coefficients": {
        "x": 0.0,
        "y": 0.0,
        "z": 0.0,
        "w": 1.0
      },
      "ScaleValue": 1.0,
      "MinClamp": 0.0,
      "MaxClamp": 1.0
    },
    "4270cb06-36f4-4d16-b03e-d8cdb6941310": {
      "$type": "SpawnRotationData",
      "DefaultValues": {
        "x": 1.0,
        "y": 1.0,
        "z": 1.0,
        "w": 1.0
      },
      "NextProcessor": {
        "PartitionGuid": "97c084ea-9e5b-46dd-9024-0c67ac8d139f",
        "InstanceGuid": "dab2d107-d959-40d0-bf4f-19d8a21b8d61"
      },
      "Pre": {
        "PartitionGuid": "97c084ea-9e5b-46dd-9024-0c67ac8d139f",
        "InstanceGuid": "835be1ee-b5a9-47b8-acaf-2495f4b39b23"
      },
      "EvaluatorInput": 1,
      "Enable": true,
      "Rotation": 1.0
    },
    "5639d26a-d39e-47ac-b0e1-5e3e4475d706": {
      "$type": "RandomEvaluatorData",
      "EmitterParameter": 0,
      "Max": 0.15,
      "Min": -0.15
    },
    "5fa16acb-7d60-46e3-ae01-b63264599c88": {
      "$type": "UpdateTransparencyData",
      "DefaultValues": {
        "x": 1.0,
        "y": 1.0,
        "z": 1.0,
        "w": 1.0
      },
      "NextProcessor": {
        "PartitionGuid": "97c084ea-9e5b-46dd-9024-0c67ac8d139f",
        "InstanceGuid": "6da5905e-71f3-46cb-95b7-64b68578048a"
      },
      "Pre": {
        "PartitionGuid": "97c084ea-9e5b-46dd-9024-0c67ac8d139f",
        "InstanceGuid": "1397bada-7ab5-4e7e-a2ec-85ef20e44d4f"
      },
      "EvaluatorInput": 2,
      "Enable": true,
      "CullThreshold": 0.2
    },
    "66b420f2-c0ff-0883-d3f0-fc682dbde607": {
      "$type": "UpdateOrientationData",