{
  "Name": "levels/sp_finale/penn_sub/layer3_penn_triggers",
  "PartitionGuid": "6d51887d-b76f-43e8-a20f-2d848b65083e",
  "PrimaryInstanceGuid": "b830037a-007e-4db1-8aa5-1e242c22f83f",
  "Instances": {
    "0708894d-16df-416d-9252-485cb5957b6b": {
      "$type": "OBBData",
      "IndexInBlueprint": 177,
      "IsEventConnectionTarget": 3,
      "IsPropertyConnectionTarget": 3,
      "Transform": {
        "right": {
          "x": 1.0,
          "y": 0.0,
          "z": -5.276087E-16
        },
        "up": {
          "x": 0.0,
          "y": 1.0,
          "z": 0.0
        },
        "forward": {
          "x": 3.0159262E-16,
          "y": 0.0,
          "z": 1.0
        },
        "trans": {
          "x": -68.12717,
          "y": 56.519962,
          "z": 1130.5745
        }
      },
      "HalfExtents": {
        "x": 3.8248973,
        "y": 1.0,
        "z": 1.0879753
      }
    },
    "112dae87-03cd-4318-b833-8e8db941806a": {
      "$type": "OBBData",
      "IndexInBlueprint": 173,
      "IsEventConnectionTarget": 1,
      "IsPropertyConnectionTarget": 3,
      "Transform": {
        "right": {
          "x": 1.0,
          "y": 0.0,
          "z": 2.935401E-16
        },
        "up": {
          "x": 0.0,
          "y": 1.0,
          "z": 0.0
        },
        "forward": {
          "x": 0.0,
          "y": 0.0,
          "z": 1.0
        },
        "trans": {
          "x": -97.79224,
          "y": 48.95165,
          "z": 1117.5831
        }
      },
      "HalfExtents": {
        "x": 3.9310176,
        "y": 1.2979751,
        "z": 1.0
      }
    },
    "1d7b5151-cf75-4fa7-b4e2-815dc47055fe": {
      "$type": "OBBData",
      "IndexInBlueprint": 180,
      "IsEventConnectionTarget": 3,
      "IsPropertyConnectionTarget": 3,
      "Transform": {
        "right": {
          "x": 0.9164051,
          "y": 0.0,
          "z": 0.40025207
        },
        "up": {
          "x": 0.0,
          "y": 1.0,
          "z": 0.0
        },
        "forward": {
          "x": -0.40025213,
          "y": 0.0,
          "z": 0.9164051
        },
        "trans": {
          "x": -98.11993,
          "y": 48.377514,
          "z": 1164.0188
        }
      },
      "HalfExtents": {
        "x": 3.3805223,
        "y": 1.129493,
        "z": 0.99999994
      }
    },
    "27d5ba34-8057-4b21-9481-fe457667b6ba": {
      "$type": "OBBData",
      "IndexInBlueprint": 172,
      "IsEventConnectionTarget": 1,
      "IsPropertyConnectionTarget": 3,
      "Transform": {
        "right": {
          "x": 1.0,
          "y": 0.0,
          "z": 1.9182889E-09
        },
        "up": {
          "x": 0.0,
          "y": 1.0,
          "z": 0.0
        },
        "forward": {
          "x": -1.9182889E-09,
          "y": 0.0,
          "z": 1.0
        },
        "trans": {
          "x": -80.79697,
          "y": 50.364006,
          "z": 1179.3306
        }
      },
      "HalfExtents": {
        "x": 1.0,
        "y": 1.0,
        "z": 1.0
      }
    },
    "2b3df561-860c-418f-b416-b80e740b9118": {
      "$type": "OBBData",
      "IndexInBlueprint": 186,
      "IsEventConnectionTarget": 1,
      "IsPropertyConnectionTarget": 3,
      "Transform": {
        "right": {
          "x": 1.0,
          "y": 0.0,
          "z": -8.8134435E-16
        },
        "up": {
          "x": 0.0,
          "y": 1.0,
          "z": 0.0
        },
        "forward": {
          "x": 0.0,
          "y": 0.0,
          "z": 1.0
        },
        "trans": {
          "x": -97.94774,
          "y": 48.377514,
          "z": 1151.8392
        }
      },
      "HalfExtents": {
        "x": 11.013182,
        "y": 1.1294931,
        "z": 1.0
      }
    },
    "2c93e003-46b1-41ab-9862-c7b381c0130e": {
      "$type": "OBBData",
      "IndexInBlueprint": 174,
      "IsEventConnectionTarget": 1,
      "IsPropertyConnectionTarget": 3,
      "Transform": {
        "right": {
          "x": 1.0,
          "y": 0.0,
          "z": 2.935401E-16
        },
        "up": {
          "x": 0.0,
          "y": 1.0,
          "z": 0.0
        },
        "forward": {
          "x": 0.0,
          "y": 0.0,
          "z": 1.0
        },
        "trans": {
          "x": -97.79224,
          "y": 48.877583,
          "z": 1119.2418
        }
      },
      "HalfExtents": {
        "x": 3.9310176,
        "y": 1.2979751,
        "z": 1.0
      }
    },
    "335c0d81-5ff5-47d6-9acc-2fcf850b3b0c": {
      "$type": "OBBData",
      "IndexInBlueprint": 183,
      "IsEventConnectionTarget": 1,
      "IsPropertyConnectionTarget": 3,
      "Transform": {
        "right": {
          "x": 1.0,
          "y": 0.0,
          "z": 2.935401E-16
        },
        "up": {
          "x": 0.0,
          "y": 1.0,
          "z": 0.0
        },
        "forward": {
          "x": -4.950883E-16,
          "y": 0.0,
          "z": 1.0
        },
        "trans": {
          "x": -97.79224,
          "y": 47.61565,
          "z": 1109.5626
        }
      },
      "HalfExtents": {
        "x": 3.9310176,
        "y": 3.0853171,
        "z": 3.5173483
      }
    },
    "4888a837-128e-4483-86e0-3f0cfc97fb70": {
      "$type": "OBBData",
      "IndexInBlueprint": 181,
      "IsEventConnectionTarget": 1,
      "IsPropertyConnectionTarget": 3,
      "Transform": {
        "right": {
          "x": 1.0,
          "y": 0.0,
          "z": 0.0
        },
        "up": {
          "x": 0.0,
          "y": 1.0,
          "z": 0.0
        },
        "forward": {
          "x": 0.0,
          "y": 0.0,
          "z": 1.0
        },
        "trans": {
          "x": -68.06067,
          "y": 62.319115,
          "z": 1131.0381
        }
      },
      "HalfExtents": {
        "x": 1.0,
        "y": 1.0,
        "z": 1.0
      }
    },
    "589405fb-8ff6-4c90-af8a-fd2b5da638c4": {
      "$type": "OBBData",
      "IndexInBlueprint": 171,
      "IsEventConnectionTarget": 1,
      "IsPropertyConnectionTarget": 3,
      "Transform": {
        "right": {
          "x": 1.0,
          "y": 0.0,
          "z": -8.8134435E-16
        },
        "up": {
          "x": 0.0,
          "y": 1.0,
          "z": 0.0
        },
        "forward": {
          "x": 0.0,
          "y": 0.0,
          "z": 1.0
        },
        "trans": {
          "x": -97.94774,
          "y": 48.377514,
          "z": 1147.9592
        }
      },
      "HalfExtents": {
        "x": 11.013182,
        "y": 1.1294931,
        "z": 1.0
      }
    },
    "73a21195-d5dc-420c-92c8-78245dcf7f55": {
      "$type": "OBBData",
      "IndexInBlueprint": 170,
      "IsEventConnectionTarget": 1,
      "IsPropertyConnectionTarget": 3,
      "Transform": {
        "right": {
          "x": 1.0,
          "y": 0.0,
          "z": 2.935401E-16
        },
        "up": {
          "x": 0.0,
          "y": 1.0,
          "z": 0.0
        },
        "forward": {
          "x": 1.1438277E-15,
          "y": 0.0,
          "z": 1.0
        },
        "trans": {
          "x": -97.79224,
          "y": 48.250034,
          "z": 1108.8365
        }
      },
      "HalfExtents": {
        "x": 3.9310176,
        "y": 2.8077412,
        "z": 2.8344097
      }
    },
    "7b61a8f6-460c-457b-acdf-6a01694c97bf": {
      "$type": "OBBData",
      "IndexInBlueprint": 179,
      "IsEventConnectionTarget": 1,
      "IsPropertyConnectionTarget": 3,
      "Transform": {
        "right": {
          "x": 1.0,
          "y": 0.0,
          "z": 9.003054E-10
        },
        "up": {
          "x": 0.0,
          "y": 1.0,
          "z": 0.0
        },
        "forward": {
          "x": -1.3806519E-09,
          "y": 0.0,