{
  "Name": "fx/ambient/levelspecific/sp_07/emitters_a10/em_amb_sp_07_a10_close_impacts_sand_parent_01",
  "PartitionGuid": "0acbe289-9eaa-4434-8428-db5495d29b89",
  "PrimaryInstanceGuid": "0eb1c9d2-f7d9-4b9a-a4b8-67eea978b1e5",
  "Instances": {
    "0eb1c9d2-f7d9-4b9a-a4b8-67eea978b1e5": {
      "$type": "EmitterTemplateData",
      "PointLightIntensity": {
        "x": -39.49504,
        "y": 34.28161,
        "z": -10.615881,
        "w": 1.1939206
      },
      "PointLightPivot": {
        "x": 0.0,
        "y": 1.0,
        "z": 0.0
      },
      "PointLightColor": {
        "x": 500.0,
        "y": 150.0,
        "z": 50.0
      },
      "MaxCount": 4,
      "Name": "FX/Ambient/LevelSpecific/SP_07/Emitters_A10/Em_Amb_SP_07_A10_Close_Impacts_Sand_Parent_01",
      "TimeScale": 1.0,
      "LifetimeFrameCount": 0,
      "Lifetime": 2.0,
      "RootProcessor": {
        "PartitionGuid": "0acbe289-9eaa-4434-8428-db5495d29b89",
        "InstanceGuid": "758c2e4a-ff92-4425-8910-50660742e464"
      },
      "VisibleAfterDistance": 0.0,
      "ZOcclusionLookup": [
        0.22535706,
        0.22535706,
        0.22535706,
        0.22535706,
        0.22535706,
        0.22535706,
        0.22535706,
        0.22535706,
        0.22535706,
        0.22535706,
        0.22535706,
        0.22535706,
        0.22535706,
        0.22535706,
        0.22535706,
        0.22535706,
        0.22535706,
        0.22535706,
        0.22535706,
        0.22535706,
        0.22535706,
        0.22535706,
        0.22535706,
        0.22535706,
        0.22535706,
        0.22535706,
        0.22535706,
        0.22535706,
        0.22535706,
        0.22535706,
        0.22535706,
        0.22535706,
        0.22535706
      ],
      "EmittableType": "DirectionAlignedQuad",
      "Mesh": null,
      "DistanceScaleNearValue": 1.0,
      "PointLightRadius": 20.0,
      "VertexPixelLightingBlendFactor": 0.0,
      "GlobalLocalNormalBlendFactor": 1.0,
      "SoftParticlesFadeDistanceMultiplier": 0.0,
      "LightWrapAroundFactor": 0.5,
      "LightMultiplier": 1.0,
      "DistanceScaleFarValue": 1.0,
      "PointLightRandomIntensityMin": 1.0,
      "MeshCullingDistance": 0.0,
      "PointLightRandomIntensityMax": 1.0,
      "MaxSpawnDistance": 0.0,
      "MinScreenArea": 1.0,
      "DistanceScaleLength": 0.0,
      "PointLightMaxClamp": 1.0,
      "ParticleCullingFactor": 0.8,
      "PointLightMinClamp": 0.0,
      "FollowSpawnSource": false,
      "RepeatParticleSpawning": false,
      "Emissive": false,
      "ExclusionVolumeCullEnable": false,
      "TransparencySunShadowEnable": false,
      "ForceFullRes": false,
      "LocalSpace": false,
      "Opaque": true,
      "ActAsPointLight": false,
      "KillParticlesWithEmitter": false,
      "ForceNiceSorting": false
    },
    "0fc1083a-7ba8-4c41-eb2c-85ec7318623f": {
      "$type": "UpdateOrientationData",
      "DefaultValues": {
        "x": 1.0,
        "y": 1.0,
        "z": 1.0,
        "w": 1.0
      },
      "NextProcessor": {
        "PartitionGuid": "0acbe289-9eaa-4434-8428-db5495d29b89",
        "InstanceGuid": "63adc8b2-d75e-3ccb-42a6-61c06a82008f"
      },
      "Pre": null,
      "EvaluatorInput": "EfNormTime",
      "Enable": true
    },
    "282d26ec-f1fa-3402-f06a-4a26deead58d": {
      "$type": "UpdateLinearVelocityData",
      "DefaultValues": {
        "x": 1.0,
        "y": 1.0,
        "z": 1.0,
        "w": 1.0
      },
      "NextProcessor": null,
      "Pre": null,
      "EvaluatorInput": "EfNormTime",
      "Enable": true
    },
    "331a23ca-c17e-4f18-9401-6c05fa121fc0": {
      "$type": "SphereEvaluatorData",
      "EmitterParameter": "EmitterParameterNone",
      "Scale": {
        "x": 2.0,
        "y": 1.0,
        "z": 5.0
      },
      "Pivot": {
        "x": 0.0,
        "y": 0.0,
        "z": 0.0
      },
      "Radius": 5.0
    },
    "38a99c73-1e0d-4576-bf9d-9711e343d2f6": {
      "$type": "SpawnSpeedData",
      "DefaultValues": {
        "x": 1.0,
        "y": 1.0,
        "z": 1.0,
        "w": 1.0
      },
      "NextProcessor": {
        "PartitionGuid": "0acbe289-9eaa-4434-8428-db5495d29b89",
        "InstanceGuid": "5d4fbf13-bc50-40b7-98ef-eac220e3ae39"
      },
      "Pre": {
        "PartitionGuid": "0acbe289-9eaa-4434-8428-db5495d29b89",
        "InstanceGuid": "9cb5de74-773e-477a-aaf6-b9f31ee30935"
      },
      "EvaluatorInput": "EfOne",
      "Enable": true,
      "Speed": 750.0
    },
    "58ef8439-5ac8-4b1e-b8ba-70f78e4b69d8": {
      "$type": "SpawnSizeData",
      "DefaultValues": {
        "x": 1.0,
        "y": 1.0,
        "z": 1.0,
        "w": 1.0
      },
      "NextProcessor": {
        "PartitionGuid": "0acbe289-9eaa-4434-8428-db5495d29b89",
        "InstanceGuid": "7d1effe4-7054-4a3b-a64f-33ce833abbbf"
      },
      "Pre": null,
      "EvaluatorInput": "EfOne",
      "Enable": true,
      "Size": 0.0
    },
    "5d4fbf13-bc50-40b7-98ef-eac220e3ae39": {
      "$type": "SpawnRotationData",
      "DefaultValues": {
        "x": 1.0,
        "y": 1.0,
        "z": 1.0,
        "w": 1.0
      },
      "NextProcessor": {
        "PartitionGuid": "0acbe289-9eaa-4434-8428-db5495d29b89",
        "InstanceGuid": "58ef8439-5ac8-4b1e-b8ba-70f78e4b69d8"
      },
      "Pre": null,
      "EvaluatorInput": "EfOne",
      "Enable": true,
      "Rotation": -0.25
    },
    "60e11811-0e84-4b87-a336-71b305604225": {
      "$type": "SpawnPositionData",
      "DefaultValues": {
        "x": 0.0,
        "y": 0.0,
        "z": 0.0,
        "w": 1.0
      },
      "NextProcessor": {
        "PartitionGuid": "0acbe289-9eaa-4434-8428-db5495d29b89",
        "InstanceGuid": "38a99c73-1e0d-4576-bf9d-9711e343d2f6"
      },
      "Pre": {
        "PartitionGuid": "0acbe289-9eaa-4434-8428-db5495d29b89",
        "InstanceGuid": "331a23ca-c17e-4f18-9401-6c05fa121fc0"
      },
      "EvaluatorInput": "EfEmitterNormTime",
      "Enable": true
    },
    "63adc8b2-d75e-3ccb-42a6-61c06a82008f": {
      "$type": "UpdateClipScaleData",
      "DefaultValues": {
        "x": 1.0,
        "y": 1.0,
        "z": 1.0,
        "w": 1.0
      },
      "NextProcessor": {
        "PartitionGuid": "0acbe289-9eaa-4434-8428-db5495d29b89",
        "InstanceGuid": "282d26ec-f1fa-3402-f06a-4a26deead58d"
      },
      "Pre": null,
      "EvaluatorInput": "EfNormTime",
      "Enable": true,