{
  "Name": "fx/dlc/xp4/ambient/levelspecific/xp4_rubble/emitters/em_dlc_xp4_rubble_sand_smoke_area_parent_m_02",
  "PartitionGuid": "6f387c26-bc62-4821-a54a-933bda383da5",
  "PrimaryInstanceGuid": "dc36addd-2c81-41f3-ad5d-cb31d82bb289",
  "Instances": {
    "02caa2a6-3bbc-4ae3-84ef-8e0067341d22": {
      "$type": "UpdateTransparencyData",
      "DefaultValues": {
        "x": 1.0,
        "y": 1.0,
        "z": 1.0,
        "w": 1.0
      },
      "NextProcessor": {
        "PartitionGuid": "6f387c26-bc62-4821-a54a-933bda383da5",
        "InstanceGuid": "43b0884f-934d-42e7-bb50-3c96228870d4"
      },
      "Pre": {
        "PartitionGuid": "6f387c26-bc62-4821-a54a-933bda383da5",
        "InstanceGuid": "1d38d653-84bb-4377-991f-b492bda33954"
      },
      "EvaluatorInput": 2,
      "Enable": true,
      "CullThreshold": 0.2
    },
    "0cf30c0c-c4c0-4564-8754-49140b20bfaa": {
      "$type": "UpdateAgeData",
      "DefaultValues": {
        "x": 1.0,
        "y": 1.0,
        "z": 1.0,
        "w": 1.0
      },
      "NextProcessor": {
        "PartitionGuid": "6f387c26-bc62-4821-a54a-933bda383da5",
        "InstanceGuid": "49ee681a-851a-43e7-912a-d27bcb964be3"
      },
      "Pre": null,
      "EvaluatorInput": 2,
      "Enable": true,
      "Lifetime": 1.0
    },
    "167101cb-0e5d-4a3a-91f0-60483d58e6a7": {
      "$type": "UpdateColorData",
      "DefaultValues": {
        "x": 0.0,
        "y": 0.647,
        "z": 15.0,
        "w": 1.0
      },
      "NextProcessor": {
        "PartitionGuid": "6f387c26-bc62-4821-a54a-933bda383da5",
        "InstanceGuid": "e0af7abe-647d-4997-9d43-8773003936af"
      },
      "Pre": null,
      "EvaluatorInput": 2,
      "Enable": true,
      "Color": {
        "x": 0.0,
        "y": 0.647,
        "z": 15.0
      }
    },
    "1d38d653-84bb-4377-991f-b492bda33954": {
      "$type": "PolynomialData",
      "EmitterParameter": 0,
      "Coefficients": {
        "x": -0.2745881,
        "y": -26.41089,
        "z": 26.62957,
        "w": -0.06119215
      },
      "ScaleValue": 0.7,
      "MinClamp": 0.0,
      "MaxClamp": 1.0
    },
    "3954d3bd-018b-47bb-8ba0-5ef58e5a76fe": {
      "$type": "BoxEvaluatorData",
      "EmitterParameter": 0,
      "Dimensions": {
        "x": 3.0,
        "y": 0.25,
        "z": 4.0
      },
      "Pivot": {
        "x": 0.0,
        "y": -1.0,
        "z": 0.0
      }
    },
    "43b0884f-934d-42e7-bb50-3c96228870d4": {
      "$type": "EmitterData",
      "DefaultValues": {
        "x": 1.0,
        "y": 1.0,
        "z": 1.0,
        "w": 1.0
      },
      "NextProcessor": {
        "PartitionGuid": "6f387c26-bc62-4821-a54a-933bda383da5",
        "InstanceGuid": "e43a930a-568a-49d9-508c-81f0669e67e1"
      },
      "Pre": null,
      "EvaluatorInput": 2,
      "Enable": true,
      "EmitterAssets": [
        {
          "PartitionGuid": "41b0c8cd-6153-45a0-af87-516b19bdd2d4",
          "InstanceGuid": "ac4cb068-356e-4cf7-ba70-4701cc25f25f"
        }
      ]
    },
    "49ee681a-851a-43e7-912a-d27bcb964be3": {
      "$type": "SpawnRateData",
      "DefaultValues": {
        "x": 1.0,
        "y": 1.0,
        "z": 1.0,
        "w": 1.0
      },
      "NextProcessor": {
        "PartitionGuid": "6f387c26-bc62-4821-a54a-933bda383da5",
        "InstanceGuid": "b39882f8-3c5c-4eed-affa-f40a228c07d2"
      },
      "Pre": null,
      "EvaluatorInput": 1,
      "Enable": true,
      "SpawnRate": 0.15,
      "TrailSegmentLength": 5.0,
      "DistributeOverTime": true,
      "DistributeOverDistance": false
    },
    "4e1774f0-17ed-40c5-9e9b-25d1505564bc": {
      "$type": "SpawnSpeedData",
      "DefaultValues": {
        "x": 1.0,
        "y": 1.0,
        "z": 1.0,
        "w": 1.0
      },
      "NextProcessor": {
        "PartitionGuid": "6f387c26-bc62-4821-a54a-933bda383da5",
        "InstanceGuid": "dba29ff9-b84b-48eb-a7fa-3d64e8e0c9ab"
      },
      "Pre": {
        "PartitionGuid": "6f387c26-bc62-4821-a54a-933bda383da5",
        "InstanceGuid": "b5a70c32-8230-4da0-a88a-f08ad905631f"
      },
      "EvaluatorInput": 1,
      "Enable": true,
      "Speed": 10.0
    },
    "7bed2bb4-0c18-4d18-9876-f42c6b558175": {
      "$type": "RandomEvaluatorData",
      "EmitterParameter": 0,
      "Max": 1.0,
      "Min": 1.0
    },
    "863a8923-17da-4e97-a2b8-930430a753ed": {
      "$type": "SpawnPositionData",
      "DefaultValues": {
        "x": 0.0,
        "y": 0.0,
        "z": 0.0,
        "w": 1.0
      },
      "NextProcessor": {
        "PartitionGuid": "6f387c26-bc62-4821-a54a-933bda383da5",
        "InstanceGuid": "4e1774f0-17ed-40c5-9e9b-25d1505564bc"
      },
      "Pre": {
        "PartitionGuid": "6f387c26-bc62-4821-a54a-933bda383da5",
        "InstanceGuid": "3954d3bd-018b-47bb-8ba0-5ef58e5a76fe"
      },
      "EvaluatorInput": 1,
      "Enable": true
    },
    "8ece92df-1297-40d7-8bbb-3ac47b0e8698": {
      "$type": "GravityData",
      "DefaultValues": {
        "x": 1.0,
        "y": 1.0,
        "z": 1.0,
        "w": 1.0
      },
      "NextProcessor": {
        "PartitionGuid": "6f387c26-bc62-4821-a54a-933bda383da5",
        "InstanceGuid": "167101cb-0e5d-4a3a-91f0-60483d58e6a7"
      },
      "Pre": null,
      "EvaluatorInput": 2,
      "Enable": true,
      "Gravity": -0.2
    },
    "92fc28da-fdb3-061a-8529-f2f9f191d56c": {
      "$type": "UpdateLinearVelocityData",
      "DefaultValues": {
        "x": 1.0,
        "y": 1.0,
        "z": 1.0,
        "w": 1.0
      },
      "NextProcessor": null,
      "Pre": null,
      "EvaluatorInput": 2,
      "Enable": true
    },
    "9550d712-1a05-409a-be4d-44e75ae9017b": {
      "$type": "EmitterDocument",
      "Name": "FX/DLC/XP4/Ambient/LevelSpecific/XP4_Rubble/Emitters/Em_DLC_XP4_Rubble_Sand_Smoke_Area_Parent_M_02",
      "RootProcessor": {
        "PartitionGuid": "6f387c26-bc62-4821-a54a-933bda383da5",
        "InstanceGuid": "0cf30c0c-c4c0-4564-8754-49140b20bfaa"
      },
      "TemplateData": {
        "PartitionGuid": "6f387c26-bc62-4821-a54a-933bda383da5",
        "InstanceGuid": "dc36addd-2c81-41f3-ad5d-cb31d82bb289"
      }
    },
    "98407b70-2f16-4cd6-9fc2-dd46157a2ae3": {
      "$type": "SpawnSizeData",
      "DefaultValues": {
        "x": 1.0,
        "y": 1.0,
        "z": 1.0,
        "w": 1.0
      },
      "NextProcessor": {
        "PartitionGuid": "6f387c26-bc62-4821-a54a-933bda383da5",
        "InstanceGuid": "8ece92df-1297-40d7-8bbb-3ac47b0e8698"
      },
      "Pre": {
        "PartitionGuid": "6f387c26-bc62-4821-a54a-933bda383da5",
        "InstanceGuid": "7bed2bb4-0c18-4d18-9876-f42c6b558175"
      },
      "EvaluatorInput": 1,
      "Enable": true,
      "Size": 0.0
    },
    "b39882f8-3c5c-4eed-affa-f40a228c07d2": {
      "$type": "SpawnDirectionData",
      "DefaultValues": {
        "x": 0.0,
        "y": 1.0,
        "z": 0.0,
        "w": 0.0
      },
      "NextProcessor": {
        "PartitionGuid": "6f387c26-bc62-4821-a54a-933bda383da5",
        "InstanceGuid": "863a8923-17da-4e97-a2b8-930430a753ed"
      },
      "Pre": {
        "PartitionGuid": "6f387c26-bc62-4821-a54a-933bda383da5",
        "InstanceGuid": "cc3007f9-fec4-47fd-888c-2628a443d6dd"
      },
      "EvaluatorInput": 1,
      "Enable": true,
      "DirectionFromEmitterOrigin": 0.0,
      "InheritSpeedAndDirectionFromEmitter": false
    },
    "b5a70c32-8230-4da0-a88a-f08ad905631f": {
      "$type": "RandomEvaluatorData",
      "EmitterParameter": 0,
      "Max": 1.0,
      "Min": 0.7
    },
    "cc3007f9-fec4-47fd-888c-2628a443d6dd": {
      "$type": "RandomXYZEvaluatorData",
      "EmitterParameter": 0,
      "MaxX": 0.15,
      "MinX": -0.15,
      "MaxY": 0.0,
      "MinY": 0.0,
      "MaxZ": -1.0,
      "MinZ": -1.0
    },