{
  "Name": "fx/ambient/levelspecific/sp_bank/emitters/em_amb_spbank_fueltank_exp_explotion",
  "PartitionGuid": "247ec49e-a330-11e0-b587-b99a39233637",
  "PrimaryInstanceGuid": "78ff208e-2767-07c1-2857-d3f227c37771",
  "Instances": {
    "0212e7db-1efa-4d43-a914-ec235889354a": {
      "$type": "PolynomialData",
      "EmitterParameter": 0,
      "Coefficients": {
        "x": 0.0,
        "y": -20.582178,
        "z": 9.141716,
        "w": -0.00999999
      },
      "ScaleValue": 1.0,
      "MinClamp": 0.05,
      "MaxClamp": 1.0
    },
    "023d50e5-a5bc-48db-b1c2-1de8b82084aa": {
      "$type": "PolynomialData",
      "EmitterParameter": 0,
      "Coefficients": {
        "x": 0.0,
        "y": 1.2566167,
        "z": -2.246981,
        "w": 0.9966556
      },
      "ScaleValue": 1.0,
      "MinClamp": 1.0,
      "MaxClamp": 1.0
    },
    "0c678643-0e21-49eb-abc6-c17ea7c6c79a": {
      "$type": "PolynomialData",
      "EmitterParameter": 0,
      "Coefficients": {
        "x": 0.0,
        "y": 0.0,
        "z": -2.2214293,
        "w": 1.0233216
      },
      "ScaleValue": 1.0,
      "MinClamp": 0.0,
      "MaxClamp": 1.0
    },
    "0e82d409-c3d6-40b2-84c8-26341805d848": {
      "$type": "SpawnSpeedData",
      "DefaultValues": {
        "x": 1.0,
        "y": 1.0,
        "z": 1.0,
        "w": 1.0
      },
      "NextProcessor": {
        "PartitionGuid": "247ec49e-a330-11e0-b587-b99a39233637",
        "InstanceGuid": "adab9acb-6d44-47cb-b5c0-026ae7f44be7"
      },
      "Pre": {
        "PartitionGuid": "247ec49e-a330-11e0-b587-b99a39233637",
        "InstanceGuid": "7f47fe5e-1c50-4735-ade4-24039be89b4a"
      },
      "EvaluatorInput": 3,
      "Enable": true,
      "Speed": 20.0
    },
    "0fc1e4fc-d308-4ddd-bbd8-4e5a769446f9": {
      "$type": "UpdateAgeData",
      "DefaultValues": {
        "x": 1.0,
        "y": 1.0,
        "z": 1.0,
        "w": 1.0
      },
      "NextProcessor": {
        "PartitionGuid": "247ec49e-a330-11e0-b587-b99a39233637",
        "InstanceGuid": "93a5399c-a67d-4db9-b97c-63cac1f5402f"
      },
      "Pre": null,
      "EvaluatorInput": 2,
      "Enable": true,
      "Lifetime": 1.0
    },
    "0fef0972-63db-4080-83af-d2e6599bb715": {
      "$type": "PolynomialData",
      "EmitterParameter": 0,
      "Coefficients": {
        "x": 0.0,
        "y": -0.98285085,
        "z": 1.7936007,
        "w": 0.18499994
      },
      "ScaleValue": 0.75,
      "MinClamp": 0.0,
      "MaxClamp": 1.0
    },
    "17fe58f3-2198-4bc5-b5dc-73c1b5e863e5": {
      "$type": "UpdateTransparencyData",
      "DefaultValues": {
        "x": 1.0,
        "y": 1.0,
        "z": 1.0,
        "w": 1.0
      },
      "NextProcessor": {
        "PartitionGuid": "247ec49e-a330-11e0-b587-b99a39233637",
        "InstanceGuid": "710f939e-c369-0ecb-5351-e342b811a660"
      },
      "Pre": {
        "PartitionGuid": "247ec49e-a330-11e0-b587-b99a39233637",
        "InstanceGuid": "998ecf99-c913-4b8b-a867-82efb8f9968c"
      },
      "EvaluatorInput": 2,
      "Enable": true,
      "CullThreshold": 0.2
    },
    "2fcce32a-9923-47c4-900d-9251b5e0afac": {
      "$type": "UpdateTextureCoordsData",
      "DefaultValues": {
        "x": 1.0,
        "y": 0.0,
        "z": 0.0,
        "w": 0.0
      },
      "NextProcessor": {
        "PartitionGuid": "247ec49e-a330-11e0-b587-b99a39233637",
        "InstanceGuid": "17fe58f3-2198-4bc5-b5dc-73c1b5e863e5"
      },
      "Pre": {
        "PartitionGuid": "247ec49e-a330-11e0-b587-b99a39233637",
        "InstanceGuid": "b8b0348b-5a1a-4902-a896-44f0803cc0d6"
      },
      "EvaluatorInput": 2,
      "Enable": true,
      "TextureInfo1": {
        "TextureName": "FX/Textures/Smoke/AnimBigThickCloud_5x25",
        "NormalmapName": "Systems/Emitter/DefaultNormalmap",
        "AnimationFrameCount": 25.0,
        "AnimationFrameColumnCount": 5.0,
        "EnableAnimation": true
      },
      "TextureBlendValue": 1.0
    },
    "33657702-dc9e-48cb-bedd-c1c7f8d0e7dd": {
      "$type": "PolynomialData",
      "EmitterParameter": 0,
      "Coefficients": {
        "x": 1.2475038,
        "y": -2.9041357,
        "z": 2.7868118,
        "w": -0.13234556
      },
      "ScaleValue": 1.0,
      "MinClamp": 0.1,
      "MaxClamp": 0.99
    },
    "45ec9c8e-e9c1-48fe-b14b-8b5ff7d158df": {
      "$type": "SphereEvaluatorData",
      "EmitterParameter": 0,
      "Scale": {
        "x": 1.0,
        "y": 1.0,
        "z": 1.0
      },
      "Pivot": {
        "x": 0.0,
        "y": 0.5,
        "z": 0.0
      },
      "Radius": 10.0
    },
    "46f6aaeb-cd97-4955-9bb0-05708a6fc18d": {
      "$type": "TurbulanceData",
      "DefaultValues": {
        "x": 1.0,
        "y": 1.0,
        "z": 1.0,
        "w": 1.0
      },
      "NextProcessor": {
        "PartitionGuid": "247ec49e-a330-11e0-b587-b99a39233637",
        "InstanceGuid": "8afece85-27e8-4c42-bec1-55ea7cb126d7"
      },
      "Pre": null,
      "EvaluatorInput": 2,
      "Enable": true,
      "Intensity": 0.0
    },
    "54287f4d-75c0-dc59-986b-bb706dca85de": {
      "$type": "UpdateLinearVelocityData",
      "DefaultValues": {
        "x": 1.0,
        "y": 1.0,
        "z": 1.0,
        "w": 1.0
      },
      "NextProcessor": null,
      "Pre": null,
      "EvaluatorInput": 2,
      "Enable": true
    },
    "628d7c4d-31dd-cfc9-33f4-66e192cd37f9": {
      "$type": "EmitterDocument",
      "Name": "FX/Ambient/LevelSpecific/SP_Bank/Emitters/Em_Amb_SPBank_FuelTank_Exp_Explotion",
      "RootProcessor": {
        "PartitionGuid": "247ec49e-a330-11e0-b587-b99a39233637",
        "InstanceGuid": "0fc1e4fc-d308-4ddd-bbd8-4e5a769446f9"
      },
      "TemplateData": {
        "PartitionGuid": "247ec49e-a330-11e0-b587-b99a39233637",
        "InstanceGuid": "78ff208e-2767-07c1-2857-d3f227c37771"
      }
    },
    "659c9e31-bfee-430d-97b8-a48697e573f9": {
      "$type": "SpawnSizeData",
      "DefaultValues": {
        "x": 1.0,
        "y": 1.0,
        "z": 1.0,
        "w": 1.0
      },
      "NextProcessor": {
        "PartitionGuid": "247ec49e-a330-11e0-b587-b99a39233637",
        "InstanceGuid": "71d50780-0f34-4df0-ac3c-8d765024d4f0"
      },
      "Pre": {
        "PartitionGuid": "247ec49e-a330-11e0-b587-b99a39233637",
        "InstanceGuid": "023d50e5-a5bc-48db-b1c2-1de8b82084aa"
      },
      "EvaluatorInput": 1,
      "Enable": true,
      "Size": 0.1
    },
    "710f939e-c369-0ecb-5351-e342b811a660": {
      "$type": "UpdateOrientationData",
      "DefaultValues": {
        "x": 1.0,
        "y": 1.0,
        "z": 1.0,
        "w": 1.0
      },
      "NextProcessor": {
        "PartitionGuid": "247ec49e-a330-11e0-b587-b99a39233637",
        "InstanceGuid": "54287f4d-75c0-dc59-986b-bb706dca85de"
      },
      "Pre": null,
      "EvaluatorInput": 2,
      "Enable": true
    },
    "71d50780-0f34-4df0-ac3c-8d765024d4f0": {
      "$type": "AirResistanceData",
      "DefaultValues": {
        "x": 1.0,
        "y": 1.0,
        "z": 1.0,
        "w": 1.0
      },
      "NextProcessor": {
        "PartitionGuid": "247ec49e-a330-11e0-b587-b99a39233637",
        "InstanceGuid": "ee23368e-ca10-492c-9346-c2dd9ad6879d"
      },
      "Pre": {
        "PartitionGuid": "247ec49e-a330-11e0-b587-b99a39233637",
        "InstanceGuid": "0c678643-0e21-49eb-abc6-c17ea7c6c79a"
      },
      "EvaluatorInput": 2,
      "Enable": true,
      "DragFactor": 10.0
    },
    "78ff208e-2767-07c1-2857-d3f227c37771": {
      "$type": "EmitterTemplateData",
      "PointLightIntensity": {
        "x": -0.7528702,
        "y": 2.082147,
        "z": -2.272969,
        "w": 0.94186276
      },
      "PointLightPivot": {
        "x": 0.0,
        "y": 10.0,
        "z": 0.0
      },