{
  "Name": "fx/ambient/levelspecific/sp_bank/emitters/em_amb_spbank_fueltank_exp_parent",
  "PartitionGuid": "6c68339a-a330-11e0-b587-b99a39233637",
  "PrimaryInstanceGuid": "180cc5a6-3922-93d5-16b1-846904fb9c5d",
  "Instances": {
    "180cc5a6-3922-93d5-16b1-846904fb9c5d": {
      "$type": "EmitterTemplateData",
      "PointLightIntensity": {
        "x": -1.491799,
        "y": 3.917484,
        "z": -3.5136187,
        "w": 1.0837172
      },
      "PointLightPivot": {
        "x": 0.0,
        "y": 15.0,
        "z": 0.0
      },
      "PointLightColor": {
        "x": 500.0,
        "y": 93.615,
        "z": 7.155
      },
      "MaxCount": 3,
      "Name": "FX/Ambient/LevelSpecific/SP_Bank/Emitters/Em_Amb_SPBank_FuelTank_Exp_Parent",
      "TimeScale": 1.0,
      "LifetimeFrameCount": 0,
      "Lifetime": 2.0,
      "RootProcessor": {
        "PartitionGuid": "6c68339a-a330-11e0-b587-b99a39233637",
        "InstanceGuid": "f408dbd4-9d98-4c62-bb4a-5abc37b15519"
      },
      "VisibleAfterDistance": 0.0,
      "ZOcclusionLookup": [
        0.12121582,
        0.12121582,
        0.12121582,
        0.12121582,
        0.12121582,
        0.12121582,
        0.12121582,
        0.12121582,
        0.12121582,
        0.12121582,
        0.12121582,
        0.12121582,
        0.12121582,
        0.12121582,
        0.12121582,
        0.12121582,
        0.12121582,
        0.12121582,
        0.12121582,
        0.12121582,
        0.12121582,
        0.12121582,
        0.12121582,
        0.12121582,
        0.12121582,
        0.12121582,
        0.12121582,
        0.12121582,
        0.12121582,
        0.12121582,
        0.12121582,
        0.12121582,
        0.12121582
      ],
      "EmittableType": 2,
      "Mesh": null,
      "DistanceScaleNearValue": 1.0,
      "PointLightRadius": 30.0,
      "VertexPixelLightingBlendFactor": 0.0,
      "GlobalLocalNormalBlendFactor": 0.0,
      "SoftParticlesFadeDistanceMultiplier": 0.0,
      "LightWrapAroundFactor": 0.5,
      "LightMultiplier": 1.0,
      "DistanceScaleFarValue": 1.0,
      "PointLightRandomIntensityMin": 1.0,
      "MeshCullingDistance": 0.0,
      "PointLightRandomIntensityMax": 1.0,
      "MaxSpawnDistance": 0.0,
      "MinScreenArea": 1.0,
      "DistanceScaleLength": 0.0,
      "PointLightMaxClamp": 1.0,
      "ParticleCullingFactor": 0.8,
      "PointLightMinClamp": 0.0,
      "FollowSpawnSource": false,
      "RepeatParticleSpawning": false,
      "Emissive": false,
      "ExclusionVolumeCullEnable": false,
      "TransparencySunShadowEnable": false,
      "ForceFullRes": false,
      "LocalSpace": false,
      "Opaque": true,
      "ActAsPointLight": true,
      "KillParticlesWithEmitter": false,
      "ForceNiceSorting": false
    },
    "275f322c-03c0-4d16-9983-9476f7da30fb": {
      "$type": "AirResistanceData",
      "DefaultValues": {
        "x": 1.0,
        "y": 1.0,
        "z": 1.0,
        "w": 1.0
      },
      "NextProcessor": {
        "PartitionGuid": "6c68339a-a330-11e0-b587-b99a39233637",
        "InstanceGuid": "dcabbef6-bc0e-493a-8140-d33e9be4e2b3"
      },
      "Pre": {
        "PartitionGuid": "6c68339a-a330-11e0-b587-b99a39233637",
        "InstanceGuid": "d14ca0f2-ba5f-42fc-88eb-bcfb416d412f"
      },
      "EvaluatorInput": 2,
      "Enable": true,
      "DragFactor": 6.0
    },
    "28bcb4ce-6ba7-f280-b628-3033c90d7aa8": {
      "$type": "UpdateSizeData",
      "DefaultValues": {
        "x": 1.0,
        "y": 1.0,
        "z": 1.0,
        "w": 1.0
      },
      "NextProcessor": {
        "PartitionGuid": "6c68339a-a330-11e0-b587-b99a39233637",
        "InstanceGuid": "844468c4-6ef4-cd3e-08b8-257bcfbcf1c2"
      },
      "Pre": null,
      "EvaluatorInput": 2,
      "Enable": true,
      "Pivot": {
        "x": 0.0,
        "y": 0.0
      }
    },
    "2b520872-3b5f-44c1-a9c7-b01f1efb0726": {
      "$type": "RotateVectorData",
      "EmitterParameter": 0,
      "Angle": 75.0,
      "RotateWithinPlane": false,
      "InputAffectsPhi": true
    },
    "2c5b12cb-3afe-85c3-2617-4d0d241bf223": {
      "$type": "EmitterDocument",
      "Name": "FX/Ambient/LevelSpecific/SP_Bank/Emitters/Em_Amb_SPBank_FuelTank_Exp_Parent",
      "RootProcessor": {
        "PartitionGuid": "6c68339a-a330-11e0-b587-b99a39233637",
        "InstanceGuid": "f408dbd4-9d98-4c62-bb4a-5abc37b15519"
      },
      "TemplateData": {
        "PartitionGuid": "6c68339a-a330-11e0-b587-b99a39233637",
        "InstanceGuid": "180cc5a6-3922-93d5-16b1-846904fb9c5d"
      }
    },
    "31cd6bc8-f4ea-4160-a6a6-01e18b678642": {
      "$type": "SpawnRateData",
      "DefaultValues": {
        "x": 1.0,
        "y": 1.0,
        "z": 1.0,
        "w": 1.0
      },
      "NextProcessor": {
        "PartitionGuid": "6c68339a-a330-11e0-b587-b99a39233637",
        "InstanceGuid": "81d2b07f-d426-4d5d-92dd-9a0f1f1d39fa"
      },
      "Pre": null,
      "EvaluatorInput": 1,
      "Enable": true,
      "SpawnRate": 30.0,
      "TrailSegmentLength": 5.0,
      "DistributeOverTime": true,
      "DistributeOverDistance": false
    },
    "67a8b87c-b77a-bc6e-7a31-ae83a6ac3d66": {
      "$type": "UpdateLinearVelocityData",
      "DefaultValues": {
        "x": 1.0,
        "y": 1.0,
        "z": 1.0,
        "w": 1.0
      },
      "NextProcessor": null,
      "Pre": null,
      "EvaluatorInput": 2,
      "Enable": true
    },
    "78976690-c01f-4bac-611f-e7f4a9d6c482": {
      "$type": "UpdateTextureCoordsData",
      "DefaultValues": {
        "x": 1.0,
        "y": 0.0,
        "z": 0.0,
        "w": 0.0
      },
      "NextProcessor": {
        "PartitionGuid": "6c68339a-a330-11e0-b587-b99a39233637",
        "InstanceGuid": "ae986e09-a4c8-04a6-7d72-061f38b20a25"
      },
      "Pre": null,
      "EvaluatorInput": 2,
      "Enable": true,
      "TextureInfo1": {
        "TextureName": "Systems/Emitter/DefaultTexture",
        "NormalmapName": "Systems/Emitter/DefaultNormalmap",
        "AnimationFrameCount": 49.0,
        "AnimationFrameColumnCount": 7.0,
        "EnableAnimation": false
      },
      "TextureBlendValue": 1.0
    },
    "81d2b07f-d426-4d5d-92dd-9a0f1f1d39fa": {
      "$type": "SpawnDirectionData",
      "DefaultValues": {
        "x": 0.0,
        "y": 1.0,
        "z": 0.0,
        "w": 0.0
      },
      "NextProcessor": {
        "PartitionGuid": "6c68339a-a330-11e0-b587-b99a39233637",
        "InstanceGuid": "dcb03802-58e7-4f88-9876-5074a63f7f70"
      },
      "Pre": {
        "PartitionGuid": "6c68339a-a330-11e0-b587-b99a39233637",
        "InstanceGuid": "2b520872-3b5f-44c1-a9c7-b01f1efb0726"
      },
      "EvaluatorInput": 1,
      "Enable": true,
      "DirectionFromEmitterOrigin": 0.0,
      "InheritSpeedAndDirectionFromEmitter": false
    },
    "844468c4-6ef4-cd3e-08b8-257bcfbcf1c2": {
      "$type": "UpdateOrientationData",
      "DefaultValues": {
        "x": 1.0,
        "y": 1.0,
        "z": 1.0,
        "w": 1.0
      },
      "NextProcessor": {
        "PartitionGuid": "6c68339a-a330-11e0-b587-b99a39233637",
        "InstanceGuid": "78976690-c01f-4bac-611f-e7f4a9d6c482"
      },
      "Pre": null,
      "EvaluatorInput": 2,
      "Enable": true
    },
    "9701884b-d9a9-4978-b31c-9bfb364d501e": {
      "$type": "EmitterData",
      "DefaultValues": {
        "x": 1.0,
        "y": 1.0,
        "z": 1.0,
        "w": 1.0
      },
      "NextProcessor": {
        "PartitionGuid": "6c68339a-a330-11e0-b587-b99a39233637",
        "InstanceGuid": "b86ccde1-54a6-f375-65a5-a0d31164fd39"
      },
      "Pre": null,
      "EvaluatorInput": 2,
      "Enable": true,
      "EmitterAssets": [
        {
          "PartitionGuid": "070cbfa3-a346-11e0-b587-b99a39233637",