{
  "Name": "levels/coop_003/ab02_parent/layer11_ab02_weaponpickups",
  "PartitionGuid": "eee69ad1-b183-4620-8558-7e34ac3b0a3d",
  "PrimaryInstanceGuid": "2c244134-5f08-4d39-9b26-a88c1c6cd96a",
  "Instances": {
    "0ceb1c20-5908-5d3b-839a-3a5b3c4e48e8": {
      "$type": "ReferenceObjectData",
      "IndexInBlueprint": 1086,
      "IsEventConnectionTarget": 3,
      "IsPropertyConnectionTarget": 3,
      "BlueprintTransform": {
        "right": {
          "x": -0.25869393,
          "y": 0.0,
          "z": 0.96595937
        },
        "up": {
          "x": 0.0,
          "y": 1.0,
          "z": 0.0
        },
        "forward": {
          "x": -0.96595937,
          "y": 0.0,
          "z": -0.25869393
        },
        "trans": {
          "x": 97.26929,
          "y": 64.681015,
          "z": -46.014652
        }
      },
      "Blueprint": {
        "PartitionGuid": "26850f24-f860-c88f-cfb1-d816ebd9c338",
        "InstanceGuid": "26850f24-f860-c88f-cfb1-d816ebd9c338"
      },
      "ObjectVariation": null,
      "StreamRealm": 0,
      "CastSunShadowEnable": true,
      "Excluded": false
    },
    "1270a1d5-fe94-429d-af97-11390d7d7ecb": {
      "$type": "ReferenceObjectData",
      "IndexInBlueprint": 1083,
      "IsEventConnectionTarget": 3,
      "IsPropertyConnectionTarget": 3,
      "BlueprintTransform": {
        "right": {
          "x": -0.9112005,
          "y": 4.4416476E-18,
          "z": -0.41196314
        },
        "up": {
          "x": 8.666414E-10,
          "y": 1.0,
          "z": -1.9168804E-09
        },
        "forward": {
          "x": 0.4119632,
          "y": -2.103687E-09,
          "z": -0.91120064
        },
        "trans": {
          "x": 12.234872,
          "y": 65.89802,
          "z": -52.497513
        }
      },
      "Blueprint": {
        "PartitionGuid": "373d8b05-cfcd-4d65-bf04-a67c5a40612a",
        "InstanceGuid": "aca61f0a-3fa5-499a-999c-262f75054602"
      },
      "ObjectVariation": null,
      "StreamRealm": 0,
      "CastSunShadowEnable": true,
      "Excluded": false
    },
    "16489824-8559-41f1-aef3-97136d12a570": {
      "$type": "ReferenceObjectData",
      "IndexInBlueprint": 1082,
      "IsEventConnectionTarget": 3,
      "IsPropertyConnectionTarget": 3,
      "BlueprintTransform": {
        "right": {
          "x": -0.021051351,
          "y": -0.041793626,
          "z": -0.9989045
        },
        "up": {
          "x": -0.9667032,
          "y": 0.25571775,
          "z": 0.009673802
        },
        "forward": {
          "x": 0.25503334,
          "y": 0.9658476,
          "z": -0.045785245
        },
        "trans": {
          "x": 11.9288845,
          "y": 64.740654,
          "z": -53.90878
        }
      },
      "Blueprint": {
        "PartitionGuid": "5e3b64f4-8b53-11e0-b964-98e33db95d89",
        "InstanceGuid": "39e2a3a0-2b73-d64c-575d-30eba0d1a4d1"
      },
      "ObjectVariation": null,
      "StreamRealm": 0,
      "CastSunShadowEnable": true,
      "Excluded": false
    },
    "168b97e7-1a6a-1579-4be7-9a9585813235": {
      "$type": "ReferenceObjectData",
      "IndexInBlueprint": 1087,
      "IsEventConnectionTarget": 3,
      "IsPropertyConnectionTarget": 3,
      "BlueprintTransform": {
        "right": {
          "x": 0.5198098,
          "y": -6.171529E-09,
          "z": 0.85428226
        },
        "up": {
          "x": -4.210315E-08,
          "y": 1.0,
          "z": -8.0016726E-08
        },
        "forward": {
          "x": -0.8542821,
          "y": 2.1219465E-08,
          "z": 0.5198098
        },
        "trans": {
          "x": 13.120874,
          "y": 64.74318,
          "z": -54.729958
        }
      },
      "Blueprint": {
        "PartitionGuid": "26850f24-f860-c88f-cfb1-d816ebd9c338",
        "InstanceGuid": "26850f24-f860-c88f-cfb1-d816ebd9c338"
      },
      "ObjectVariation": null,
      "StreamRealm": 0,
      "CastSunShadowEnable": true,
      "Excluded": false
    },
    "1e8eeaf1-48c0-4dbe-ac32-70a66a9fc466": {
      "$type": "ReferenceObjectData",
      "IndexInBlueprint": 1078,
      "IsEventConnectionTarget": 3,
      "IsPropertyConnectionTarget": 3,
      "BlueprintTransform": {
        "right": {
          "x": 0.8628961,
          "y": -0.13964617,
          "z": 0.485705
        },
        "up": {
          "x": 0.50422543,
          "y": 0.30285433,
          "z": -0.8087248
        },
        "forward": {
          "x": -0.034162555,
          "y": 0.9427503,
          "z": 0.33174494
        },
        "trans": {
          "x": 99.00037,
          "y": 64.66901,
          "z": -45.400658
        }
      },
      "Blueprint": {
        "PartitionGuid": "5e3b64f4-8b53-11e0-b964-98e33db95d89",
        "InstanceGuid": "39e2a3a0-2b73-d64c-575d-30eba0d1a4d1"
      },
      "ObjectVariation": null,
      "StreamRealm": 0,
      "CastSunShadowEnable": true,
      "Excluded": false
    },
    "2c244134-5f08-4d39-9b26-a88c1c6cd96a": {
      "$type": "WorldPartData",
      "Name": "Levels/COOP_003/AB02_WeaponPickups",
      "PropertyConnections": [],
      "LinkConnections": [],
      "EventConnections": [],
      "Descriptor": null,
      "NeedNetworkId": false,
      "InterfaceHasConnections": false,
      "AlwaysCreateEntityBusClient": false,
      "AlwaysCreateEntityBusServer": false,
      "Objects": [
        {
          "PartitionGuid": "eee69ad1-b183-4620-8558-7e34ac3b0a3d",
          "InstanceGuid": "5180467d-b3e9-4a91-ba95-422cd8bd8f81"
        },
        {
          "PartitionGuid": "eee69ad1-b183-4620-8558-7e34ac3b0a3d",
          "InstanceGuid": "9990f4e0-424a-4430-bd6e-a7ca625ab082"
        },
        {
          "PartitionGuid": "eee69ad1-b183-4620-8558-7e34ac3b0a3d",
          "InstanceGuid": "1e8eeaf1-48c0-4dbe-ac32-70a66a9fc466"
        },
        {
          "PartitionGuid": "eee69ad1-b183-4620-8558-7e34ac3b0a3d",
          "InstanceGuid": "c4e6584b-3088-4550-9642-512b5add9017"
        },
        {
          "PartitionGuid": "eee69ad1-b183-4620-8558-7e34ac3b0a3d",
          "InstanceGuid": "7e663543-28d7-415f-9288-415f45f2a9cf"
        },
        {
          "PartitionGuid": "eee69ad1-b183-4620-8558-7e34ac3b0a3d",
          "InstanceGuid": "889639e6-4434-4a94-9aaf-c0480f84db5d"
        },
        {
          "PartitionGuid": "eee69ad1-b183-4620-8558-7e34ac3b0a3d",
          "InstanceGuid": "16489824-8559-41f1-aef3-97136d12a570"
        },
        {
          "PartitionGuid": "eee69ad1-b183-4620-8558-7e34ac3b0a3d",
          "InstanceGuid": "1270a1d5-fe94-429d-af97-11390d7d7ecb"
        },
        {
          "PartitionGuid": "eee69ad1-b183-4620-8558-7e34ac3b0a3d",
          "InstanceGuid": "81ad194a-4348-4654-908a-be90d2e50308"
        },
        {
          "PartitionGuid": "eee69ad1-b183-4620-8558-7e34ac3b0a3d",
          "InstanceGuid": "4d7c9435-1bd4-ec99-18bc-1e9844a535d9"
        },
        {
          "PartitionGuid": "eee69ad1-b183-4620-8558-7e34ac3b0a3d",
          "InstanceGuid": "0ceb1c20-5908-5d3b-839a-3a5b3c4e48e8"
        },
        {
          "PartitionGuid": "eee69ad1-b183-4620-8558-7e34ac3b0a3d",
          "InstanceGuid": "168b97e7-1a6a-1579-4be7-9a9585813235"
        }
      ],
      "HackToSolveRealTimeTweakingIssue": "26d7e681-0a63-ef25-bbb7-9650c600e359",
      "UseDeferredEntityCreation": false,
      "Enabled": true
    },
    "4d7c9435-1bd4-ec99-18bc-1e9844a535d9": {
      "$type": "ReferenceObjectData",
      "IndexInBlueprint": 1085,
      "IsEventConnectionTarget": 3,
      "IsPropertyConnectionTarget": 3,
      "BlueprintTransform": {
        "right": {
          "x": 0.407554,
          "y": 0.0,
          "z": 0.9131811
        },
        "up": {
          "x": 0.0,
          "y": 1.0,