{
  "Name": "levels/sp_sniper/lighting/em_lightcone_rain_01",
  "PartitionGuid": "19fa0a02-1429-42ff-a9a3-f558f79d96f6",
  "PrimaryInstanceGuid": "4d74f351-04d6-40fe-b874-f53b8dc2711a",
  "Instances": {
    "056a052f-95d9-4aff-a69d-846c64be68f7": {
      "$type": "SpawnPositionData",
      "DefaultValues": {
        "x": 0.0,
        "y": 0.0,
        "z": 0.0,
        "w": 1.0
      },
      "NextProcessor": {
        "PartitionGuid": "19fa0a02-1429-42ff-a9a3-f558f79d96f6",
        "InstanceGuid": "9e411b5c-5ed1-4e3a-9918-af612cd05a6c"
      },
      "Pre": {
        "PartitionGuid": "19fa0a02-1429-42ff-a9a3-f558f79d96f6",
        "InstanceGuid": "05a672cc-402c-42c6-bc44-a9f04a1085d8"
      },
      "EvaluatorInput": 1,
      "Enable": true
    },
    "05a672cc-402c-42c6-bc44-a9f04a1085d8": {
      "$type": "BoxEvaluatorData",
      "EmitterParameter": 0,
      "Dimensions": {
        "x": 2.0,
        "y": 0.75,
        "z": 2.0
      },
      "Pivot": {
        "x": 0.0,
        "y": 0.0,
        "z": 0.0
      }
    },
    "05c10959-644c-4650-acce-30b172d03c33": {
      "$type": "LocalForceData",
      "DefaultValues": {
        "x": 1.0,
        "y": 1.0,
        "z": 1.0,
        "w": 1.0
      },
      "NextProcessor": {
        "PartitionGuid": "19fa0a02-1429-42ff-a9a3-f558f79d96f6",
        "InstanceGuid": "098cda0d-657e-2ac7-6978-396e282f3b84"
      },
      "Pre": null,
      "EvaluatorInput": 2,
      "Enable": true,
      "LocalForce": {
        "x": -60.0,
        "y": 0.0,
        "z": 0.0
      }
    },
    "098cda0d-657e-2ac7-6978-396e282f3b84": {
      "$type": "UpdateSizeData",
      "DefaultValues": {
        "x": 1.0,
        "y": 1.0,
        "z": 1.0,
        "w": 1.0
      },
      "NextProcessor": {
        "PartitionGuid": "19fa0a02-1429-42ff-a9a3-f558f79d96f6",
        "InstanceGuid": "f85ef040-4f26-76b9-71e5-896cb21d5002"
      },
      "Pre": null,
      "EvaluatorInput": 2,
      "Enable": true,
      "Pivot": {
        "x": 0.0,
        "y": 0.0
      }
    },
    "0bef07c6-ab55-46c5-8041-49d965eb2950": {
      "$type": "PolynomialData",
      "EmitterParameter": 0,
      "Coefficients": {
        "x": 0.0,
        "y": -4.3423696,
        "z": 4.2997146,
        "w": -0.08425726
      },
      "ScaleValue": 0.75,
      "MinClamp": 0.0,
      "MaxClamp": 1.0
    },
    "0e038dea-0194-477a-9c5b-ff8eca780d1c": {
      "$type": "UpdateColorData",
      "DefaultValues": {
        "x": 0.366,
        "y": 0.447,
        "z": 0.487,
        "w": 1.0
      },
      "NextProcessor": {
        "PartitionGuid": "19fa0a02-1429-42ff-a9a3-f558f79d96f6",
        "InstanceGuid": "16a3a9d9-e0d1-407c-a24e-4219efd9f5ad"
      },
      "Pre": null,
      "EvaluatorInput": 2,
      "Enable": true,
      "Color": {
        "x": 0.366,
        "y": 0.447,
        "z": 0.487
      }
    },
    "16a3a9d9-e0d1-407c-a24e-4219efd9f5ad": {
      "$type": "SpawnAnimationFrameData",
      "DefaultValues": {
        "x": 1.0,
        "y": 0.0,
        "z": 0.0,
        "w": 0.0
      },
      "NextProcessor": {
        "PartitionGuid": "19fa0a02-1429-42ff-a9a3-f558f79d96f6",
        "InstanceGuid": "2f98e9f3-e21f-4356-a01c-b0ec9faa8a6b"
      },
      "Pre": {
        "PartitionGuid": "19fa0a02-1429-42ff-a9a3-f558f79d96f6",
        "InstanceGuid": "7d96ec0a-4b4b-46ef-890b-1a362e107b55"
      },
      "EvaluatorInput": 1,
      "Enable": true,
      "AnimationFrame": 1
    },
    "2f98e9f3-e21f-4356-a01c-b0ec9faa8a6b": {
      "$type": "SpawnAnimationData",
      "DefaultValues": {
        "x": 0.0,
        "y": 0.0,
        "z": 0.0,
        "w": 0.0
      },
      "NextProcessor": {
        "PartitionGuid": "19fa0a02-1429-42ff-a9a3-f558f79d96f6",
        "InstanceGuid": "3cbe83f4-804b-4549-b899-6b82b9f4eed2"
      },
      "Pre": null,
      "EvaluatorInput": 1,
      "Enable": true,
      "AnimationSpeed": 0.0
    },
    "3cbe83f4-804b-4549-b899-6b82b9f4eed2": {
      "$type": "UpdateTextureCoordsData",
      "DefaultValues": {
        "x": 1.0,
        "y": 0.0,
        "z": 0.0,
        "w": 0.0
      },
      "NextProcessor": {
        "PartitionGuid": "19fa0a02-1429-42ff-a9a3-f558f79d96f6",
        "InstanceGuid": "5f474ebf-b39c-48c8-ae38-e953f9d8c693"
      },
      "Pre": null,
      "EvaluatorInput": 2,
      "Enable": true,
      "TextureInfo1": {
        "TextureName": "FX/Textures/Water/rain_4x1",
        "NormalmapName": "Systems/Emitter/DefaultNormalmap",
        "AnimationFrameCount": 25.0,
        "AnimationFrameColumnCount": 1.0,
        "EnableAnimation": true
      },
      "TextureBlendValue": 1.0
    },
    "42cf8d40-2d27-46e0-98be-b680d1bd450e": {
      "$type": "GravityData",
      "DefaultValues": {
        "x": 1.0,
        "y": 1.0,
        "z": 1.0,
        "w": 1.0
      },
      "NextProcessor": {
        "PartitionGuid": "19fa0a02-1429-42ff-a9a3-f558f79d96f6",
        "InstanceGuid": "ef13fd8c-db74-47b3-bd8b-94aad8849611"
      },
      "Pre": null,
      "EvaluatorInput": 2,
      "Enable": true,
      "Gravity": 120.0
    },
    "4d5b3dab-bd60-a819-abd7-748e43775592": {
      "$type": "UpdateClipScaleData",
      "DefaultValues": {
        "x": 1.0,
        "y": 1.0,
        "z": 1.0,
        "w": 1.0
      },
      "NextProcessor": {
        "PartitionGuid": "19fa0a02-1429-42ff-a9a3-f558f79d96f6",
        "InstanceGuid": "a865012a-640c-63d2-eae2-af8586fdcc71"
      },
      "Pre": null,
      "EvaluatorInput": 2,
      "Enable": true,
      "Lookup": [
        32767,
        32767,
        32767,
        32767,
        32767,
        29490,
        32767,
        31999,
        32767,
        29490,
        32767,
        31999,
        32767,
        29490,
        32767,
        31999,
        32767,
        29490,
        32767,
        31999,
        32767,
        29490,
        32767,
        31999,
        32767,
        29490,
        32767,
        31999,
        32767,
        29490,
        32767,
        31999,
        32767,
        29490,
        32767,
        31999,
        32767,
        29490,
        32767,
        31999,
        32767,
        29490,
        32767,
        31999,
        32767,
        29490,
        32767,
        31999,
        32767,
        29490,
        32767,
        31999,
        32767,
        29490,
        32767,
        31999,
        32767,
        29490,
        32767,
        31999,
        32767,
        29490,
        32767,
        31999,
        32767,
        29490,
        32767,
        31999,
        32767,
        29490,
        32767,
        31999,
        32767,
        29490,
        32767,
        31999,
        32767,
        29490,
        32767,
        31999,
        32767,
        29490,
        32767,
        31999,
        32767,
        29490,
        32767,
        31999,
        32767,
        29490,
        32767,
        31999,
        32767,
        29490,
        32767,
        31999,
        32767,
        29490,
        32767,
        31999,
        32767,
        29490,
        32767,
        31999,
        32767,
        29490,
        32767,
        31999,
        32767,
        29490,
        32767,
        31999,
        32767,
        29490,
        32767,
        31999,
        32767,
        29490,
        32767,
        31999,
        32767,
        29490,
        32767,
        31999,
        32767,
        29490,
        32767,
        31999,
        32767,
        29490,
        32767,
        31999
      ]
    },
    "4d74f351-04d6-40fe-b874-f53b8dc2711a": {
      "$type": "EmitterTemplateData",
      "PointLightIntensity": {
        "x": 0.0,
        "y": 0.0,
        "z": 0.0,