{
  "Name": "levels/xp4_quake/conquest/layer5_high_rise",
  "PartitionGuid": "86dfb90f-fd37-4025-bd71-104c91f15c6e",
  "PrimaryInstanceGuid": "ae2cd3fd-0073-4100-8551-3039d8dc46ab",
  "Instances": {
    "ab2fdd35-c930-473d-bd27-a32c26b400de": {
      "$type": "AlternateSpawnEntityData",
      "Team": 0,
      "Priority": 1.0,
      "Enabled": true,
      "Transform": {
        "right": {
          "x": 0.98290783,
          "y": -9.0823343E-10,
          "z": -0.18409814
        },
        "up": {
          "x": 8.011557E-10,
          "y": 0.99999976,
          "z": -6.5601546E-10
        },
        "forward": {
          "x": 0.18409812,
          "y": 4.9731147E-10,
          "z": 0.9829078
        },
        "trans": {
          "x": -210.88664,
          "y": 184.787,
          "z": -22.30636
        }
      },
      "IndexInBlueprint": 62,
      "IsEventConnectionTarget": 2,
      "IsPropertyConnectionTarget": 3
    },
    "a6315c03-6e1e-463e-9c3b-e5298c5774c7": {
      "$type": "AlternateSpawnEntityData",
      "Team": 0,
      "Priority": 1.0,
      "Enabled": true,
      "Transform": {
        "right": {
          "x": -0.9975982,
          "y": 3.9776887E-11,
          "z": -0.069267474
        },
        "up": {
          "x": 3.0298812E-11,
          "y": 0.99999994,
          "z": 1.3788325E-10
        },
        "forward": {
          "x": 0.06926745,
          "y": 1.3545344E-10,
          "z": -0.99759805
        },
        "trans": {
          "x": -218.08958,
          "y": 184.04031,
          "z": -5.897037
        }
      },
      "IndexInBlueprint": 63,
      "IsEventConnectionTarget": 2,
      "IsPropertyConnectionTarget": 3
    },
    "8881a1a2-7f4f-42f6-9261-10ca7966682b": {
      "$type": "AlternateSpawnEntityData",
      "Team": 0,
      "Priority": 1.0,
      "Enabled": true,
      "Transform": {
        "right": {
          "x": 0.43719876,
          "y": 2.634223E-08,
          "z": 0.8993648
        },
        "up": {
          "x": -8.8683386E-08,
          "y": 0.99999964,
          "z": 1.3820964E-08
        },
        "forward": {
          "x": -0.8993646,
          "y": -8.5801254E-08,
          "z": 0.43719864
        },
        "trans": {
          "x": -181.78339,
          "y": 180.36899,
          "z": -54.59112
        }
      },
      "IndexInBlueprint": 64,
      "IsEventConnectionTarget": 2,
      "IsPropertyConnectionTarget": 3
    },
    "4b5b59bd-2e12-493b-9042-ac6df396d9ab": {
      "$type": "AlternateSpawnEntityData",
      "Team": 0,
      "Priority": 1.0,
      "Enabled": true,
      "Transform": {
        "right": {
          "x": 0.9520019,
          "y": 1.5989365E-10,
          "z": -0.3060923
        },
        "up": {
          "x": -2.5643682E-10,
          "y": 0.99999964,
          "z": -2.7519398E-10
        },
        "forward": {
          "x": 0.30609208,
          "y": 3.404786E-10,
          "z": 0.95200163
        },
        "trans": {
          "x": -207.15395,
          "y": 184.18654,
          "z": -48.335873
        }
      },
      "IndexInBlueprint": 65,
      "IsEventConnectionTarget": 2,
      "IsPropertyConnectionTarget": 3
    },
    "80da2c9b-2c05-4df5-a17c-7905d231bdac": {
      "$type": "AlternateSpawnEntityData",
      "Team": 0,
      "Priority": 1.0,
      "Enabled": true,
      "Transform": {
        "right": {
          "x": -0.7787615,
          "y": 4.2415377E-12,
          "z": -0.6273207
        },
        "up": {
          "x": -2.173911E-12,
          "y": 0.99999964,
          "z": 9.4600655E-12
        },
        "forward": {
          "x": 0.62732047,
          "y": 8.730871E-12,
          "z": -0.77876115
        },
        "trans": {
          "x": -216.05943,
          "y": 184.78699,
          "z": -26.770594
        }
      },
      "IndexInBlueprint": 66,
      "IsEventConnectionTarget": 2,
      "IsPropertyConnectionTarget": 3
    },
    "f74a8158-46f7-4c72-b22e-871989e64f80": {
      "$type": "AlternateSpawnEntityData",
      "Team": 0,
      "Priority": 1.0,
      "Enabled": true,
      "Transform": {
        "right": {
          "x": 0.5396241,
          "y": 1.8587492E-08,
          "z": -0.84190637
        },
        "up": {
          "x": -2.820126E-08,
          "y": 0.99999964,
          "z": 4.0021177E-09
        },
        "forward": {
          "x": 0.8419059,
          "y": 2.1583178E-08,
          "z": 0.53962374
        },
        "trans": {
          "x": -205.72256,
          "y": 184.787,
          "z": -35.206703
        }
      },
      "IndexInBlueprint": 67,
      "IsEventConnectionTarget": 2,
      "IsPropertyConnectionTarget": 3
    },
    "732a1b81-9a0f-49e9-89f9-38a94a88958b": {
      "$type": "ReferenceObjectData",
      "BlueprintTransform": {
        "right": {
          "x": -1.0,
          "y": 0.0,
          "z": 8.742278E-08
        },
        "up": {
          "x": 0.0,
          "y": 1.0,
          "z": 0.0
        },
        "forward": {
          "x": -8.742278E-08,
          "y": 0.0,
          "z": -1.0
        },
        "trans": {
          "x": -187.62042,
          "y": 184.48032,
          "z": -14.150599
        }
      },
      "Blueprint": {
        "PartitionGuid": "9bdfc5b1-964e-4369-a520-82db0bd61836",
        "InstanceGuid": "6ada34fc-e77e-4e99-9952-ae2d21ec82f3"
      },
      "ObjectVariation": null,
      "StreamRealm": 0,
      "CastSunShadowEnable": true,
      "Excluded": false,
      "IndexInBlueprint": 60,
      "IsEventConnectionTarget": 3,
      "IsPropertyConnectionTarget": 2
    },
    "218889c3-0aa1-4271-ae9d-4cc55ebb9e32": {
      "$type": "VolumeVectorShapeData",
      "Height": 9.0,
      "Points": [
        {
          "x": -184.45464,
          "y": 182.2437,
          "z": -27.892914
        },
        {
          "x": -181.92398,
          "y": 182.2437,
          "z": -27.796156
        },
        {
          "x": -174.22365,
          "y": 182.2437,
          "z": -19.572784
        },
        {
          "x": -172.60124,
          "y": 182.2437,
          "z": -3.8171988
        },
        {
          "x": -185.06842,
          "y": 182.2437,
          "z": -7.3990207
        },
        {
          "x": -188.61372,
          "y": 182.2437,
          "z": -7.8401523
        },
        {
          "x": -199.51906,
          "y": 182.2437,
          "z": -8.263859
        },
        {
          "x": -201.345,
          "y": 182.2437,
          "z": -12.573304
        },
        {
          "x": -204.80074,
          "y": 182.2437,
          "z": -16.563148
        },
        {
          "x": -203.1735,
          "y": 182.2437,
          "z": -19.679007
        },
        {
          "x": -198.12646,
          "y": 182.2437,
          "z": -22.991274
        }
      ],
      "Normals": [
        {
          "x": 0.0,
          "y": 1.0,
          "z": 0.0
        },
        {
          "x": 0.0,
          "y": 1.0,
          "z": 0.0
        },
        {
          "x": 0.0,
          "y": 1.0,
          "z": 0.0
        },
        {
          "x": 0.0,
          "y": 1.0,
          "z": 0.0
        },
        {
          "x": 0.0,
          "y": 1.0,
          "z": 0.0
        },
        {
          "x": 0.0,
          "y": 1.0,
          "z": 0.0
        },
        {
          "x": 0.0,
          "y": 1.0,
          "z": 0.0
        },
        {
          "x": 0.0,
          "y": 1.0,
          "z": 0.0
        },
        {
          "x": 0.0,
          "y": 1.0,
          "z": 0.0
        },
        {
          "x": 0.0,
          "y": 1.0,
          "z": 0.0
        },
        {
          "x": 0.0,
          "y": 1.0,