{
  "Name": "levels/xp4_quake/conquest/layer4_hotel",
  "PartitionGuid": "860d4a51-23d1-4a32-b55b-5f185a06d87f",
  "PrimaryInstanceGuid": "ba0851c4-b30c-461b-9f81-3a62b152df9b",
  "Instances": {
    "8fff1a74-0a31-4857-88cc-1e9e30ca7a9e": {
      "$type": "AlternateSpawnEntityData",
      "Team": 0,
      "Priority": 1.0,
      "Enabled": true,
      "Transform": {
        "right": {
          "x": -0.97934127,
          "y": 4.6726702E-11,
          "z": -0.20221476
        },
        "up": {
          "x": 1.1205488E-10,
          "y": 0.9999996,
          "z": -3.1161562E-10
        },
        "forward": {
          "x": 0.20221476,
          "y": -3.278374E-10,
          "z": -0.97934115
        },
        "trans": {
          "x": -63.1849,
          "y": 178.8405,
          "z": -24.838684
        }
      },
      "IndexInBlueprint": 49,
      "IsEventConnectionTarget": 2,
      "IsPropertyConnectionTarget": 3
    },
    "a3cd5cd9-7554-4ce5-8c2c-5f8fe607aae5": {
      "$type": "AlternateSpawnEntityData",
      "Team": 0,
      "Priority": 1.0,
      "Enabled": true,
      "Transform": {
        "right": {
          "x": 0.30438504,
          "y": -8.565773E-08,
          "z": -0.952549
        },
        "up": {
          "x": 3.3165156E-07,
          "y": 1.0,
          "z": 1.6053809E-08
        },
        "forward": {
          "x": 0.952549,
          "y": -3.2080086E-07,
          "z": 0.30438504
        },
        "trans": {
          "x": -78.77559,
          "y": 175.17561,
          "z": -89.8333
        }
      },
      "IndexInBlueprint": 50,
      "IsEventConnectionTarget": 2,
      "IsPropertyConnectionTarget": 3
    },
    "431721cf-77c2-4afb-8a9a-c440d301e209": {
      "$type": "AlternateSpawnEntityData",
      "Team": 0,
      "Priority": 1.0,
      "Enabled": true,
      "Transform": {
        "right": {
          "x": 0.668413,
          "y": 1.8426441E-11,
          "z": -0.74379057
        },
        "up": {
          "x": 1.1913284E-10,
          "y": 0.99999976,
          "z": 1.318333E-10
        },
        "forward": {
          "x": 0.7437904,
          "y": -1.7672895E-10,
          "z": 0.66841286
        },
        "trans": {
          "x": -83.489426,
          "y": 174.81517,
          "z": -98.975655
        }
      },
      "IndexInBlueprint": 52,
      "IsEventConnectionTarget": 2,
      "IsPropertyConnectionTarget": 3
    },
    "8c52cd81-73c4-461e-8840-995655a371c3": {
      "$type": "AlternateSpawnEntityData",
      "Team": 2,
      "Priority": 1.0,
      "Enabled": true,
      "Transform": {
        "right": {
          "x": 0.3516923,
          "y": 1.193657E-10,
          "z": 0.93611556
        },
        "up": {
          "x": 9.668357E-10,
          "y": 0.99999964,
          "z": -4.9074533E-10
        },
        "forward": {
          "x": -0.9361155,
          "y": 1.0776618E-09,
          "z": 0.3516922
        },
        "trans": {
          "x": -35.0662,
          "y": 175.0176,
          "z": -28.858896
        }
      },
      "IndexInBlueprint": 53,
      "IsEventConnectionTarget": 2,
      "IsPropertyConnectionTarget": 3
    },
    "565615d7-74fa-43c9-a1d8-026f7728e8b1": {
      "$type": "AlternateSpawnEntityData",
      "Team": 2,
      "Priority": 1.0,
      "Enabled": true,
      "Transform": {
        "right": {
          "x": 0.77408594,
          "y": -2.5901903E-10,
          "z": 0.63308066
        },
        "up": {
          "x": 1.02254E-09,
          "y": 0.99999946,
          "z": -8.411489E-10
        },
        "forward": {
          "x": -0.6330805,
          "y": 1.2984723E-09,
          "z": 0.7740858
        },
        "trans": {
          "x": -36.91636,
          "y": 175.10622,
          "z": -88.781364
        }
      },
      "IndexInBlueprint": 54,
      "IsEventConnectionTarget": 2,
      "IsPropertyConnectionTarget": 3
    },
    "fdeaffb4-c48d-4f93-ae3c-68f4cf385f1a": {
      "$type": "AlternateSpawnEntityData",
      "Team": 2,
      "Priority": 1.0,
      "Enabled": true,
      "Transform": {
        "right": {
          "x": -0.9991818,
          "y": 2.9309594E-20,
          "z": 0.04044392
        },
        "up": {
          "x": -1.2471408E-12,
          "y": 0.9999994,
          "z": -3.0811072E-11
        },
        "forward": {
          "x": -0.040443912,
          "y": -3.0836313E-11,
          "z": -0.9991816
        },
        "trans": {
          "x": -41.078144,
          "y": 174.92455,
          "z": -71.43752
        }
      },
      "IndexInBlueprint": 56,
      "IsEventConnectionTarget": 2,
      "IsPropertyConnectionTarget": 3
    },
    "e50ebf67-7ae1-4c84-9d7a-c65e53cc65d4": {
      "$type": "AlternateSpawnEntityData",
      "Team": 0,
      "Priority": 1.0,
      "Enabled": true,
      "Transform": {
        "right": {
          "x": -0.78915054,
          "y": 1.4651126E-10,
          "z": -0.6142002
        },
        "up": {
          "x": 4.860289E-10,
          "y": 0.9999995,
          "z": -3.8593076E-10
        },
        "forward": {
          "x": 0.61420006,
          "y": -6.0307664E-10,
          "z": -0.7891505
        },
        "trans": {
          "x": -91.331726,
          "y": 178.82957,
          "z": -32.26091
        }
      },
      "IndexInBlueprint": 57,
      "IsEventConnectionTarget": 2,
      "IsPropertyConnectionTarget": 3
    },
    "6a38389f-7d4e-4711-a73c-4a15a62988ce": {
      "$type": "AlternateSpawnEntityData",
      "Team": 0,
      "Priority": 1.0,
      "Enabled": true,
      "Transform": {
        "right": {
          "x": 0.6973394,
          "y": -1.7756639E-10,
          "z": 0.71674114
        },
        "up": {
          "x": 1.1913281E-10,
          "y": 0.99999976,
          "z": 1.3183328E-10
        },
        "forward": {
          "x": -0.7167411,
          "y": -6.5451273E-12,
          "z": 0.6973394
        },
        "trans": {
          "x": -88.90774,
          "y": 175.05888,
          "z": -86.357704
        }
      },
      "IndexInBlueprint": 58,
      "IsEventConnectionTarget": 2,
      "IsPropertyConnectionTarget": 3
    },
    "9347ee73-9501-41e5-bcf9-93c4a45acbf1": {
      "$type": "AlternateSpawnEntityData",
      "Team": 0,
      "Priority": 1.0,
      "Enabled": true,
      "Transform": {
        "right": {
          "x": -0.05070428,
          "y": -1.2562319E-10,
          "z": 0.9987139
        },
        "up": {
          "x": 1.1913284E-10,
          "y": 0.99999976,
          "z": 1.318333E-10
        },
        "forward": {
          "x": -0.9987137,
          "y": 1.2566417E-10,
          "z": -0.05070431
        },
        "trans": {
          "x": -48.770935,
          "y": 174.92455,
          "z": -80.63665
        }
      },
      "IndexInBlueprint": 59,
      "IsEventConnectionTarget": 2,
      "IsPropertyConnectionTarget": 3
    },
    "adffbf02-b0c9-487f-9e61-273972b5d68d": {
      "$type": "ReferenceObjectData",
      "BlueprintTransform": {
        "right": {
          "x": 1.0,
          "y": 0.0,
          "z": 0.0
        },
        "up": {
          "x": 0.0,
          "y": 1.0,
          "z": 0.0
        },
        "forward": {
          "x": 0.0,
          "y": 0.0,
          "z": 1.0
        },
        "trans": {
          "x": -74.675575,
          "y": 177.44208,
          "z": -55.76276
        }
      },
      "Blueprint": {
        "PartitionGuid": "f85f6758-3496-408d-95f6-61745d47f990",
        "InstanceGuid": "efc6b064-352d-4e5e-bf4e-a8b8ed18fe02"
      },
      "ObjectVariation": null,
      "StreamRealm": 0,
      "CastSunShadowEnable": true,
      "Excluded": false,
      "IndexInBlueprint": 55,