{
  "Name": "levels/xp4_quake/conquest/layer6_residential",
  "PartitionGuid": "9b0dce8b-63f5-405b-81e9-13cf2ef05a1d",
  "PrimaryInstanceGuid": "2cdcce26-bc2d-40e1-8ab4-c2a51fe034ef",
  "Instances": {
    "f3ea4be0-5158-411c-80a1-7a77bf35803d": {
      "$type": "AlternateSpawnEntityData",
      "Team": 0,
      "Priority": 1.0,
      "Enabled": true,
      "Transform": {
        "right": {
          "x": -0.6970168,
          "y": -7.4667536E-19,
          "z": -0.717055
        },
        "up": {
          "x": 1.16413476E-10,
          "y": 0.9999998,
          "z": -1.1316027E-10
        },
        "forward": {
          "x": 0.7170549,
          "y": -1.6234947E-10,
          "z": -0.69701666
        },
        "trans": {
          "x": -258.5458,
          "y": 176.34006,
          "z": -67.46012
        }
      },
      "IndexInBlueprint": 68,
      "IsEventConnectionTarget": 2,
      "IsPropertyConnectionTarget": 3
    },
    "096abac2-a845-475f-8c37-6ffe041e8d89": {
      "$type": "AlternateSpawnEntityData",
      "Team": 0,
      "Priority": 1.0,
      "Enabled": true,
      "Transform": {
        "right": {
          "x": -0.93620384,
          "y": 1.04452995E-10,
          "z": 0.35145736
        },
        "up": {
          "x": 1.5148714E-10,
          "y": 0.9999998,
          "z": 1.0632827E-10
        },
        "forward": {
          "x": -0.35145733,
          "y": 1.5278626E-10,
          "z": -0.9362039
        },
        "trans": {
          "x": -203.41331,
          "y": 176.33665,
          "z": -69.02103
        }
      },
      "IndexInBlueprint": 69,
      "IsEventConnectionTarget": 2,
      "IsPropertyConnectionTarget": 3
    },
    "db596690-b451-420e-8a7c-32d856deeb88": {
      "$type": "AlternateSpawnEntityData",
      "Team": 0,
      "Priority": 1.0,
      "Enabled": true,
      "Transform": {
        "right": {
          "x": 0.5026324,
          "y": -8.2076186E-11,
          "z": 0.86450064
        },
        "up": {
          "x": -2.9295222E-10,
          "y": 0.99999976,
          "z": 2.6526695E-10
        },
        "forward": {
          "x": -0.86450034,
          "y": -3.8658907E-10,
          "z": 0.5026322
        },
        "trans": {
          "x": -196.7606,
          "y": 176.03587,
          "z": -95.64433
        }
      },
      "IndexInBlueprint": 70,
      "IsEventConnectionTarget": 2,
      "IsPropertyConnectionTarget": 3
    },
    "29a370c5-d6cf-483a-a982-e2770a16158c": {
      "$type": "AlternateSpawnEntityData",
      "Team": 0,
      "Priority": 1.0,
      "Enabled": true,
      "Transform": {
        "right": {
          "x": 1.7001123E-05,
          "y": -2.6897364E-09,
          "z": -0.9999999
        },
        "up": {
          "x": 1.6067448E-08,
          "y": 0.9999998,
          "z": -2.6894642E-09
        },
        "forward": {
          "x": 0.99999976,
          "y": -1.6067407E-08,
          "z": 1.7000993E-05
        },
        "trans": {
          "x": -257.86154,
          "y": 176.06519,
          "z": -81.44769
        }
      },
      "IndexInBlueprint": 72,
      "IsEventConnectionTarget": 2,
      "IsPropertyConnectionTarget": 3
    },
    "fcd6d0b0-2823-4933-a84b-19c3a69cb0fd": {
      "$type": "AlternateSpawnEntityData",
      "Team": 0,
      "Priority": 1.0,
      "Enabled": true,
      "Transform": {
        "right": {
          "x": -0.8450354,
          "y": -8.3109586E-10,
          "z": 0.53471106
        },
        "up": {
          "x": -2.3217996E-09,
          "y": 0.9999998,
          "z": -2.1149869E-09
        },
        "forward": {
          "x": -0.534711,
          "y": -3.0287313E-09,
          "z": -0.8450353
        },
        "trans": {
          "x": -211.12769,
          "y": 176.34007,
          "z": -65.762825
        }
      },
      "IndexInBlueprint": 73,
      "IsEventConnectionTarget": 2,
      "IsPropertyConnectionTarget": 3
    },
    "22a0269f-972e-4821-a2c3-888857f66464": {
      "$type": "AlternateSpawnEntityData",
      "Team": 0,
      "Priority": 1.0,
      "Enabled": true,
      "Transform": {
        "right": {
          "x": 0.99502724,
          "y": 1.3967592E-12,
          "z": 0.09960594
        },
        "up": {
          "x": -3.271719E-12,
          "y": 0.9999998,
          "z": 1.8660443E-11
        },
        "forward": {
          "x": -0.09960592,
          "y": -1.889353E-11,
          "z": 0.9950268
        },
        "trans": {
          "x": -210.11403,
          "y": 177.1087,
          "z": -100.69142
        }
      },
      "IndexInBlueprint": 74,
      "IsEventConnectionTarget": 2,
      "IsPropertyConnectionTarget": 3
    },
    "43ed7fe5-568a-4fb8-858a-82fc77899a2d": {
      "$type": "AlternateSpawnEntityData",
      "Team": 0,
      "Priority": 1.0,
      "Enabled": true,
      "Transform": {
        "right": {
          "x": 0.87147796,
          "y": 2.8788195E-17,
          "z": -0.49043512
        },
        "up": {
          "x": -2.3598798E-10,
          "y": 0.99999976,
          "z": -4.1933845E-10
        },
        "forward": {
          "x": 0.49043497,
          "y": 4.81181E-10,
          "z": 0.87147766
        },
        "trans": {
          "x": -245.913,
          "y": 176.06519,
          "z": -95.24644
        }
      },
      "IndexInBlueprint": 76,
      "IsEventConnectionTarget": 2,
      "IsPropertyConnectionTarget": 3
    },
    "191068ce-2ce6-4c16-8dd2-93b203d3a79f": {
      "$type": "ReferenceObjectData",
      "BlueprintTransform": {
        "right": {
          "x": 0.0,
          "y": 0.0,
          "z": -0.99999994
        },
        "up": {
          "x": 0.0,
          "y": 1.0,
          "z": 0.0
        },
        "forward": {
          "x": 0.99999994,
          "y": 0.0,
          "z": 0.0
        },
        "trans": {
          "x": -235.84814,
          "y": 175.97813,
          "z": -73.96727
        }
      },
      "Blueprint": {
        "PartitionGuid": "67554523-cf64-4484-b3de-d57c849558bc",
        "InstanceGuid": "5e738bb6-4717-4c72-951d-8993e41c6bdb"
      },
      "ObjectVariation": null,
      "StreamRealm": 0,
      "CastSunShadowEnable": true,
      "Excluded": false,
      "IndexInBlueprint": 75,
      "IsEventConnectionTarget": 3,
      "IsPropertyConnectionTarget": 2
    },
    "c38b6ebc-eceb-44ff-b16d-72f5e2aeae5d": {
      "$type": "VolumeVectorShapeData",
      "Height": 8.0,
      "Points": [
        {
          "x": -244.87686,
          "y": 173.15417,
          "z": -66.45199
        },
        {
          "x": -241.00517,
          "y": 173.15417,
          "z": -62.684826
        },
        {
          "x": -222.86621,
          "y": 173.15417,
          "z": -62.856907
        },
        {
          "x": -220.32957,
          "y": 173.15417,
          "z": -68.01533
        },
        {
          "x": -220.29228,
          "y": 173.15417,
          "z": -73.291466
        },
        {
          "x": -221.60841,
          "y": 173.15417,
          "z": -83.77537
        },
        {
          "x": -221.74687,
          "y": 173.15417,
          "z": -87.56152
        },
        {
          "x": -224.99701,
          "y": 173.15417,
          "z": -87.52223
        },
        {
          "x": -226.69708,
          "y": 173.15417,
          "z": -90.35358
        },
        {
          "x": -236.3571,
          "y": 173.15417,
          "z": -91.32914
        },
        {
          "x": -236.30478,
          "y": 173.15417,
          "z": -87.64603
        },
        {
          "x": -244.77945,
          "y": 173.15417,
          "z": -87.64824
        },
        {
          "x": -244.88078,
          "y": 173.15417,