{
  "Name": "fx/ambient/levelspecific/sp_valley/emitter_impact/em_amb_sp_valley_jet_cannonimpact_spike_s_01",
  "PartitionGuid": "382b1542-6f25-4517-8a48-eb369031968e",
  "PrimaryInstanceGuid": "979bf95f-30aa-4b4b-a998-cc788b5a89e4",
  "Instances": {
    "09e0ec1f-f2ef-4939-893f-449cb8fd37a6": {
      "$type": "PolynomialData",
      "EmitterParameter": 0,
      "Coefficients": {
        "x": 0.0,
        "y": -1.1323615,
        "z": 2.0248919,
        "w": 0.10172133
      },
      "ScaleValue": 1.0,
      "MinClamp": 0.0,
      "MaxClamp": 1.0
    },
    "0be369fb-703c-4b19-a1ad-4642d5a5f7f6": {
      "$type": "RandomEvaluatorData",
      "EmitterParameter": 0,
      "Max": 0.0,
      "Min": 0.0
    },
    "0eeebd86-68d3-4d05-b748-43b957b793f3": {
      "$type": "PolynomialData",
      "EmitterParameter": 0,
      "Coefficients": {
        "x": 24.581688,
        "y": -48.865765,
        "z": 24.143066,
        "w": 0.13193989
      },
      "ScaleValue": 1.0,
      "MinClamp": 1.0,
      "MaxClamp": 1.0
    },
    "1239c9e9-a569-45de-b51f-4d492500de45": {
      "$type": "SpawnSizeData",
      "DefaultValues": {
        "x": 1.0,
        "y": 1.0,
        "z": 1.0,
        "w": 1.0
      },
      "NextProcessor": {
        "PartitionGuid": "382b1542-6f25-4517-8a48-eb369031968e",
        "InstanceGuid": "f3880fd1-09f3-4324-b8b3-7e03aa291e6e"
      },
      "Pre": {
        "PartitionGuid": "382b1542-6f25-4517-8a48-eb369031968e",
        "InstanceGuid": "30cfd160-c80b-4583-9c82-3553c14526dd"
      },
      "EvaluatorInput": 1,
      "Enable": true,
      "Size": 1.0
    },
    "19d64d11-ed73-40a2-9363-2d247617ded3": {
      "$type": "UpdateSizeData",
      "DefaultValues": {
        "x": 1.0,
        "y": 1.0,
        "z": 1.0,
        "w": 1.0
      },
      "NextProcessor": {
        "PartitionGuid": "382b1542-6f25-4517-8a48-eb369031968e",
        "InstanceGuid": "84c6e2ff-a7a1-417e-af0e-9a74eda08d26"
      },
      "Pre": null,
      "EvaluatorInput": 2,
      "Enable": true,
      "Pivot": {
        "x": 0.0,
        "y": -0.25
      }
    },
    "2f20f59c-eed3-49d5-a672-63126ac51903": {
      "$type": "UpdateSizeYData",
      "DefaultValues": {
        "x": 1.0,
        "y": 1.0,
        "z": 1.0,
        "w": 1.0
      },
      "NextProcessor": {
        "PartitionGuid": "382b1542-6f25-4517-8a48-eb369031968e",
        "InstanceGuid": "1239c9e9-a569-45de-b51f-4d492500de45"
      },
      "Pre": {
        "PartitionGuid": "382b1542-6f25-4517-8a48-eb369031968e",
        "InstanceGuid": "09e0ec1f-f2ef-4939-893f-449cb8fd37a6"
      },
      "EvaluatorInput": 2,
      "Enable": true
    },
    "2fac43d3-1c86-4fbe-84f1-bf87ca946139": {
      "$type": "PolynomialData",
      "EmitterParameter": 0,
      "Coefficients": {
        "x": 0.0,
        "y": 0.0,
        "z": 0.0,
        "w": 1.0
      },
      "ScaleValue": 1.0,
      "MinClamp": 0.0,
      "MaxClamp": 1.0
    },
    "309a99b0-ad16-3723-94ef-8612cf9ef1ff": {
      "$type": "UpdateOrientationData",
      "DefaultValues": {
        "x": 1.0,
        "y": 1.0,
        "z": 1.0,
        "w": 1.0
      },
      "NextProcessor": {
        "PartitionGuid": "382b1542-6f25-4517-8a48-eb369031968e",
        "InstanceGuid": "da221d5a-a6cc-aa7b-cf8b-3439a5ab991e"
      },
      "Pre": null,
      "EvaluatorInput": 2,
      "Enable": true
    },
    "30cfd160-c80b-4583-9c82-3553c14526dd": {
      "$type": "RandomEvaluatorData",
      "EmitterParameter": 0,
      "Max": 1.0,
      "Min": 0.5
    },
    "360aea34-a0f9-45c3-8fec-8998fd304ad0": {
      "$type": "SpawnDirectionData",
      "DefaultValues": {
        "x": 0.0,
        "y": 1.0,
        "z": 0.0,
        "w": 0.0
      },
      "NextProcessor": {
        "PartitionGuid": "382b1542-6f25-4517-8a48-eb369031968e",
        "InstanceGuid": "76f86ae7-e778-4651-9875-aa5ea78079dd"
      },
      "Pre": {
        "PartitionGuid": "382b1542-6f25-4517-8a48-eb369031968e",
        "InstanceGuid": "978fbe46-cc0d-4985-91e3-51e15b4434b3"
      },
      "EvaluatorInput": 1,
      "Enable": true,
      "DirectionFromEmitterOrigin": 0.0,
      "InheritSpeedAndDirectionFromEmitter": false
    },
    "5865b95d-e6cc-41e8-8409-f54d0463dec9": {
      "$type": "RandomEvaluatorData",
      "EmitterParameter": 0,
      "Max": 1.0,
      "Min": 0.4
    },
    "5dcd7c5a-d826-4701-b150-13b77a1413cf": {
      "$type": "PolynomialColorInterpData",
      "EmitterParameter": 0,
      "Color0": {
        "x": 500.0,
        "y": 157.584,
        "z": 48.133
      },
      "Color1": {
        "x": 0.244,
        "y": 0.201,
        "z": 0.159
      },
      "Coefficients": {
        "x": 0.0,
        "y": 0.0,
        "z": -20.555576,
        "w": 1.0
      }
    },
    "699967a7-8f58-48eb-95cd-87b7ed130647": {
      "$type": "EmitterDocument",
      "Name": "FX/Ambient/LevelSpecific/SP_Valley/Emitter_Impact/Em_Amb_SP_Valley_Jet_CannonImpact_Spike_S_01",
      "RootProcessor": {
        "PartitionGuid": "382b1542-6f25-4517-8a48-eb369031968e",
        "InstanceGuid": "ea43090b-53be-4a21-8113-30ebf4f577ac"
      },
      "TemplateData": {
        "PartitionGuid": "382b1542-6f25-4517-8a48-eb369031968e",
        "InstanceGuid": "979bf95f-30aa-4b4b-a998-cc788b5a89e4"
      }
    },
    "6d05512b-0d26-44c7-a7ae-9c3af28fea76": {
      "$type": "PolynomialData",
      "EmitterParameter": 0,
      "Coefficients": {
        "x": 0.0,
        "y": 0.0,
        "z": 0.0,
        "w": 1.0
      },
      "ScaleValue": 1.0,
      "MinClamp": 0.0,
      "MaxClamp": 1.0
    },
    "76f86ae7-e778-4651-9875-aa5ea78079dd": {
      "$type": "SpawnSpeedData",
      "DefaultValues": {
        "x": 1.0,
        "y": 1.0,
        "z": 1.0,
        "w": 1.0
      },
      "NextProcessor": {
        "PartitionGuid": "382b1542-6f25-4517-8a48-eb369031968e",
        "InstanceGuid": "d8bf4284-9c5d-4c99-9a26-835ffbbaad15"
      },
      "Pre": {
        "PartitionGuid": "382b1542-6f25-4517-8a48-eb369031968e",
        "InstanceGuid": "5865b95d-e6cc-41e8-8409-f54d0463dec9"
      },
      "EvaluatorInput": 1,
      "Enable": true,
      "Speed": 1.0
    },
    "84242278-1818-4981-bae7-d27d50d00fa3": {
      "$type": "SpawnRotationSpeedData",
      "DefaultValues": {
        "x": 1.0,
        "y": 1.0,
        "z": 1.0,
        "w": 1.0
      },
      "NextProcessor": {
        "PartitionGuid": "382b1542-6f25-4517-8a48-eb369031968e",
        "InstanceGuid": "19d64d11-ed73-40a2-9363-2d247617ded3"
      },
      "Pre": {
        "PartitionGuid": "382b1542-6f25-4517-8a48-eb369031968e",
        "InstanceGuid": "c34afbca-cf29-4dff-8600-36afb10ca1d2"
      },
      "EvaluatorInput": 1,
      "Enable": true,
      "RotationSpeed": 0.0
    },
    "84c6e2ff-a7a1-417e-af0e-9a74eda08d26": {
      "$type": "UpdateSizeXData",
      "DefaultValues": {
        "x": 1.0,
        "y": 1.0,
        "z": 1.0,
        "w": 1.0
      },
      "NextProcessor": {
        "PartitionGuid": "382b1542-6f25-4517-8a48-eb369031968e",
        "InstanceGuid": "2f20f59c-eed3-49d5-a672-63126ac51903"
      },
      "Pre": {
        "PartitionGuid": "382b1542-6f25-4517-8a48-eb369031968e",
        "InstanceGuid": "adee8252-76f0-400a-98c5-a4d0a38c6d19"
      },
      "EvaluatorInput": 2,
      "Enable": true
    },
    "8500faa0-2803-46ef-bbac-c1dd6ecd9b02": {
      "$type": "GravityData",
      "DefaultValues": {
        "x": 1.0,
        "y": 1.0,
        "z": 1.0,
        "w": 1.0
      },
      "NextProcessor": {
        "PartitionGuid": "382b1542-6f25-4517-8a48-eb369031968e",
        "InstanceGuid": "dd356cc2-dee5-476a-b400-db795cdf0f94"
      },
      "Pre": {
        "PartitionGuid": "382b1542-6f25-4517-8a48-eb369031968e",