{
  "Name": "levels/sp_tank_b/drivethrough/layer2_drivethrough_triggers",
  "PartitionGuid": "9060cc86-c37d-4270-86d7-bd39cd0459fa",
  "PrimaryInstanceGuid": "72458106-b9ce-4509-976e-357fbcb16fbd",
  "Instances": {
    "020f3d99-e9a3-4ba4-a671-30a44884daff": {
      "$type": "OBBData",
      "IndexInBlueprint": 114,
      "IsEventConnectionTarget": 1,
      "IsPropertyConnectionTarget": 3,
      "Transform": {
        "right": {
          "x": 1.0,
          "y": 0.0,
          "z": 0.0
        },
        "up": {
          "x": 0.0,
          "y": 1.0,
          "z": 0.0
        },
        "forward": {
          "x": 0.0,
          "y": 0.0,
          "z": 1.0
        },
        "trans": {
          "x": -138.34695,
          "y": 115.02195,
          "z": -1738.3463
        }
      },
      "HalfExtents": {
        "x": 5.622953,
        "y": 1.8167615,
        "z": 1.1297349
      }
    },
    "3018a4ba-6f3a-4c1e-9d43-3fb8c733d674": {
      "$type": "OBBData",
      "IndexInBlueprint": 111,
      "IsEventConnectionTarget": 1,
      "IsPropertyConnectionTarget": 3,
      "Transform": {
        "right": {
          "x": -4.371135E-08,
          "y": 0.0,
          "z": -1.0
        },
        "up": {
          "x": 0.0,
          "y": 1.0,
          "z": 0.0
        },
        "forward": {
          "x": 1.0,
          "y": 0.0,
          "z": -4.3711378E-08
        },
        "trans": {
          "x": -94.05909,
          "y": 114.72901,
          "z": -1673.0974
        }
      },
      "HalfExtents": {
        "x": 2.078958,
        "y": 2.0,
        "z": 14.8702545
      }
    },
    "3018f9f2-07f8-4923-aecb-e7f194bf628d": {
      "$type": "OBBData",
      "IndexInBlueprint": 126,
      "IsEventConnectionTarget": 1,
      "IsPropertyConnectionTarget": 3,
      "Transform": {
        "right": {
          "x": 1.0,
          "y": 0.0,
          "z": 0.0
        },
        "up": {
          "x": 0.0,
          "y": 1.0,
          "z": 0.0
        },
        "forward": {
          "x": 0.0,
          "y": 0.0,
          "z": 1.0
        },
        "trans": {
          "x": -127.7713,
          "y": 115.02195,
          "z": -1747.3293
        }
      },
      "HalfExtents": {
        "x": 5.622953,
        "y": 1.8167615,
        "z": 1.1297349
      }
    },
    "386a384e-7875-4104-8cf3-7715f27f6357": {
      "$type": "OBBData",
      "IndexInBlueprint": 128,
      "IsEventConnectionTarget": 1,
      "IsPropertyConnectionTarget": 3,
      "Transform": {
        "right": {
          "x": 1.0,
          "y": 0.0,
          "z": 0.0
        },
        "up": {
          "x": 0.0,
          "y": 1.0,
          "z": 0.0
        },
        "forward": {
          "x": 0.0,
          "y": 0.0,
          "z": 1.0
        },
        "trans": {
          "x": -127.7713,
          "y": 115.02195,
          "z": -1731.7617
        }
      },
      "HalfExtents": {
        "x": 5.622953,
        "y": 1.8167615,
        "z": 1.1297349
      }
    },
    "3e11f185-07f1-49e8-8a46-b70f1f28f907": {
      "$type": "OBBData",
      "IndexInBlueprint": 127,
      "IsEventConnectionTarget": 1,
      "IsPropertyConnectionTarget": 3,
      "Transform": {
        "right": {
          "x": 1.0,
          "y": 0.0,
          "z": 0.0
        },
        "up": {
          "x": 0.0,
          "y": 1.0,
          "z": 0.0
        },
        "forward": {
          "x": 0.0,
          "y": 0.0,
          "z": 1.0
        },
        "trans": {
          "x": -127.7713,
          "y": 115.02195,
          "z": -1738.3463
        }
      },
      "HalfExtents": {
        "x": 5.622953,
        "y": 1.8167615,
        "z": 1.1297349
      }
    },
    "3ff64273-e023-44c9-ac37-e5171a6cf147": {
      "$type": "OBBData",
      "IndexInBlueprint": 120,
      "IsEventConnectionTarget": 1,
      "IsPropertyConnectionTarget": 3,
      "Transform": {
        "right": {
          "x": 1.0,
          "y": 0.0,
          "z": 0.0
        },
        "up": {
          "x": 0.0,
          "y": 1.0,
          "z": 0.0
        },
        "forward": {
          "x": 0.0,
          "y": 0.0,
          "z": 1.0
        },
        "trans": {
          "x": -116.80393,
          "y": 115.02195,
          "z": -1728.6976
        }
      },
      "HalfExtents": {
        "x": 5.622953,
        "y": 1.8167615,
        "z": 1.1297349
      }
    },
    "426e1e02-1ad3-45bd-82e4-d36fadc1f49a": {
      "$type": "OBBData",
      "IndexInBlueprint": 124,
      "IsEventConnectionTarget": 1,
      "IsPropertyConnectionTarget": 3,
      "Transform": {
        "right": {
          "x": 1.0,
          "y": 0.0,
          "z": 0.0
        },
        "up": {
          "x": 0.0,
          "y": 1.0,
          "z": 0.0
        },
        "forward": {
          "x": 0.0,
          "y": 0.0,
          "z": 1.0
        },
        "trans": {
          "x": -138.34695,
          "y": 115.02195,
          "z": -1708.2089
        }
      },
      "HalfExtents": {
        "x": 5.622953,
        "y": 1.8167615,
        "z": 1.1297349
      }
    },
    "473c0bba-e8fe-41a0-bdfd-19221eec6728": {
      "$type": "OBBData",
      "IndexInBlueprint": 123,
      "IsEventConnectionTarget": 1,
      "IsPropertyConnectionTarget": 3,
      "Transform": {
        "right": {
          "x": 1.0,
          "y": 0.0,
          "z": 0.0
        },
        "up": {
          "x": 0.0,
          "y": 1.0,
          "z": 0.0
        },
        "forward": {
          "x": 0.0,
          "y": 0.0,
          "z": 1.0
        },
        "trans": {
          "x": -138.34695,
          "y": 115.02195,
          "z": -1717.7549
        }
      },
      "HalfExtents": {
        "x": 5.622953,
        "y": 1.8167615,
        "z": 1.1297349
      }
    },
    "4b01e441-361f-4bba-ab78-bae769d21e4b": {
      "$type": "OBBData",
      "IndexInBlueprint": 125,
      "IsEventConnectionTarget": 1,
      "IsPropertyConnectionTarget": 3,
      "Transform": {
        "right": {
          "x": 1.0,
          "y": 0.0,
          "z": 0.0
        },
        "up": {
          "x": 0.0,
          "y": 1.0,
          "z": 0.0
        },
        "forward": {
          "x": 0.0,
          "y": 0.0,
          "z": 1.0
        },
        "trans": {
          "x": -116.80391,
          "y": 115.02195,
          "z": -1707.4707
        }
      },
      "HalfExtents": {
        "x": 5.622953,
        "y": 1.8167615,
        "z": 1.1297349
      }
    },
    "54acd288-0ad9-4bf3-9f87-8d333c3a1d4e": {
      "$type": "OBBData",
      "IndexInBlueprint": 112,
      "IsEventConnectionTarget": 1,
      "IsPropertyConnectionTarget": 3,
      "Transform": {
        "right": {
          "x": 1.0,
          "y": 0.0,
          "z": 0.0
        },
        "up": {
          "x": 0.0,
          "y": 1.0,
          "z": 0.0
        },
        "forward": {
          "x": 0.0,
          "y": 0.0,
          "z": 1.0
        },
        "trans": {
          "x": -138.34695,
          "y": 115.02195,
          "z": -1742.2926
        }
      },
      "HalfExtents": {
        "x": 5.622953,
        "y": 1.8167615,
        "z": 1.1297349
      }
    },
    "6a75000b-dc41-45fc-930f-9f9d70cbf7bf": {
      "$type": "OBBData",
      "IndexInBlueprint": 129,
      "IsEventConnectionTarget": 1,
      "IsPropertyConnectionTarget": 3,
      "Transform": {
        "right": {
          "x": 1.0,
          "y": 0.0,
          "z": 0.0
        },
        "up": {
          "x": 0.0,
          "y": 1.0,
          "z": 0.0
        },
        "forward": {
          "x": 0.0,
          "y": 0.0,
          "z": 1.0
        },
        "trans": {
          "x": -127.7713,