{
  "Name": "levels/sp_tank_b/drivetobankplaza_03/layer1_drivetobankplaza_03_volumes",
  "PartitionGuid": "d14bbf8e-ec25-444e-ae65-dfda2fabbd26",
  "PrimaryInstanceGuid": "efedb83a-b8a7-4cc9-9ab5-b409ee5f1664",
  "Instances": {
    "b66f49b2-1c88-43d4-97c6-80586e2a7f53": {
      "$type": "OBBData",
      "Transform": {
        "right": {
          "x": 0.9997761,
          "y": 0.0,
          "z": -0.021163074
        },
        "up": {
          "x": 0.0,
          "y": 1.0,
          "z": 0.0
        },
        "forward": {
          "x": 0.021163002,
          "y": 0.0,
          "z": 0.99977607
        },
        "trans": {
          "x": -131.30643,
          "y": 111.00169,
          "z": -1775.669
        }
      },
      "HalfExtents": {
        "x": 50.00004,
        "y": 10.0,
        "z": 9.999998
      },
      "IndexInBlueprint": 18,
      "IsEventConnectionTarget": 1,
      "IsPropertyConnectionTarget": 3
    },
    "e0dca97b-a1d2-4c7b-9897-7a60d106d82b": {
      "$type": "OBBData",
      "Transform": {
        "right": {
          "x": 1.0,
          "y": 0.0,
          "z": 0.0
        },
        "up": {
          "x": 0.0,
          "y": 1.0,
          "z": 0.0
        },
        "forward": {
          "x": 0.0,
          "y": 0.0,
          "z": 1.0
        },
        "trans": {
          "x": -127.81917,
          "y": 114.71445,
          "z": -1628.413
        }
      },
      "HalfExtents": {
        "x": 10.513459,
        "y": 6.5053005,
        "z": 14.656736
      },
      "IndexInBlueprint": 22,
      "IsEventConnectionTarget": 3,
      "IsPropertyConnectionTarget": 3
    },
    "93f43652-09c1-4d9a-9704-bd29e9cfa1d6": {
      "$type": "OBBData",
      "Transform": {
        "right": {
          "x": 0.7071068,
          "y": 0.0,
          "z": 0.7071068
        },
        "up": {
          "x": 0.0,
          "y": 1.0,
          "z": 0.0
        },
        "forward": {
          "x": -0.7071068,
          "y": 0.0,
          "z": 0.7071068
        },
        "trans": {
          "x": -90.55866,
          "y": 115.19999,
          "z": -1633.6013
        }
      },
      "HalfExtents": {
        "x": 17.371836,
        "y": 6.5053015,
        "z": 11.856175
      },
      "IndexInBlueprint": 23,
      "IsEventConnectionTarget": 1,
      "IsPropertyConnectionTarget": 3
    },
    "de076c74-3905-4daa-8ae3-9445eeab00c5": {
      "$type": "OBBData",
      "Transform": {
        "right": {
          "x": -4.371135E-08,
          "y": 0.0,
          "z": -1.0
        },
        "up": {
          "x": 0.0,
          "y": 1.0,
          "z": 0.0
        },
        "forward": {
          "x": 1.0,
          "y": 0.0,
          "z": -4.3711378E-08
        },
        "trans": {
          "x": -94.05909,
          "y": 114.72901,
          "z": -1673.0974
        }
      },
      "HalfExtents": {
        "x": 2.078958,
        "y": 2.0,
        "z": 14.8702545
      },
      "IndexInBlueprint": 24,
      "IsEventConnectionTarget": 1,
      "IsPropertyConnectionTarget": 3
    },
    "6d95ca25-c8cd-4e6c-9f14-503096756436": {
      "$type": "OBBData",
      "Transform": {
        "right": {
          "x": 1.0,
          "y": 0.0,
          "z": 0.0
        },
        "up": {
          "x": 0.0,
          "y": 1.0,
          "z": 0.0
        },
        "forward": {
          "x": 0.0,
          "y": 0.0,
          "z": 1.0
        },
        "trans": {
          "x": -127.35304,
          "y": 114.60892,
          "z": -1712.281
        }
      },
      "HalfExtents": {
        "x": 5.795334,
        "y": 2.3881662,
        "z": 1.0
      },
      "IndexInBlueprint": 25,
      "IsEventConnectionTarget": 1,
      "IsPropertyConnectionTarget": 3
    },
    "fb3111d3-a205-4016-a950-429c384caf6e": {
      "$type": "SphereData",
      "IsEventConnectionTarget": 3,
      "IsPropertyConnectionTarget": 3,
      "IndexInBlueprint": 21,
      "Position": {
        "x": -90.72723,
        "y": 113.31425,
        "z": -1684.2294
      },
      "Radius": 11.334663
    },
    "1e9e3a36-9070-4f81-aafb-9eb86611c1a3": {
      "$type": "VolumeVectorShapeData",
      "Height": 6.0,
      "Points": [
        {
          "x": -123.19928,
          "y": 113.10342,
          "z": -1690.5978
        },
        {
          "x": -106.95926,
          "y": 113.10342,
          "z": -1694.6779
        },
        {
          "x": -100.69418,
          "y": 113.10342,
          "z": -1712.4792
        },
        {
          "x": -126.91236,
          "y": 113.10342,
          "z": -1712.0176
        }
      ],
      "Normals": [
        {
          "x": 0.0,
          "y": 1.0,
          "z": 0.0
        },
        {
          "x": 0.0,
          "y": 1.0,
          "z": 0.0
        },
        {
          "x": 0.0,
          "y": 1.0,
          "z": 0.0
        },
        {
          "x": 0.0,
          "y": 1.0,
          "z": 0.0
        }
      ],
      "Tension": 0.0,
      "IsClosed": true,
      "AllowRoll": false,
      "IndexInBlueprint": 19,
      "IsEventConnectionTarget": 3,
      "IsPropertyConnectionTarget": 3
    },
    "371bf0a8-4260-4b70-b294-b27945fbda4a": {
      "$type": "VolumeVectorShapeData",
      "Height": 16.0,
      "Points": [
        {
          "x": -105.21102,
          "y": 112.407555,
          "z": -1697.2681
        },
        {
          "x": -102.47237,
          "y": 112.407555,
          "z": -1694.2488
        },
        {
          "x": -101.25421,
          "y": 112.407555,
          "z": -1689.863
        },
        {
          "x": -102.90199,
          "y": 112.407555,
          "z": -1680.6621
        },
        {
          "x": -119.19384,
          "y": 112.407555,
          "z": -1678.2329
        },
        {
          "x": -114.98821,
          "y": 112.407555,
          "z": -1697.366
        }
      ],
      "Normals": [
        {
          "x": 0.0,
          "y": 1.0,
          "z": 0.0
        },
        {
          "x": 0.0,
          "y": 1.0,
          "z": 0.0
        },
        {
          "x": 0.0,
          "y": 1.0,
          "z": 0.0
        },
        {
          "x": 0.0,
          "y": 1.0,
          "z": 0.0
        },
        {
          "x": 0.0,
          "y": 1.0,
          "z": 0.0
        },
        {
          "x": 0.0,
          "y": 1.0,
          "z": 0.0
        }
      ],
      "Tension": 0.0,
      "IsClosed": true,
      "AllowRoll": false,
      "IndexInBlueprint": 20,
      "IsEventConnectionTarget": 3,
      "IsPropertyConnectionTarget": 3
    },
    "efedb83a-b8a7-4cc9-9ab5-b409ee5f1664": {
      "$type": "WorldPartData",
      "Name": "Levels/SP_Tank_b/DriveToBankPlaza_03_Volumes",
      "PropertyConnections": [],
      "LinkConnections": [],
      "EventConnections": [],
      "Descriptor": null,
      "NeedNetworkId": false,
      "InterfaceHasConnections": false,
      "AlwaysCreateEntityBusClient": false,
      "AlwaysCreateEntityBusServer": false,
      "Objects": [
        {
          "PartitionGuid": "d14bbf8e-ec25-444e-ae65-dfda2fabbd26",
          "InstanceGuid": "b66f49b2-1c88-43d4-97c6-80586e2a7f53"
        },
        {
          "PartitionGuid": "d14bbf8e-ec25-444e-ae65-dfda2fabbd26",
          "InstanceGuid": "1e9e3a36-9070-4f81-aafb-9eb86611c1a3"
        },
        {
          "PartitionGuid": "d14bbf8e-ec25-444e-ae65-dfda2fabbd26",
          "InstanceGuid": "371bf0a8-4260-4b70-b294-b27945fbda4a"
        },
        {
          "PartitionGuid": "d14bbf8e-ec25-444e-ae65-dfda2fabbd26",
          "InstanceGuid": "fb3111d3-a205-4016-a950-429c384caf6e"
        },
        {
          "PartitionGuid": "d14bbf8e-ec25-444e-ae65-dfda2fabbd26",