{
  "Name": "levels/sp_tank_b/sp_tank_b/layer16_streamingareas",
  "PartitionGuid": "5234d3fa-4671-4c14-bd8a-7dc52e780bc4",
  "PrimaryInstanceGuid": "a3a20378-2349-4403-827b-9c46bf13fa79",
  "Instances": {
    "72b65db9-63cb-4fb7-bf71-790009be2d1b": {
      "$type": "OBBData",
      "Transform": {
        "right": {
          "x": 1.0,
          "y": 0.0,
          "z": 0.0
        },
        "up": {
          "x": 0.0,
          "y": 1.0,
          "z": 0.0
        },
        "forward": {
          "x": 0.0,
          "y": 0.0,
          "z": 1.0
        },
        "trans": {
          "x": -150.32706,
          "y": 116.11218,
          "z": -1629.7998
        }
      },
      "HalfExtents": {
        "x": 2.8098764,
        "y": 5.7787113,
        "z": 6.5772123
      },
      "IndexInBlueprint": 423,
      "IsEventConnectionTarget": 1,
      "IsPropertyConnectionTarget": 3
    },
    "af4ce324-9698-4c30-a283-e1db59a1fde7": {
      "$type": "OBBData",
      "Transform": {
        "right": {
          "x": 0.33214894,
          "y": 0.0,
          "z": 0.94322705
        },
        "up": {
          "x": 0.0,
          "y": 1.0,
          "z": 0.0
        },
        "forward": {
          "x": -0.94322693,
          "y": 0.0,
          "z": 0.33214897
        },
        "trans": {
          "x": -83.960304,
          "y": 116.29846,
          "z": -1683.7596
        }
      },
      "HalfExtents": {
        "x": 3.0908341,
        "y": 5.200158,
        "z": 32.179974
      },
      "IndexInBlueprint": 424,
      "IsEventConnectionTarget": 1,
      "IsPropertyConnectionTarget": 3
    },
    "99a0c482-d694-4d20-924d-cf7d63f8f58b": {
      "$type": "OBBData",
      "Transform": {
        "right": {
          "x": 1.0,
          "y": 0.0,
          "z": 0.0
        },
        "up": {
          "x": 0.0,
          "y": 1.0,
          "z": 0.0
        },
        "forward": {
          "x": 0.0,
          "y": 0.0,
          "z": 1.0
        },
        "trans": {
          "x": -107.08166,
          "y": 116.66596,
          "z": -1803.8948
        }
      },
      "HalfExtents": {
        "x": 3.5521958,
        "y": 7.4944944,
        "z": 41.919598
      },
      "IndexInBlueprint": 425,
      "IsEventConnectionTarget": 1,
      "IsPropertyConnectionTarget": 3
    },
    "a3a20378-2349-4403-827b-9c46bf13fa79": {
      "$type": "WorldPartData",
      "Name": "Levels/SP_Tank_b/StreamingAreas",
      "PropertyConnections": [],
      "LinkConnections": [],
      "EventConnections": [],
      "Descriptor": null,
      "NeedNetworkId": false,
      "InterfaceHasConnections": false,
      "AlwaysCreateEntityBusClient": false,
      "AlwaysCreateEntityBusServer": false,
      "Objects": [
        {
          "PartitionGuid": "5234d3fa-4671-4c14-bd8a-7dc52e780bc4",
          "InstanceGuid": "72b65db9-63cb-4fb7-bf71-790009be2d1b"
        },
        {
          "PartitionGuid": "5234d3fa-4671-4c14-bd8a-7dc52e780bc4",
          "InstanceGuid": "af4ce324-9698-4c30-a283-e1db59a1fde7"
        },
        {
          "PartitionGuid": "5234d3fa-4671-4c14-bd8a-7dc52e780bc4",
          "InstanceGuid": "99a0c482-d694-4d20-924d-cf7d63f8f58b"
        }
      ],
      "Enabled": true,
      "UseDeferredEntityCreation": false,
      "HackToSolveRealTimeTweakingIssue": "b6d2b064-5b41-ac52-b521-88c0d8ce6098"
    }
  }
}