{
  "Name": "levels/sp_valley/airdrop/layer1_airdropprops",
  "PartitionGuid": "8f73d837-7bef-4aaa-a17e-9bfc0b1d1208",
  "PrimaryInstanceGuid": "d5f6abb5-63ff-46b2-83fd-d7689a362b0e",
  "Instances": {
    "1d4233f3-9824-4aaa-a53f-fb60a0f1e417": {
      "$type": "OBBData",
      "Transform": {
        "right": {
          "x": 0.93547964,
          "y": 0.0,
          "z": 0.3533806
        },
        "up": {
          "x": 0.0,
          "y": 1.0,
          "z": 0.0
        },
        "forward": {
          "x": -0.35338068,
          "y": 0.0,
          "z": 0.9354797
        },
        "trans": {
          "x": 1306.303,
          "y": 109.66245,
          "z": -1461.2465
        }
      },
      "HalfExtents": {
        "x": 17.550499,
        "y": 2.9479392,
        "z": 2.196881
      },
      "IndexInBlueprint": 40,
      "IsEventConnectionTarget": 1,
      "IsPropertyConnectionTarget": 3
    },
    "1f629d14-929e-4940-b613-8f14cdcd9b43": {
      "$type": "ReferenceObjectData",
      "BlueprintTransform": {
        "right": {
          "x": 1.0,
          "y": 0.0,
          "z": 0.0
        },
        "up": {
          "x": 0.0,
          "y": 1.0,
          "z": 0.0
        },
        "forward": {
          "x": 0.0,
          "y": 0.0,
          "z": 1.0
        },
        "trans": {
          "x": 1398.0364,
          "y": 65.4376,
          "z": 406.49664
        }
      },
      "Blueprint": {
        "PartitionGuid": "119de4ff-2d47-11e0-9a2d-bad88157752d",
        "InstanceGuid": "afeee26d-4185-f577-5bf4-d7d3aed63b10"
      },
      "ObjectVariation": null,
      "StreamRealm": 0,
      "CastSunShadowEnable": true,
      "Excluded": false,
      "IndexInBlueprint": 29,
      "IsEventConnectionTarget": 2,
      "IsPropertyConnectionTarget": 2
    },
    "131e4363-25bf-4b00-9129-1a24458f4cd7": {
      "$type": "ReferenceObjectData",
      "BlueprintTransform": {
        "right": {
          "x": -0.9795152,
          "y": 0.0,
          "z": -0.20137048
        },
        "up": {
          "x": 0.0,
          "y": 1.0,
          "z": 0.0
        },
        "forward": {
          "x": 0.20137048,
          "y": 0.0,
          "z": -0.9795152
        },
        "trans": {
          "x": 14.766966,
          "y": 471.93298,
          "z": 1116.2042
        }
      },
      "Blueprint": {
        "PartitionGuid": "b12c4d61-7cc6-42df-91df-900816ead1d2",
        "InstanceGuid": "6fdbb12e-e3df-44e0-9d37-402481af8f2b"
      },
      "ObjectVariation": null,
      "StreamRealm": 0,
      "CastSunShadowEnable": true,
      "Excluded": false,
      "IndexInBlueprint": 30,
      "IsEventConnectionTarget": 2,
      "IsPropertyConnectionTarget": 3
    },
    "fe591dba-8d1e-442a-b55f-0192691ab6d8": {
      "$type": "ReferenceObjectData",
      "BlueprintTransform": {
        "right": {
          "x": -0.99965,
          "y": 0.0,
          "z": -0.026455091
        },
        "up": {
          "x": 0.0,
          "y": 1.0,
          "z": 0.0
        },
        "forward": {
          "x": 0.026455091,
          "y": 0.0,
          "z": -0.99965
        },
        "trans": {
          "x": 710.60376,
          "y": 254.70712,
          "z": 320.07864
        }
      },
      "Blueprint": {
        "PartitionGuid": "5b45226c-edba-4396-b30f-8944487c211f",
        "InstanceGuid": "75dd15d7-3ef6-40de-a442-483b2bb596d0"
      },
      "ObjectVariation": null,
      "StreamRealm": 0,
      "CastSunShadowEnable": true,
      "Excluded": false,
      "IndexInBlueprint": 31,
      "IsEventConnectionTarget": 2,
      "IsPropertyConnectionTarget": 3
    },
    "b928ad99-90c7-4605-b87f-316fd01bd02d": {
      "$type": "ReferenceObjectData",
      "BlueprintTransform": {
        "right": {
          "x": -0.99994206,
          "y": 0.0,
          "z": -0.0107657015
        },
        "up": {
          "x": 0.0,
          "y": 1.0,
          "z": 0.0
        },
        "forward": {
          "x": 0.0107657015,
          "y": 0.0,
          "z": -0.99994206
        },
        "trans": {
          "x": 1231.0121,
          "y": 380.59528,
          "z": 2179.6152
        }
      },
      "Blueprint": {
        "PartitionGuid": "5b45226c-edba-4396-b30f-8944487c211f",
        "InstanceGuid": "75dd15d7-3ef6-40de-a442-483b2bb596d0"
      },
      "ObjectVariation": null,
      "StreamRealm": 0,
      "CastSunShadowEnable": true,
      "Excluded": false,
      "IndexInBlueprint": 32,
      "IsEventConnectionTarget": 2,
      "IsPropertyConnectionTarget": 3
    },
    "4519bcd9-aa82-46c5-afc9-9c7e5040265b": {
      "$type": "ReferenceObjectData",
      "BlueprintTransform": {
        "right": {
          "x": -0.99999994,
          "y": 0.0,
          "z": -0.00040161159
        },
        "up": {
          "x": 0.0,
          "y": 1.0,
          "z": 0.0
        },
        "forward": {
          "x": 0.00040161159,
          "y": 0.0,
          "z": -0.99999994
        },
        "trans": {
          "x": 1398.5421,
          "y": 448.3408,
          "z": 2303.0952
        }
      },
      "Blueprint": {
        "PartitionGuid": "5b45226c-edba-4396-b30f-8944487c211f",
        "InstanceGuid": "75dd15d7-3ef6-40de-a442-483b2bb596d0"
      },
      "ObjectVariation": null,
      "StreamRealm": 0,
      "CastSunShadowEnable": true,
      "Excluded": false,
      "IndexInBlueprint": 33,
      "IsEventConnectionTarget": 2,
      "IsPropertyConnectionTarget": 3
    },
    "34eb8b2a-7460-4384-a809-d669704558f6": {
      "$type": "ReferenceObjectData",
      "BlueprintTransform": {
        "right": {
          "x": -0.9999138,
          "y": 0.0,
          "z": 0.01312971
        },
        "up": {
          "x": 0.0,
          "y": 1.0,
          "z": 0.0
        },
        "forward": {
          "x": -0.01312971,
          "y": 0.0,
          "z": -0.9999138
        },
        "trans": {
          "x": 2238.3518,
          "y": 421.8146,
          "z": 1646.8303
        }
      },
      "Blueprint": {
        "PartitionGuid": "5b45226c-edba-4396-b30f-8944487c211f",
        "InstanceGuid": "75dd15d7-3ef6-40de-a442-483b2bb596d0"
      },
      "ObjectVariation": null,
      "StreamRealm": 0,
      "CastSunShadowEnable": true,
      "Excluded": false,
      "IndexInBlueprint": 34,
      "IsEventConnectionTarget": 2,
      "IsPropertyConnectionTarget": 3
    },
    "b0dfa873-667c-43ca-91ea-f3e3499cc4c8": {
      "$type": "ReferenceObjectData",
      "BlueprintTransform": {
        "right": {
          "x": -0.9997798,
          "y": 0.0,
          "z": -0.020984152
        },
        "up": {
          "x": 0.0,
          "y": 1.0,
          "z": 0.0
        },
        "forward": {
          "x": 0.020984152,
          "y": 0.0,
          "z": -0.9997798
        },
        "trans": {
          "x": -242.80978,
          "y": 513.1478,
          "z": 2007.5917
        }
      },
      "Blueprint": {
        "PartitionGuid": "b12c4d61-7cc6-42df-91df-900816ead1d2",
        "InstanceGuid": "6fdbb12e-e3df-44e0-9d37-402481af8f2b"
      },
      "ObjectVariation": null,
      "StreamRealm": 0,
      "CastSunShadowEnable": true,
      "Excluded": false,
      "IndexInBlueprint": 35,
      "IsEventConnectionTarget": 2,
      "IsPropertyConnectionTarget": 3
    },
    "d75d451a-fcc7-4896-90bc-95e9ed442b9a": {
      "$type": "ReferenceObjectData",
      "BlueprintTransform": {
        "right": {
          "x": -0.9992873,
          "y": 0.0,
          "z": 0.03774708
        },
        "up": {
          "x": 0.0,
          "y": 1.0,
          "z": 0.0
        },
        "forward": {
          "x": -0.03774708,
          "y": 0.0,
          "z": -0.9992873
        },