{
  "Name": "levels/sp_valley/hillside/layer1_hillside_props",
  "PartitionGuid": "810612c3-ada8-43c1-a41c-7ed7910ab2f8",
  "PrimaryInstanceGuid": "b4806907-7487-462f-883b-0e19ae090695",
  "Instances": {
    "382f61ec-f852-4321-8a21-ee839fd14523": {
      "$type": "ReferenceObjectData",
      "BlueprintTransform": {
        "right": {
          "x": -0.69382423,
          "y": -0.13614388,
          "z": -0.47489074
        },
        "up": {
          "x": -0.08162256,
          "y": 0.8390899,
          "z": -0.12130261
        },
        "forward": {
          "x": 0.4872308,
          "y": -0.053304162,
          "z": -0.69657266
        },
        "trans": {
          "x": 1287.4375,
          "y": 88.25671,
          "z": -1266.1436
        }
      },
      "Blueprint": {
        "PartitionGuid": "88e2beaa-342b-11e0-ab9c-9396f98597a7",
        "InstanceGuid": "50ffda6f-d970-bcc5-b1cf-e2aaa01fc6cf"
      },
      "ObjectVariation": null,
      "StreamRealm": 0,
      "CastSunShadowEnable": true,
      "Excluded": false,
      "IndexInBlueprint": 125,
      "IsEventConnectionTarget": 3,
      "IsPropertyConnectionTarget": 3
    },
    "b46e6f48-4083-4c7f-8f28-02b781b61136": {
      "$type": "ReferenceObjectData",
      "BlueprintTransform": {
        "right": {
          "x": -0.5473446,
          "y": 0.14326538,
          "z": -0.37809882
        },
        "up": {
          "x": 0.16512033,
          "y": 0.66006243,
          "z": 0.011071713
        },
        "forward": {
          "x": 0.3690782,
          "y": -0.08283954,
          "z": -0.5656755
        },
        "trans": {
          "x": 1289.1693,
          "y": 88.129295,
          "z": -1267.5062
        }
      },
      "Blueprint": {
        "PartitionGuid": "88e2beaa-342b-11e0-ab9c-9396f98597a7",
        "InstanceGuid": "50ffda6f-d970-bcc5-b1cf-e2aaa01fc6cf"
      },
      "ObjectVariation": null,
      "StreamRealm": 0,
      "CastSunShadowEnable": true,
      "Excluded": false,
      "IndexInBlueprint": 126,
      "IsEventConnectionTarget": 3,
      "IsPropertyConnectionTarget": 3
    },
    "7cc32844-9afe-4e48-9652-209fb6867332": {
      "$type": "ReferenceObjectData",
      "BlueprintTransform": {
        "right": {
          "x": -0.56614786,
          "y": 0.0089191,
          "z": -0.3807252
        },
        "up": {
          "x": 0.044557,
          "y": 0.6789948,
          "z": -0.05035123
        },
        "forward": {
          "x": 0.37821382,
          "y": -0.066640995,
          "z": -0.56397516
        },
        "trans": {
          "x": 1285.2965,
          "y": 88.23448,
          "z": -1264.8301
        }
      },
      "Blueprint": {
        "PartitionGuid": "88e2beaa-342b-11e0-ab9c-9396f98597a7",
        "InstanceGuid": "50ffda6f-d970-bcc5-b1cf-e2aaa01fc6cf"
      },
      "ObjectVariation": null,
      "StreamRealm": 0,
      "CastSunShadowEnable": true,
      "Excluded": false,
      "IndexInBlueprint": 127,
      "IsEventConnectionTarget": 3,
      "IsPropertyConnectionTarget": 3
    },
    "2686b950-9772-421a-98d3-f8c673994c12": {
      "$type": "ReferenceObjectData",
      "BlueprintTransform": {
        "right": {
          "x": -0.5473446,
          "y": 0.14326537,
          "z": -0.37809885
        },
        "up": {
          "x": 0.16512032,
          "y": 0.66006243,
          "z": 0.011071713
        },
        "forward": {
          "x": 0.36907822,
          "y": -0.08283954,
          "z": -0.5656755
        },
        "trans": {
          "x": 1286.8582,
          "y": 87.698944,
          "z": -1264.594
        }
      },
      "Blueprint": {
        "PartitionGuid": "88e2beaa-342b-11e0-ab9c-9396f98597a7",
        "InstanceGuid": "50ffda6f-d970-bcc5-b1cf-e2aaa01fc6cf"
      },
      "ObjectVariation": null,
      "StreamRealm": 0,
      "CastSunShadowEnable": true,
      "Excluded": false,
      "IndexInBlueprint": 128,
      "IsEventConnectionTarget": 3,
      "IsPropertyConnectionTarget": 3
    },
    "4c2d1912-f804-46e0-9623-5458ed3e705c": {
      "$type": "ReferenceObjectData",
      "BlueprintTransform": {
        "right": {
          "x": -0.5456406,
          "y": 0.1519978,
          "z": -0.38043085
        },
        "up": {
          "x": 0.24325743,
          "y": 0.6300297,
          "z": -0.09717445
        },
        "forward": {
          "x": 0.32963088,
          "y": -0.21333955,
          "z": -0.5580183
        },
        "trans": {
          "x": 1284.565,
          "y": 87.82712,
          "z": -1261.676
        }
      },
      "Blueprint": {
        "PartitionGuid": "88e2beaa-342b-11e0-ab9c-9396f98597a7",
        "InstanceGuid": "50ffda6f-d970-bcc5-b1cf-e2aaa01fc6cf"
      },
      "ObjectVariation": null,
      "StreamRealm": 0,
      "CastSunShadowEnable": true,
      "Excluded": false,
      "IndexInBlueprint": 129,
      "IsEventConnectionTarget": 3,
      "IsPropertyConnectionTarget": 3
    },
    "65257a0e-ad26-4265-9ef7-13b054b258ef": {
      "$type": "ReferenceObjectData",
      "BlueprintTransform": {
        "right": {
          "x": -1.095256,
          "y": 0.28667915,
          "z": -0.7565892
        },
        "up": {
          "x": 0.33041152,
          "y": 1.3208084,
          "z": 0.022154873
        },
        "forward": {
          "x": 0.7385387,
          "y": -0.16576487,
          "z": -1.1319367
        },
        "trans": {
          "x": 1282.572,
          "y": 87.608925,
          "z": -1260.4783
        }
      },
      "Blueprint": {
        "PartitionGuid": "88e2beaa-342b-11e0-ab9c-9396f98597a7",
        "InstanceGuid": "50ffda6f-d970-bcc5-b1cf-e2aaa01fc6cf"
      },
      "ObjectVariation": null,
      "StreamRealm": 0,
      "CastSunShadowEnable": true,
      "Excluded": false,
      "IndexInBlueprint": 130,
      "IsEventConnectionTarget": 3,
      "IsPropertyConnectionTarget": 3
    },
    "6a9b72a4-2fdd-46c8-8845-14f2b5e75963": {
      "$type": "ReferenceObjectData",
      "BlueprintTransform": {
        "right": {
          "x": -0.5456406,
          "y": 0.1519978,
          "z": -0.38043085
        },
        "up": {
          "x": 0.24325743,
          "y": 0.6300297,
          "z": -0.09717443
        },
        "forward": {
          "x": 0.32963088,
          "y": -0.21333955,
          "z": -0.5580183
        },
        "trans": {
          "x": 1282.5464,
          "y": 87.8484,
          "z": -1261.009
        }
      },
      "Blueprint": {
        "PartitionGuid": "88e2beaa-342b-11e0-ab9c-9396f98597a7",
        "InstanceGuid": "50ffda6f-d970-bcc5-b1cf-e2aaa01fc6cf"
      },
      "ObjectVariation": null,
      "StreamRealm": 0,
      "CastSunShadowEnable": true,
      "Excluded": false,
      "IndexInBlueprint": 131,
      "IsEventConnectionTarget": 3,
      "IsPropertyConnectionTarget": 3
    },
    "87629421-d563-4471-8176-890d7c03f2f4": {
      "$type": "ReferenceObjectData",
      "BlueprintTransform": {
        "right": {
          "x": -0.5473446,
          "y": 0.14326538,
          "z": -0.37809882
        },
        "up": {
          "x": 0.16512033,
          "y": 0.66006243,
          "z": 0.011071713
        },
        "forward": {
          "x": 0.3690782,
          "y": -0.08283954,
          "z": -0.5656755
        },
        "trans": {
          "x": 1282.3658,
          "y": 87.84741,
          "z": -1260.0941
        }
      },
      "Blueprint": {
        "PartitionGuid": "88e2beaa-342b-11e0-ab9c-9396f98597a7",
        "InstanceGuid": "50ffda6f-d970-bcc5-b1cf-e2aaa01fc6cf"
      },
      "ObjectVariation": null,
      "StreamRealm": 0,
      "CastSunShadowEnable": true,
      "Excluded": false,
      "IndexInBlueprint": 132,