{
  "Name": "levels/sp_valley/ridge/layer1_ridge_props",
  "PartitionGuid": "6e05633b-1c5b-4aba-9790-415be79ad209",
  "PrimaryInstanceGuid": "c977f449-cddd-4519-92c0-3b3b7908a70d",
  "Instances": {
    "f73a1ac6-0a7a-4d79-b79a-69c5371cc837": {
      "$type": "ReferenceObjectData",
      "BlueprintTransform": {
        "right": {
          "x": -1.1622713,
          "y": 0.067324914,
          "z": -0.2908483
        },
        "up": {
          "x": 0.082239136,
          "y": 1.1960585,
          "z": -0.051778287
        },
        "forward": {
          "x": 0.28698802,
          "y": -0.07008261,
          "z": -1.1630677
        },
        "trans": {
          "x": 1249.2085,
          "y": 120.61634,
          "z": -1416.6334
        }
      },
      "Blueprint": {
        "PartitionGuid": "e7d90be0-8c50-11e0-8d30-e7d6db601a7a",
        "InstanceGuid": "fcb7701d-63bd-288a-d5b9-202c1fb3cf19"
      },
      "ObjectVariation": null,
      "StreamRealm": 0,
      "CastSunShadowEnable": true,
      "Excluded": false,
      "IndexInBlueprint": 44,
      "IsEventConnectionTarget": 3,
      "IsPropertyConnectionTarget": 3
    },
    "964987b5-7d3b-4d56-be79-5e00cee6a67e": {
      "$type": "ReferenceObjectData",
      "BlueprintTransform": {
        "right": {
          "x": 1.1757601,
          "y": 0.0,
          "z": 0.23997548
        },
        "up": {
          "x": 0.0,
          "y": 1.2,
          "z": 0.0
        },
        "forward": {
          "x": -0.23997547,
          "y": 0.0,
          "z": 1.1757601
        },
        "trans": {
          "x": 1314.3558,
          "y": 113.47189,
          "z": -1401.0573
        }
      },
      "Blueprint": {
        "PartitionGuid": "e223a737-5092-11e0-bb07-f56cf2453635",
        "InstanceGuid": "b5d3981c-e50d-c58e-d3ef-eb8688f27c13"
      },
      "ObjectVariation": {
        "PartitionGuid": "69586a32-d94f-11e0-b35a-c0734ef28b5d",
        "InstanceGuid": "475a7b12-debb-6f99-076e-7643e765873f"
      },
      "StreamRealm": 0,
      "CastSunShadowEnable": true,
      "Excluded": false,
      "IndexInBlueprint": 45,
      "IsEventConnectionTarget": 3,
      "IsPropertyConnectionTarget": 3
    },
    "0f003112-8bbd-4c30-9a16-c9399e812829": {
      "$type": "ReferenceObjectData",
      "BlueprintTransform": {
        "right": {
          "x": 1.1757601,
          "y": 0.0,
          "z": 0.23997548
        },
        "up": {
          "x": 0.0,
          "y": 1.2,
          "z": 0.0
        },
        "forward": {
          "x": -0.23997547,
          "y": 0.0,
          "z": 1.1757601
        },
        "trans": {
          "x": 1280.6041,
          "y": 114.408295,
          "z": -1408.708
        }
      },
      "Blueprint": {
        "PartitionGuid": "e223a737-5092-11e0-bb07-f56cf2453635",
        "InstanceGuid": "b5d3981c-e50d-c58e-d3ef-eb8688f27c13"
      },
      "ObjectVariation": {
        "PartitionGuid": "69586a32-d94f-11e0-b35a-c0734ef28b5d",
        "InstanceGuid": "475a7b12-debb-6f99-076e-7643e765873f"
      },
      "StreamRealm": 0,
      "CastSunShadowEnable": true,
      "Excluded": false,
      "IndexInBlueprint": 46,
      "IsEventConnectionTarget": 3,
      "IsPropertyConnectionTarget": 3
    },
    "b80f2bb2-d64b-47b5-a0bb-724701417e28": {
      "$type": "ReferenceObjectData",
      "BlueprintTransform": {
        "right": {
          "x": 1.1757601,
          "y": 0.0,
          "z": 0.23997548
        },
        "up": {
          "x": 0.0,
          "y": 1.2,
          "z": 0.0
        },
        "forward": {
          "x": -0.23997547,
          "y": 0.0,
          "z": 1.1757601
        },
        "trans": {
          "x": 1321.6384,
          "y": 111.98926,
          "z": -1379.3967
        }
      },
      "Blueprint": {
        "PartitionGuid": "e223a737-5092-11e0-bb07-f56cf2453635",
        "InstanceGuid": "b5d3981c-e50d-c58e-d3ef-eb8688f27c13"
      },
      "ObjectVariation": {
        "PartitionGuid": "69586a32-d94f-11e0-b35a-c0734ef28b5d",
        "InstanceGuid": "475a7b12-debb-6f99-076e-7643e765873f"
      },
      "StreamRealm": 0,
      "CastSunShadowEnable": true,
      "Excluded": false,
      "IndexInBlueprint": 47,
      "IsEventConnectionTarget": 3,
      "IsPropertyConnectionTarget": 3
    },
    "e98a91b4-8b78-4c2a-b3f5-41f5bca7d9bb": {
      "$type": "ReferenceObjectData",
      "BlueprintTransform": {
        "right": {
          "x": -0.0435425,
          "y": 0.0,
          "z": 1.1992098
        },
        "up": {
          "x": 0.0,
          "y": 1.2,
          "z": 0.0
        },
        "forward": {
          "x": -1.1992098,
          "y": 0.0,
          "z": -0.043542475
        },
        "trans": {
          "x": 1285.4716,
          "y": 114.452644,
          "z": -1413.1437
        }
      },
      "Blueprint": {
        "PartitionGuid": "e223a737-5092-11e0-bb07-f56cf2453635",
        "InstanceGuid": "b5d3981c-e50d-c58e-d3ef-eb8688f27c13"
      },
      "ObjectVariation": {
        "PartitionGuid": "69586a32-d94f-11e0-b35a-c0734ef28b5d",
        "InstanceGuid": "475a7b12-debb-6f99-076e-7643e765873f"
      },
      "StreamRealm": 0,
      "CastSunShadowEnable": true,
      "Excluded": false,
      "IndexInBlueprint": 48,
      "IsEventConnectionTarget": 3,
      "IsPropertyConnectionTarget": 3
    },
    "6ac1e5c6-0354-4e38-b814-9f5bf74c2ba9": {
      "$type": "ReferenceObjectData",
      "BlueprintTransform": {
        "right": {
          "x": 1.1812261,
          "y": -0.115042515,
          "z": -0.17739862
        },
        "up": {
          "x": 0.129036,
          "y": 1.1898216,
          "z": 0.087603
        },
        "forward": {
          "x": 0.16749552,
          "y": -0.10530814,
          "z": 1.1835774
        },
        "trans": {
          "x": 1280.2915,
          "y": 119.85499,
          "z": -1436.9374
        }
      },
      "Blueprint": {
        "PartitionGuid": "e7d90be0-8c50-11e0-8d30-e7d6db601a7a",
        "InstanceGuid": "fcb7701d-63bd-288a-d5b9-202c1fb3cf19"
      },
      "ObjectVariation": null,
      "StreamRealm": 0,
      "CastSunShadowEnable": true,
      "Excluded": false,
      "IndexInBlueprint": 49,
      "IsEventConnectionTarget": 3,
      "IsPropertyConnectionTarget": 3
    },
    "e21c75dd-b5ac-451e-bf47-e2c2c6e2fc00": {
      "$type": "ReferenceObjectData",
      "BlueprintTransform": {
        "right": {
          "x": 0.2192045,
          "y": 5.15076E-09,
          "z": 0.97567904
        },
        "up": {
          "x": -0.2400041,
          "y": 0.9692732,
          "z": 0.053921394
        },
        "forward": {
          "x": -0.94569945,
          "y": -0.24598677,
          "z": 0.21246904
        },
        "trans": {
          "x": 1318.3059,
          "y": 118.4274,
          "z": -1435.7151
        }
      },
      "Blueprint": {
        "PartitionGuid": "e7d90be0-8c50-11e0-8d30-e7d6db601a7a",
        "InstanceGuid": "fcb7701d-63bd-288a-d5b9-202c1fb3cf19"
      },
      "ObjectVariation": null,
      "StreamRealm": 0,
      "CastSunShadowEnable": true,
      "Excluded": false,
      "IndexInBlueprint": 50,
      "IsEventConnectionTarget": 3,
      "IsPropertyConnectionTarget": 3
    },
    "25ab4d46-ada0-4f3c-af58-277e7c682d2d": {
      "$type": "ReferenceObjectData",
      "BlueprintTransform": {
        "right": {
          "x": 0.5639126,
          "y": 0.11558095,
          "z": 0.81770635
        },
        "up": {
          "x": -6.783732E-09,
          "y": 0.99015766,
          "z": -0.13995655
        },
        "forward": {
          "x": -0.8258346,
          "y": 0.07892326,
          "z": 0.5583623
        },
        "trans": {
          "x": 1316.9419,
          "y": 108.650665,