{
  "Name": "fx/dlc/xp1/destruction/specific/electrictower/emitters/em_dlc_destruct_electrictower_spritesparks_01",
  "PartitionGuid": "84417403-2f43-4801-a874-6ed60573a2a5",
  "PrimaryInstanceGuid": "4c3315f2-f4aa-4d2c-b36b-e545ac275056",
  "Instances": {
    "0e322881-5753-4a3f-80eb-5cc2ccde2174": {
      "$type": "UpdateSizeData",
      "DefaultValues": {
        "x": 1.0,
        "y": 1.0,
        "z": 1.0,
        "w": 1.0
      },
      "NextProcessor": {
        "PartitionGuid": "84417403-2f43-4801-a874-6ed60573a2a5",
        "InstanceGuid": "47aadda5-2ac7-4f37-a037-2fc589739cc3"
      },
      "Pre": {
        "PartitionGuid": "84417403-2f43-4801-a874-6ed60573a2a5",
        "InstanceGuid": "b671ffcb-c2b7-4e88-bbf1-1036ec07e7bc"
      },
      "EvaluatorInput": 2,
      "Enable": true,
      "Pivot": {
        "x": 0.0,
        "y": 0.0
      }
    },
    "1303f544-0885-41db-98ef-aa2bdd30d96d": {
      "$type": "PolynomialData",
      "EmitterParameter": 0,
      "Coefficients": {
        "x": 0.0,
        "y": 1.0023742,
        "z": -1.9978995,
        "w": 1.0044645
      },
      "ScaleValue": 1.0,
      "MinClamp": 0.0,
      "MaxClamp": 1.0
    },
    "186cab79-fd41-4f2f-80b9-372ef9709a9b": {
      "$type": "GravityData",
      "DefaultValues": {
        "x": 1.0,
        "y": 1.0,
        "z": 1.0,
        "w": 1.0
      },
      "NextProcessor": {
        "PartitionGuid": "84417403-2f43-4801-a874-6ed60573a2a5",
        "InstanceGuid": "3d437017-56ba-43b1-87f4-f35576177f93"
      },
      "Pre": null,
      "EvaluatorInput": 2,
      "Enable": true,
      "Gravity": 1.0
    },
    "2ad30c88-5e67-4d1e-ae8e-6e515aee3b12": {
      "$type": "PolynomialData",
      "EmitterParameter": 0,
      "Coefficients": {
        "x": 10.116386,
        "y": -15.24131,
        "z": 7.1503577,
        "w": -0.015372845
      },
      "ScaleValue": 1.0,
      "MinClamp": 0.1,
      "MaxClamp": 1.0
    },
    "3cdf4b64-2883-4321-a3e8-8d2c1e827e09": {
      "$type": "RotateVectorData",
      "EmitterParameter": 0,
      "Angle": 180.0,
      "RotateWithinPlane": false,
      "InputAffectsPhi": true
    },
    "3d437017-56ba-43b1-87f4-f35576177f93": {
      "$type": "UpdateAlphaLevelScaleData",
      "DefaultValues": {
        "x": 1.0,
        "y": 1.0,
        "z": 1.0,
        "w": 1.0
      },
      "NextProcessor": {
        "PartitionGuid": "84417403-2f43-4801-a874-6ed60573a2a5",
        "InstanceGuid": "fe0bb0b4-038e-4354-9811-21d3aacd3582"
      },
      "Pre": {
        "PartitionGuid": "84417403-2f43-4801-a874-6ed60573a2a5",
        "InstanceGuid": "2ad30c88-5e67-4d1e-ae8e-6e515aee3b12"
      },
      "EvaluatorInput": 2,
      "Enable": true,
      "Exponent": 7.857
    },
    "43f0df26-7194-4fe5-a366-205f0516c861": {
      "$type": "SpawnRateData",
      "DefaultValues": {
        "x": 1.0,
        "y": 1.0,
        "z": 1.0,
        "w": 1.0
      },
      "NextProcessor": {
        "PartitionGuid": "84417403-2f43-4801-a874-6ed60573a2a5",
        "InstanceGuid": "b24c26a8-5179-4a24-ad10-44343c92fed6"
      },
      "Pre": null,
      "EvaluatorInput": 1,
      "Enable": true,
      "SpawnRate": 500.0,
      "TrailSegmentLength": 5.0,
      "DistributeOverTime": true,
      "DistributeOverDistance": false
    },
    "471077aa-def2-41da-b5ec-6e40951de7c9": {
      "$type": "RandomEvaluatorData",
      "EmitterParameter": 0,
      "Max": 1.0,
      "Min": 0.4
    },
    "47aadda5-2ac7-4f37-a037-2fc589739cc3": {
      "$type": "SpawnSizeData",
      "DefaultValues": {
        "x": 1.0,
        "y": 1.0,
        "z": 1.0,
        "w": 1.0
      },
      "NextProcessor": {
        "PartitionGuid": "84417403-2f43-4801-a874-6ed60573a2a5",
        "InstanceGuid": "d9f47cb4-2432-479d-9633-d33f45a7ef00"
      },
      "Pre": {
        "PartitionGuid": "84417403-2f43-4801-a874-6ed60573a2a5",
        "InstanceGuid": "471077aa-def2-41da-b5ec-6e40951de7c9"
      },
      "EvaluatorInput": 1,
      "Enable": true,
      "Size": 1.0
    },
    "4c3315f2-f4aa-4d2c-b36b-e545ac275056": {
      "$type": "EmitterTemplateData",
      "PointLightIntensity": {
        "x": 0.0,
        "y": 0.0,
        "z": 0.0,
        "w": 1.0
      },
      "PointLightPivot": {
        "x": 0.0,
        "y": 0.0,
        "z": 0.0
      },
      "PointLightColor": {
        "x": 1.0,
        "y": 1.0,
        "z": 1.0
      },
      "MaxCount": 4,
      "Name": "FX/DLC/XP1/Destruction/Specific/ElectricTower/Emitters/Em_DLC_Destruct_ElectricTower_SpriteSparks_01",
      "TimeScale": 1.0,
      "LifetimeFrameCount": 0,
      "Lifetime": 0.1,
      "RootProcessor": {
        "PartitionGuid": "84417403-2f43-4801-a874-6ed60573a2a5",
        "InstanceGuid": "cef394ce-9ce7-4cd5-a862-b2e964578a4e"
      },
      "VisibleAfterDistance": 0.0,
      "ZOcclusionLookup": [],
      "EmittableType": 2,
      "Mesh": null,
      "DistanceScaleNearValue": 0.5,
      "PointLightRadius": 20.0,
      "VertexPixelLightingBlendFactor": 0.0,
      "GlobalLocalNormalBlendFactor": 0.0,
      "SoftParticlesFadeDistanceMultiplier": -0.125,
      "LightWrapAroundFactor": 0.5,
      "LightMultiplier": 1.0,
      "DistanceScaleFarValue": 1.0,
      "PointLightRandomIntensityMin": 1.0,
      "MeshCullingDistance": 0.0,
      "PointLightRandomIntensityMax": 1.0,
      "MaxSpawnDistance": 0.0,
      "MinScreenArea": 1.0,
      "DistanceScaleLength": 15.0,
      "PointLightMaxClamp": 1.0,
      "ParticleCullingFactor": 0.4,
      "PointLightMinClamp": 0.0,
      "FollowSpawnSource": false,
      "RepeatParticleSpawning": false,
      "Emissive": true,
      "ExclusionVolumeCullEnable": false,
      "TransparencySunShadowEnable": false,
      "ForceFullRes": false,
      "LocalSpace": false,
      "Opaque": false,
      "ActAsPointLight": false,
      "KillParticlesWithEmitter": false,
      "ForceNiceSorting": false
    },
    "51a9f44d-b664-457f-b27d-733a744fbaf7": {
      "$type": "SpawnRotationSpeedData",
      "DefaultValues": {
        "x": 1.0,
        "y": 1.0,
        "z": 1.0,
        "w": 1.0
      },
      "NextProcessor": {
        "PartitionGuid": "84417403-2f43-4801-a874-6ed60573a2a5",
        "InstanceGuid": "0e322881-5753-4a3f-80eb-5cc2ccde2174"
      },
      "Pre": {
        "PartitionGuid": "84417403-2f43-4801-a874-6ed60573a2a5",
        "InstanceGuid": "7cca437d-da72-4683-b2f6-a8f96a908731"
      },
      "EvaluatorInput": 1,
      "Enable": true,
      "RotationSpeed": 0.125
    },
    "53983bf9-6c3a-4766-972a-ac0bd2a1cd42": {
      "$type": "PolynomialData",
      "EmitterParameter": 0,
      "Coefficients": {
        "x": 0.0,
        "y": -0.78749967,
        "z": -0.18656325,
        "w": 0.9740629
      },
      "ScaleValue": 1.0,
      "MinClamp": 0.0,
      "MaxClamp": 1.0
    },
    "5e0cad97-6774-43d1-b7b6-c0b6f89d65c7": {
      "$type": "PolynomialData",
      "EmitterParameter": 0,
      "Coefficients": {
        "x": 0.0,
        "y": 0.0,
        "z": 0.0,
        "w": 1.0
      },
      "ScaleValue": 1.0,
      "MinClamp": 0.0,
      "MaxClamp": 1.0
    },
    "693c88f1-3cfa-403e-8b38-b249f0aa62d3": {
      "$type": "UpdateTransparencyData",
      "DefaultValues": {
        "x": 1.0,
        "y": 1.0,
        "z": 1.0,
        "w": 1.0
      },
      "NextProcessor": {
        "PartitionGuid": "84417403-2f43-4801-a874-6ed60573a2a5",
        "InstanceGuid": "cd84677e-fa8b-85e4-4129-f9dc777a9ee4"
      },
      "Pre": {
        "PartitionGuid": "84417403-2f43-4801-a874-6ed60573a2a5",
        "InstanceGuid": "1303f544-0885-41db-98ef-aa2bdd30d96d"
      },
      "EvaluatorInput": 2,
      "Enable": true,
      "CullThreshold": 0.2
    },
    "6fe333e0-01f9-40be-8f68-2390e0e4047f": {
      "$type": "SpawnRotationData",