{
  "Name": "animations/characters/sp/sp_sniper/albashir_escaping/albashir_escaping_skeleton",
  "PartitionGuid": "463817b1-bc60-11e0-b6b0-ce6b70165ed3",
  "PrimaryInstanceGuid": "21c02f95-04ca-64c3-4f9d-e0eb8bd2c6fa",
  "Instances": {
    "21c02f95-04ca-64c3-4f9d-e0eb8bd2c6fa": {
      "$type": "SkeletonAsset",
      "Name": "Animations/Characters/SP/SP_Sniper/AlBashir_Escaping/Albashir_Escaping_Skeleton",
      "BoneNames": [
        "Reference",
        "AITrajectory",
        "Base",
        "WheelFL",
        "WheelFR",
        "WheelBL",
        "WheelBR"
      ],
      "Hierarchy": [
        -1,
        0,
        1,
        2,
        2,
        2,
        2
      ],
      "LocalPose": [
        {
          "right": {
            "x": 1.0,
            "y": 0.0,
            "z": 0.0
          },
          "up": {
            "x": -0.0,
            "y": 1.0,
            "z": 0.0
          },
          "forward": {
            "x": 0.0,
            "y": -0.0,
            "z": 1.0
          },
          "trans": {
            "x": 9.094947E-15,
            "y": -9.094947E-15,
            "z": 0.0
          }
        },
        {
          "right": {
            "x": 1.0,
            "y": 0.0,
            "z": 0.0
          },
          "up": {
            "x": -0.0,
            "y": 1.0,
            "z": 0.0
          },
          "forward": {
            "x": 0.0,
            "y": -0.0,
            "z": 1.0
          },
          "trans": {
            "x": 0.0,
            "y": 0.0,
            "z": 0.0
          }
        },
        {
          "right": {
            "x": 0.3917736,
            "y": 0.085220754,
            "z": 0.91610634
          },
          "up": {
            "x": -0.061063517,
            "y": 0.9959141,
            "z": -0.066531
          },
          "forward": {
            "x": -0.91803306,
            "y": -0.029875584,
            "z": 0.39537674
          },
          "trans": {
            "x": 137.10986,
            "y": 64.004814,
            "z": -69.91552
          }
        },
        {
          "right": {
            "x": 0.99996966,
            "y": 3.0531133E-16,
            "z": 0.007789784
          },
          "up": {
            "x": 0.0076426473,
            "y": -0.1934426,
            "z": -0.98108184
          },
          "forward": {
            "x": 0.0015068761,
            "y": 0.9811116,
            "z": -0.19343673
          },
          "trans": {
            "x": 0.84858155,
            "y": 0.3625109,
            "z": 1.5639313
          }
        },
        {
          "right": {
            "x": 0.9624528,
            "y": 1.3877788E-16,
            "z": -0.27144897
          },
          "up": {
            "x": -0.15692341,
            "y": 0.81596917,
            "z": -0.5563896
          },
          "forward": {
            "x": 0.221494,
            "y": 0.5780954,
            "z": 0.78533185
          },
          "trans": {
            "x": -0.84858155,
            "y": 0.5421484,
            "z": 1.5639313
          }
        },
        {
          "right": {
            "x": 1.0,
            "y": 2.0816682E-16,
            "z": 3.330669E-16
          },
          "up": {
            "x": 6.171061E-18,
            "y": 0.83956647,
            "z": -0.543257
          },
          "forward": {
            "x": -3.927199E-16,
            "y": 0.543257,
            "z": 0.83956647
          },
          "trans": {
            "x": 0.84858155,
            "y": 0.2798088,
            "z": -1.2785445
          }
        },
        {
          "right": {
            "x": 1.0,
            "y": 2.0816682E-16,
            "z": 3.330669E-16
          },
          "up": {
            "x": 6.171061E-18,
            "y": 0.83956647,
            "z": -0.543257
          },
          "forward": {
            "x": -3.927199E-16,
            "y": 0.543257,
            "z": 0.83956647
          },
          "trans": {
            "x": -0.84858155,
            "y": 0.46384114,
            "z": -1.2785445
          }
        }
      ],
      "ModelPose": [
        {
          "right": {
            "x": 1.0,
            "y": 0.0,
            "z": 0.0
          },
          "up": {
            "x": 0.0,
            "y": 1.0,
            "z": 0.0
          },
          "forward": {
            "x": 0.0,
            "y": 0.0,
            "z": 1.0
          },
          "trans": {
            "x": 9.094947E-15,
            "y": -9.094947E-15,
            "z": 0.0
          }
        },
        {
          "right": {
            "x": 1.0,
            "y": 0.0,
            "z": 0.0
          },
          "up": {
            "x": 0.0,
            "y": 1.0,
            "z": 0.0
          },
          "forward": {
            "x": 0.0,
            "y": 0.0,
            "z": 1.0
          },
          "trans": {
            "x": 9.094947E-15,
            "y": -9.094947E-15,
            "z": 0.0
          }
        },
        {
          "right": {
            "x": 0.3917736,
            "y": 0.085220754,
            "z": 0.91610634
          },
          "up": {
            "x": -0.061063517,
            "y": 0.9959141,
            "z": -0.066531
          },
          "forward": {
            "x": -0.91803306,
            "y": -0.029875584,
            "z": 0.39537674
          },
          "trans": {
            "x": 137.10986,
            "y": 64.004814,
            "z": -69.91552
          }
        },
        {
          "right": {
            "x": 0.38461044,
            "y": 0.08498544,
            "z": 0.91915846
          },
          "up": {
            "x": 0.91547203,
            "y": -0.1626905,
            "z": -0.36802554
          },
          "forward": {
            "x": 0.118261546,
            "y": 0.9830103,
            "z": -0.14037426
          },
          "trans": {
            "x": 135.98444,
            "y": 64.39144,
            "z": -68.54391
          }
        },
        {
          "right": {
            "x": 0.6262628,
            "y": 0.09013065,
            "z": 0.77438456
          },
          "up": {
            "x": 0.39947963,
            "y": 0.81588453,
            "z": -0.41802928
          },
          "forward": {
            "x": -0.6694856,
            "y": 0.571147,
            "z": 0.47495273
          },
          "trans": {
            "x": 135.30855,
            "y": 64.42571,
            "z": -70.11064
          }
        },
        {
          "right": {
            "x": 0.3917736,
            "y": 0.085220754,
            "z": 0.91610634
          },
          "up": {
            "x": 0.447461,
            "y": 0.8523662,
            "z": -0.2706484
          },
          "forward": {
            "x": -0.803923,
            "y": 0.5159548,
            "z": 0.29580164
          },
          "trans": {
            "x": 138.59898,
            "y": 64.394,
            "z": -69.662254
          }
        },
        {
          "right": {
            "x": 0.3917736,
            "y": 0.085220754,
            "z": 0.91610634
          },
          "up": {
            "x": 0.447461,
            "y": 0.8523662,
            "z": -0.2706484
          },
          "forward": {
            "x": -0.803923,
            "y": 0.5159548,
            "z": 0.29580164
          },
          "trans": {
            "x": 137.92284,
            "y": 64.43265,
            "z": -71.22928
          }
        }
      ],
      "WeaponBoneName": "Wep_Root",
      "HeadBoneName": "Head",
      "HipBoneName": "Hips",
      "CameraBoneName": "cameraJoint"
    }
  }
}