{
  "Name": "fx/destruction/specific/architecture/barrack_02/emitters/em_destruct_architecture_barrack_02_spritedebris_01",
  "PartitionGuid": "7aa3665c-5237-4be7-82d8-89add0afe091",
  "PrimaryInstanceGuid": "a9a0170f-d278-40f5-8d7b-bd7c22d93c35",
  "Instances": {
    "043cdeba-dbb6-4519-8b1e-e8a6e2973d13": {
      "$type": "PolynomialData",
      "EmitterParameter": 0,
      "Coefficients": {
        "x": 0.0,
        "y": -4.030866,
        "z": 2.654575,
        "w": 1.327777
      },
      "ScaleValue": 1.0,
      "MinClamp": 0.0,
      "MaxClamp": 1.0
    },
    "125b06f7-42de-468f-8918-a0ed8cb9e26e": {
      "$type": "UpdateAgeData",
      "DefaultValues": {
        "x": 1.0,
        "y": 1.0,
        "z": 1.0,
        "w": 1.0
      },
      "NextProcessor": {
        "PartitionGuid": "7aa3665c-5237-4be7-82d8-89add0afe091",
        "InstanceGuid": "403fb086-7546-43eb-8b50-2ba2e082bb39"
      },
      "Pre": null,
      "EvaluatorInput": 2,
      "Enable": true,
      "Lifetime": 1.5
    },
    "12e6a981-73d8-464f-80a8-9283a5b79588": {
      "$type": "PolynomialData",
      "EmitterParameter": 0,
      "Coefficients": {
        "x": -0.27994704,
        "y": 1.4112899,
        "z": -2.016236,
        "w": 1.0000463
      },
      "ScaleValue": 1.0,
      "MinClamp": 0.0,
      "MaxClamp": 1.0
    },
    "19c1f5e0-1469-4dfc-ae01-3664a9517fd0": {
      "$type": "UpdateRotationData",
      "DefaultValues": {
        "x": 1.0,
        "y": 0.0,
        "z": 0.0,
        "w": 0.0
      },
      "NextProcessor": {
        "PartitionGuid": "7aa3665c-5237-4be7-82d8-89add0afe091",
        "InstanceGuid": "e810bd04-d86e-4a68-8d56-af04eceecc3a"
      },
      "Pre": {
        "PartitionGuid": "7aa3665c-5237-4be7-82d8-89add0afe091",
        "InstanceGuid": "76954081-6d60-4ba9-9881-bad0a7c9590e"
      },
      "EvaluatorInput": 2,
      "Enable": true
    },
    "1b5d3050-713f-6199-e999-07b8d73031cd": {
      "$type": "UpdateClipScaleData",
      "DefaultValues": {
        "x": 1.0,
        "y": 1.0,
        "z": 1.0,
        "w": 1.0
      },
      "NextProcessor": {
        "PartitionGuid": "7aa3665c-5237-4be7-82d8-89add0afe091",
        "InstanceGuid": "3cfcb684-0bc2-9651-01ac-df84794579e7"
      },
      "Pre": null,
      "EvaluatorInput": 2,
      "Enable": true,
      "Lookup": [
        32767,
        32767,
        32767,
        32767,
        30399,
        30143,
        31871,
        29311,
        30399,
        30143,
        31871,
        29311,
        30399,
        30143,
        31871,
        29311,
        30399,
        30143,
        31871,
        29311,
        30399,
        30143,
        31871,
        29311,
        30399,
        30143,
        31871,
        29311,
        30399,
        30143,
        31871,
        29311,
        30399,
        30143,
        31871,
        29311,
        30399,
        30143,
        31871,
        29311,
        30399,
        30143,
        31871,
        29311,
        30399,
        30143,
        31871,
        29311,
        30399,
        30143,
        31871,
        29311,
        30399,
        30143,
        31871,
        29311,
        30399,
        30143,
        31871,
        29311,
        30399,
        30143,
        31871,
        29311,
        30399,
        30143,
        31871,
        29311,
        30399,
        30143,
        31871,
        29311,
        30399,
        30143,
        31871,
        29311,
        30399,
        30143,
        31871,
        29311,
        30399,
        30143,
        31871,
        29311,
        30399,
        30143,
        31871,
        29311,
        30399,
        30143,
        31871,
        29311,
        30399,
        30143,
        31871,
        29311,
        30399,
        30143,
        31871,
        29311,
        30399,
        30143,
        31871,
        29311,
        30399,
        30143,
        31871,
        29311,
        30399,
        30143,
        31871,
        29311,
        30399,
        30143,
        31871,
        29311,
        30399,
        30143,
        31871,
        29311,
        30399,
        30143,
        31871,
        29311,
        30399,
        30143,
        31871,
        29311,
        30399,
        30143,
        31871,
        29311
      ]
    },
    "1edb845d-2e2b-4866-a87c-4a9e9d982978": {
      "$type": "UpdateAlphaLevelScaleData",
      "DefaultValues": {
        "x": 1.0,
        "y": 1.0,
        "z": 1.0,
        "w": 1.0
      },
      "NextProcessor": {
        "PartitionGuid": "7aa3665c-5237-4be7-82d8-89add0afe091",
        "InstanceGuid": "6fcaeead-f0a1-4f5d-953a-fc87b11f96a6"
      },
      "Pre": {
        "PartitionGuid": "7aa3665c-5237-4be7-82d8-89add0afe091",
        "InstanceGuid": "7d9b97ef-f559-4d91-bdd2-43a12933c849"
      },
      "EvaluatorInput": 2,
      "Enable": true,
      "Exponent": 0.923
    },
    "24be9dbe-455f-4ace-88ad-f079e350c578": {
      "$type": "SphereEvaluatorData",
      "EmitterParameter": 0,
      "Scale": {
        "x": 0.5,
        "y": 2.0,
        "z": 0.5
      },
      "Pivot": {
        "x": 0.0,
        "y": 0.0,
        "z": 0.0
      },
      "Radius": 0.25
    },
    "24d40253-f72c-43ef-8bad-e8c77d74e341": {
      "$type": "UpdateTransparencyData",
      "DefaultValues": {
        "x": 1.0,
        "y": 1.0,
        "z": 1.0,
        "w": 1.0
      },
      "NextProcessor": {
        "PartitionGuid": "7aa3665c-5237-4be7-82d8-89add0afe091",
        "InstanceGuid": "5f61657a-fac8-959d-2df0-1ffd9d82fc14"
      },
      "Pre": {
        "PartitionGuid": "7aa3665c-5237-4be7-82d8-89add0afe091",
        "InstanceGuid": "043cdeba-dbb6-4519-8b1e-e8a6e2973d13"
      },
      "EvaluatorInput": 2,
      "Enable": true,
      "CullThreshold": 0.2
    },
    "35b0b810-b944-4570-b9a2-bd68a9af1de5": {
      "$type": "EmitterDocument",
      "Name": "FX/Destruction/Specific/architecture/Barrack_02/Emitters/Em_Destruct_Architecture_Barrack_02_SpriteDebris_01",
      "RootProcessor": {
        "PartitionGuid": "7aa3665c-5237-4be7-82d8-89add0afe091",
        "InstanceGuid": "125b06f7-42de-468f-8918-a0ed8cb9e26e"
      },
      "TemplateData": {
        "PartitionGuid": "7aa3665c-5237-4be7-82d8-89add0afe091",
        "InstanceGuid": "a9a0170f-d278-40f5-8d7b-bd7c22d93c35"
      }
    },
    "3cfcb684-0bc2-9651-01ac-df84794579e7": {
      "$type": "UpdateLinearVelocityData",
      "DefaultValues": {
        "x": 1.0,
        "y": 1.0,
        "z": 1.0,
        "w": 1.0
      },
      "NextProcessor": null,
      "Pre": null,
      "EvaluatorInput": 2,
      "Enable": true
    },
    "403fb086-7546-43eb-8b50-2ba2e082bb39": {
      "$type": "SpawnRateData",
      "DefaultValues": {
        "x": 1.0,
        "y": 1.0,
        "z": 1.0,
        "w": 1.0
      },
      "NextProcessor": {
        "PartitionGuid": "7aa3665c-5237-4be7-82d8-89add0afe091",
        "InstanceGuid": "46024640-05fd-4936-8eb3-fed7235dbd20"
      },
      "Pre": null,
      "EvaluatorInput": 1,
      "Enable": true,
      "SpawnRate": 100.0,
      "TrailSegmentLength": 5.0,
      "DistributeOverTime": false,
      "DistributeOverDistance": false
    },
    "46024640-05fd-4936-8eb3-fed7235dbd20": {
      "$type": "SpawnDirectionData",
      "DefaultValues": {
        "x": 0.0,
        "y": 1.0,
        "z": 0.0,
        "w": 0.0
      },
      "NextProcessor": {
        "PartitionGuid": "7aa3665c-5237-4be7-82d8-89add0afe091",
        "InstanceGuid": "7019f414-0ff6-453e-bca2-4e87aa761469"
      },
      "Pre": {
        "PartitionGuid": "7aa3665c-5237-4be7-82d8-89add0afe091",