{
  "Name": "levels/sp_tank/desertintro/layer3_desertintro_volumes",
  "PartitionGuid": "2fcfa183-f7c7-43eb-bd8a-330dc9e9c126",
  "PrimaryInstanceGuid": "a422ed73-3684-4d29-b8e8-4198c121a0fc",
  "Instances": {
    "23205430-1970-4da5-9d4c-b8e729b10c7e": {
      "$type": "OBBData",
      "IndexInBlueprint": 145,
      "IsEventConnectionTarget": 1,
      "IsPropertyConnectionTarget": 3,
      "Transform": {
        "right": {
          "x": 0.15033412,
          "y": -0.0017517754,
          "z": 0.9886338
        },
        "up": {
          "x": -0.0070669027,
          "y": 0.99997103,
          "z": 0.002846472
        },
        "forward": {
          "x": -0.98861,
          "y": -0.0074145077,
          "z": 0.15031718
        },
        "trans": {
          "x": -1464.6095,
          "y": 82.64429,
          "z": -117.48966
        }
      },
      "HalfExtents": {
        "x": 7.5000005,
        "y": 20.0,
        "z": 450.0
      }
    },
    "46ecb05d-0bff-4d27-89b8-d15314ae0c20": {
      "$type": "OBBData",
      "IndexInBlueprint": 143,
      "IsEventConnectionTarget": 1,
      "IsPropertyConnectionTarget": 3,
      "Transform": {
        "right": {
          "x": 0.7556398,
          "y": -0.0017517756,
          "z": 0.65498513
        },
        "up": {
          "x": -0.0035327286,
          "y": 0.9999711,
          "z": 0.006750065
        },
        "forward": {
          "x": -0.6549779,
          "y": -0.0074145077,
          "z": 0.75561166
        },
        "trans": {
          "x": -1689.6741,
          "y": 69.107605,
          "z": -339.86786
        }
      },
      "HalfExtents": {
        "x": 4.9999995,
        "y": 14.999999,
        "z": 350.0
      }
    },
    "654f9a38-a55d-4e94-97d0-eec648d25c9d": {
      "$type": "OBBData",
      "IndexInBlueprint": 150,
      "IsEventConnectionTarget": 1,
      "IsPropertyConnectionTarget": 3,
      "Transform": {
        "right": {
          "x": 0.81908846,
          "y": 0.03508075,
          "z": 0.5725936
        },
        "up": {
          "x": -0.06115676,
          "y": 0.9977802,
          "z": 0.02635359
        },
        "forward": {
          "x": -0.57039785,
          "y": -0.056604046,
          "z": 0.8194158
        },
        "trans": {
          "x": -1795.141,
          "y": 79.05097,
          "z": -401.88528
        }
      },
      "HalfExtents": {
        "x": 7.65044,
        "y": 25.27229,
        "z": 630.9756
      }
    },
    "92c054c5-c7a7-42fa-b0b5-146c9d88aa1f": {
      "$type": "OBBData",
      "IndexInBlueprint": 144,
      "IsEventConnectionTarget": 1,
      "IsPropertyConnectionTarget": 3,
      "Transform": {
        "right": {
          "x": 0.4265843,
          "y": -0.0045981375,
          "z": 0.90443623
        },
        "up": {
          "x": -0.03774533,
          "y": 0.99902546,
          "z": 0.022881892
        },
        "forward": {
          "x": -0.90365994,
          "y": -0.04389931,
          "z": 0.4259949
        },
        "trans": {
          "x": -1213.3668,
          "y": 80.61854,
          "z": 155.24377
        }
      },
      "HalfExtents": {
        "x": 100.00001,
        "y": 20.000006,
        "z": 349.99997
      }
    },
    "997646ca-a216-40d4-ad2c-042725ed6e07": {
      "$type": "OBBData",
      "IndexInBlueprint": 149,
      "IsEventConnectionTarget": 1,
      "IsPropertyConnectionTarget": 3,
      "Transform": {
        "right": {
          "x": 0.86212426,
          "y": 0.0,
          "z": 0.50669694
        },
        "up": {
          "x": 0.0,
          "y": 1.0,
          "z": 0.0
        },
        "forward": {
          "x": -0.50669694,
          "y": 0.0,
          "z": 0.86212426
        },
        "trans": {
          "x": -2354.9277,
          "y": 80.700096,
          "z": -807.8841
        }
      },
      "HalfExtents": {
        "x": 5.0,
        "y": 5.0,
        "z": 5.0
      }
    },
    "a422ed73-3684-4d29-b8e8-4198c121a0fc": {
      "$type": "WorldPartData",
      "Name": "Levels/SP_Tank/DesertIntro_Volumes",
      "PropertyConnections": [],
      "LinkConnections": [],
      "EventConnections": [],
      "Descriptor": null,
      "NeedNetworkId": false,
      "InterfaceHasConnections": false,
      "AlwaysCreateEntityBusClient": false,
      "AlwaysCreateEntityBusServer": false,
      "Objects": [
        {
          "PartitionGuid": "2fcfa183-f7c7-43eb-bd8a-330dc9e9c126",
          "InstanceGuid": "46ecb05d-0bff-4d27-89b8-d15314ae0c20"
        },
        {
          "PartitionGuid": "2fcfa183-f7c7-43eb-bd8a-330dc9e9c126",
          "InstanceGuid": "92c054c5-c7a7-42fa-b0b5-146c9d88aa1f"
        },
        {
          "PartitionGuid": "2fcfa183-f7c7-43eb-bd8a-330dc9e9c126",
          "InstanceGuid": "23205430-1970-4da5-9d4c-b8e729b10c7e"
        },
        {
          "PartitionGuid": "2fcfa183-f7c7-43eb-bd8a-330dc9e9c126",
          "InstanceGuid": "e962d81d-242c-4158-8327-b1eb748046e2"
        },
        {
          "PartitionGuid": "2fcfa183-f7c7-43eb-bd8a-330dc9e9c126",
          "InstanceGuid": "fca6a7f8-8716-4701-a0dc-353b5f90bfef"
        },
        {
          "PartitionGuid": "2fcfa183-f7c7-43eb-bd8a-330dc9e9c126",
          "InstanceGuid": "ac840927-36be-480c-884f-ad16d9417835"
        },
        {
          "PartitionGuid": "2fcfa183-f7c7-43eb-bd8a-330dc9e9c126",
          "InstanceGuid": "997646ca-a216-40d4-ad2c-042725ed6e07"
        },
        {
          "PartitionGuid": "2fcfa183-f7c7-43eb-bd8a-330dc9e9c126",
          "InstanceGuid": "654f9a38-a55d-4e94-97d0-eec648d25c9d"
        }
      ],
      "HackToSolveRealTimeTweakingIssue": "c6825eea-f499-6600-72cb-52c947f5cb1a",
      "UseDeferredEntityCreation": false,
      "Enabled": true
    },
    "ac840927-36be-480c-884f-ad16d9417835": {
      "$type": "OBBData",
      "IndexInBlueprint": 148,
      "IsEventConnectionTarget": 1,
      "IsPropertyConnectionTarget": 3,
      "Transform": {
        "right": {
          "x": 0.4265843,
          "y": -0.00459814,
          "z": 0.90443623
        },
        "up": {
          "x": -0.03774533,
          "y": 0.99902546,
          "z": 0.022881895
        },
        "forward": {
          "x": -0.90365994,
          "y": -0.043899313,
          "z": 0.4259949
        },
        "trans": {
          "x": -1321.4232,
          "y": 77.54104,
          "z": 31.123455
        }
      },
      "HalfExtents": {
        "x": 10.000001,
        "y": 20.000002,
        "z": 349.99997
      }
    },
    "e962d81d-242c-4158-8327-b1eb748046e2": {
      "$type": "OBBData",
      "IndexInBlueprint": 146,
      "IsEventConnectionTarget": 1,
      "IsPropertyConnectionTarget": 3,
      "Transform": {
        "right": {
          "x": 0.42658433,
          "y": -0.0045981375,
          "z": 0.90443623
        },
        "up": {
          "x": -0.03774533,
          "y": 0.99902546,
          "z": 0.02288189
        },
        "forward": {
          "x": -0.90365994,
          "y": -0.043899313,
          "z": 0.4259949
        },
        "trans": {
          "x": -1276.9086,
          "y": 79.479355,
          "z": 117.79095
        }
      },
      "HalfExtents": {
        "x": 149.99998,
        "y": 20.000006,
        "z": 349.99997
      }
    },
    "fca6a7f8-8716-4701-a0dc-353b5f90bfef": {
      "$type": "OBBData",
      "IndexInBlueprint": 147,
      "IsEventConnectionTarget": 1,
      "IsPropertyConnectionTarget": 3,
      "Transform": {
        "right": {
          "x": 0.4265843,
          "y": -0.0045981384,
          "z": 0.90443623
        },
        "up": {
          "x": -0.03774533,
          "y": 0.99902546,
          "z": 0.022881895
        },