{
  "Name": "levels/sp_tank/highwayofdeath/layer10_highwayofdeath_volumes",
  "PartitionGuid": "057da504-047c-4cfb-ad8d-c361c76527e2",
  "PrimaryInstanceGuid": "a437c14a-408d-4f89-9e87-c55e819fa36e",
  "Instances": {
    "b5e58575-a751-42b0-969a-51b01d423fbf": {
      "$type": "OBBData",
      "Transform": {
        "right": {
          "x": -0.009834001,
          "y": 0.0,
          "z": 0.99995166
        },
        "up": {
          "x": 0.0,
          "y": 1.0,
          "z": 0.0
        },
        "forward": {
          "x": -0.99995166,
          "y": 0.0,
          "z": -0.009834192
        },
        "trans": {
          "x": -1015.0518,
          "y": 87.8264,
          "z": 950.8205
        }
      },
      "HalfExtents": {
        "x": 150.0,
        "y": 9.999999,
        "z": 150.0
      },
      "IndexInBlueprint": 869,
      "IsEventConnectionTarget": 1,
      "IsPropertyConnectionTarget": 3
    },
    "7e7fbcaa-74d0-4621-9a76-13a4a94ac65b": {
      "$type": "OBBData",
      "Transform": {
        "right": {
          "x": 0.9995552,
          "y": 0.0,
          "z": 0.029826518
        },
        "up": {
          "x": 0.0,
          "y": 1.0,
          "z": 0.0
        },
        "forward": {
          "x": -0.029826488,
          "y": 0.0,
          "z": 0.9995551
        },
        "trans": {
          "x": -1012.72876,
          "y": 89.282616,
          "z": 1006.45575
        }
      },
      "HalfExtents": {
        "x": 150.00005,
        "y": 10.0,
        "z": 4.999999
      },
      "IndexInBlueprint": 870,
      "IsEventConnectionTarget": 1,
      "IsPropertyConnectionTarget": 3
    },
    "16f911ec-4651-4551-9269-e6f9930dd240": {
      "$type": "OBBData",
      "Transform": {
        "right": {
          "x": 0.020059515,
          "y": 0.0,
          "z": 0.9997988
        },
        "up": {
          "x": 0.0,
          "y": 1.0,
          "z": 0.0
        },
        "forward": {
          "x": -0.9997988,
          "y": 0.0,
          "z": 0.020059478
        },
        "trans": {
          "x": -453.15738,
          "y": 92.112,
          "z": 1201.7112
        }
      },
      "HalfExtents": {
        "x": 150.00002,
        "y": 15.0,
        "z": 4.999999
      },
      "IndexInBlueprint": 871,
      "IsEventConnectionTarget": 1,
      "IsPropertyConnectionTarget": 3
    },
    "e0885afc-017d-42a6-874f-7c3dd8c4490f": {
      "$type": "OBBData",
      "Transform": {
        "right": {
          "x": 0.37786517,
          "y": 0.0,
          "z": 0.92586076
        },
        "up": {
          "x": 0.0,
          "y": 1.0,
          "z": 0.0
        },
        "forward": {
          "x": -0.9258607,
          "y": 0.0,
          "z": 0.37786505
        },
        "trans": {
          "x": -862.6084,
          "y": 89.313866,
          "z": 1163.4758
        }
      },
      "HalfExtents": {
        "x": 49.999996,
        "y": 9.999999,
        "z": 4.999999
      },
      "IndexInBlueprint": 872,
      "IsEventConnectionTarget": 1,
      "IsPropertyConnectionTarget": 3
    },
    "3339bddd-6005-4858-bce7-3314d11eb146": {
      "$type": "OBBData",
      "Transform": {
        "right": {
          "x": 0.5825641,
          "y": 0.0,
          "z": 0.81278473
        },
        "up": {
          "x": 0.0,
          "y": 1.0,
          "z": 0.0
        },
        "forward": {
          "x": -0.81278485,
          "y": 0.0,
          "z": 0.582564
        },
        "trans": {
          "x": 199.66649,
          "y": 98.35962,
          "z": 1097.9825
        }
      },
      "HalfExtents": {
        "x": 100.0,
        "y": 10.0,
        "z": 5.0
      },
      "IndexInBlueprint": 873,
      "IsEventConnectionTarget": 3,
      "IsPropertyConnectionTarget": 3
    },
    "4cdf4397-abc0-4584-90de-624209f55fe2": {
      "$type": "OBBData",
      "Transform": {
        "right": {
          "x": -0.3914871,
          "y": 0.0,
          "z": 0.9201837
        },
        "up": {
          "x": 0.0,
          "y": 1.0,
          "z": 0.0
        },
        "forward": {
          "x": -0.92018366,
          "y": 0.0,
          "z": -0.3914871
        },
        "trans": {
          "x": -942.0165,
          "y": 89.28264,
          "z": 1440.1051
        }
      },
      "HalfExtents": {
        "x": 250.0,
        "y": 10.0,
        "z": 4.9999986
      },
      "IndexInBlueprint": 874,
      "IsEventConnectionTarget": 1,
      "IsPropertyConnectionTarget": 3
    },
    "b4af574b-b969-4428-82f0-b0de08371cc2": {
      "$type": "OBBData",
      "Transform": {
        "right": {
          "x": 0.29093257,
          "y": 0.0,
          "z": 0.9567436
        },
        "up": {
          "x": 0.0,
          "y": 1.0,
          "z": 0.0
        },
        "forward": {
          "x": -0.9567437,
          "y": 0.0,
          "z": 0.29093242
        },
        "trans": {
          "x": -819.97235,
          "y": 89.282616,
          "z": 1193.6687
        }
      },
      "HalfExtents": {
        "x": 150.0,
        "y": 14.999999,
        "z": 4.9999986
      },
      "IndexInBlueprint": 875,
      "IsEventConnectionTarget": 1,
      "IsPropertyConnectionTarget": 3
    },
    "4c2c4a62-d205-49a1-839c-248414e1226b": {
      "$type": "OBBData",
      "Transform": {
        "right": {
          "x": -0.4591757,
          "y": 0.0,
          "z": 0.8883455
        },
        "up": {
          "x": 0.0,
          "y": 1.0,
          "z": 0.0
        },
        "forward": {
          "x": -0.8883455,
          "y": 0.0,
          "z": -0.45917594
        },
        "trans": {
          "x": -858.4086,
          "y": 88.98973,
          "z": 1494.2819
        }
      },
      "HalfExtents": {
        "x": 174.99998,
        "y": 14.999999,
        "z": 4.999997
      },
      "IndexInBlueprint": 876,
      "IsEventConnectionTarget": 1,
      "IsPropertyConnectionTarget": 3
    },
    "a720f88a-ee8a-4f27-8ab7-ad634c7fa600": {
      "$type": "OBBData",
      "Transform": {
        "right": {
          "x": 0.56100273,
          "y": 0.0,
          "z": 0.827814
        },
        "up": {
          "x": 0.0,
          "y": 1.0,
          "z": 0.0
        },
        "forward": {
          "x": -0.8278139,
          "y": 0.0,
          "z": 0.56100273
        },
        "trans": {
          "x": -651.726,
          "y": 89.282616,
          "z": 1237.7079
        }
      },
      "HalfExtents": {
        "x": 275.0,
        "y": 14.999999,
        "z": 4.999998
      },
      "IndexInBlueprint": 877,
      "IsEventConnectionTarget": 1,
      "IsPropertyConnectionTarget": 3
    },
    "240e78b1-5481-428b-8f3d-cbc6daef249f": {
      "$type": "OBBData",
      "Transform": {
        "right": {
          "x": -0.017669834,
          "y": 0.0,
          "z": 0.99984396
        },
        "up": {
          "x": 0.0,
          "y": 1.0,
          "z": 0.0
        },
        "forward": {
          "x": -0.9998439,
          "y": 0.0,
          "z": -0.017669829
        },
        "trans": {
          "x": -333.2092,
          "y": 92.37641,
          "z": 1234.2941
        }
      },
      "HalfExtents": {
        "x": 150.00002,
        "y": 14.999999,
        "z": 5.0
      },
      "IndexInBlueprint": 878,
      "IsEventConnectionTarget": 1,
      "IsPropertyConnectionTarget": 3
    },
    "c6ec403e-a808-47c7-8be6-02f25ff29b08": {
      "$type": "OBBData",
      "Transform": {
        "right": {
          "x": -0.1323001,
          "y": 0.011137064,
          "z": -0.99114716
        },
        "up": {
          "x": 0.008061003,
          "y": 0.9999159,
          "z": 0.010159591
        },