{
  "Name": "levels/sp_tank/highwayofdeath2/layer3_highwayofdeath2_volumes",
  "PartitionGuid": "5cd28f43-eefb-4851-adbb-8c6a400b5004",
  "PrimaryInstanceGuid": "a935f8b8-89e3-408a-bdee-e10ef7c21cf3",
  "Instances": {
    "3cbc1357-9246-4bbb-8287-0f557ccac511": {
      "$type": "OBBData",
      "Transform": {
        "right": {
          "x": 0.079239935,
          "y": 0.0,
          "z": -0.99685556
        },
        "up": {
          "x": 0.0,
          "y": 1.0,
          "z": 0.0
        },
        "forward": {
          "x": 0.99685556,
          "y": 0.0,
          "z": 0.07923998
        },
        "trans": {
          "x": 377.95657,
          "y": 95.68896,
          "z": 891.69696
        }
      },
      "HalfExtents": {
        "x": 10.0,
        "y": 5.0,
        "z": 100.00001
      },
      "IndexInBlueprint": 127,
      "IsEventConnectionTarget": 1,
      "IsPropertyConnectionTarget": 3
    },
    "c835f41a-a1b0-4279-b390-ecb29142002f": {
      "$type": "OBBData",
      "Transform": {
        "right": {
          "x": -0.99998343,
          "y": 0.0,
          "z": -0.0057595037
        },
        "up": {
          "x": 0.0,
          "y": 1.0,
          "z": 0.0
        },
        "forward": {
          "x": 0.005759541,
          "y": 0.0,
          "z": -0.99998343
        },
        "trans": {
          "x": 295.5757,
          "y": 95.65771,
          "z": 594.41895
        }
      },
      "HalfExtents": {
        "x": 99.99999,
        "y": 10.0,
        "z": 10.000001
      },
      "IndexInBlueprint": 128,
      "IsEventConnectionTarget": 1,
      "IsPropertyConnectionTarget": 3
    },
    "6fe5e37f-8a64-41fb-ba2b-a5b8ba8ce9ba": {
      "$type": "OBBData",
      "Transform": {
        "right": {
          "x": 0.96260977,
          "y": 0.0,
          "z": -0.2708919
        },
        "up": {
          "x": 0.0,
          "y": 1.0,
          "z": 0.0
        },
        "forward": {
          "x": 0.27089196,
          "y": 0.0,
          "z": 0.96260977
        },
        "trans": {
          "x": 312.3256,
          "y": 95.4702,
          "z": 603.5958
        }
      },
      "HalfExtents": {
        "x": 50.0,
        "y": 4.9999995,
        "z": 4.9999995
      },
      "IndexInBlueprint": 129,
      "IsEventConnectionTarget": 1,
      "IsPropertyConnectionTarget": 3
    },
    "eddaa00b-0240-4b11-9d79-fdb08b5ddfe3": {
      "$type": "OBBData",
      "Transform": {
        "right": {
          "x": 0.96260977,
          "y": 0.0,
          "z": -0.2708919
        },
        "up": {
          "x": 0.0,
          "y": 1.0,
          "z": 0.0
        },
        "forward": {
          "x": 0.27089196,
          "y": 0.0,
          "z": 0.96260977
        },
        "trans": {
          "x": 327.99576,
          "y": 95.4702,
          "z": 693.1204
        }
      },
      "HalfExtents": {
        "x": 50.0,
        "y": 4.9999995,
        "z": 4.9999995
      },
      "IndexInBlueprint": 130,
      "IsEventConnectionTarget": 1,
      "IsPropertyConnectionTarget": 3
    },
    "3c036cda-1dd1-439a-918d-831f013ce905": {
      "$type": "OBBData",
      "Transform": {
        "right": {
          "x": 0.96260977,
          "y": 0.0,
          "z": -0.2708919
        },
        "up": {
          "x": 0.0,
          "y": 1.0,
          "z": 0.0
        },
        "forward": {
          "x": 0.27089196,
          "y": 0.0,
          "z": 0.96260977
        },
        "trans": {
          "x": 335.4711,
          "y": 95.4702,
          "z": 719.68384
        }
      },
      "HalfExtents": {
        "x": 50.0,
        "y": 4.9999995,
        "z": 4.9999995
      },
      "IndexInBlueprint": 131,
      "IsEventConnectionTarget": 1,
      "IsPropertyConnectionTarget": 3
    },
    "0d7092be-cf42-4f78-a15a-86119faa40ca": {
      "$type": "OBBData",
      "Transform": {
        "right": {
          "x": 0.96260977,
          "y": 0.0,
          "z": -0.2708919
        },
        "up": {
          "x": 0.0,
          "y": 1.0,
          "z": 0.0
        },
        "forward": {
          "x": 0.27089196,
          "y": 0.0,
          "z": 0.96260977
        },
        "trans": {
          "x": 342.7353,
          "y": 95.4702,
          "z": 751.7643
        }
      },
      "HalfExtents": {
        "x": 50.0,
        "y": 4.9999995,
        "z": 4.9999995
      },
      "IndexInBlueprint": 132,
      "IsEventConnectionTarget": 1,
      "IsPropertyConnectionTarget": 3
    },
    "53f7f2be-891f-4d73-a199-38b07cff9f1b": {
      "$type": "OBBData",
      "Transform": {
        "right": {
          "x": 0.96260977,
          "y": 0.0,
          "z": -0.2708919
        },
        "up": {
          "x": 0.0,
          "y": 1.0,
          "z": 0.0
        },
        "forward": {
          "x": 0.27089196,
          "y": 0.0,
          "z": 0.96260977
        },
        "trans": {
          "x": 347.13367,
          "y": 95.4702,
          "z": 775.6855
        }
      },
      "HalfExtents": {
        "x": 50.0,
        "y": 4.9999995,
        "z": 4.9999995
      },
      "IndexInBlueprint": 133,
      "IsEventConnectionTarget": 1,
      "IsPropertyConnectionTarget": 3
    },
    "d6e5d0f4-2c69-4700-bf68-90593fb14c5b": {
      "$type": "OBBData",
      "Transform": {
        "right": {
          "x": 0.96260977,
          "y": 0.0,
          "z": -0.2708919
        },
        "up": {
          "x": 0.0,
          "y": 1.0,
          "z": 0.0
        },
        "forward": {
          "x": 0.27089196,
          "y": 0.0,
          "z": 0.96260977
        },
        "trans": {
          "x": 354.08078,
          "y": 95.4702,
          "z": 800.37177
        }
      },
      "HalfExtents": {
        "x": 50.0,
        "y": 4.9999995,
        "z": 4.9999995
      },
      "IndexInBlueprint": 134,
      "IsEventConnectionTarget": 1,
      "IsPropertyConnectionTarget": 3
    },
    "15304ddf-9a4f-443d-8355-f04e23ac882f": {
      "$type": "OBBData",
      "Transform": {
        "right": {
          "x": 0.74090326,
          "y": 0.0,
          "z": 0.6716118
        },
        "up": {
          "x": 0.0,
          "y": 1.0,
          "z": 0.0
        },
        "forward": {
          "x": -0.6716115,
          "y": 0.0,
          "z": 0.7409035
        },
        "trans": {
          "x": 353.3594,
          "y": 95.87436,
          "z": 948.4568
        }
      },
      "HalfExtents": {
        "x": 50.0,
        "y": 4.9999995,
        "z": 4.999998
      },
      "IndexInBlueprint": 135,
      "IsEventConnectionTarget": 1,
      "IsPropertyConnectionTarget": 3
    },
    "b2326105-78a9-4c1a-b4f3-61c61ae42104": {
      "$type": "OBBData",
      "Transform": {
        "right": {
          "x": 0.5262897,
          "y": 0.0,
          "z": 0.8503053
        },
        "up": {
          "x": 0.0,
          "y": 1.0,
          "z": 0.0
        },
        "forward": {
          "x": -0.8503052,
          "y": 0.0,
          "z": 0.5262899
        },
        "trans": {
          "x": 304.9176,
          "y": 98.032745,
          "z": 1015.5052
        }
      },
      "HalfExtents": {
        "x": 50.0,
        "y": 5.0,
        "z": 4.9999986
      },
      "IndexInBlueprint": 136,
      "IsEventConnectionTarget": 1,
      "IsPropertyConnectionTarget": 3
    },
    "31fcb540-5cf1-49a5-a7d4-02286689aba0": {
      "$type": "OBBData",
      "Transform": {
        "right": {
          "x": 0.5262897,
          "y": 0.0,
          "z": 0.8503053
        },
        "up": {
          "x": 0.0,
          "y": 1.0,
          "z": 0.0
        },
        "forward": {
          "x": -0.85030526,
          "y": 0.0,