{
  "Name": "levels/sp_tank/miclic/layer3_miclic_volumes",
  "PartitionGuid": "7cc8cb25-9279-414c-b80c-cadc514d8baa",
  "PrimaryInstanceGuid": "18192b74-add4-43eb-b060-39e58b4bc711",
  "Instances": {
    "816e0b80-a06a-45d3-bbcd-219bcaf2a7c8": {
      "$type": "OBBData",
      "Transform": {
        "right": {
          "x": 0.999706,
          "y": 0.0,
          "z": 0.024249906
        },
        "up": {
          "x": 0.0,
          "y": 1.0,
          "z": 0.0
        },
        "forward": {
          "x": -0.024249919,
          "y": 0.0,
          "z": 0.99970603
        },
        "trans": {
          "x": 286.79065,
          "y": 96.59522,
          "z": 411.02908
        }
      },
      "HalfExtents": {
        "x": 50.0,
        "y": 5.0,
        "z": 2.5000002
      },
      "IndexInBlueprint": 309,
      "IsEventConnectionTarget": 1,
      "IsPropertyConnectionTarget": 3
    },
    "d5bac6de-5b0e-4d8c-a6fe-e88b84bbd9b9": {
      "$type": "OBBData",
      "Transform": {
        "right": {
          "x": 0.99998564,
          "y": 0.0,
          "z": 0.0053761206
        },
        "up": {
          "x": 0.0,
          "y": 1.0,
          "z": 0.0
        },
        "forward": {
          "x": -0.0053761196,
          "y": 0.0,
          "z": 0.99998564
        },
        "trans": {
          "x": 282.54614,
          "y": 98.21677,
          "z": 350.24207
        }
      },
      "HalfExtents": {
        "x": 5.000001,
        "y": 2.5,
        "z": 5.0000005
      },
      "IndexInBlueprint": 310,
      "IsEventConnectionTarget": 1,
      "IsPropertyConnectionTarget": 3
    },
    "7a807dad-fb26-4aba-8dbd-b9dd6f006d78": {
      "$type": "OBBData",
      "Transform": {
        "right": {
          "x": 0.99961364,
          "y": 0.0,
          "z": 0.02779721
        },
        "up": {
          "x": 0.0,
          "y": 1.0,
          "z": 0.0
        },
        "forward": {
          "x": -0.027797202,
          "y": 0.0,
          "z": 0.9996136
        },
        "trans": {
          "x": 288.73395,
          "y": 98.126495,
          "z": 336.29846
        }
      },
      "HalfExtents": {
        "x": 75.0,
        "y": 2.5,
        "z": 2.5
      },
      "IndexInBlueprint": 312,
      "IsEventConnectionTarget": 1,
      "IsPropertyConnectionTarget": 3
    },
    "5b87e7aa-e8d8-4d1f-b3a1-eb56d5f0fcb0": {
      "$type": "OBBData",
      "Transform": {
        "right": {
          "x": 0.999706,
          "y": 0.0,
          "z": 0.024249896
        },
        "up": {
          "x": 0.0,
          "y": 1.0,
          "z": 0.0
        },
        "forward": {
          "x": -0.024249919,
          "y": 0.0,
          "z": 0.99970603
        },
        "trans": {
          "x": 288.89328,
          "y": 96.0409,
          "z": 350.22888
        }
      },
      "HalfExtents": {
        "x": 50.0,
        "y": 5.0,
        "z": 2.5
      },
      "IndexInBlueprint": 313,
      "IsEventConnectionTarget": 1,
      "IsPropertyConnectionTarget": 3
    },
    "efb67341-f534-4b8a-9959-6d968b58fed9": {
      "$type": "OBBData",
      "Transform": {
        "right": {
          "x": 0.999706,
          "y": 0.0,
          "z": 0.024249895
        },
        "up": {
          "x": 0.0,
          "y": 1.0,
          "z": 0.0
        },
        "forward": {
          "x": -0.024249919,
          "y": 0.0,
          "z": 0.99970603
        },
        "trans": {
          "x": 288.89328,
          "y": 97.50249,
          "z": 360.8773
        }
      },
      "HalfExtents": {
        "x": 50.0,
        "y": 5.0,
        "z": 2.5
      },
      "IndexInBlueprint": 315,
      "IsEventConnectionTarget": 1,
      "IsPropertyConnectionTarget": 3
    },
    "2ad5622d-7cf7-418f-a10a-633c843d085b": {
      "$type": "OBBData",
      "Transform": {
        "right": {
          "x": 0.9999856,
          "y": 0.0,
          "z": 0.005376118
        },
        "up": {
          "x": 0.0,
          "y": 1.0,
          "z": 0.0
        },
        "forward": {
          "x": -0.0053761187,
          "y": 0.0,
          "z": 0.99998564
        },
        "trans": {
          "x": 286.55637,
          "y": 98.434166,
          "z": 357.10895
        }
      },
      "HalfExtents": {
        "x": 50.0,
        "y": 2.5,
        "z": 2.500002
      },
      "IndexInBlueprint": 317,
      "IsEventConnectionTarget": 1,
      "IsPropertyConnectionTarget": 3
    },
    "0738417c-a982-4b85-83ec-bc51ec92faad": {
      "$type": "OBBData",
      "Transform": {
        "right": {
          "x": 0.9513603,
          "y": 0.0,
          "z": -0.3080807
        },
        "up": {
          "x": 0.0,
          "y": 1.0,
          "z": 0.0
        },
        "forward": {
          "x": 0.30808067,
          "y": 0.0,
          "z": 0.9513602
        },
        "trans": {
          "x": 284.39786,
          "y": 97.99735,
          "z": 339.3423
        }
      },
      "HalfExtents": {
        "x": 1.9927027,
        "y": 2.5,
        "z": 2.5
      },
      "IndexInBlueprint": 318,
      "IsEventConnectionTarget": 1,
      "IsPropertyConnectionTarget": 3
    },
    "8d34586c-42a2-4b67-a3bd-6c2b8f8b0b12": {
      "$type": "OBBData",
      "Transform": {
        "right": {
          "x": 0.999706,
          "y": 0.0,
          "z": 0.024249904
        },
        "up": {
          "x": 0.0,
          "y": 1.0,
          "z": 0.0
        },
        "forward": {
          "x": -0.024249913,
          "y": 0.0,
          "z": 0.999706
        },
        "trans": {
          "x": 285.06497,
          "y": 96.001465,
          "z": 510.01428
        }
      },
      "HalfExtents": {
        "x": 50.0,
        "y": 4.9999995,
        "z": 7.499999
      },
      "IndexInBlueprint": 319,
      "IsEventConnectionTarget": 1,
      "IsPropertyConnectionTarget": 3
    },
    "c4baacfa-f3c0-4094-bf39-22100a87e1ea": {
      "$type": "OBBData",
      "Transform": {
        "right": {
          "x": 0.999706,
          "y": 0.0,
          "z": 0.024249904
        },
        "up": {
          "x": 0.0,
          "y": 1.0,
          "z": 0.0
        },
        "forward": {
          "x": -0.024249913,
          "y": 0.0,
          "z": 0.999706
        },
        "trans": {
          "x": 285.06497,
          "y": 96.001465,
          "z": 475.15286
        }
      },
      "HalfExtents": {
        "x": 50.0,
        "y": 4.9999995,
        "z": 7.499999
      },
      "IndexInBlueprint": 321,
      "IsEventConnectionTarget": 3,
      "IsPropertyConnectionTarget": 3
    },
    "f031a2a0-dbc1-4666-9b80-03e4d96f6047": {
      "$type": "OBBData",
      "Transform": {
        "right": {
          "x": 0.999706,
          "y": 0.0,
          "z": 0.024249904
        },
        "up": {
          "x": 0.0,
          "y": 1.0,
          "z": 0.0
        },
        "forward": {
          "x": -0.024249913,
          "y": 0.0,
          "z": 0.999706
        },
        "trans": {
          "x": 285.35742,
          "y": 96.001465,
          "z": 411.3936
        }
      },
      "HalfExtents": {
        "x": 50.0,
        "y": 4.9999995,
        "z": 7.499999
      },
      "IndexInBlueprint": 322,
      "IsEventConnectionTarget": 3,
      "IsPropertyConnectionTarget": 3
    },
    "646b6173-2aac-41d4-af97-474ad51d182b": {
      "$type": "PathfindingBuildOrderData",
      "IsEventConnectionTarget": 3,
      "IsPropertyConnectionTarget": 3,
      "IndexInBlueprint": 316,
      "Points": [
        {
          "x": 260.2223,
          "y": 101.96826,
          "z": 158.67471
        },
        {
          "x": 239.67459,
          "y": 101.96826,