{
  "Name": "levels/coop_006/ab02_parent/layer2_ab02_gameplayshapes",
  "PartitionGuid": "9631778b-ae84-429d-9c11-d36a92da300e",
  "PrimaryInstanceGuid": "a01731db-a2a7-437e-8988-24fafcb61a2f",
  "Instances": {
    "e39399d3-4448-4707-a61f-7226d444c3e2": {
      "$type": "OBBData",
      "Transform": {
        "right": {
          "x": 0.91710824,
          "y": 0.0,
          "z": -0.39863825
        },
        "up": {
          "x": 0.0,
          "y": 1.0,
          "z": 0.0
        },
        "forward": {
          "x": 0.3986381,
          "y": 0.0,
          "z": 0.91710836
        },
        "trans": {
          "x": -185.7413,
          "y": 287.03564,
          "z": 690.38495
        }
      },
      "HalfExtents": {
        "x": 31.660288,
        "y": 3.0393136,
        "z": 0.9999998
      },
      "IndexInBlueprint": 196,
      "IsEventConnectionTarget": 1,
      "IsPropertyConnectionTarget": 3
    },
    "255a7866-c92e-4f55-b2e7-32ba44adf2ea": {
      "$type": "OBBData",
      "Transform": {
        "right": {
          "x": 0.8909768,
          "y": 0.0,
          "z": -0.45404887
        },
        "up": {
          "x": 0.0,
          "y": 1.0,
          "z": 0.0
        },
        "forward": {
          "x": 0.45404872,
          "y": 0.0,
          "z": 0.8909769
        },
        "trans": {
          "x": -141.98938,
          "y": 289.85223,
          "z": 747.3559
        }
      },
      "HalfExtents": {
        "x": 57.08116,
        "y": 7.6343036,
        "z": 2.6290839
      },
      "IndexInBlueprint": 197,
      "IsEventConnectionTarget": 1,
      "IsPropertyConnectionTarget": 3
    },
    "ae25ae31-8c69-4f9d-95c1-480a34fedbcd": {
      "$type": "OBBData",
      "Transform": {
        "right": {
          "x": 0.9969258,
          "y": 0.0,
          "z": -0.078351825
        },
        "up": {
          "x": 0.0,
          "y": 1.0,
          "z": 0.0
        },
        "forward": {
          "x": 0.07835182,
          "y": 0.0,
          "z": 0.99692583
        },
        "trans": {
          "x": -159.59566,
          "y": 286.17548,
          "z": 587.9712
        }
      },
      "HalfExtents": {
        "x": 107.00766,
        "y": 7.431158,
        "z": 2.213807
      },
      "IndexInBlueprint": 198,
      "IsEventConnectionTarget": 1,
      "IsPropertyConnectionTarget": 3
    },
    "ceca6c3a-7f40-450f-8bfb-bc6eee9f3de4": {
      "$type": "OBBData",
      "Transform": {
        "right": {
          "x": 1.0,
          "y": 0.0,
          "z": 0.0
        },
        "up": {
          "x": 0.0,
          "y": 1.0,
          "z": 0.0
        },
        "forward": {
          "x": 0.0,
          "y": 0.0,
          "z": 1.0
        },
        "trans": {
          "x": -121.03113,
          "y": 303.29947,
          "z": 841.1209
        }
      },
      "HalfExtents": {
        "x": 474.7561,
        "y": 34.454185,
        "z": 324.62427
      },
      "IndexInBlueprint": 199,
      "IsEventConnectionTarget": 2,
      "IsPropertyConnectionTarget": 3
    },
    "a01731db-a2a7-437e-8988-24fafcb61a2f": {
      "$type": "WorldPartData",
      "Name": "Levels/COOP_006/AB02_GameplayShapes",
      "PropertyConnections": [],
      "LinkConnections": [],
      "EventConnections": [],
      "Descriptor": null,
      "NeedNetworkId": false,
      "InterfaceHasConnections": false,
      "AlwaysCreateEntityBusClient": false,
      "AlwaysCreateEntityBusServer": false,
      "Objects": [
        {
          "PartitionGuid": "9631778b-ae84-429d-9c11-d36a92da300e",
          "InstanceGuid": "e39399d3-4448-4707-a61f-7226d444c3e2"
        },
        {
          "PartitionGuid": "9631778b-ae84-429d-9c11-d36a92da300e",
          "InstanceGuid": "255a7866-c92e-4f55-b2e7-32ba44adf2ea"
        },
        {
          "PartitionGuid": "9631778b-ae84-429d-9c11-d36a92da300e",
          "InstanceGuid": "ae25ae31-8c69-4f9d-95c1-480a34fedbcd"
        },
        {
          "PartitionGuid": "9631778b-ae84-429d-9c11-d36a92da300e",
          "InstanceGuid": "ceca6c3a-7f40-450f-8bfb-bc6eee9f3de4"
        }
      ],
      "Enabled": true,
      "UseDeferredEntityCreation": false,
      "HackToSolveRealTimeTweakingIssue": "3e93e70c-bc45-fc7d-8cf7-7190dfb3dca3"
    }
  }
}