{
  "Name": "levels/coop_006/ab03_parent/layer2_ab03_gameplayshapes",
  "PartitionGuid": "7fd8525e-18d6-4d06-b3ce-1488f5ca99e3",
  "PrimaryInstanceGuid": "d159b049-6eaf-441b-8684-94eadbe4cd4d",
  "Instances": {
    "e3c0d5e4-5451-40aa-b765-2ade391ded82": {
      "$type": "OBBData",
      "Transform": {
        "right": {
          "x": 0.021498457,
          "y": -1.2576681E-22,
          "z": -0.9997689
        },
        "up": {
          "x": -2.6356947E-23,
          "y": 1.0,
          "z": -3.5202915E-23
        },
        "forward": {
          "x": 0.9997689,
          "y": 6.420905E-21,
          "z": 0.021498915
        },
        "trans": {
          "x": -68.49366,
          "y": 295.01254,
          "z": 887.2772
        }
      },
      "HalfExtents": {
        "x": 11.097639,
        "y": 4.5851316,
        "z": 19.031494
      },
      "IndexInBlueprint": 147,
      "IsEventConnectionTarget": 2,
      "IsPropertyConnectionTarget": 3
    },
    "33409ba9-e8c6-416d-9b79-2fefb4ae8dfa": {
      "$type": "OBBData",
      "Transform": {
        "right": {
          "x": -0.7121603,
          "y": -8.5195444E-23,
          "z": 0.70201695
        },
        "up": {
          "x": -2.6356946E-23,
          "y": 1.0,
          "z": -3.5202912E-23
        },
        "forward": {
          "x": -0.70201653,
          "y": 6.3502292E-21,
          "z": -0.71216065
        },
        "trans": {
          "x": -241.16031,
          "y": 295.69202,
          "z": 950.1608
        }
      },
      "HalfExtents": {
        "x": 17.766817,
        "y": 10.8691635,
        "z": 15.213319
      },
      "IndexInBlueprint": 148,
      "IsEventConnectionTarget": 3,
      "IsPropertyConnectionTarget": 3
    },
    "c275b647-07a7-422b-9b6f-968e94905576": {
      "$type": "OBBData",
      "Transform": {
        "right": {
          "x": 1.0,
          "y": 0.0,
          "z": 0.0
        },
        "up": {
          "x": 0.0,
          "y": 1.0,
          "z": 0.0
        },
        "forward": {
          "x": 0.0,
          "y": 0.0,
          "z": 1.0
        },
        "trans": {
          "x": -121.03113,
          "y": 303.29947,
          "z": 834.6067
        }
      },
      "HalfExtents": {
        "x": 474.7561,
        "y": 34.454185,
        "z": 324.62424
      },
      "IndexInBlueprint": 149,
      "IsEventConnectionTarget": 2,
      "IsPropertyConnectionTarget": 3
    },
    "d159b049-6eaf-441b-8684-94eadbe4cd4d": {
      "$type": "WorldPartData",
      "Name": "Levels/COOP_006/AB03_GameplayShapes",
      "PropertyConnections": [],
      "LinkConnections": [],
      "EventConnections": [],
      "Descriptor": null,
      "NeedNetworkId": false,
      "InterfaceHasConnections": false,
      "AlwaysCreateEntityBusClient": false,
      "AlwaysCreateEntityBusServer": false,
      "Objects": [
        {
          "PartitionGuid": "7fd8525e-18d6-4d06-b3ce-1488f5ca99e3",
          "InstanceGuid": "e3c0d5e4-5451-40aa-b765-2ade391ded82"
        },
        {
          "PartitionGuid": "7fd8525e-18d6-4d06-b3ce-1488f5ca99e3",
          "InstanceGuid": "33409ba9-e8c6-416d-9b79-2fefb4ae8dfa"
        },
        {
          "PartitionGuid": "7fd8525e-18d6-4d06-b3ce-1488f5ca99e3",
          "InstanceGuid": "c275b647-07a7-422b-9b6f-968e94905576"
        }
      ],
      "Enabled": true,
      "UseDeferredEntityCreation": false,
      "HackToSolveRealTimeTweakingIssue": "b25d49e8-2fe5-530d-fc54-68f56b94a4ce"
    }
  }
}