{
  "Name": "levels/sp_bank/ride_sub/layer2_ride_lighting",
  "PartitionGuid": "218def0e-ec84-4f09-a4c4-9d8d057ced3f",
  "PrimaryInstanceGuid": "f168ee7e-6dd9-4e13-8e7b-1709dbce927b",
  "Instances": {
    "0555c0e5-8e1b-4ec8-b12e-c41f8daf3093": {
      "$type": "LightProbeVolumeData",
      "IndexInBlueprint": 54,
      "IsEventConnectionTarget": 3,
      "IsPropertyConnectionTarget": 3,
      "Transform": {
        "right": {
          "x": 0.68881273,
          "y": 0.0026662827,
          "z": 0.7249344
        },
        "up": {
          "x": 0.01647102,
          "y": 0.99967754,
          "z": -0.01932709
        },
        "forward": {
          "x": -0.7247521,
          "y": 0.025253152,
          "z": 0.68854666
        },
        "trans": {
          "x": -1010.8052,
          "y": 149.98491,
          "z": -25.203352
        }
      },
      "Xres": 2,
      "Yres": 3,
      "Zres": 12,
      "BlendDistance": 1.0,
      "Priority": 0
    },
    "05b56afa-d5f5-49b7-91be-fde9b9d77a37": {
      "$type": "LightProbeVolumeData",
      "IndexInBlueprint": 51,
      "IsEventConnectionTarget": 3,
      "IsPropertyConnectionTarget": 3,
      "Transform": {
        "right": {
          "x": -0.31327102,
          "y": 0.05925268,
          "z": -0.9478135
        },
        "up": {
          "x": 0.018594842,
          "y": 0.9982431,
          "z": 0.05625933
        },
        "forward": {
          "x": 0.9494818,
          "y": -2.5114028E-08,
          "z": -0.3138224
        },
        "trans": {
          "x": -991.6452,
          "y": 147.79218,
          "z": 90.14904
        }
      },
      "Xres": 6,
      "Yres": 3,
      "Zres": 2,
      "BlendDistance": 1.0,
      "Priority": 0
    },
    "d7fe3aa4-806f-4aa9-b5e8-23b3afa63882": {
      "$type": "LightProbeVolumeData",
      "IndexInBlueprint": 52,
      "IsEventConnectionTarget": 3,
      "IsPropertyConnectionTarget": 3,
      "Transform": {
        "right": {
          "x": 0.7207918,
          "y": 0.0,
          "z": -0.6931516
        },
        "up": {
          "x": 0.0,
          "y": 1.0,
          "z": 0.0
        },
        "forward": {
          "x": 0.6931516,
          "y": -0.0,
          "z": 0.7207918
        },
        "trans": {
          "x": -1008.5663,
          "y": 150.68056,
          "z": 21.539337
        }
      },
      "Xres": 6,
      "Yres": 3,
      "Zres": 3,
      "BlendDistance": 1.0,
      "Priority": 0
    },
    "f168ee7e-6dd9-4e13-8e7b-1709dbce927b": {
      "$type": "WorldPartData",
      "Name": "Levels/SP_Bank/Ride_LIGHTING",
      "PropertyConnections": [],
      "LinkConnections": [],
      "EventConnections": [],
      "Descriptor": null,
      "NeedNetworkId": false,
      "InterfaceHasConnections": false,
      "AlwaysCreateEntityBusClient": false,
      "AlwaysCreateEntityBusServer": false,
      "Objects": [
        {
          "PartitionGuid": "218def0e-ec84-4f09-a4c4-9d8d057ced3f",
          "InstanceGuid": "05b56afa-d5f5-49b7-91be-fde9b9d77a37"
        },
        {
          "PartitionGuid": "218def0e-ec84-4f09-a4c4-9d8d057ced3f",
          "InstanceGuid": "d7fe3aa4-806f-4aa9-b5e8-23b3afa63882"
        },
        {
          "PartitionGuid": "218def0e-ec84-4f09-a4c4-9d8d057ced3f",
          "InstanceGuid": "f873fbd2-b517-4bdd-b20c-89f0b9cfc910"
        },
        {
          "PartitionGuid": "218def0e-ec84-4f09-a4c4-9d8d057ced3f",
          "InstanceGuid": "0555c0e5-8e1b-4ec8-b12e-c41f8daf3093"
        }
      ],
      "HackToSolveRealTimeTweakingIssue": "00000000-0000-0000-0000-000000000000",
      "UseDeferredEntityCreation": false,
      "Enabled": true
    },
    "f873fbd2-b517-4bdd-b20c-89f0b9cfc910": {
      "$type": "LightProbeVolumeData",
      "IndexInBlueprint": 53,
      "IsEventConnectionTarget": 3,
      "IsPropertyConnectionTarget": 3,
      "Transform": {
        "right": {
          "x": 0.701625,
          "y": -0.0,
          "z": 0.71254647
        },
        "up": {
          "x": 0.0,
          "y": 1.0,
          "z": 0.0
        },
        "forward": {
          "x": -0.7125464,
          "y": 0.0,
          "z": 0.70162493
        },
        "trans": {
          "x": -1023.0513,
          "y": 150.4685,
          "z": 14.225012
        }
      },
      "Xres": 2,
      "Yres": 3,
      "Zres": 2,
      "BlendDistance": 1.0,
      "Priority": 0
    }
  }
}