{
  "Name": "levels/sp_paris/helicopterpolice_01/helicopter_lensflare_prefab",
  "PartitionGuid": "4db793d4-893b-43a0-9492-c7fb7ff457a8",
  "PrimaryInstanceGuid": "c05f43f6-d13e-4420-8c14-94e66b480263",
  "Instances": {
    "00a1d3da-1012-41a2-8f50-9ef5ed354b10": {
      "$type": "LensFlareEntityData",
      "IndexInBlueprint": 0,
      "IsEventConnectionTarget": 0,
      "IsPropertyConnectionTarget": 3,
      "Transform": {
        "right": {
          "x": -1.0,
          "y": -1.1193888E-08,
          "z": 8.742278E-08
        },
        "up": {
          "x": -1.1193888E-08,
          "y": 1.0,
          "z": 0.0
        },
        "forward": {
          "x": -8.742278E-08,
          "y": -9.786008E-16,
          "z": -1.0
        },
        "trans": {
          "x": 0.0,
          "y": 0.0,
          "z": 0.0
        }
      },
      "Elements": [
        {
          "SizeCamDistCurve": {
            "x": -4.635128,
            "y": 9.100701,
            "z": -5.920998,
            "w": 1.4974097
          },
          "SizeAngleCurve": {
            "x": 3.9319675,
            "y": -4.186493,
            "z": 1.4525391,
            "w": -0.13879998
          },
          "Size": {
            "x": 3.0,
            "y": 3.0
          },
          "SizeOccluderCurve": {
            "x": 0.0,
            "y": 0.0,
            "z": -1.251572,
            "w": 1.131415
          },
          "SizeScreenPosCurve": {
            "x": 0.0,
            "y": 0.0,
            "z": 0.0,
            "w": 1.0
          },
          "AlphaCamDistCurve": {
            "x": -1.8341625,
            "y": 4.2893443,
            "z": -3.3559413,
            "w": 0.90939236
          },
          "AlphaOccluderCurve": {
            "x": 0.0,
            "y": 0.0,
            "z": -1.0,
            "w": 1.0
          },
          "AlphaAngleCurve": {
            "x": 100.67635,
            "y": -215.52814,
            "z": 153.80159,
            "w": -36.57897
          },
          "AlphaScreenPosCurve": {
            "x": 0.0,
            "y": 0.0,
            "z": 0.0,
            "w": 1.0
          },
          "SizeCamDistMax": 300.0,
          "RayDistance": 0.0,
          "Shader": {
            "PartitionGuid": "1a072ed3-f48d-4605-9489-fdd70a1a828c",
            "InstanceGuid": "3d24b198-bee3-4dba-a97b-5fa740bde8cf"
          },
          "AlphaCamDistMax": 300.0
        },
        {
          "SizeCamDistCurve": {
            "x": -0.9753863,
            "y": 2.8149848,
            "z": -3.3970265,
            "w": 1.545504
          },
          "SizeAngleCurve": {
            "x": 2.4362693,
            "y": -1.8026963,
            "z": 0.4292897,
            "w": 0.0028983827
          },
          "Size": {
            "x": 5.0,
            "y": 0.1
          },
          "SizeOccluderCurve": {
            "x": 0.0,
            "y": 0.0,
            "z": -1.2641507,
            "w": 1.1327358
          },
          "SizeScreenPosCurve": {
            "x": 0.0,
            "y": 0.0,
            "z": 0.0,
            "w": 1.0
          },
          "AlphaCamDistCurve": {
            "x": -2.4526837,
            "y": 6.089238,
            "z": -5.0077577,
            "w": 1.382643
          },
          "AlphaOccluderCurve": {
            "x": 0.0,
            "y": 0.0,
            "z": -1.0,
            "w": 1.0
          },
          "AlphaAngleCurve": {
            "x": 100.67635,
            "y": -215.52814,
            "z": 153.80159,
            "w": -36.57897
          },
          "AlphaScreenPosCurve": {
            "x": 0.0,
            "y": 0.0,
            "z": 0.0,
            "w": 0.25
          },
          "SizeCamDistMax": 300.0,
          "RayDistance": 0.0,
          "Shader": {
            "PartitionGuid": "f439f1f3-d1a9-4cac-a4b3-cf6fa8000e9d",
            "InstanceGuid": "a28d060b-9db5-4887-9b0e-708769d7430a"
          },
          "AlphaCamDistMax": 300.0
        },
        {
          "SizeCamDistCurve": {
            "x": 0.0,
            "y": 0.0,
            "z": -0.67499995,
            "w": 0.97325003
          },
          "SizeAngleCurve": {
            "x": 4.2339544,
            "y": -5.2957187,
            "z": 2.4205868,
            "w": -0.34568176
          },
          "Size": {
            "x": 2.0,
            "y": 2.0
          },
          "SizeOccluderCurve": {
            "x": 0.0,
            "y": 0.0,
            "z": -1.2062647,
            "w": 1.1016695
          },
          "SizeScreenPosCurve": {
            "x": 0.0,
            "y": 0.0,
            "z": 0.0,
            "w": 1.0
          },
          "AlphaCamDistCurve": {
            "x": 0.0,
            "y": -0.5692091,
            "z": -0.34209144,
            "w": 0.9749999
          },
          "AlphaOccluderCurve": {
            "x": 0.0,
            "y": 0.0,
            "z": -1.0,
            "w": 1.0
          },
          "AlphaAngleCurve": {
            "x": 3.6087291,
            "y": -7.348373,
            "z": 6.081614,
            "w": -1.3931139
          },
          "AlphaScreenPosCurve": {
            "x": 0.0,
            "y": 0.0,
            "z": 0.0,
            "w": 0.2
          },
          "SizeCamDistMax": 75.0,
          "RayDistance": 0.0,
          "Shader": {
            "PartitionGuid": "1cb6b8b1-0e19-11de-b378-fe48eb489c28",
            "InstanceGuid": "1cb6b8b2-0e19-11de-b378-fe48eb489c28"
          },
          "AlphaCamDistMax": 300.0
        },
        {
          "SizeCamDistCurve": {
            "x": -4.635128,
            "y": 9.100701,
            "z": -5.920998,
            "w": 1.4974097
          },
          "SizeAngleCurve": {
            "x": 1.0684586,
            "y": -0.4747307,
            "z": 0.29687598,
            "w": 0.11707753
          },
          "Size": {
            "x": 5.0,
            "y": 5.0
          },
          "SizeOccluderCurve": {
            "x": 0.0,
            "y": 0.0,
            "z": -1.251572,
            "w": 1.131415
          },
          "SizeScreenPosCurve": {
            "x": 0.0,
            "y": 0.0,
            "z": 0.0,
            "w": 1.0
          },
          "AlphaCamDistCurve": {
            "x": -1.8341625,
            "y": 4.2893443,
            "z": -3.3559413,
            "w": 0.90939236
          },
          "AlphaOccluderCurve": {
            "x": 0.0,
            "y": 0.0,
            "z": -1.0,
            "w": 1.0
          },
          "AlphaAngleCurve": {
            "x": 100.67635,
            "y": -215.52814,
            "z": 153.80159,
            "w": -36.57897
          },
          "AlphaScreenPosCurve": {
            "x": 0.0,
            "y": 0.0,
            "z": 0.0,
            "w": 1.0
          },
          "SizeCamDistMax": 300.0,
          "RayDistance": 0.7,
          "Shader": {
            "PartitionGuid": "af464717-1616-4df9-8e54-47b29452f2d7",
            "InstanceGuid": "6c5ebf14-8354-47d8-ae5b-7a3386e6cb67"
          },
          "AlphaCamDistMax": 300.0
        }
      ],
      "OccluderSize": 0.25,
      "Visible": true,
      "HalfRes": true,
      "DebugDrawOccluder": false
    },
    "09cddaf8-98ee-479c-a525-cfc658697b4f": {
      "$type": "EffectReferenceObjectData",
      "IndexInBlueprint": 2,
      "IsEventConnectionTarget": 0,
      "IsPropertyConnectionTarget": 3,
      "BlueprintTransform": {
        "right": {
          "x": -1.0000001,
          "y": -3.772412E-15,
          "z": 8.7422784E-08
        },
        "up": {
          "x": -8.742278E-08,
          "y": 3.4228535E-08,
          "z": -0.99999994
        },
        "forward": {
          "x": -3.684594E-15,
          "y": -0.99999994,