{
  "Name": "levels/xp4_fd/xp4_fd/layer13_backdrop",
  "PartitionGuid": "ce326490-69e7-40e0-8eea-5e109514f19d",
  "PrimaryInstanceGuid": "88bd15c0-14ed-492f-8f38-3db18554a0f6",
  "Instances": {
    "eda8028c-5e89-4aa7-967a-38362206a243": {
      "$type": "ReferenceObjectData",
      "BlueprintTransform": {
        "right": {
          "x": -0.24224374,
          "y": 0.0,
          "z": 0.9702154
        },
        "up": {
          "x": 0.0,
          "y": 1.0,
          "z": 0.0
        },
        "forward": {
          "x": -0.9702154,
          "y": 0.0,
          "z": -0.24224374
        },
        "trans": {
          "x": -157.50624,
          "y": 76.22037,
          "z": -432.95862
        }
      },
      "Blueprint": {
        "PartitionGuid": "65abb8c9-3f41-11e0-9d2d-cc1cf2884d6d",
        "InstanceGuid": "653f86b9-ce76-48c5-4e00-f76c20c350a2"
      },
      "ObjectVariation": null,
      "StreamRealm": 0,
      "CastSunShadowEnable": false,
      "Excluded": false,
      "IndexInBlueprint": 2277,
      "IsEventConnectionTarget": 3,
      "IsPropertyConnectionTarget": 3
    },
    "30b3d703-fa93-4f62-9e20-9c53a840ed3c": {
      "$type": "ReferenceObjectData",
      "BlueprintTransform": {
        "right": {
          "x": -0.2823212,
          "y": -7.675339E-05,
          "z": 0.95931995
        },
        "up": {
          "x": 0.00022985824,
          "y": 0.99999994,
          "z": 0.00014765382
        },
        "forward": {
          "x": -0.9593199,
          "y": 0.0002621934,
          "z": -0.2823212
        },
        "trans": {
          "x": -129.05476,
          "y": 71.11371,
          "z": -628.51227
        }
      },
      "Blueprint": {
        "PartitionGuid": "65abb8c9-3f41-11e0-9d2d-cc1cf2884d6d",
        "InstanceGuid": "653f86b9-ce76-48c5-4e00-f76c20c350a2"
      },
      "ObjectVariation": null,
      "StreamRealm": 0,
      "CastSunShadowEnable": false,
      "Excluded": false,
      "IndexInBlueprint": 2278,
      "IsEventConnectionTarget": 3,
      "IsPropertyConnectionTarget": 3
    },
    "9d6f48f2-77d9-4cc9-a7c7-6ca58a91fde4": {
      "$type": "ReferenceObjectData",
      "BlueprintTransform": {
        "right": {
          "x": -0.10571382,
          "y": 0.0,
          "z": 0.99439657
        },
        "up": {
          "x": 0.0,
          "y": 1.0,
          "z": 0.0
        },
        "forward": {
          "x": -0.99439657,
          "y": 0.0,
          "z": -0.10571382
        },
        "trans": {
          "x": -29.78425,
          "y": 71.0737,
          "z": -542.75183
        }
      },
      "Blueprint": {
        "PartitionGuid": "65abb8c9-3f41-11e0-9d2d-cc1cf2884d6d",
        "InstanceGuid": "653f86b9-ce76-48c5-4e00-f76c20c350a2"
      },
      "ObjectVariation": null,
      "StreamRealm": 0,
      "CastSunShadowEnable": false,
      "Excluded": false,
      "IndexInBlueprint": 2279,
      "IsEventConnectionTarget": 3,
      "IsPropertyConnectionTarget": 3
    },
    "efc1e1cb-5172-4c1e-a8dd-a83a6b3a1519": {
      "$type": "ReferenceObjectData",
      "BlueprintTransform": {
        "right": {
          "x": 0.35696664,
          "y": 0.0,
          "z": -0.93411714
        },
        "up": {
          "x": 0.0,
          "y": 1.0,
          "z": 0.0
        },
        "forward": {
          "x": 0.93411714,
          "y": 0.0,
          "z": 0.35696664
        },
        "trans": {
          "x": -142.15437,
          "y": 68.51755,
          "z": -596.9945
        }
      },
      "Blueprint": {
        "PartitionGuid": "6e68f729-3f41-11e0-9d2d-cc1cf2884d6d",
        "InstanceGuid": "b4c4eed9-6a1f-817a-2624-4db4515f2c3f"
      },
      "ObjectVariation": null,
      "StreamRealm": 0,
      "CastSunShadowEnable": false,
      "Excluded": false,
      "IndexInBlueprint": 2280,
      "IsEventConnectionTarget": 3,
      "IsPropertyConnectionTarget": 3
    },
    "e0593562-134b-4e9c-b5b5-51a25718cdf8": {
      "$type": "ReferenceObjectData",
      "BlueprintTransform": {
        "right": {
          "x": 0.985506,
          "y": 0.0,
          "z": -0.16964012
        },
        "up": {
          "x": 0.0,
          "y": 1.0,
          "z": 0.0
        },
        "forward": {
          "x": 0.16964012,
          "y": 0.0,
          "z": 0.985506
        },
        "trans": {
          "x": -146.02588,
          "y": 75.07927,
          "z": -474.3909
        }
      },
      "Blueprint": {
        "PartitionGuid": "6e68f729-3f41-11e0-9d2d-cc1cf2884d6d",
        "InstanceGuid": "b4c4eed9-6a1f-817a-2624-4db4515f2c3f"
      },
      "ObjectVariation": null,
      "StreamRealm": 0,
      "CastSunShadowEnable": false,
      "Excluded": false,
      "IndexInBlueprint": 2281,
      "IsEventConnectionTarget": 3,
      "IsPropertyConnectionTarget": 3
    },
    "88bd15c0-14ed-492f-8f38-3db18554a0f6": {
      "$type": "WorldPartData",
      "Name": "Levels/XP4_FD/Backdrop",
      "PropertyConnections": [],
      "LinkConnections": [],
      "EventConnections": [],
      "Descriptor": null,
      "NeedNetworkId": false,
      "InterfaceHasConnections": false,
      "AlwaysCreateEntityBusClient": false,
      "AlwaysCreateEntityBusServer": false,
      "Objects": [
        {
          "PartitionGuid": "ce326490-69e7-40e0-8eea-5e109514f19d",
          "InstanceGuid": "eda8028c-5e89-4aa7-967a-38362206a243"
        },
        {
          "PartitionGuid": "ce326490-69e7-40e0-8eea-5e109514f19d",
          "InstanceGuid": "30b3d703-fa93-4f62-9e20-9c53a840ed3c"
        },
        {
          "PartitionGuid": "ce326490-69e7-40e0-8eea-5e109514f19d",
          "InstanceGuid": "9d6f48f2-77d9-4cc9-a7c7-6ca58a91fde4"
        },
        {
          "PartitionGuid": "ce326490-69e7-40e0-8eea-5e109514f19d",
          "InstanceGuid": "efc1e1cb-5172-4c1e-a8dd-a83a6b3a1519"
        },
        {
          "PartitionGuid": "ce326490-69e7-40e0-8eea-5e109514f19d",
          "InstanceGuid": "e0593562-134b-4e9c-b5b5-51a25718cdf8"
        }
      ],
      "Enabled": true,
      "UseDeferredEntityCreation": false,
      "HackToSolveRealTimeTweakingIssue": "360cb694-98d3-909b-7f99-6fa7ee44ef8e"
    }
  }
}