{
  "Name": "levels/xp4_fd/conquest/layer0_conquest_common",
  "PartitionGuid": "66bd7e08-1542-4ee9-90fc-442242d89b89",
  "PrimaryInstanceGuid": "5cc02855-75b1-4107-9604-a1331121bf21",
  "Instances": {
    "e2fd7f6c-45e7-4332-8000-82b869ef6266": {
      "$type": "AlternateSpawnEntityData",
      "Team": 1,
      "Priority": 1.0,
      "Enabled": true,
      "Transform": {
        "right": {
          "x": -0.8790155,
          "y": 8.901804E-10,
          "z": 0.47679365
        },
        "up": {
          "x": 6.220217E-10,
          "y": 1.0000001,
          "z": -7.2025613E-10
        },
        "forward": {
          "x": -0.47679353,
          "y": -3.3654024E-10,
          "z": -0.87901527
        },
        "trans": {
          "x": 352.8744,
          "y": 70.86322,
          "z": -178.7731
        }
      },
      "IndexInBlueprint": 11,
      "IsEventConnectionTarget": 2,
      "IsPropertyConnectionTarget": 3
    },
    "e7be13a8-acd0-48d9-8852-b32e895fc1cc": {
      "$type": "AlternateSpawnEntityData",
      "Team": 1,
      "Priority": 1.0,
      "Enabled": true,
      "Transform": {
        "right": {
          "x": -0.7914995,
          "y": -5.02101E-11,
          "z": 0.61117035
        },
        "up": {
          "x": -9.038905E-12,
          "y": 1.0000001,
          "z": 7.044812E-11
        },
        "forward": {
          "x": -0.6111702,
          "y": 5.0235312E-11,
          "z": -0.79149926
        },
        "trans": {
          "x": 340.41815,
          "y": 70.86322,
          "z": -153.27391
        }
      },
      "IndexInBlueprint": 12,
      "IsEventConnectionTarget": 2,
      "IsPropertyConnectionTarget": 3
    },
    "eee13bdc-95d1-4c28-bb87-fb2d70f7cb3b": {
      "$type": "AlternateSpawnEntityData",
      "Team": 1,
      "Priority": 1.0,
      "Enabled": true,
      "Transform": {
        "right": {
          "x": 0.23682655,
          "y": 9.133009E-17,
          "z": 0.9715524
        },
        "up": {
          "x": 1.08699005E-08,
          "y": 1.0000001,
          "z": -2.649658E-09
        },
        "forward": {
          "x": -0.971552,
          "y": 1.1188182E-08,
          "z": 0.23682646
        },
        "trans": {
          "x": 356.90497,
          "y": 70.675064,
          "z": -176.10814
        }
      },
      "IndexInBlueprint": 13,
      "IsEventConnectionTarget": 2,
      "IsPropertyConnectionTarget": 3
    },
    "d1157ee1-4255-4d2d-9151-6aa9de3708c4": {
      "$type": "AlternateSpawnEntityData",
      "Team": 1,
      "Priority": 1.0,
      "Enabled": true,
      "Transform": {
        "right": {
          "x": -0.46278843,
          "y": 1.4834652E-10,
          "z": 0.8864692
        },
        "up": {
          "x": 2.1513584E-10,
          "y": 0.99999994,
          "z": -5.5031955E-11
        },
        "forward": {
          "x": -0.8864686,
          "y": 1.6524306E-10,
          "z": -0.46278808
        },
        "trans": {
          "x": 357.97867,
          "y": 70.75108,
          "z": -163.88538
        }
      },
      "IndexInBlueprint": 14,
      "IsEventConnectionTarget": 2,
      "IsPropertyConnectionTarget": 3
    },
    "4c4c8bad-339c-4c4b-9083-0dede367c9d1": {
      "$type": "AlternateSpawnEntityData",
      "Team": 1,
      "Priority": 1.0,
      "Enabled": true,
      "Transform": {
        "right": {
          "x": 0.57617825,
          "y": 1.1496776E-10,
          "z": 0.8173244
        },
        "up": {
          "x": 6.908367E-11,
          "y": 1.0000001,
          "z": -1.8936455E-10
        },
        "forward": {
          "x": -0.81732404,
          "y": 1.655714E-10,
          "z": 0.576178
        },
        "trans": {
          "x": 358.22342,
          "y": 70.563576,
          "z": -199.90256
        }
      },
      "IndexInBlueprint": 15,
      "IsEventConnectionTarget": 2,
      "IsPropertyConnectionTarget": 3
    },
    "952de28c-7893-4d28-b6b8-c400dc4494a8": {
      "$type": "AlternateSpawnEntityData",
      "Team": 2,
      "Priority": 1.0,
      "Enabled": true,
      "Transform": {
        "right": {
          "x": -0.26408747,
          "y": -9.822401E-11,
          "z": 0.96449906
        },
        "up": {
          "x": 4.3380446E-10,
          "y": 1.0000001,
          "z": 2.2061852E-10
        },
        "forward": {
          "x": -0.9644987,
          "y": 4.766664E-10,
          "z": -0.2640874
        },
        "trans": {
          "x": -20.836077,
          "y": 71.73872,
          "z": 195.27643
        }
      },
      "IndexInBlueprint": 16,
      "IsEventConnectionTarget": 2,
      "IsPropertyConnectionTarget": 3
    },
    "3d90a771-431f-4d07-aeae-d952eaf0a9c6": {
      "$type": "AlternateSpawnEntityData",
      "Team": 2,
      "Priority": 1.0,
      "Enabled": true,
      "Transform": {
        "right": {
          "x": -0.36050782,
          "y": 7.168369E-18,
          "z": 0.93275654
        },
        "up": {
          "x": -7.7455414E-10,
          "y": 0.99999964,
          "z": -2.99363E-10
        },
        "forward": {
          "x": -0.93275595,
          "y": -8.303929E-10,
          "z": -0.3605076
        },
        "trans": {
          "x": -24.022848,
          "y": 72.26509,
          "z": 188.96353
        }
      },
      "IndexInBlueprint": 17,
      "IsEventConnectionTarget": 2,
      "IsPropertyConnectionTarget": 3
    },
    "471c0978-116f-4cee-8e04-17448f38aa39": {
      "$type": "AlternateSpawnEntityData",
      "Team": 2,
      "Priority": 1.0,
      "Enabled": true,
      "Transform": {
        "right": {
          "x": -0.35477263,
          "y": 3.3072586E-10,
          "z": 0.9349528
        },
        "up": {
          "x": -9.162406E-10,
          "y": 1.0000001,
          "z": -7.0140765E-10
        },
        "forward": {
          "x": -0.93495244,
          "y": -1.1054815E-09,
          "z": -0.35477257
        },
        "trans": {
          "x": -18.451283,
          "y": 72.39375,
          "z": 222.3486
        }
      },
      "IndexInBlueprint": 18,
      "IsEventConnectionTarget": 2,
      "IsPropertyConnectionTarget": 3
    },
    "065e711d-676e-4fc2-9d6e-96f4c589c8e3": {
      "$type": "AlternateSpawnEntityData",
      "Team": 2,
      "Priority": 1.0,
      "Enabled": true,
      "Transform": {
        "right": {
          "x": -0.5869076,
          "y": -3.059986E-12,
          "z": 0.8096542
        },
        "up": {
          "x": 3.40118E-12,
          "y": 1.0000001,
          "z": 6.2448454E-12
        },
        "forward": {
          "x": -0.8096538,
          "y": 6.418924E-12,
          "z": -0.5869074
        },
        "trans": {
          "x": -26.21983,
          "y": 72.07363,
          "z": 205.9673
        }
      },
      "IndexInBlueprint": 19,
      "IsEventConnectionTarget": 2,
      "IsPropertyConnectionTarget": 3
    },
    "39a5a93e-9469-4f70-8655-4095ab1b04e0": {
      "$type": "AlternateSpawnEntityData",
      "Team": 2,
      "Priority": 1.0,
      "Enabled": true,
      "Transform": {
        "right": {
          "x": -0.5727626,
          "y": -6.111249E-17,
          "z": 0.81972164
        },
        "up": {
          "x": 9.3108915E-10,
          "y": 1.0000001,
          "z": 6.505783E-10
        },
        "forward": {
          "x": -0.81972134,
          "y": 1.1358602E-09,
          "z": -0.57276237
        },
        "trans": {
          "x": -26.511667,
          "y": 72.07363,
          "z": 209.2577
        }
      },
      "IndexInBlueprint": 20,
      "IsEventConnectionTarget": 2,
      "IsPropertyConnectionTarget": 3
    },
    "42fb92f4-e3c5-4cf1-bb6b-494308b113e5": {
      "$type": "AlternateSpawnEntityData",