{
  "Name": "levels/xp4_fd/conquest/layer5_power_station",
  "PartitionGuid": "c611a834-3159-4dc8-b4de-5697a95e2551",
  "PrimaryInstanceGuid": "97bb4b44-27f3-4389-91af-cc6fa94562b5",
  "Instances": {
    "1c670272-c2b2-4ab8-947c-d3295124248d": {
      "$type": "AlternateSpawnEntityData",
      "Team": 0,
      "Priority": 1.0,
      "Enabled": true,
      "Transform": {
        "right": {
          "x": -0.76011693,
          "y": -1.9953438E-14,
          "z": -0.64978635
        },
        "up": {
          "x": 8.3684915E-15,
          "y": 1.0,
          "z": -4.0497116E-14
        },
        "forward": {
          "x": 0.6497862,
          "y": -3.622027E-14,
          "z": -0.76011676
        },
        "trans": {
          "x": -97.57307,
          "y": 70.09482,
          "z": -96.58088
        }
      },
      "IndexInBlueprint": 65,
      "IsEventConnectionTarget": 2,
      "IsPropertyConnectionTarget": 3
    },
    "fb879ef6-fbe7-4b77-bf5d-0ad8334f6223": {
      "$type": "AlternateSpawnEntityData",
      "Team": 0,
      "Priority": 1.0,
      "Enabled": true,
      "Transform": {
        "right": {
          "x": 0.11688829,
          "y": 5.0209657E-14,
          "z": -0.993145
        },
        "up": {
          "x": -2.3452161E-15,
          "y": 1.0,
          "z": 5.0280198E-14
        },
        "forward": {
          "x": 0.99314475,
          "y": -3.5480306E-15,
          "z": 0.116888255
        },
        "trans": {
          "x": -97.97216,
          "y": 70.09482,
          "z": -89.196205
        }
      },
      "IndexInBlueprint": 66,
      "IsEventConnectionTarget": 2,
      "IsPropertyConnectionTarget": 3
    },
    "4efddc86-ca34-4b46-b5b8-7524f70ffd71": {
      "$type": "AlternateSpawnEntityData",
      "Team": 0,
      "Priority": 1.0,
      "Enabled": true,
      "Transform": {
        "right": {
          "x": -0.074343845,
          "y": 2.2460483E-13,
          "z": -0.99723274
        },
        "up": {
          "x": -4.1429025E-14,
          "y": 1.0,
          "z": 2.283166E-13
        },
        "forward": {
          "x": 0.99723256,
          "y": 5.828826E-14,
          "z": -0.074343815
        },
        "trans": {
          "x": -92.87394,
          "y": 70.29818,
          "z": -75.149055
        }
      },
      "IndexInBlueprint": 67,
      "IsEventConnectionTarget": 2,
      "IsPropertyConnectionTarget": 3
    },
    "b5e0f314-486b-4843-96a1-b298826dbe19": {
      "$type": "AlternateSpawnEntityData",
      "Team": 0,
      "Priority": 1.0,
      "Enabled": true,
      "Transform": {
        "right": {
          "x": -0.8124918,
          "y": -4.427135E-14,
          "z": -0.5829724
        },
        "up": {
          "x": 1.4454243E-14,
          "y": 1.0,
          "z": -9.608568E-14
        },
        "forward": {
          "x": 0.5829722,
          "y": -8.649524E-14,
          "z": -0.81249154
        },
        "trans": {
          "x": -98.73869,
          "y": 70.09482,
          "z": -68.630806
        }
      },
      "IndexInBlueprint": 68,
      "IsEventConnectionTarget": 2,
      "IsPropertyConnectionTarget": 3
    },
    "a065aa75-7cd2-43d7-8444-ab2abd390bcf": {
      "$type": "AlternateSpawnEntityData",
      "Team": 0,
      "Priority": 1.0,
      "Enabled": true,
      "Transform": {
        "right": {
          "x": -0.9989408,
          "y": -2.9508424E-22,
          "z": -0.04601156
        },
        "up": {
          "x": 2.920225E-14,
          "y": 0.99999994,
          "z": -6.339998E-13
        },
        "forward": {
          "x": 0.046011552,
          "y": -6.3467195E-13,
          "z": -0.99894065
        },
        "trans": {
          "x": -64.2326,
          "y": 70.12607,
          "z": -70.87347
        }
      },
      "IndexInBlueprint": 69,
      "IsEventConnectionTarget": 2,
      "IsPropertyConnectionTarget": 3
    },
    "76c86535-f632-41b5-b6d2-9ad69734bd5b": {
      "$type": "AlternateSpawnEntityData",
      "Team": 0,
      "Priority": 1.0,
      "Enabled": true,
      "Transform": {
        "right": {
          "x": -0.71800053,
          "y": -5.712398E-13,
          "z": 0.69604266
        },
        "up": {
          "x": 6.5668624E-13,
          "y": 1.0,
          "z": 1.4980992E-12
        },
        "forward": {
          "x": -0.69604254,
          "y": 1.5327171E-12,
          "z": -0.71800035
        },
        "trans": {
          "x": 9.622049,
          "y": 66.06769,
          "z": -113.009
        }
      },
      "IndexInBlueprint": 70,
      "IsEventConnectionTarget": 2,
      "IsPropertyConnectionTarget": 3
    },
    "bdf0e08b-896a-4d38-ba94-1cdc1bddc758": {
      "$type": "AlternateSpawnEntityData",
      "Team": 0,
      "Priority": 1.0,
      "Enabled": true,
      "Transform": {
        "right": {
          "x": 0.8946184,
          "y": -5.1313527E-15,
          "z": 0.44683096
        },
        "up": {
          "x": 2.812947E-16,
          "y": 1.0,
          "z": 1.0920687E-14
        },
        "forward": {
          "x": -0.44683084,
          "y": -9.644154E-15,
          "z": 0.8946181
        },
        "trans": {
          "x": 1.5156734,
          "y": 70.09482,
          "z": -89.238434
        }
      },
      "IndexInBlueprint": 71,
      "IsEventConnectionTarget": 2,
      "IsPropertyConnectionTarget": 3
    },
    "95a5cfd9-a6a4-491d-a9fc-1ac348d3f315": {
      "$type": "AlternateSpawnEntityData",
      "Team": 0,
      "Priority": 1.0,
      "Enabled": true,
      "Transform": {
        "right": {
          "x": 0.92496616,
          "y": -1.2534475E-11,
          "z": 0.38004953
        },
        "up": {
          "x": 1.5955938E-11,
          "y": 1.0,
          "z": -5.8524717E-12
        },
        "forward": {
          "x": -0.38004947,
          "y": 1.1477382E-11,
          "z": 0.924966
        },
        "trans": {
          "x": 0.71191597,
          "y": 70.04999,
          "z": -155.89764
        }
      },
      "IndexInBlueprint": 72,
      "IsEventConnectionTarget": 2,
      "IsPropertyConnectionTarget": 3
    },
    "ab895f7a-857f-4fad-9921-4e4cfaea02b0": {
      "$type": "AlternateSpawnEntityData",
      "Team": 0,
      "Priority": 1.0,
      "Enabled": true,
      "Transform": {
        "right": {
          "x": 0.06656424,
          "y": -6.8832054E-12,
          "z": -0.9977821
        },
        "up": {
          "x": -3.465659E-11,
          "y": 1.0,
          "z": -9.210524E-12
        },
        "forward": {
          "x": 0.99778193,
          "y": 3.5192814E-11,
          "z": 0.066564254
        },
        "trans": {
          "x": -30.35895,
          "y": 72.4363,
          "z": -142.34683
        }
      },
      "IndexInBlueprint": 73,
      "IsEventConnectionTarget": 2,
      "IsPropertyConnectionTarget": 3
    },
    "df690901-608b-4ad1-beab-4185cd0548a9": {
      "$type": "AlternateSpawnEntityData",
      "Team": 0,
      "Priority": 1.0,
      "Enabled": true,
      "Transform": {
        "right": {
          "x": 0.4278491,
          "y": -1.1715351E-11,
          "z": 0.90385014
        },
        "up": {
          "x": 4.9287144E-11,
          "y": 1.0,
          "z": -1.03690945E-11
        },
        "forward": {
          "x": -0.90385,
          "y": 4.8984598E-11,
          "z": 0.42784902
        },
        "trans": {
          "x": -32.317947,
          "y": 70.00107,
          "z": -150.57346
        }
      },
      "IndexInBlueprint": 74,
      "IsEventConnectionTarget": 2,
      "IsPropertyConnectionTarget": 3
    },
    "d884bdbf-297d-427c-958d-c53ff68fc241": {
      "$type": "AlternateSpawnEntityData",
      "Team": 0,
      "Priority": 1.0,