{
  "Name": "props/streetprops/walllamp_01/walllamp_01_blue_sp_sniper",
  "PartitionGuid": "4814ab13-b11d-11e0-9362-c97a2951182b",
  "PrimaryInstanceGuid": "937eea84-97b9-6553-c991-6b3aa811d763",
  "Instances": {
    "2fe53534-13d6-4b71-90b2-6d8a9b8a27dc": {
      "$type": "LensFlareEntityData",
      "IndexInBlueprint": 1,
      "IsEventConnectionTarget": 0,
      "IsPropertyConnectionTarget": 3,
      "Transform": {
        "right": {
          "x": -0.9999999,
          "y": -5.9604638E-08,
          "z": 4.371138E-08
        },
        "up": {
          "x": -4.3711378E-08,
          "y": 3.552714E-15,
          "z": -0.9999999
        },
        "forward": {
          "x": 5.960463E-08,
          "y": -0.9999999,
          "z": 3.66982E-22
        },
        "trans": {
          "x": -0.52249134,
          "y": 0.17094254,
          "z": 0.0
        }
      },
      "Elements": [
        {
          "SizeCamDistCurve": {
            "x": -0.29826117,
            "y": 1.4047574,
            "z": -2.002151,
            "w": 0.92953765
          },
          "SizeAngleCurve": {
            "x": 0.0,
            "y": 0.0,
            "z": -0.037143663,
            "w": 0.48611417
          },
          "Size": {
            "x": 1.1,
            "y": 1.1
          },
          "SizeOccluderCurve": {
            "x": 0.0,
            "y": 0.0,
            "z": -8.0,
            "w": 3.4500005
          },
          "SizeScreenPosCurve": {
            "x": 0.0,
            "y": 0.0,
            "z": -0.09202452,
            "w": 0.57174844
          },
          "AlphaCamDistCurve": {
            "x": 0.0,
            "y": 0.0,
            "z": -1.1772722,
            "w": 0.30699977
          },
          "AlphaOccluderCurve": {
            "x": 0.0,
            "y": 0.0,
            "z": -0.7355756,
            "w": 0.58317196
          },
          "AlphaAngleCurve": {
            "x": 0.0,
            "y": 0.0,
            "z": 0.0,
            "w": 0.6500001
          },
          "AlphaScreenPosCurve": {
            "x": 0.0,
            "y": 0.0,
            "z": 0.0,
            "w": 0.55500007
          },
          "SizeCamDistMax": 100.0,
          "RayDistance": 0.0,
          "Shader": {
            "PartitionGuid": "d12a4cb5-5683-4d8b-b783-d7c1668c93d8",
            "InstanceGuid": "8a214229-d580-44ce-b6f5-cbe89abf7dba"
          },
          "AlphaCamDistMax": 10.0
        },
        {
          "SizeCamDistCurve": {
            "x": 0.0,
            "y": 0.0,
            "z": -0.0860888,
            "w": 0.81492853
          },
          "SizeAngleCurve": {
            "x": 0.0,
            "y": 0.0,
            "z": 0.0,
            "w": 0.9000001
          },
          "Size": {
            "x": 1.5,
            "y": 1.5
          },
          "SizeOccluderCurve": {
            "x": 0.0,
            "y": 0.0,
            "z": -0.95145637,
            "w": 0.97145635
          },
          "SizeScreenPosCurve": {
            "x": 0.0,
            "y": 0.0,
            "z": 1.0082443,
            "w": 0.44109625
          },
          "AlphaCamDistCurve": {
            "x": 0.0,
            "y": -1.0923717,
            "z": 0.10168861,
            "w": 0.996126
          },
          "AlphaOccluderCurve": {
            "x": 0.0,
            "y": 0.0,
            "z": -4.7906995,
            "w": 4.8665133
          },
          "AlphaAngleCurve": {
            "x": 0.0,
            "y": 0.0,
            "z": 0.0,
            "w": 1.0550001
          },
          "AlphaScreenPosCurve": {
            "x": 0.0,
            "y": 0.0,
            "z": -0.9994936,
            "w": 0.969696
          },
          "SizeCamDistMax": 20.0,
          "RayDistance": 0.0,
          "Shader": {
            "PartitionGuid": "ed4e03ec-dbdb-4ea5-b47d-56700c9a8e8c",
            "InstanceGuid": "93d06ae2-aa2a-45eb-b424-1da761918f52"
          },
          "AlphaCamDistMax": 50.0
        },
        {
          "SizeCamDistCurve": {
            "x": 0.0,
            "y": 0.0,
            "z": 0.0,
            "w": 1.0
          },
          "SizeAngleCurve": {
            "x": 0.0,
            "y": 0.0,
            "z": 0.8741723,
            "w": 0.36311248
          },
          "Size": {
            "x": 2.0,
            "y": 3.0
          },
          "SizeOccluderCurve": {
            "x": 0.0,
            "y": 0.0,
            "z": -6.8928523,
            "w": 6.9223175
          },
          "SizeScreenPosCurve": {
            "x": 0.0,
            "y": 0.0,
            "z": 0.14427859,
            "w": 0.82283586
          },
          "AlphaCamDistCurve": {
            "x": 0.0,
            "y": 0.0,
            "z": 0.0,
            "w": 1.0
          },
          "AlphaOccluderCurve": {
            "x": 0.0,
            "y": 0.0,
            "z": -1.0,
            "w": 1.0
          },
          "AlphaAngleCurve": {
            "x": 0.0,
            "y": 0.0,
            "z": 1.0,
            "w": 0.0
          },
          "AlphaScreenPosCurve": {
            "x": 0.0,
            "y": 0.0,
            "z": -0.46788985,
            "w": 0.4722476
          },
          "SizeCamDistMax": 50.0,
          "RayDistance": 1.0,
          "Shader": {
            "PartitionGuid": "169b16e5-dd9d-4706-ba04-fad641f0741e",
            "InstanceGuid": "135e7565-a3c9-44c6-a332-5b4b859c5528"
          },
          "AlphaCamDistMax": 100.0
        }
      ],
      "OccluderSize": 1.0,
      "Visible": true,
      "HalfRes": true,
      "DebugDrawOccluder": false
    },
    "4dd3f067-cff9-484e-af2a-92bb6c690add": {
      "$type": "ReferenceObjectData",
      "IndexInBlueprint": 0,
      "IsEventConnectionTarget": 3,
      "IsPropertyConnectionTarget": 3,
      "BlueprintTransform": {
        "right": {
          "x": 1.0,
          "y": 1.3234927E-10,
          "z": 3.2049113E-20
        },
        "up": {
          "x": -1.3234927E-10,
          "y": 1.0,
          "z": -1.4273532E-37
        },
        "forward": {
          "x": -3.2049113E-20,
          "y": -4.2416768E-30,
          "z": 1.0
        },
        "trans": {
          "x": 0.0,
          "y": 0.0,
          "z": 0.0
        }
      },
      "Blueprint": {
        "PartitionGuid": "b0d19556-f225-11df-a7f2-c01fa83ade2c",
        "InstanceGuid": "62054a33-165a-f216-db8c-4a73dfb3322a"
      },
      "ObjectVariation": {
        "PartitionGuid": "e0e61b2d-ad63-11e0-b2ac-d94dcedf676b",
        "InstanceGuid": "06c34c4e-2896-6410-ae91-0b9c12e9df34"
      },
      "StreamRealm": 0,
      "CastSunShadowEnable": true,
      "Excluded": false
    },
    "6e28a942-2b7b-485a-af41-cb44746cd1c0": {
      "$type": "EffectReferenceObjectData",
      "IndexInBlueprint": 2,
      "IsEventConnectionTarget": 0,
      "IsPropertyConnectionTarget": 3,
      "BlueprintTransform": {
        "right": {
          "x": 0.9797354,
          "y": -0.20029627,
          "z": 0.0
        },
        "up": {
          "x": 0.20029627,
          "y": 0.9797354,
          "z": 0.0
        },
        "forward": {
          "x": 0.0,
          "y": 0.0,
          "z": 1.0
        },
        "trans": {
          "x": -0.75432825,
          "y": -0.98588467,
          "z": 0.0
        }
      },
      "Blueprint": {
        "PartitionGuid": "0310f33a-78d5-4975-9c59-56ca6b1d9085",
        "InstanceGuid": "8a35b79b-c488-4852-a5e8-1cc2088b6642"
      },
      "ObjectVariation": null,
      "StreamRealm": 0,
      "CastSunShadowEnable": true,
      "Excluded": false,
      "AutoStart": true
    },
    "937eea84-97b9-6553-c991-6b3aa811d763": {
      "$type": "SpatialPrefabBlueprint",