{
  "Name": "props/streetprops/walllamp_01/walllamp_01_villa_destruction",
  "PartitionGuid": "2ab016fd-b0f8-4a1b-8c88-e6b5648ac0e4",
  "PrimaryInstanceGuid": "804c455b-3b16-43c2-a253-0d741438a392",
  "Instances": {
    "3b8897d3-addb-4851-8e55-242f945b27bc": {
      "$type": "LensFlareEntityData",
      "IndexInBlueprint": 1,
      "IsEventConnectionTarget": 0,
      "IsPropertyConnectionTarget": 3,
      "Transform": {
        "right": {
          "x": -0.9999999,
          "y": -5.9604638E-08,
          "z": 4.371138E-08
        },
        "up": {
          "x": -4.3711378E-08,
          "y": 3.552714E-15,
          "z": -0.9999999
        },
        "forward": {
          "x": 5.960463E-08,
          "y": -0.9999999,
          "z": 3.66982E-22
        },
        "trans": {
          "x": -0.52249134,
          "y": 0.17094254,
          "z": 0.0
        }
      },
      "Elements": [
        {
          "SizeCamDistCurve": {
            "x": -0.29826117,
            "y": 1.4047574,
            "z": -2.002151,
            "w": 0.92953765
          },
          "SizeAngleCurve": {
            "x": 0.0,
            "y": 0.0,
            "z": -0.037143663,
            "w": 0.48611417
          },
          "Size": {
            "x": 1.1,
            "y": 1.1
          },
          "SizeOccluderCurve": {
            "x": 0.0,
            "y": 0.0,
            "z": -8.0,
            "w": 3.4500005
          },
          "SizeScreenPosCurve": {
            "x": 0.0,
            "y": 0.0,
            "z": -0.09202452,
            "w": 0.57174844
          },
          "AlphaCamDistCurve": {
            "x": 0.0,
            "y": 0.0,
            "z": -1.1772722,
            "w": 0.30699977
          },
          "AlphaOccluderCurve": {
            "x": 0.0,
            "y": 0.0,
            "z": -0.7355756,
            "w": 0.58317196
          },
          "AlphaAngleCurve": {
            "x": 0.0,
            "y": 0.0,
            "z": 0.0,
            "w": 0.6500001
          },
          "AlphaScreenPosCurve": {
            "x": 0.0,
            "y": 0.0,
            "z": 0.0,
            "w": 0.55500007
          },
          "SizeCamDistMax": 100.0,
          "RayDistance": 0.0,
          "Shader": {
            "PartitionGuid": "d12a4cb5-5683-4d8b-b783-d7c1668c93d8",
            "InstanceGuid": "8a214229-d580-44ce-b6f5-cbe89abf7dba"
          },
          "AlphaCamDistMax": 10.0
        },
        {
          "SizeCamDistCurve": {
            "x": 0.0,
            "y": 0.0,
            "z": -0.0860888,
            "w": 0.81492853
          },
          "SizeAngleCurve": {
            "x": 0.0,
            "y": 0.0,
            "z": 0.0,
            "w": 0.9000001
          },
          "Size": {
            "x": 1.0,
            "y": 1.0
          },
          "SizeOccluderCurve": {
            "x": 0.0,
            "y": 0.0,
            "z": -0.95145637,
            "w": 0.97145635
          },
          "SizeScreenPosCurve": {
            "x": 0.0,
            "y": 0.0,
            "z": 1.0082443,
            "w": 0.44109625
          },
          "AlphaCamDistCurve": {
            "x": 0.0,
            "y": -1.0923717,
            "z": 0.10168861,
            "w": 0.996126
          },
          "AlphaOccluderCurve": {
            "x": 0.0,
            "y": 0.0,
            "z": -4.7906995,
            "w": 4.8665133
          },
          "AlphaAngleCurve": {
            "x": 0.0,
            "y": 0.0,
            "z": 0.0,
            "w": 1.0550001
          },
          "AlphaScreenPosCurve": {
            "x": 0.0,
            "y": 0.0,
            "z": -0.9994936,
            "w": 0.969696
          },
          "SizeCamDistMax": 20.0,
          "RayDistance": 0.0,
          "Shader": {
            "PartitionGuid": "ed4e03ec-dbdb-4ea5-b47d-56700c9a8e8c",
            "InstanceGuid": "93d06ae2-aa2a-45eb-b424-1da761918f52"
          },
          "AlphaCamDistMax": 50.0
        },
        {
          "SizeCamDistCurve": {
            "x": 0.0,
            "y": 0.0,
            "z": 0.0,
            "w": 1.0
          },
          "SizeAngleCurve": {
            "x": 0.0,
            "y": 0.0,
            "z": 0.8741723,
            "w": 0.36311248
          },
          "Size": {
            "x": 2.0,
            "y": 3.0
          },
          "SizeOccluderCurve": {
            "x": 0.0,
            "y": 0.0,
            "z": -6.8928523,
            "w": 6.9223175
          },
          "SizeScreenPosCurve": {
            "x": 0.0,
            "y": 0.0,
            "z": 0.14427859,
            "w": 0.82283586
          },
          "AlphaCamDistCurve": {
            "x": 0.0,
            "y": 0.0,
            "z": 0.0,
            "w": 1.0
          },
          "AlphaOccluderCurve": {
            "x": 0.0,
            "y": 0.0,
            "z": -1.0,
            "w": 1.0
          },
          "AlphaAngleCurve": {
            "x": 0.0,
            "y": 0.0,
            "z": 1.0,
            "w": 0.0
          },
          "AlphaScreenPosCurve": {
            "x": 0.0,
            "y": 0.0,
            "z": -0.46788985,
            "w": 0.4722476
          },
          "SizeCamDistMax": 50.0,
          "RayDistance": 1.0,
          "Shader": {
            "PartitionGuid": "169b16e5-dd9d-4706-ba04-fad641f0741e",
            "InstanceGuid": "135e7565-a3c9-44c6-a332-5b4b859c5528"
          },
          "AlphaCamDistMax": 100.0
        }
      ],
      "OccluderSize": 1.0,
      "Visible": true,
      "HalfRes": true,
      "DebugDrawOccluder": false
    },
    "804c455b-3b16-43c2-a253-0d741438a392": {
      "$type": "SpatialPrefabBlueprint",
      "Name": "Props/StreetProps/WallLamp_01/WallLamp_01_Villa_Destruction",
      "PropertyConnections": [],
      "LinkConnections": [],
      "EventConnections": [
        {
          "Source": {
            "PartitionGuid": "2ab016fd-b0f8-4a1b-8c88-e6b5648ac0e4",
            "InstanceGuid": "bda721cd-07dc-4674-a7d5-0e82dbaf93e9"
          },
          "Target": {
            "PartitionGuid": "2ab016fd-b0f8-4a1b-8c88-e6b5648ac0e4",
            "InstanceGuid": "3b8897d3-addb-4851-8e55-242f945b27bc"
          },
          "SourceEvent": {
            "Id": -1452333337
          },
          "TargetEvent": {
            "Id": -117303631
          },
          "TargetType": "EventConnectionTargetType_Client"
        },
        {
          "Source": {
            "PartitionGuid": "2ab016fd-b0f8-4a1b-8c88-e6b5648ac0e4",
            "InstanceGuid": "bda721cd-07dc-4674-a7d5-0e82dbaf93e9"
          },
          "Target": {
            "PartitionGuid": "2ab016fd-b0f8-4a1b-8c88-e6b5648ac0e4",
            "InstanceGuid": "f7478e19-471e-4f66-8da7-d80f9ea310d9"
          },
          "SourceEvent": {
            "Id": -1452333337
          },
          "TargetEvent": {
            "Id": -117303631
          },
          "TargetType": "EventConnectionTargetType_Client"
        },
        {
          "Source": {
            "PartitionGuid": "2ab016fd-b0f8-4a1b-8c88-e6b5648ac0e4",
            "InstanceGuid": "bda721cd-07dc-4674-a7d5-0e82dbaf93e9"
          },
          "Target": {
            "PartitionGuid": "2ab016fd-b0f8-4a1b-8c88-e6b5648ac0e4",
            "InstanceGuid": "3b8897d3-addb-4851-8e55-242f945b27bc"
          },
          "SourceEvent": {
            "Id": 1630515206
          },
          "TargetEvent": {
            "Id": -117303631
          },
          "TargetType": "EventConnectionTargetType_Client"
        },
        {
          "Source": {
            "PartitionGuid": "2ab016fd-b0f8-4a1b-8c88-e6b5648ac0e4",
            "InstanceGuid": "bda721cd-07dc-4674-a7d5-0e82dbaf93e9"
          },