{
  "Name": "levels/xp3_desert/conquest/layer6_village_center",
  "PartitionGuid": "6dadc3bb-5cd7-48b3-98e5-efc21bd34ee3",
  "PrimaryInstanceGuid": "1bac1ee7-a986-4602-926f-5f03986be6d6",
  "Instances": {
    "06e9cb88-38f9-42d2-8eb6-86570167aa79": {
      "$type": "AlternateSpawnEntityData",
      "IndexInBlueprint": 101,
      "IsEventConnectionTarget": 2,
      "IsPropertyConnectionTarget": 3,
      "Transform": {
        "right": {
          "x": 0.90329593,
          "y": 0.00012736322,
          "z": -0.42901793
        },
        "up": {
          "x": -8.924106E-05,
          "y": 1.0,
          "z": 0.00010897474
        },
        "forward": {
          "x": 0.42901796,
          "y": -6.015042E-05,
          "z": 0.9032959
        },
        "trans": {
          "x": -91.79959,
          "y": 63.60228,
          "z": 30.00726
        }
      },
      "Team": "TeamNeutral",
      "Priority": 1.0,
      "Enabled": true
    },
    "0a02d165-27f3-499c-a4ee-94a64a5919c1": {
      "$type": "AlternateSpawnEntityData",
      "IndexInBlueprint": 103,
      "IsEventConnectionTarget": 2,
      "IsPropertyConnectionTarget": 3,
      "Transform": {
        "right": {
          "x": 0.58644515,
          "y": -5.66811E-05,
          "z": 0.80998904
        },
        "up": {
          "x": -6.327485E-05,
          "y": 1.0,
          "z": 0.000115789626
        },
        "forward": {
          "x": -0.809989,
          "y": -0.00011915625,
          "z": 0.5864452
        },
        "trans": {
          "x": -66.675064,
          "y": 64.63477,
          "z": 56.437496
        }
      },
      "Team": "TeamNeutral",
      "Priority": 1.0,
      "Enabled": true
    },
    "0fcc2749-b6c1-45ea-8aea-dab2be6c2d59": {
      "$type": "AlternateSpawnEntityData",
      "IndexInBlueprint": 96,
      "IsEventConnectionTarget": 2,
      "IsPropertyConnectionTarget": 3,
      "Transform": {
        "right": {
          "x": -0.7992829,
          "y": -8.137138E-05,
          "z": 0.600955
        },
        "up": {
          "x": -2.6155026E-06,
          "y": 1.0,
          "z": 0.00013192448
        },
        "forward": {
          "x": -0.60095507,
          "y": 0.00010387315,
          "z": -0.79928285
        },
        "trans": {
          "x": -36.588173,
          "y": 64.62598,
          "z": 139.10446
        }
      },
      "Team": "TeamNeutral",
      "Priority": 1.0,
      "Enabled": true
    },
    "12268178-872b-4919-88a0-0c3f11c73f52": {
      "$type": "AlternateSpawnEntityData",
      "IndexInBlueprint": 106,
      "IsEventConnectionTarget": 2,
      "IsPropertyConnectionTarget": 3,
      "Transform": {
        "right": {
          "x": -0.42972556,
          "y": -0.00012024659,
          "z": 0.90295947
        },
        "up": {
          "x": -2.6155176E-06,
          "y": 1.0,
          "z": 0.00013192446
        },
        "forward": {
          "x": -0.9029596,
          "y": 5.4329597E-05,
          "z": -0.4297255
        },
        "trans": {
          "x": -10.129737,
          "y": 64.62599,
          "z": 117.24197
        }
      },
      "Team": "TeamNeutral",
      "Priority": 1.0,
      "Enabled": true
    },
    "16235385-63cd-4bda-9d7f-3b44fb8a64cd": {
      "$type": "AlternateSpawnEntityData",
      "IndexInBlueprint": 99,
      "IsEventConnectionTarget": 2,
      "IsPropertyConnectionTarget": 3,
      "Transform": {
        "right": {
          "x": 0.979163,
          "y": 0.00029149154,
          "z": 0.20307545
        },
        "up": {
          "x": -0.00034164527,
          "y": 1.0,
          "z": 0.00021191566
        },
        "forward": {
          "x": -0.20307535,
          "y": -0.0002768796,
          "z": 0.97916275
        },
        "trans": {
          "x": -117.23558,
          "y": 66.038635,
          "z": 40.080334
        }
      },
      "Team": "TeamNeutral",
      "Priority": 1.0,
      "Enabled": true
    },
    "1bac1ee7-a986-4602-926f-5f03986be6d6": {
      "$type": "WorldPartData",
      "Name": "Levels/XP3_Desert/Village_Center",
      "PropertyConnections": [],
      "LinkConnections": [],
      "EventConnections": [],
      "Descriptor": null,
      "NeedNetworkId": false,
      "InterfaceHasConnections": false,
      "AlwaysCreateEntityBusClient": false,
      "AlwaysCreateEntityBusServer": false,
      "Objects": [
        {
          "PartitionGuid": "6dadc3bb-5cd7-48b3-98e5-efc21bd34ee3",
          "InstanceGuid": "75af6cee-d955-491c-a6fb-df0c7da5867a"
        },
        {
          "PartitionGuid": "6dadc3bb-5cd7-48b3-98e5-efc21bd34ee3",
          "InstanceGuid": "2a2cf5c5-6ad9-42a5-af0d-d9ed6a1358e4"
        },
        {
          "PartitionGuid": "6dadc3bb-5cd7-48b3-98e5-efc21bd34ee3",
          "InstanceGuid": "9b780186-e05f-45a2-bd88-ec6fafda74bd"
        },
        {
          "PartitionGuid": "6dadc3bb-5cd7-48b3-98e5-efc21bd34ee3",
          "InstanceGuid": "0fcc2749-b6c1-45ea-8aea-dab2be6c2d59"
        },
        {
          "PartitionGuid": "6dadc3bb-5cd7-48b3-98e5-efc21bd34ee3",
          "InstanceGuid": "8f2175c8-bfa1-4837-8368-9563da5a18d2"
        },
        {
          "PartitionGuid": "6dadc3bb-5cd7-48b3-98e5-efc21bd34ee3",
          "InstanceGuid": "e9d201e0-7801-428b-9b7f-d5b5f907fc83"
        },
        {
          "PartitionGuid": "6dadc3bb-5cd7-48b3-98e5-efc21bd34ee3",
          "InstanceGuid": "16235385-63cd-4bda-9d7f-3b44fb8a64cd"
        },
        {
          "PartitionGuid": "6dadc3bb-5cd7-48b3-98e5-efc21bd34ee3",
          "InstanceGuid": "7070b8c7-a532-43e7-9e8a-1f087d5f5eac"
        },
        {
          "PartitionGuid": "6dadc3bb-5cd7-48b3-98e5-efc21bd34ee3",
          "InstanceGuid": "06e9cb88-38f9-42d2-8eb6-86570167aa79"
        },
        {
          "PartitionGuid": "6dadc3bb-5cd7-48b3-98e5-efc21bd34ee3",
          "InstanceGuid": "bf76b9b7-09b9-4df1-9bb9-7ae6c22d91d8"
        },
        {
          "PartitionGuid": "6dadc3bb-5cd7-48b3-98e5-efc21bd34ee3",
          "InstanceGuid": "0a02d165-27f3-499c-a4ee-94a64a5919c1"
        },
        {
          "PartitionGuid": "6dadc3bb-5cd7-48b3-98e5-efc21bd34ee3",
          "InstanceGuid": "e1df1dc5-194a-47ae-8e21-1b06f1f24bde"
        },
        {
          "PartitionGuid": "6dadc3bb-5cd7-48b3-98e5-efc21bd34ee3",
          "InstanceGuid": "e8634260-36bd-4ac4-986c-dc068cb45176"
        },
        {
          "PartitionGuid": "6dadc3bb-5cd7-48b3-98e5-efc21bd34ee3",
          "InstanceGuid": "12268178-872b-4919-88a0-0c3f11c73f52"
        },
        {
          "PartitionGuid": "6dadc3bb-5cd7-48b3-98e5-efc21bd34ee3",
          "InstanceGuid": "98c05852-715d-470d-9a7b-6705047e939b"
        },
        {
          "PartitionGuid": "6dadc3bb-5cd7-48b3-98e5-efc21bd34ee3",
          "InstanceGuid": "6abc4026-b65e-4d98-8176-2d84a4d5d089"
        },
        {
          "PartitionGuid": "6dadc3bb-5cd7-48b3-98e5-efc21bd34ee3",
          "InstanceGuid": "583012c6-e8e9-4bba-9c48-5e434a0f5669"
        }
      ],
      "HackToSolveRealTimeTweakingIssue": "b8d68d74-3d2d-4b5d-4327-7b2c3c15138b",
      "UseDeferredEntityCreation": false,
      "Enabled": true
    },
    "2a2cf5c5-6ad9-42a5-af0d-d9ed6a1358e4": {
      "$type": "AlternateSpawnEntityData",
      "IndexInBlueprint": 94,
      "IsEventConnectionTarget": 2,
      "IsPropertyConnectionTarget": 3,
      "Transform": {
        "right": {
          "x": -0.83427685,
          "y": -7.491825E-05,
          "z": 0.55134577
        },
        "up": {
          "x": -2.615512E-06,
          "y": 1.0,
          "z": 0.00013192445
        },
        "forward": {
          "x": -0.55134577,
          "y": 0.000108619424,
          "z": -0.83427674
        },
        "trans": {
          "x": -30.859863,