{
  "Name": "levels/coop_009/ab00_parent/layer22_ab00_weaponpickups",
  "PartitionGuid": "e76310e8-45c8-4fac-8215-33ecc0321baf",
  "PrimaryInstanceGuid": "32d9095f-ea6f-49dc-8660-4069f696da7d",
  "Instances": {
    "53671b31-052e-4999-ba1c-023fa650d893": {
      "$type": "ReferenceObjectData",
      "BlueprintTransform": {
        "right": {
          "x": 0.038782477,
          "y": -0.05771577,
          "z": -0.99757946
        },
        "up": {
          "x": -0.9755273,
          "y": 0.21404488,
          "z": -0.050308917
        },
        "forward": {
          "x": 0.21643038,
          "y": 0.97511715,
          "z": -0.048002135
        },
        "trans": {
          "x": -28.16771,
          "y": 65.89273,
          "z": 805.18555
        }
      },
      "Blueprint": {
        "PartitionGuid": "1d12d1f9-81cc-42f8-887c-be21a2d7a178",
        "InstanceGuid": "d0846ef4-8060-4ab3-b035-d3526db9d659"
      },
      "ObjectVariation": null,
      "StreamRealm": 0,
      "CastSunShadowEnable": true,
      "Excluded": false,
      "IndexInBlueprint": 549,
      "IsEventConnectionTarget": 3,
      "IsPropertyConnectionTarget": 3
    },
    "fb64efef-976d-460b-9e32-77fbed0bf254": {
      "$type": "ReferenceObjectData",
      "BlueprintTransform": {
        "right": {
          "x": 0.6362471,
          "y": -1.0000121E-07,
          "z": 0.7714853
        },
        "up": {
          "x": 1.4664924E-07,
          "y": 1.0,
          "z": 1.4188739E-08
        },
        "forward": {
          "x": -0.77148527,
          "y": 6.599914E-08,
          "z": 0.6362471
        },
        "trans": {
          "x": -29.57956,
          "y": 66.510544,
          "z": 803.5036
        }
      },
      "Blueprint": {
        "PartitionGuid": "b2df6c9d-6ed0-43ec-a4c6-14d69fc02514",
        "InstanceGuid": "5e1adaf2-ca02-4bb1-8208-ae006d831b16"
      },
      "ObjectVariation": null,
      "StreamRealm": 0,
      "CastSunShadowEnable": true,
      "Excluded": false,
      "IndexInBlueprint": 550,
      "IsEventConnectionTarget": 3,
      "IsPropertyConnectionTarget": 3
    },
    "350c3b2d-2353-426b-a6b9-49c7e6295bf6": {
      "$type": "ReferenceObjectData",
      "BlueprintTransform": {
        "right": {
          "x": 0.016609719,
          "y": -1.5505258E-10,
          "z": 0.9998621
        },
        "up": {
          "x": 0.9779143,
          "y": 0.208374,
          "z": -0.016245123
        },
        "forward": {
          "x": -0.20834523,
          "y": 0.9780492,
          "z": 0.0034610336
        },
        "trans": {
          "x": -29.22697,
          "y": 65.80386,
          "z": 801.26483
        }
      },
      "Blueprint": {
        "PartitionGuid": "da872a7d-c11b-4bce-af8f-f3618b562b76",
        "InstanceGuid": "af01e38b-33cb-42a3-9984-1231235bcc66"
      },
      "ObjectVariation": null,
      "StreamRealm": 0,
      "CastSunShadowEnable": true,
      "Excluded": false,
      "IndexInBlueprint": 551,
      "IsEventConnectionTarget": 3,
      "IsPropertyConnectionTarget": 3
    },
    "9db6dadd-5380-892b-acfd-5c2521f15851": {
      "$type": "ReferenceObjectData",
      "BlueprintTransform": {
        "right": {
          "x": -0.88627625,
          "y": 0.0,
          "z": -0.4631569
        },
        "up": {
          "x": 0.0,
          "y": 1.0,
          "z": 0.0
        },
        "forward": {
          "x": 0.4631569,
          "y": 0.0,
          "z": -0.88627625
        },
        "trans": {
          "x": -30.15066,
          "y": 65.87808,
          "z": 803.23895
        }
      },
      "Blueprint": {
        "PartitionGuid": "26850f24-f860-c88f-cfb1-d816ebd9c338",
        "InstanceGuid": "26850f24-f860-c88f-cfb1-d816ebd9c338"
      },
      "ObjectVariation": null,
      "StreamRealm": 0,
      "CastSunShadowEnable": true,
      "Excluded": false,
      "IndexInBlueprint": 552,
      "IsEventConnectionTarget": 3,
      "IsPropertyConnectionTarget": 3
    },
    "32d9095f-ea6f-49dc-8660-4069f696da7d": {
      "$type": "WorldPartData",
      "Name": "Levels/COOP_009/AB00_WeaponPickups",
      "PropertyConnections": [],
      "LinkConnections": [],
      "EventConnections": [],
      "Descriptor": null,
      "NeedNetworkId": false,
      "InterfaceHasConnections": false,
      "AlwaysCreateEntityBusClient": false,
      "AlwaysCreateEntityBusServer": false,
      "Objects": [
        {
          "PartitionGuid": "e76310e8-45c8-4fac-8215-33ecc0321baf",
          "InstanceGuid": "53671b31-052e-4999-ba1c-023fa650d893"
        },
        {
          "PartitionGuid": "e76310e8-45c8-4fac-8215-33ecc0321baf",
          "InstanceGuid": "fb64efef-976d-460b-9e32-77fbed0bf254"
        },
        {
          "PartitionGuid": "e76310e8-45c8-4fac-8215-33ecc0321baf",
          "InstanceGuid": "350c3b2d-2353-426b-a6b9-49c7e6295bf6"
        },
        {
          "PartitionGuid": "e76310e8-45c8-4fac-8215-33ecc0321baf",
          "InstanceGuid": "9db6dadd-5380-892b-acfd-5c2521f15851"
        }
      ],
      "Enabled": true,
      "UseDeferredEntityCreation": false,
      "HackToSolveRealTimeTweakingIssue": "bae16d9e-e38b-b160-be5d-8736817b1e06"
    }
  }
}