{
  "Name": "levels/coop_009/ab00_parent/layer15_ab00_logicgameplay_room_status",
  "PartitionGuid": "04095500-e40f-4016-96da-cb7cee4c4c39",
  "PrimaryInstanceGuid": "4f52d56a-40bb-4be4-bd51-b55fd604a62f",
  "Instances": {
    "46576e71-9839-4a96-9e9a-07cd5fd07566": {
      "$type": "ReferenceObjectData",
      "BlueprintTransform": {
        "right": {
          "x": -4.3704148E-08,
          "y": 4.6754597E-12,
          "z": -1.0
        },
        "up": {
          "x": 3.249742E-11,
          "y": 1.0,
          "z": 4.654485E-12
        },
        "forward": {
          "x": 1.0,
          "y": -3.066336E-11,
          "z": -4.3711715E-08
        },
        "trans": {
          "x": -57.074257,
          "y": 65.974045,
          "z": 838.8685
        }
      },
      "Blueprint": {
        "PartitionGuid": "fc590a15-0342-11de-8f90-c5721602deb3",
        "InstanceGuid": "fc590a16-0342-11de-8f90-c5721602deb3"
      },
      "ObjectVariation": null,
      "StreamRealm": 0,
      "CastSunShadowEnable": true,
      "Excluded": false,
      "IndexInBlueprint": 505,
      "IsEventConnectionTarget": 3,
      "IsPropertyConnectionTarget": 3
    },
    "260feb9d-baba-435b-b741-541953dc3621": {
      "$type": "ReferenceObjectData",
      "BlueprintTransform": {
        "right": {
          "x": 0.9150332,
          "y": -2.0707306E-11,
          "z": 0.40337852
        },
        "up": {
          "x": 3.249742E-11,
          "y": 1.0,
          "z": 4.6544847E-12
        },
        "forward": {
          "x": -0.40337852,
          "y": 1.1449214E-11,
          "z": 0.9150332
        },
        "trans": {
          "x": -57.260765,
          "y": 65.97405,
          "z": 838.4188
        }
      },
      "Blueprint": {
        "PartitionGuid": "2af6ff64-0341-11de-8f90-c5721602deb3",
        "InstanceGuid": "2af6ff65-0341-11de-8f90-c5721602deb3"
      },
      "ObjectVariation": null,
      "StreamRealm": 0,
      "CastSunShadowEnable": true,
      "Excluded": false,
      "IndexInBlueprint": 506,
      "IsEventConnectionTarget": 3,
      "IsPropertyConnectionTarget": 3
    },
    "84fb671f-8710-4646-8246-13749e3d51e6": {
      "$type": "ReferenceObjectData",
      "BlueprintTransform": {
        "right": {
          "x": -4.3704148E-08,
          "y": 4.6754597E-12,
          "z": -1.0
        },
        "up": {
          "x": 3.249742E-11,
          "y": 1.0,
          "z": 4.654485E-12
        },
        "forward": {
          "x": 1.0,
          "y": -3.066336E-11,
          "z": -4.3711715E-08
        },
        "trans": {
          "x": -45.177982,
          "y": 65.97405,
          "z": 836.0867
        }
      },
      "Blueprint": {
        "PartitionGuid": "2af6ff64-0341-11de-8f90-c5721602deb3",
        "InstanceGuid": "2af6ff65-0341-11de-8f90-c5721602deb3"
      },
      "ObjectVariation": null,
      "StreamRealm": 0,
      "CastSunShadowEnable": true,
      "Excluded": false,
      "IndexInBlueprint": 507,
      "IsEventConnectionTarget": 3,
      "IsPropertyConnectionTarget": 3
    },
    "eea6877d-6907-4dc8-9c5d-2488739684d5": {
      "$type": "ReferenceObjectData",
      "BlueprintTransform": {
        "right": {
          "x": -4.3704148E-08,
          "y": 4.6754597E-12,
          "z": -1.0
        },
        "up": {
          "x": 3.249742E-11,
          "y": 1.0,
          "z": 4.654485E-12
        },
        "forward": {
          "x": 1.0,
          "y": -3.066336E-11,
          "z": -4.3711715E-08
        },
        "trans": {
          "x": -47.104057,
          "y": 65.97402,
          "z": 830.0581
        }
      },
      "Blueprint": {
        "PartitionGuid": "fc590a15-0342-11de-8f90-c5721602deb3",
        "InstanceGuid": "fc590a16-0342-11de-8f90-c5721602deb3"
      },
      "ObjectVariation": null,
      "StreamRealm": 0,
      "CastSunShadowEnable": true,
      "Excluded": false,
      "IndexInBlueprint": 508,
      "IsEventConnectionTarget": 3,
      "IsPropertyConnectionTarget": 3
    },
    "b97a7546-4708-472c-b1fa-4b1795cd6624": {
      "$type": "ReferenceObjectData",
      "BlueprintTransform": {
        "right": {
          "x": -4.3704148E-08,
          "y": 4.6754597E-12,
          "z": -1.0
        },
        "up": {
          "x": 3.249742E-11,
          "y": 1.0,
          "z": 4.654485E-12
        },
        "forward": {
          "x": 1.0,
          "y": -3.066336E-11,
          "z": -4.3711715E-08
        },
        "trans": {
          "x": -34.466415,
          "y": 65.97405,
          "z": 829.9656
        }
      },
      "Blueprint": {
        "PartitionGuid": "2af6ff64-0341-11de-8f90-c5721602deb3",
        "InstanceGuid": "2af6ff65-0341-11de-8f90-c5721602deb3"
      },
      "ObjectVariation": null,
      "StreamRealm": 0,
      "CastSunShadowEnable": true,
      "Excluded": false,
      "IndexInBlueprint": 509,
      "IsEventConnectionTarget": 3,
      "IsPropertyConnectionTarget": 3
    },
    "9ec3b643-6144-4254-bb1b-25e7e580d23e": {
      "$type": "ReferenceObjectData",
      "BlueprintTransform": {
        "right": {
          "x": -0.54324156,
          "y": 1.724594E-11,
          "z": -0.8395765
        },
        "up": {
          "x": 3.249742E-11,
          "y": 1.0,
          "z": 4.654485E-12
        },
        "forward": {
          "x": 0.8395765,
          "y": -1.3658145E-11,
          "z": -0.54324156
        },
        "trans": {
          "x": -57.442425,
          "y": 65.974045,
          "z": 828.93646
        }
      },
      "Blueprint": {
        "PartitionGuid": "2af6ff64-0341-11de-8f90-c5721602deb3",
        "InstanceGuid": "2af6ff65-0341-11de-8f90-c5721602deb3"
      },
      "ObjectVariation": null,
      "StreamRealm": 0,
      "CastSunShadowEnable": true,
      "Excluded": false,
      "IndexInBlueprint": 510,
      "IsEventConnectionTarget": 3,
      "IsPropertyConnectionTarget": 3
    },
    "4f52d56a-40bb-4be4-bd51-b55fd604a62f": {
      "$type": "WorldPartData",
      "Name": "Levels/COOP_009/AB00_LogicGameplay_Room_Status",
      "PropertyConnections": [],
      "LinkConnections": [],
      "EventConnections": [],
      "Descriptor": null,
      "NeedNetworkId": false,
      "InterfaceHasConnections": false,
      "AlwaysCreateEntityBusClient": false,
      "AlwaysCreateEntityBusServer": false,
      "Objects": [
        {
          "PartitionGuid": "04095500-e40f-4016-96da-cb7cee4c4c39",
          "InstanceGuid": "46576e71-9839-4a96-9e9a-07cd5fd07566"
        },
        {
          "PartitionGuid": "04095500-e40f-4016-96da-cb7cee4c4c39",
          "InstanceGuid": "260feb9d-baba-435b-b741-541953dc3621"
        },
        {
          "PartitionGuid": "04095500-e40f-4016-96da-cb7cee4c4c39",
          "InstanceGuid": "84fb671f-8710-4646-8246-13749e3d51e6"
        },
        {
          "PartitionGuid": "04095500-e40f-4016-96da-cb7cee4c4c39",
          "InstanceGuid": "eea6877d-6907-4dc8-9c5d-2488739684d5"
        },
        {
          "PartitionGuid": "04095500-e40f-4016-96da-cb7cee4c4c39",
          "InstanceGuid": "b97a7546-4708-472c-b1fa-4b1795cd6624"
        },
        {
          "PartitionGuid": "04095500-e40f-4016-96da-cb7cee4c4c39",
          "InstanceGuid": "9ec3b643-6144-4254-bb1b-25e7e580d23e"
        }
      ],
      "Enabled": true,
      "UseDeferredEntityCreation": false,
      "HackToSolveRealTimeTweakingIssue": "bae16d9e-e38b-b160-be5d-8736817b1e06"
    }
  }
}