{
  "Name": "levels/coop_009/ab01_parent/layer12_ab01_weaponpickups",
  "PartitionGuid": "98d94064-7c64-4987-b217-0d25dddedafd",
  "PrimaryInstanceGuid": "43b10050-6467-4dd1-a1f3-5a7e6dc2a990",
  "Instances": {
    "aa425c8c-00fa-46aa-96d1-a040450f395e": {
      "$type": "ReferenceObjectData",
      "BlueprintTransform": {
        "right": {
          "x": -0.9303212,
          "y": 0.0,
          "z": -0.3667457
        },
        "up": {
          "x": 0.0,
          "y": 1.0,
          "z": 0.0
        },
        "forward": {
          "x": 0.3667457,
          "y": 0.0,
          "z": -0.9303212
        },
        "trans": {
          "x": -88.98207,
          "y": 66.42584,
          "z": 675.2692
        }
      },
      "Blueprint": {
        "PartitionGuid": "b2df6c9d-6ed0-43ec-a4c6-14d69fc02514",
        "InstanceGuid": "5e1adaf2-ca02-4bb1-8208-ae006d831b16"
      },
      "ObjectVariation": null,
      "StreamRealm": 0,
      "CastSunShadowEnable": true,
      "Excluded": false,
      "IndexInBlueprint": 554,
      "IsEventConnectionTarget": 3,
      "IsPropertyConnectionTarget": 3
    },
    "dd4ddba6-c8fa-446c-8e07-6a46a422a810": {
      "$type": "ReferenceObjectData",
      "BlueprintTransform": {
        "right": {
          "x": -0.9538356,
          "y": -0.2033566,
          "z": 0.221006
        },
        "up": {
          "x": 0.110168904,
          "y": 0.4476637,
          "z": 0.8873894
        },
        "forward": {
          "x": -0.2793929,
          "y": 0.8707717,
          "z": -0.404594
        },
        "trans": {
          "x": -90.42011,
          "y": 65.57489,
          "z": 676.7414
        }
      },
      "Blueprint": {
        "PartitionGuid": "1d12d1f9-81cc-42f8-887c-be21a2d7a178",
        "InstanceGuid": "d0846ef4-8060-4ab3-b035-d3526db9d659"
      },
      "ObjectVariation": null,
      "StreamRealm": 0,
      "CastSunShadowEnable": true,
      "Excluded": false,
      "IndexInBlueprint": 555,
      "IsEventConnectionTarget": 3,
      "IsPropertyConnectionTarget": 3
    },
    "ad6dae82-39da-4a47-81d2-59a91d0bf371": {
      "$type": "ReferenceObjectData",
      "BlueprintTransform": {
        "right": {
          "x": -0.9363507,
          "y": -0.10704372,
          "z": -0.33434853
        },
        "up": {
          "x": -0.3509702,
          "y": 0.26318637,
          "z": 0.8986395
        },
        "forward": {
          "x": -0.008197722,
          "y": 0.9587879,
          "z": -0.28400394
        },
        "trans": {
          "x": -91.74995,
          "y": 65.4334,
          "z": 675.3706
        }
      },
      "Blueprint": {
        "PartitionGuid": "da872a7d-c11b-4bce-af8f-f3618b562b76",
        "InstanceGuid": "af01e38b-33cb-42a3-9984-1231235bcc66"
      },
      "ObjectVariation": null,
      "StreamRealm": 0,
      "CastSunShadowEnable": true,
      "Excluded": false,
      "IndexInBlueprint": 556,
      "IsEventConnectionTarget": 3,
      "IsPropertyConnectionTarget": 3
    },
    "4b3b8266-b51f-45d7-b3d0-82b1527c3d5d": {
      "$type": "ReferenceObjectData",
      "BlueprintTransform": {
        "right": {
          "x": 0.0017027811,
          "y": -0.05617251,
          "z": -0.99841976
        },
        "up": {
          "x": -0.9963311,
          "y": -0.0855271,
          "z": 0.0031125443
        },
        "forward": {
          "x": -0.08556672,
          "y": 0.99475104,
          "z": -0.056112073
        },
        "trans": {
          "x": -64.3374,
          "y": 65.905754,
          "z": 789.8262
        }
      },
      "Blueprint": {
        "PartitionGuid": "b2df6c9d-6ed0-43ec-a4c6-14d69fc02514",
        "InstanceGuid": "5e1adaf2-ca02-4bb1-8208-ae006d831b16"
      },
      "ObjectVariation": null,
      "StreamRealm": 0,
      "CastSunShadowEnable": true,
      "Excluded": false,
      "IndexInBlueprint": 557,
      "IsEventConnectionTarget": 3,
      "IsPropertyConnectionTarget": 3
    },
    "fcac7f3c-6560-4dc7-a84e-a2ebf3630d08": {
      "$type": "ReferenceObjectData",
      "BlueprintTransform": {
        "right": {
          "x": 0.038782395,
          "y": -0.05771576,
          "z": -0.99757946
        },
        "up": {
          "x": -0.97552717,
          "y": 0.21404485,
          "z": -0.050308827
        },
        "forward": {
          "x": 0.2164303,
          "y": 0.97511697,
          "z": -0.048002195
        },
        "trans": {
          "x": -62.009785,
          "y": 65.89441,
          "z": 789.72174
        }
      },
      "Blueprint": {
        "PartitionGuid": "1d12d1f9-81cc-42f8-887c-be21a2d7a178",
        "InstanceGuid": "d0846ef4-8060-4ab3-b035-d3526db9d659"
      },
      "ObjectVariation": null,
      "StreamRealm": 0,
      "CastSunShadowEnable": true,
      "Excluded": false,
      "IndexInBlueprint": 558,
      "IsEventConnectionTarget": 3,
      "IsPropertyConnectionTarget": 3
    },
    "6db62240-d07f-464d-a70e-9c0b0042c010": {
      "$type": "ReferenceObjectData",
      "BlueprintTransform": {
        "right": {
          "x": -0.9993464,
          "y": -0.013567723,
          "z": 0.033509623
        },
        "up": {
          "x": 0.031226126,
          "y": 0.14315747,
          "z": 0.9892071
        },
        "forward": {
          "x": -0.018218517,
          "y": 0.989607,
          "z": -0.14264016
        },
        "trans": {
          "x": -66.06434,
          "y": 65.853714,
          "z": 786.42413
        }
      },
      "Blueprint": {
        "PartitionGuid": "da872a7d-c11b-4bce-af8f-f3618b562b76",
        "InstanceGuid": "af01e38b-33cb-42a3-9984-1231235bcc66"
      },
      "ObjectVariation": null,
      "StreamRealm": 0,
      "CastSunShadowEnable": true,
      "Excluded": false,
      "IndexInBlueprint": 559,
      "IsEventConnectionTarget": 3,
      "IsPropertyConnectionTarget": 3
    },
    "ac16579b-c6e7-eae8-f293-1d39f2c9b0a5": {
      "$type": "ReferenceObjectData",
      "BlueprintTransform": {
        "right": {
          "x": -0.23530845,
          "y": 0.0,
          "z": -0.9719207
        },
        "up": {
          "x": 0.0,
          "y": 1.0,
          "z": 0.0
        },
        "forward": {
          "x": 0.9719207,
          "y": 0.0,
          "z": -0.23530845
        },
        "trans": {
          "x": -90.48403,
          "y": 65.52041,
          "z": 675.8119
        }
      },
      "Blueprint": {
        "PartitionGuid": "26850f24-f860-c88f-cfb1-d816ebd9c338",
        "InstanceGuid": "26850f24-f860-c88f-cfb1-d816ebd9c338"
      },
      "ObjectVariation": null,
      "StreamRealm": 0,
      "CastSunShadowEnable": true,
      "Excluded": false,
      "IndexInBlueprint": 560,
      "IsEventConnectionTarget": 3,
      "IsPropertyConnectionTarget": 3
    },
    "d34871df-9057-a460-6e16-78743a982910": {
      "$type": "ReferenceObjectData",
      "BlueprintTransform": {
        "right": {
          "x": -0.02719956,
          "y": 0.056580238,
          "z": 0.9980275
        },
        "up": {
          "x": 0.016831152,
          "y": 0.9982814,
          "z": -0.05613591
        },
        "forward": {
          "x": -0.99948823,
          "y": 0.015271074,
          "z": -0.02810508
        },
        "trans": {
          "x": -64.93801,
          "y": 65.97051,
          "z": 790.3025
        }
      },
      "Blueprint": {
        "PartitionGuid": "26850f24-f860-c88f-cfb1-d816ebd9c338",
        "InstanceGuid": "26850f24-f860-c88f-cfb1-d816ebd9c338"
      },
      "ObjectVariation": null,
      "StreamRealm": 0,
      "CastSunShadowEnable": true,
      "Excluded": false,
      "IndexInBlueprint": 561,
      "IsEventConnectionTarget": 3,
      "IsPropertyConnectionTarget": 3
    },