{
  "Name": "levels/coop_009/ab02_parent/layer0_ab02_gameplayshapes",
  "PartitionGuid": "78f65c30-84bd-4835-8e23-f6db3cca9e01",
  "PrimaryInstanceGuid": "31f2599f-141a-48f7-a493-12dc7236d2bb",
  "Instances": {
    "5dac2b2b-5b55-4bee-97a8-2c08cd7b06b1": {
      "$type": "OBBData",
      "Transform": {
        "right": {
          "x": 1.0,
          "y": 0.0,
          "z": 0.0
        },
        "up": {
          "x": 0.0,
          "y": 1.0,
          "z": 0.0
        },
        "forward": {
          "x": 0.0,
          "y": 0.0,
          "z": 1.0
        },
        "trans": {
          "x": -61.728924,
          "y": 69.49598,
          "z": 535.48
        }
      },
      "HalfExtents": {
        "x": 7.3076367,
        "y": 7.0055285,
        "z": 2.6069825
      },
      "IndexInBlueprint": 10,
      "IsEventConnectionTarget": 1,
      "IsPropertyConnectionTarget": 3
    },
    "a55564f8-62a6-4be7-8113-073e6c1cbb1f": {
      "$type": "OBBData",
      "Transform": {
        "right": {
          "x": 0.80894536,
          "y": 0.0,
          "z": -0.5878839
        },
        "up": {
          "x": 0.0,
          "y": 1.0,
          "z": 0.0
        },
        "forward": {
          "x": 0.58788353,
          "y": 0.0,
          "z": 0.8089457
        },
        "trans": {
          "x": -66.4779,
          "y": 75.7673,
          "z": 524.078
        }
      },
      "HalfExtents": {
        "x": 6.4804373,
        "y": 9.363266,
        "z": 1.9986521
      },
      "IndexInBlueprint": 11,
      "IsEventConnectionTarget": 1,
      "IsPropertyConnectionTarget": 3
    },
    "33c3aff7-40a3-42c3-a86c-29c8ce86c82d": {
      "$type": "OBBData",
      "Transform": {
        "right": {
          "x": 0.87252825,
          "y": 0.0,
          "z": -0.48856363
        },
        "up": {
          "x": 0.0,
          "y": 1.0,
          "z": 0.0
        },
        "forward": {
          "x": 0.48856366,
          "y": 0.0,
          "z": 0.87252825
        },
        "trans": {
          "x": -98.52686,
          "y": 72.91795,
          "z": 490.3023
        }
      },
      "HalfExtents": {
        "x": 4.661666,
        "y": 9.963566,
        "z": 1.0
      },
      "IndexInBlueprint": 12,
      "IsEventConnectionTarget": 3,
      "IsPropertyConnectionTarget": 3
    },
    "296f1caa-9f8a-464c-a2f6-9996ad966c5c": {
      "$type": "OBBData",
      "Transform": {
        "right": {
          "x": 0.91336596,
          "y": 0.0,
          "z": -0.40713978
        },
        "up": {
          "x": 0.0,
          "y": 1.0,
          "z": 0.0
        },
        "forward": {
          "x": 0.40713972,
          "y": 0.0,
          "z": 0.9133659
        },
        "trans": {
          "x": -56.48161,
          "y": 65.33404,
          "z": 577.3086
        }
      },
      "HalfExtents": {
        "x": 5.7020903,
        "y": 7.6560087,
        "z": 1.5825217
      },
      "IndexInBlueprint": 13,
      "IsEventConnectionTarget": 1,
      "IsPropertyConnectionTarget": 3
    },
    "a2acaa4e-c6a2-498e-80f5-c821d83773f1": {
      "$type": "OBBData",
      "Transform": {
        "right": {
          "x": 0.999986,
          "y": 0.0,
          "z": -0.0052932748
        },
        "up": {
          "x": 0.0,
          "y": 1.0,
          "z": 0.0
        },
        "forward": {
          "x": 0.005293392,
          "y": 0.0,
          "z": 0.999986
        },
        "trans": {
          "x": -120.32478,
          "y": 72.94151,
          "z": 408.26096
        }
      },
      "HalfExtents": {
        "x": 12.390031,
        "y": 7.619503,
        "z": 1.5669699
      },
      "IndexInBlueprint": 14,
      "IsEventConnectionTarget": 1,
      "IsPropertyConnectionTarget": 3
    },
    "b4e11210-8428-4968-ac69-d67f9bfcc38b": {
      "$type": "OBBData",
      "Transform": {
        "right": {
          "x": 1.0,
          "y": 0.0,
          "z": 0.0
        },
        "up": {
          "x": 0.0,
          "y": 1.0,
          "z": 0.0
        },
        "forward": {
          "x": 0.0,
          "y": 0.0,
          "z": 1.0
        },
        "trans": {
          "x": -168.70787,
          "y": 66.193886,
          "z": 316.44717
        }
      },
      "HalfExtents": {
        "x": 1.0,
        "y": 1.0,
        "z": 1.0
      },
      "IndexInBlueprint": 15,
      "IsEventConnectionTarget": 3,
      "IsPropertyConnectionTarget": 3
    },
    "a87962a9-1b30-45d0-bf64-f63b3d1835e9": {
      "$type": "OBBData",
      "Transform": {
        "right": {
          "x": 0.99596673,
          "y": 0.0,
          "z": -0.089724034
        },
        "up": {
          "x": 0.0,
          "y": 1.0,
          "z": 0.0
        },
        "forward": {
          "x": 0.08972384,
          "y": 0.0,
          "z": 0.9959667
        },
        "trans": {
          "x": -120.735405,
          "y": 76.34729,
          "z": 382.05923
        }
      },
      "HalfExtents": {
        "x": 7.133593,
        "y": 6.6462827,
        "z": 16.166018
      },
      "IndexInBlueprint": 16,
      "IsEventConnectionTarget": 1,
      "IsPropertyConnectionTarget": 3
    },
    "9eb84758-244e-43a6-965c-5d2b98d88095": {
      "$type": "OBBData",
      "Transform": {
        "right": {
          "x": 0.9887001,
          "y": 0.0,
          "z": -0.14990719
        },
        "up": {
          "x": 0.0,
          "y": 1.0,
          "z": 0.0
        },
        "forward": {
          "x": 0.1499073,
          "y": 0.0,
          "z": 0.9887001
        },
        "trans": {
          "x": -119.70415,
          "y": 72.94151,
          "z": 389.2943
        }
      },
      "HalfExtents": {
        "x": 12.390031,
        "y": 7.619503,
        "z": 1.5669699
      },
      "IndexInBlueprint": 17,
      "IsEventConnectionTarget": 1,
      "IsPropertyConnectionTarget": 3
    },
    "136735aa-4d6c-4448-8181-8e7ad6c77b8f": {
      "$type": "OBBData",
      "Transform": {
        "right": {
          "x": 0.7320863,
          "y": 0.0,
          "z": -0.68121195
        },
        "up": {
          "x": 0.0,
          "y": 1.0,
          "z": 0.0
        },
        "forward": {
          "x": 0.68121225,
          "y": 0.0,
          "z": 0.73208606
        },
        "trans": {
          "x": -138.01543,
          "y": 73.61351,
          "z": 342.57544
        }
      },
      "HalfExtents": {
        "x": 10.04581,
        "y": 6.968587,
        "z": 2.0834527
      },
      "IndexInBlueprint": 18,
      "IsEventConnectionTarget": 1,
      "IsPropertyConnectionTarget": 3
    },
    "8d66a1fb-ad2d-45ac-8b03-301fc616ee0a": {
      "$type": "OBBData",
      "Transform": {
        "right": {
          "x": 1.0,
          "y": 0.0,
          "z": 0.0
        },
        "up": {
          "x": 0.0,
          "y": 1.0,
          "z": 0.0
        },
        "forward": {
          "x": 0.0,
          "y": 0.0,
          "z": 1.0
        },
        "trans": {
          "x": -117.57374,
          "y": 72.95699,
          "z": 437.54904
        }
      },
      "HalfExtents": {
        "x": 62.947605,
        "y": 46.692745,
        "z": 42.96988
      },
      "IndexInBlueprint": 19,
      "IsEventConnectionTarget": 1,
      "IsPropertyConnectionTarget": 3
    },
    "dcd0d0b5-fc9a-4e5f-ac0f-b97081d85ef3": {
      "$type": "OBBData",
      "Transform": {
        "right": {
          "x": -0.1887863,
          "y": 0.0,
          "z": -0.9820183
        },
        "up": {
          "x": 0.0,
          "y": 1.0,
          "z": 0.0
        },
        "forward": {
          "x": 0.98201823,
          "y": 0.0,
          "z": -0.1887861
        },