{
  "Name": "levels/coop_009/ab03_parent/layer6_ab03_weaponpickups",
  "PartitionGuid": "1ef44466-4f6e-4c80-9473-60f9817e41ce",
  "PrimaryInstanceGuid": "9046de4f-41d7-4a39-bf07-691b772f302c",
  "Instances": {
    "8aa38637-5faa-48f8-b8dd-e55431c2f8c0": {
      "$type": "ReferenceObjectData",
      "BlueprintTransform": {
        "right": {
          "x": -0.028258553,
          "y": 1.7579568E-07,
          "z": -0.99960023
        },
        "up": {
          "x": -5.2711698E-08,
          "y": 1.0000006,
          "z": 2.2120646E-07
        },
        "forward": {
          "x": 0.9996004,
          "y": 4.09822E-08,
          "z": -0.028258352
        },
        "trans": {
          "x": -158.73593,
          "y": 66.19367,
          "z": 189.64491
        }
      },
      "Blueprint": {
        "PartitionGuid": "b2df6c9d-6ed0-43ec-a4c6-14d69fc02514",
        "InstanceGuid": "5e1adaf2-ca02-4bb1-8208-ae006d831b16"
      },
      "ObjectVariation": null,
      "StreamRealm": 0,
      "CastSunShadowEnable": true,
      "Excluded": false,
      "IndexInBlueprint": 466,
      "IsEventConnectionTarget": 3,
      "IsPropertyConnectionTarget": 3
    },
    "b71bc204-4656-4bf9-9687-beaed216bd1e": {
      "$type": "ReferenceObjectData",
      "BlueprintTransform": {
        "right": {
          "x": -0.9834993,
          "y": -0.18090606,
          "z": 0.0014674414
        },
        "up": {
          "x": 0.055349413,
          "y": -0.29316595,
          "z": 0.95445806
        },
        "forward": {
          "x": -0.1722372,
          "y": 0.93878996,
          "z": 0.29834172
        },
        "trans": {
          "x": -156.00467,
          "y": 65.66723,
          "z": 189.66249
        }
      },
      "Blueprint": {
        "PartitionGuid": "1d12d1f9-81cc-42f8-887c-be21a2d7a178",
        "InstanceGuid": "d0846ef4-8060-4ab3-b035-d3526db9d659"
      },
      "ObjectVariation": null,
      "StreamRealm": 0,
      "CastSunShadowEnable": true,
      "Excluded": false,
      "IndexInBlueprint": 467,
      "IsEventConnectionTarget": 3,
      "IsPropertyConnectionTarget": 3
    },
    "90f2d3c6-b8fb-4934-93ee-e5e6e3178bfb": {
      "$type": "ReferenceObjectData",
      "BlueprintTransform": {
        "right": {
          "x": 0.9964206,
          "y": -0.0513087,
          "z": 0.06718181
        },
        "up": {
          "x": 0.071293466,
          "y": 0.08303356,
          "z": -0.99399185
        },
        "forward": {
          "x": 0.045422275,
          "y": 0.995225,
          "z": 0.086394295
        },
        "trans": {
          "x": -160.4084,
          "y": 65.613106,
          "z": 190.32329
        }
      },
      "Blueprint": {
        "PartitionGuid": "da872a7d-c11b-4bce-af8f-f3618b562b76",
        "InstanceGuid": "af01e38b-33cb-42a3-9984-1231235bcc66"
      },
      "ObjectVariation": null,
      "StreamRealm": 0,
      "CastSunShadowEnable": true,
      "Excluded": false,
      "IndexInBlueprint": 468,
      "IsEventConnectionTarget": 3,
      "IsPropertyConnectionTarget": 3
    },
    "707786cc-40a7-e622-f9f4-bc34ab8f7683": {
      "$type": "ReferenceObjectData",
      "BlueprintTransform": {
        "right": {
          "x": 0.12707819,
          "y": -2.2245352E-07,
          "z": 0.9918921
        },
        "up": {
          "x": -1.00363245E-07,
          "y": 1.0000006,
          "z": 2.051842E-07
        },
        "forward": {
          "x": -0.99189186,
          "y": 2.9403166E-08,
          "z": 0.1270787
        },
        "trans": {
          "x": -158.1676,
          "y": 65.55362,
          "z": 190.17256
        }
      },
      "Blueprint": {
        "PartitionGuid": "26850f24-f860-c88f-cfb1-d816ebd9c338",
        "InstanceGuid": "26850f24-f860-c88f-cfb1-d816ebd9c338"
      },
      "ObjectVariation": null,
      "StreamRealm": 0,
      "CastSunShadowEnable": true,
      "Excluded": false,
      "IndexInBlueprint": 469,
      "IsEventConnectionTarget": 3,
      "IsPropertyConnectionTarget": 3
    },
    "9046de4f-41d7-4a39-bf07-691b772f302c": {
      "$type": "WorldPartData",
      "Name": "Levels/COOP_009/AB03_WeaponPickups",
      "PropertyConnections": [],
      "LinkConnections": [],
      "EventConnections": [],
      "Descriptor": null,
      "NeedNetworkId": false,
      "InterfaceHasConnections": false,
      "AlwaysCreateEntityBusClient": false,
      "AlwaysCreateEntityBusServer": false,
      "Objects": [
        {
          "PartitionGuid": "1ef44466-4f6e-4c80-9473-60f9817e41ce",
          "InstanceGuid": "8aa38637-5faa-48f8-b8dd-e55431c2f8c0"
        },
        {
          "PartitionGuid": "1ef44466-4f6e-4c80-9473-60f9817e41ce",
          "InstanceGuid": "b71bc204-4656-4bf9-9687-beaed216bd1e"
        },
        {
          "PartitionGuid": "1ef44466-4f6e-4c80-9473-60f9817e41ce",
          "InstanceGuid": "90f2d3c6-b8fb-4934-93ee-e5e6e3178bfb"
        },
        {
          "PartitionGuid": "1ef44466-4f6e-4c80-9473-60f9817e41ce",
          "InstanceGuid": "707786cc-40a7-e622-f9f4-bc34ab8f7683"
        }
      ],
      "Enabled": true,
      "UseDeferredEntityCreation": false,
      "HackToSolveRealTimeTweakingIssue": "02433973-4646-0af1-eec0-438d1e65a306"
    }
  }
}