{
  "Name": "levels/coop_009/ab03_parent/layer0_ab03_gameplayshapes",
  "PartitionGuid": "6d63ee38-40a4-444a-bb3d-235fb379fc62",
  "PrimaryInstanceGuid": "ec9fd530-3912-42e7-a371-dc3d058d815e",
  "Instances": {
    "000f0a82-4cd2-4e82-881d-1c564f23e906": {
      "$type": "OBBData",
      "IndexInBlueprint": 12,
      "IsEventConnectionTarget": 1,
      "IsPropertyConnectionTarget": 3,
      "Transform": {
        "right": {
          "x": 0.989864,
          "y": 0.0,
          "z": 0.14201853
        },
        "up": {
          "x": 0.0,
          "y": 1.0,
          "z": 0.0
        },
        "forward": {
          "x": -0.14201848,
          "y": 0.0,
          "z": 0.989864
        },
        "trans": {
          "x": -191.18686,
          "y": 65.33174,
          "z": 250.25064
        }
      },
      "HalfExtents": {
        "x": 17.530842,
        "y": 8.459407,
        "z": 1.0
      }
    },
    "13d22eb3-2dc6-414a-9092-c5c42f8ea044": {
      "$type": "SphereData",
      "IndexInBlueprint": 15,
      "IsEventConnectionTarget": 1,
      "IsPropertyConnectionTarget": 3,
      "Position": {
        "x": -179.90941,
        "y": 65.58078,
        "z": 149.83495
      },
      "Radius": 8.658158
    },
    "b35b11e5-0aa2-47f2-a9f7-26570a3015fe": {
      "$type": "OBBData",
      "IndexInBlueprint": 10,
      "IsEventConnectionTarget": 1,
      "IsPropertyConnectionTarget": 3,
      "Transform": {
        "right": {
          "x": 1.0,
          "y": 0.0,
          "z": 0.0
        },
        "up": {
          "x": 0.0,
          "y": 1.0,
          "z": 0.0
        },
        "forward": {
          "x": 0.0,
          "y": 0.0,
          "z": 1.0
        },
        "trans": {
          "x": -178.9076,
          "y": 65.44001,
          "z": 196.71106
        }
      },
      "HalfExtents": {
        "x": 9.882992,
        "y": 11.329578,
        "z": 1.7324464
      }
    },
    "b6a52b60-03c2-436f-8e86-62601863be8e": {
      "$type": "OBBData",
      "IndexInBlueprint": 11,
      "IsEventConnectionTarget": 1,
      "IsPropertyConnectionTarget": 3,
      "Transform": {
        "right": {
          "x": 0.989864,
          "y": 0.0,
          "z": 0.14201851
        },
        "up": {
          "x": 0.0,
          "y": 1.0,
          "z": 0.0
        },
        "forward": {
          "x": -0.14201847,
          "y": 0.0,
          "z": 0.989864
        },
        "trans": {
          "x": -187.74754,
          "y": 65.33174,
          "z": 238.74292
        }
      },
      "HalfExtents": {
        "x": 13.847091,
        "y": 8.459407,
        "z": 1.0
      }
    },
    "be6ffa0d-1b53-4b77-9f91-c65a9aaa796b": {
      "$type": "OBBData",
      "IndexInBlueprint": 13,
      "IsEventConnectionTarget": 1,
      "IsPropertyConnectionTarget": 3,
      "Transform": {
        "right": {
          "x": 0.99045223,
          "y": 0.0,
          "z": 0.1378568
        },
        "up": {
          "x": 0.0,
          "y": 1.0,
          "z": 0.0
        },
        "forward": {
          "x": -0.13785674,
          "y": 0.0,
          "z": 0.9904523
        },
        "trans": {
          "x": -184.91005,
          "y": 65.3242,
          "z": 236.52983
        }
      },
      "HalfExtents": {
        "x": 12.465166,
        "y": 13.192294,
        "z": 1.694077
      }
    },
    "cfd726c1-5fb8-4d93-a57c-3db042f6e0aa": {
      "$type": "SphereData",
      "IndexInBlueprint": 14,
      "IsEventConnectionTarget": 1,
      "IsPropertyConnectionTarget": 3,
      "Position": {
        "x": -179.9054,
        "y": 65.44001,
        "z": 179.24855
      },
      "Radius": 15.456349
    },
    "ec9fd530-3912-42e7-a371-dc3d058d815e": {
      "$type": "WorldPartData",
      "Name": "Levels/COOP_009/AB03_GameplayShapes",
      "PropertyConnections": [],
      "LinkConnections": [],
      "EventConnections": [],
      "Descriptor": null,
      "NeedNetworkId": false,
      "InterfaceHasConnections": false,
      "AlwaysCreateEntityBusClient": false,
      "AlwaysCreateEntityBusServer": false,
      "Objects": [
        {
          "PartitionGuid": "6d63ee38-40a4-444a-bb3d-235fb379fc62",
          "InstanceGuid": "b35b11e5-0aa2-47f2-a9f7-26570a3015fe"
        },
        {
          "PartitionGuid": "6d63ee38-40a4-444a-bb3d-235fb379fc62",
          "InstanceGuid": "b6a52b60-03c2-436f-8e86-62601863be8e"
        },
        {
          "PartitionGuid": "6d63ee38-40a4-444a-bb3d-235fb379fc62",
          "InstanceGuid": "000f0a82-4cd2-4e82-881d-1c564f23e906"
        },
        {
          "PartitionGuid": "6d63ee38-40a4-444a-bb3d-235fb379fc62",
          "InstanceGuid": "be6ffa0d-1b53-4b77-9f91-c65a9aaa796b"
        },
        {
          "PartitionGuid": "6d63ee38-40a4-444a-bb3d-235fb379fc62",
          "InstanceGuid": "cfd726c1-5fb8-4d93-a57c-3db042f6e0aa"
        },
        {
          "PartitionGuid": "6d63ee38-40a4-444a-bb3d-235fb379fc62",
          "InstanceGuid": "13d22eb3-2dc6-414a-9092-c5c42f8ea044"
        }
      ],
      "HackToSolveRealTimeTweakingIssue": "02433973-4646-0af1-eec0-438d1e65a306",
      "UseDeferredEntityCreation": false,
      "Enabled": true
    }
  }
}