{
  "Name": "levels/sp_bank/assault_sub/layer4_art_vegitation",
  "PartitionGuid": "1ea9107d-24ff-4bd6-bfa5-479f52308bc1",
  "PrimaryInstanceGuid": "468e0b02-7dca-4f50-b74e-1682e104b468",
  "Instances": {
    "469029cb-70cb-4114-8546-b2ff94d953ec": {
      "$type": "ReferenceObjectData",
      "BlueprintTransform": {
        "right": {
          "x": 0.96515226,
          "y": 0.0,
          "z": 0.261689
        },
        "up": {
          "x": 0.0,
          "y": 1.0,
          "z": 0.0
        },
        "forward": {
          "x": -0.261689,
          "y": 0.0,
          "z": 0.96515226
        },
        "trans": {
          "x": -1014.4238,
          "y": 151.14635,
          "z": -323.1303
        }
      },
      "Blueprint": {
        "PartitionGuid": "d1794dae-4e4a-11e0-b229-e95ab10b2ca0",
        "InstanceGuid": "e058351d-f3b4-ba19-ef82-8a940ac52841"
      },
      "ObjectVariation": null,
      "StreamRealm": 0,
      "CastSunShadowEnable": true,
      "Excluded": false,
      "IndexInBlueprint": 828,
      "IsEventConnectionTarget": 3,
      "IsPropertyConnectionTarget": 2
    },
    "93a99fd3-b296-40a1-814a-33f2aa8ef745": {
      "$type": "ReferenceObjectData",
      "BlueprintTransform": {
        "right": {
          "x": 0.73175174,
          "y": 0.0,
          "z": -0.32332554
        },
        "up": {
          "x": 0.0,
          "y": 0.8,
          "z": 0.0
        },
        "forward": {
          "x": 0.32332554,
          "y": 0.0,
          "z": 0.73175174
        },
        "trans": {
          "x": -1135.6455,
          "y": 159.29742,
          "z": -321.08142
        }
      },
      "Blueprint": {
        "PartitionGuid": "0566e018-8c56-11e0-8d30-e7d6db601a7a",
        "InstanceGuid": "141d6ffa-3780-b61c-77a1-e6eba115bd48"
      },
      "ObjectVariation": null,
      "StreamRealm": 0,
      "CastSunShadowEnable": true,
      "Excluded": false,
      "IndexInBlueprint": 829,
      "IsEventConnectionTarget": 3,
      "IsPropertyConnectionTarget": 3
    },
    "5a82cf83-d505-4d56-ba7e-b15f7d0f078b": {
      "$type": "ReferenceObjectData",
      "BlueprintTransform": {
        "right": {
          "x": 0.46664342,
          "y": 0.12589489,
          "z": 0.6374907
        },
        "up": {
          "x": -0.059033163,
          "y": 0.7898098,
          "z": -0.11276334
        },
        "forward": {
          "x": -0.64711595,
          "y": 0.018733973,
          "z": 0.4699894
        },
        "trans": {
          "x": -1126.2124,
          "y": 156.6089,
          "z": -329.85257
        }
      },
      "Blueprint": {
        "PartitionGuid": "0566e018-8c56-11e0-8d30-e7d6db601a7a",
        "InstanceGuid": "141d6ffa-3780-b61c-77a1-e6eba115bd48"
      },
      "ObjectVariation": null,
      "StreamRealm": 0,
      "CastSunShadowEnable": true,
      "Excluded": false,
      "IndexInBlueprint": 830,
      "IsEventConnectionTarget": 3,
      "IsPropertyConnectionTarget": 3
    },
    "d8c3a98c-cb7d-4928-bc8a-40435340d470": {
      "$type": "ReferenceObjectData",
      "BlueprintTransform": {
        "right": {
          "x": 0.10223544,
          "y": 0.0,
          "z": 0.9947602
        },
        "up": {
          "x": 0.0,
          "y": 1.0,
          "z": 0.0
        },
        "forward": {
          "x": -0.9947602,
          "y": 0.0,
          "z": 0.10223544
        },
        "trans": {
          "x": -1128.7976,
          "y": 159.49986,
          "z": -324.241
        }
      },
      "Blueprint": {
        "PartitionGuid": "0566e018-8c56-11e0-8d30-e7d6db601a7a",
        "InstanceGuid": "141d6ffa-3780-b61c-77a1-e6eba115bd48"
      },
      "ObjectVariation": null,
      "StreamRealm": 0,
      "CastSunShadowEnable": true,
      "Excluded": false,
      "IndexInBlueprint": 831,
      "IsEventConnectionTarget": 3,
      "IsPropertyConnectionTarget": 3
    },
    "682578bf-a567-4d59-82dd-24d93ed00dc9": {
      "$type": "ReferenceObjectData",
      "BlueprintTransform": {
        "right": {
          "x": -0.6905145,
          "y": 0.0,
          "z": -0.40396753
        },
        "up": {
          "x": 0.0,
          "y": 0.8,
          "z": 0.0
        },
        "forward": {
          "x": 0.40396753,
          "y": 0.0,
          "z": -0.6905145
        },
        "trans": {
          "x": -1134.1426,
          "y": 160.92888,
          "z": -316.08865
        }
      },
      "Blueprint": {
        "PartitionGuid": "0566e018-8c56-11e0-8d30-e7d6db601a7a",
        "InstanceGuid": "141d6ffa-3780-b61c-77a1-e6eba115bd48"
      },
      "ObjectVariation": null,
      "StreamRealm": 0,
      "CastSunShadowEnable": true,
      "Excluded": false,
      "IndexInBlueprint": 832,
      "IsEventConnectionTarget": 3,
      "IsPropertyConnectionTarget": 3
    },
    "c33aab6a-3b5c-41b3-8d9f-e167e758c7f6": {
      "$type": "ReferenceObjectData",
      "BlueprintTransform": {
        "right": {
          "x": 0.8616367,
          "y": -0.07298977,
          "z": 0.8320185
        },
        "up": {
          "x": 0.06334063,
          "y": 1.1976769,
          "z": 0.039472137
        },
        "forward": {
          "x": -0.8328086,
          "y": 0.015574953,
          "z": 0.8638213
        },
        "trans": {
          "x": -1132.8032,
          "y": 157.278,
          "z": -346.97864
        }
      },
      "Blueprint": {
        "PartitionGuid": "0566e018-8c56-11e0-8d30-e7d6db601a7a",
        "InstanceGuid": "141d6ffa-3780-b61c-77a1-e6eba115bd48"
      },
      "ObjectVariation": null,
      "StreamRealm": 0,
      "CastSunShadowEnable": true,
      "Excluded": false,
      "IndexInBlueprint": 833,
      "IsEventConnectionTarget": 3,
      "IsPropertyConnectionTarget": 3
    },
    "29d15a21-df71-42c9-ae23-a3e0e8e5d566": {
      "$type": "ReferenceObjectData",
      "BlueprintTransform": {
        "right": {
          "x": -0.7591286,
          "y": 1.6705217E-09,
          "z": 0.2524359
        },
        "up": {
          "x": 0.050596543,
          "y": 0.7837659,
          "z": 0.15215461
        },
        "forward": {
          "x": -0.24731326,
          "y": 0.16034661,
          "z": -0.7437238
        },
        "trans": {
          "x": -1132.2866,
          "y": 157.2144,
          "z": -345.75436
        }
      },
      "Blueprint": {
        "PartitionGuid": "0566e018-8c56-11e0-8d30-e7d6db601a7a",
        "InstanceGuid": "141d6ffa-3780-b61c-77a1-e6eba115bd48"
      },
      "ObjectVariation": null,
      "StreamRealm": 0,
      "CastSunShadowEnable": true,
      "Excluded": false,
      "IndexInBlueprint": 834,
      "IsEventConnectionTarget": 3,
      "IsPropertyConnectionTarget": 3
    },
    "468e0b02-7dca-4f50-b74e-1682e104b468": {
      "$type": "WorldPartData",
      "Name": "Levels/SP_Bank/ART_Vegitation",
      "PropertyConnections": [],
      "LinkConnections": [],
      "EventConnections": [],
      "Descriptor": null,
      "NeedNetworkId": false,
      "InterfaceHasConnections": false,
      "AlwaysCreateEntityBusClient": false,
      "AlwaysCreateEntityBusServer": false,
      "Objects": [
        {
          "PartitionGuid": "1ea9107d-24ff-4bd6-bfa5-479f52308bc1",
          "InstanceGuid": "469029cb-70cb-4114-8546-b2ff94d953ec"
        },
        {
          "PartitionGuid": "1ea9107d-24ff-4bd6-bfa5-479f52308bc1",
          "InstanceGuid": "93a99fd3-b296-40a1-814a-33f2aa8ef745"
        },
        {
          "PartitionGuid": "1ea9107d-24ff-4bd6-bfa5-479f52308bc1",
          "InstanceGuid": "5a82cf83-d505-4d56-ba7e-b15f7d0f078b"
        },
        {
          "PartitionGuid": "1ea9107d-24ff-4bd6-bfa5-479f52308bc1",