{
  "Name": "levels/sp_bank/backdrophighway_sub/layer0_backdrophighway_art",
  "PartitionGuid": "2a12cd88-1f4c-46df-bf0e-08dd5e27e1ca",
  "PrimaryInstanceGuid": "7455ac27-cf19-4610-a8db-0ba1cf4c8817",
  "Instances": {
    "3c8d965c-c37c-4b65-9c16-6328876b1b7d": {
      "$type": "ReferenceObjectData",
      "IndexInBlueprint": 9,
      "IsEventConnectionTarget": 3,
      "IsPropertyConnectionTarget": 3,
      "BlueprintTransform": {
        "right": {
          "x": 0.9954565,
          "y": -3.9446578E-11,
          "z": 0.09521636
        },
        "up": {
          "x": 3.962662E-11,
          "y": 1.0,
          "z": -1.4240822E-19
        },
        "forward": {
          "x": -0.09521636,
          "y": 3.7731034E-12,
          "z": 0.9954565
        },
        "trans": {
          "x": 86.87999,
          "y": 119.27672,
          "z": 659.2116
        }
      },
      "Blueprint": {
        "PartitionGuid": "365c0348-79eb-11df-b2c2-bcc5dbec6844",
        "InstanceGuid": "25db222e-9a6f-7c4f-392a-612a02d8c469"
      },
      "ObjectVariation": {
        "PartitionGuid": "c5758f89-cefc-11e0-8f30-d5b9f6aebc6b",
        "InstanceGuid": "71aeb768-677c-e532-f741-1c43e2a091f4"
      },
      "StreamRealm": 0,
      "CastSunShadowEnable": true,
      "Excluded": false
    },
    "4fc1bd63-5285-4fab-902f-21102c93bca3": {
      "$type": "ReferenceObjectData",
      "IndexInBlueprint": 4,
      "IsEventConnectionTarget": 3,
      "IsPropertyConnectionTarget": 3,
      "BlueprintTransform": {
        "right": {
          "x": -0.7721364,
          "y": 0.10066904,
          "z": -0.62743217
        },
        "up": {
          "x": 0.060241617,
          "y": 0.994521,
          "z": 0.085431896
        },
        "forward": {
          "x": 0.63259494,
          "y": 0.02816756,
          "z": -0.7739702
        },
        "trans": {
          "x": -973.6778,
          "y": 243.30864,
          "z": -565.29816
        }
      },
      "Blueprint": {
        "PartitionGuid": "365c0348-79eb-11df-b2c2-bcc5dbec6844",
        "InstanceGuid": "25db222e-9a6f-7c4f-392a-612a02d8c469"
      },
      "ObjectVariation": {
        "PartitionGuid": "c5758f89-cefc-11e0-8f30-d5b9f6aebc6b",
        "InstanceGuid": "71aeb768-677c-e532-f741-1c43e2a091f4"
      },
      "StreamRealm": 0,
      "CastSunShadowEnable": true,
      "Excluded": false
    },
    "62e2b341-b5e0-4967-af07-3bac0599df23": {
      "$type": "ReferenceObjectData",
      "IndexInBlueprint": 7,
      "IsEventConnectionTarget": 3,
      "IsPropertyConnectionTarget": 3,
      "BlueprintTransform": {
        "right": {
          "x": 0.66684663,
          "y": 0.009939029,
          "z": -0.74512875
        },
        "up": {
          "x": -0.017505959,
          "y": 0.99984396,
          "z": -0.0023302168
        },
        "forward": {
          "x": 0.7449893,
          "y": 0.014598094,
          "z": 0.6669165
        },
        "trans": {
          "x": 1092.7651,
          "y": 180.25069,
          "z": -332.4878
        }
      },
      "Blueprint": {
        "PartitionGuid": "365c0348-79eb-11df-b2c2-bcc5dbec6844",
        "InstanceGuid": "25db222e-9a6f-7c4f-392a-612a02d8c469"
      },
      "ObjectVariation": {
        "PartitionGuid": "c5758f89-cefc-11e0-8f30-d5b9f6aebc6b",
        "InstanceGuid": "71aeb768-677c-e532-f741-1c43e2a091f4"
      },
      "StreamRealm": 0,
      "CastSunShadowEnable": true,
      "Excluded": false
    },
    "7455ac27-cf19-4610-a8db-0ba1cf4c8817": {
      "$type": "WorldPartData",
      "Name": "Levels/SP_Bank/BackdropHighway_ART",
      "PropertyConnections": [],
      "LinkConnections": [],
      "EventConnections": [],
      "Descriptor": null,
      "NeedNetworkId": false,
      "InterfaceHasConnections": false,
      "AlwaysCreateEntityBusClient": false,
      "AlwaysCreateEntityBusServer": false,
      "Objects": [
        {
          "PartitionGuid": "2a12cd88-1f4c-46df-bf0e-08dd5e27e1ca",
          "InstanceGuid": "7936e4f2-876c-4d23-9f25-d982df303ccd"
        },
        {
          "PartitionGuid": "2a12cd88-1f4c-46df-bf0e-08dd5e27e1ca",
          "InstanceGuid": "8ad4215c-a1f9-454d-9e74-0deedf2db83e"
        },
        {
          "PartitionGuid": "2a12cd88-1f4c-46df-bf0e-08dd5e27e1ca",
          "InstanceGuid": "4fc1bd63-5285-4fab-902f-21102c93bca3"
        },
        {
          "PartitionGuid": "2a12cd88-1f4c-46df-bf0e-08dd5e27e1ca",
          "InstanceGuid": "fe6a9b9e-dfb5-441a-8a4b-a3ea024aa4ce"
        },
        {
          "PartitionGuid": "2a12cd88-1f4c-46df-bf0e-08dd5e27e1ca",
          "InstanceGuid": "f65a2e58-038d-428d-9ecf-13b7d97ab998"
        },
        {
          "PartitionGuid": "2a12cd88-1f4c-46df-bf0e-08dd5e27e1ca",
          "InstanceGuid": "62e2b341-b5e0-4967-af07-3bac0599df23"
        },
        {
          "PartitionGuid": "2a12cd88-1f4c-46df-bf0e-08dd5e27e1ca",
          "InstanceGuid": "7e3274da-e2c3-4bdc-8f18-4ba2b7fa6d6f"
        },
        {
          "PartitionGuid": "2a12cd88-1f4c-46df-bf0e-08dd5e27e1ca",
          "InstanceGuid": "3c8d965c-c37c-4b65-9c16-6328876b1b7d"
        },
        {
          "PartitionGuid": "2a12cd88-1f4c-46df-bf0e-08dd5e27e1ca",
          "InstanceGuid": "9ac562a8-76f1-4c7f-a160-011027623ac8"
        },
        {
          "PartitionGuid": "2a12cd88-1f4c-46df-bf0e-08dd5e27e1ca",
          "InstanceGuid": "f66fb362-b9a7-4514-acbd-f81e0ea351a8"
        }
      ],
      "HackToSolveRealTimeTweakingIssue": "1c9234a3-f99c-9faa-0f3a-39bc2131c210",
      "UseDeferredEntityCreation": false,
      "Enabled": true
    },
    "7936e4f2-876c-4d23-9f25-d982df303ccd": {
      "$type": "ReferenceObjectData",
      "IndexInBlueprint": 2,
      "IsEventConnectionTarget": 3,
      "IsPropertyConnectionTarget": 3,
      "BlueprintTransform": {
        "right": {
          "x": -0.93342704,
          "y": -0.0031767779,
          "z": 0.35875311
        },
        "up": {
          "x": 0.015331068,
          "y": 0.9986942,
          "z": 0.048732843
        },
        "forward": {
          "x": -0.3584395,
          "y": 0.05098862,
          "z": -0.9321593
        },
        "trans": {
          "x": -213.0033,
          "y": 145.69792,
          "z": -452.42126
        }
      },
      "Blueprint": {
        "PartitionGuid": "365c0348-79eb-11df-b2c2-bcc5dbec6844",
        "InstanceGuid": "25db222e-9a6f-7c4f-392a-612a02d8c469"
      },
      "ObjectVariation": {
        "PartitionGuid": "c5758f89-cefc-11e0-8f30-d5b9f6aebc6b",
        "InstanceGuid": "71aeb768-677c-e532-f741-1c43e2a091f4"
      },
      "StreamRealm": 0,
      "CastSunShadowEnable": true,
      "Excluded": false
    },
    "7e3274da-e2c3-4bdc-8f18-4ba2b7fa6d6f": {
      "$type": "ReferenceObjectData",
      "IndexInBlueprint": 8,
      "IsEventConnectionTarget": 3,
      "IsPropertyConnectionTarget": 3,
      "BlueprintTransform": {
        "right": {
          "x": -0.58115035,
          "y": 0.029707313,
          "z": -0.81325406
        },
        "up": {
          "x": 0.0026314682,
          "y": 0.999397,
          "z": 0.034626525
        },
        "forward": {
          "x": 0.81379193,
          "y": 0.017983193,
          "z": -0.58087796
        },
        "trans": {
          "x": 567.0545,
          "y": 181.20607,
          "z": -941.89105
        }
      },
      "Blueprint": {
        "PartitionGuid": "365c0348-79eb-11df-b2c2-bcc5dbec6844",
        "InstanceGuid": "25db222e-9a6f-7c4f-392a-612a02d8c469"
      },
      "ObjectVariation": {
        "PartitionGuid": "c5758f89-cefc-11e0-8f30-d5b9f6aebc6b",
        "InstanceGuid": "71aeb768-677c-e532-f741-1c43e2a091f4"
      },
      "StreamRealm": 0,
      "CastSunShadowEnable": true,
      "Excluded": false
    },