{
  "Name": "levels/sp_bank/bank_sub/layer7_bank_triggers",
  "PartitionGuid": "14e0d5ef-71c7-4c6a-82ee-db949586bf13",
  "PrimaryInstanceGuid": "8dd1fe40-97ce-4d30-b321-0f0894f60a1c",
  "Instances": {
    "995982b4-49d7-4ad1-82f5-d08c0139ca8b": {
      "$type": "OBBData",
      "Transform": {
        "right": {
          "x": 0.8455642,
          "y": 0.0,
          "z": -0.53387374
        },
        "up": {
          "x": 0.0,
          "y": 1.0,
          "z": 0.0
        },
        "forward": {
          "x": 0.53387356,
          "y": 0.0,
          "z": 0.8455643
        },
        "trans": {
          "x": 250.60017,
          "y": 157.12436,
          "z": -649.0354
        }
      },
      "HalfExtents": {
        "x": 2.511184,
        "y": 1.2941601,
        "z": 2.271517
      },
      "IndexInBlueprint": 346,
      "IsEventConnectionTarget": 1,
      "IsPropertyConnectionTarget": 3
    },
    "9c7c9c98-f6b9-494e-988a-45e7e7eda84a": {
      "$type": "OBBData",
      "Transform": {
        "right": {
          "x": 0.8217613,
          "y": 0.0,
          "z": -0.56983185
        },
        "up": {
          "x": 0.0,
          "y": 1.0,
          "z": 0.0
        },
        "forward": {
          "x": 0.5698317,
          "y": 0.0,
          "z": 0.8217614
        },
        "trans": {
          "x": 243.85716,
          "y": 156.60056,
          "z": -658.07043
        }
      },
      "HalfExtents": {
        "x": 2.222323,
        "y": 1.0,
        "z": 1.5640401
      },
      "IndexInBlueprint": 347,
      "IsEventConnectionTarget": 1,
      "IsPropertyConnectionTarget": 3
    },
    "3c5cd8f9-babf-4943-a9a7-2eecda744824": {
      "$type": "OBBData",
      "Transform": {
        "right": {
          "x": 0.8399553,
          "y": 0.0,
          "z": -0.54265565
        },
        "up": {
          "x": 0.0,
          "y": 1.0,
          "z": 0.0
        },
        "forward": {
          "x": 0.54265577,
          "y": 0.0,
          "z": 0.8399552
        },
        "trans": {
          "x": 243.01054,
          "y": 156.94594,
          "z": -654.11804
        }
      },
      "HalfExtents": {
        "x": 1.5,
        "y": 1.0,
        "z": 1.0
      },
      "IndexInBlueprint": 348,
      "IsEventConnectionTarget": 1,
      "IsPropertyConnectionTarget": 3
    },
    "e60571a9-b1fc-456c-ae5c-2cd83b17057f": {
      "$type": "OBBData",
      "Transform": {
        "right": {
          "x": 0.8306872,
          "y": 0.0,
          "z": -0.55673957
        },
        "up": {
          "x": 0.0,
          "y": 1.0,
          "z": 0.0
        },
        "forward": {
          "x": 0.5567396,
          "y": 0.0,
          "z": 0.83068705
        },
        "trans": {
          "x": 252.20422,
          "y": 157.15996,
          "z": -646.6647
        }
      },
      "HalfExtents": {
        "x": 2.6999972,
        "y": 1.6558726,
        "z": 1.0
      },
      "IndexInBlueprint": 349,
      "IsEventConnectionTarget": 1,
      "IsPropertyConnectionTarget": 3
    },
    "b7ddcd51-a77c-4447-a5b7-214c0e044cca": {
      "$type": "OBBData",
      "Transform": {
        "right": {
          "x": 0.8455642,
          "y": 0.0,
          "z": -0.5338738
        },
        "up": {
          "x": 0.0,
          "y": 1.0,
          "z": 0.0
        },
        "forward": {
          "x": 0.5338736,
          "y": 0.0,
          "z": 0.84556437
        },
        "trans": {
          "x": 252.23543,
          "y": 156.84328,
          "z": -646.8148
        }
      },
      "HalfExtents": {
        "x": 2.1930969,
        "y": 1.0,
        "z": 2.5138786
      },
      "IndexInBlueprint": 350,
      "IsEventConnectionTarget": 1,
      "IsPropertyConnectionTarget": 3
    },
    "d4e84d12-de5e-4c0c-9dd5-90cc0269c159": {
      "$type": "OBBData",
      "Transform": {
        "right": {
          "x": 0.8435675,
          "y": 0.0,
          "z": -0.5370232
        },
        "up": {
          "x": 0.0,
          "y": 1.0,
          "z": 0.0
        },
        "forward": {
          "x": 0.53702307,
          "y": 0.0,
          "z": 0.84356755
        },
        "trans": {
          "x": 276.15762,
          "y": 151.02016,
          "z": -638.2245
        }
      },
      "HalfExtents": {
        "x": 25.383839,
        "y": 2.7259712,
        "z": 20.730125
      },
      "IndexInBlueprint": 351,
      "IsEventConnectionTarget": 1,
      "IsPropertyConnectionTarget": 3
    },
    "8dd1fe40-97ce-4d30-b321-0f0894f60a1c": {
      "$type": "WorldPartData",
      "Name": "Levels/SP_Bank/Bank_Triggers",
      "PropertyConnections": [],
      "LinkConnections": [],
      "EventConnections": [],
      "Descriptor": null,
      "NeedNetworkId": false,
      "InterfaceHasConnections": false,
      "AlwaysCreateEntityBusClient": false,
      "AlwaysCreateEntityBusServer": false,
      "Objects": [
        {
          "PartitionGuid": "14e0d5ef-71c7-4c6a-82ee-db949586bf13",
          "InstanceGuid": "995982b4-49d7-4ad1-82f5-d08c0139ca8b"
        },
        {
          "PartitionGuid": "14e0d5ef-71c7-4c6a-82ee-db949586bf13",
          "InstanceGuid": "9c7c9c98-f6b9-494e-988a-45e7e7eda84a"
        },
        {
          "PartitionGuid": "14e0d5ef-71c7-4c6a-82ee-db949586bf13",
          "InstanceGuid": "3c5cd8f9-babf-4943-a9a7-2eecda744824"
        },
        {
          "PartitionGuid": "14e0d5ef-71c7-4c6a-82ee-db949586bf13",
          "InstanceGuid": "e60571a9-b1fc-456c-ae5c-2cd83b17057f"
        },
        {
          "PartitionGuid": "14e0d5ef-71c7-4c6a-82ee-db949586bf13",
          "InstanceGuid": "b7ddcd51-a77c-4447-a5b7-214c0e044cca"
        },
        {
          "PartitionGuid": "14e0d5ef-71c7-4c6a-82ee-db949586bf13",
          "InstanceGuid": "d4e84d12-de5e-4c0c-9dd5-90cc0269c159"
        }
      ],
      "Enabled": true,
      "UseDeferredEntityCreation": false,
      "HackToSolveRealTimeTweakingIssue": "1a57605e-0686-9bb1-9c60-3b09987f3faa"
    }
  }
}