{
  "Name": "levels/sp_bank/bmd/layer2_bmd_triggers",
  "PartitionGuid": "81d423b4-c15b-4490-855e-97ac5175c901",
  "PrimaryInstanceGuid": "4de15938-c8e2-4304-9a64-02a929cce64e",
  "Instances": {
    "47ea5292-2e92-47c3-9694-9dac8a444ce0": {
      "$type": "OBBData",
      "Transform": {
        "right": {
          "x": -0.084592216,
          "y": 0.0,
          "z": -0.9964157
        },
        "up": {
          "x": 0.0,
          "y": 1.0,
          "z": 0.0
        },
        "forward": {
          "x": 0.9964156,
          "y": 0.0,
          "z": -0.08459255
        },
        "trans": {
          "x": 318.34656,
          "y": 150.07391,
          "z": -391.58688
        }
      },
      "HalfExtents": {
        "x": 4.34065,
        "y": 5.5427413,
        "z": 2.3174965
      },
      "IndexInBlueprint": 52,
      "IsEventConnectionTarget": 1,
      "IsPropertyConnectionTarget": 3
    },
    "eca532c0-b285-4a28-be87-350a0eaad43b": {
      "$type": "OBBData",
      "Transform": {
        "right": {
          "x": 0.9720845,
          "y": 0.0,
          "z": -0.23463121
        },
        "up": {
          "x": 0.0,
          "y": 1.0,
          "z": 0.0
        },
        "forward": {
          "x": 0.2346312,
          "y": 0.0,
          "z": 0.97208446
        },
        "trans": {
          "x": 309.97015,
          "y": 147.50226,
          "z": -399.579
        }
      },
      "HalfExtents": {
        "x": 6.165054,
        "y": 4.4918003,
        "z": 1.598501
      },
      "IndexInBlueprint": 53,
      "IsEventConnectionTarget": 1,
      "IsPropertyConnectionTarget": 3
    },
    "95f0f65f-9c12-4b59-9bba-847a0b9faf3e": {
      "$type": "OBBData",
      "Transform": {
        "right": {
          "x": 0.6940487,
          "y": 0.0,
          "z": -0.71992815
        },
        "up": {
          "x": 0.0,
          "y": 1.0,
          "z": 0.0
        },
        "forward": {
          "x": 0.7199284,
          "y": 0.0,
          "z": 0.6940484
        },
        "trans": {
          "x": 326.52628,
          "y": 150.07391,
          "z": -382.5322
        }
      },
      "HalfExtents": {
        "x": 17.242645,
        "y": 5.5427413,
        "z": 2.3174965
      },
      "IndexInBlueprint": 54,
      "IsEventConnectionTarget": 1,
      "IsPropertyConnectionTarget": 3
    },
    "d0b52445-9e9a-49aa-90b1-04784c0b3edb": {
      "$type": "VolumeVectorShapeData",
      "Height": 3.0,
      "Points": [
        {
          "x": 371.57947,
          "y": 143.71883,
          "z": -293.20297
        },
        {
          "x": 386.93646,
          "y": 143.71883,
          "z": -271.28015
        },
        {
          "x": 392.92587,
          "y": 143.71883,
          "z": -274.37128
        },
        {
          "x": 400.85583,
          "y": 143.71883,
          "z": -278.9723
        },
        {
          "x": 391.61136,
          "y": 143.71883,
          "z": -292.9065
        },
        {
          "x": 385.03714,
          "y": 143.71883,
          "z": -303.0679
        }
      ],
      "Normals": [
        {
          "x": 0.0,
          "y": 1.0,
          "z": 0.0
        },
        {
          "x": 0.0,
          "y": 1.0,
          "z": 0.0
        },
        {
          "x": 0.0,
          "y": 1.0,
          "z": 0.0
        },
        {
          "x": 0.0,
          "y": 1.0,
          "z": 0.0
        },
        {
          "x": 0.0,
          "y": 1.0,
          "z": 0.0
        },
        {
          "x": 0.0,
          "y": 1.0,
          "z": 0.0
        }
      ],
      "Tension": 0.0,
      "IsClosed": true,
      "AllowRoll": false,
      "IndexInBlueprint": 51,
      "IsEventConnectionTarget": 3,
      "IsPropertyConnectionTarget": 3
    },
    "4de15938-c8e2-4304-9a64-02a929cce64e": {
      "$type": "WorldPartData",
      "Name": "Levels/SP_Bank/BMD_TRIGGERS",
      "PropertyConnections": [],
      "LinkConnections": [],
      "EventConnections": [],
      "Descriptor": null,
      "NeedNetworkId": false,
      "InterfaceHasConnections": false,
      "AlwaysCreateEntityBusClient": false,
      "AlwaysCreateEntityBusServer": false,
      "Objects": [
        {
          "PartitionGuid": "81d423b4-c15b-4490-855e-97ac5175c901",
          "InstanceGuid": "d0b52445-9e9a-49aa-90b1-04784c0b3edb"
        },
        {
          "PartitionGuid": "81d423b4-c15b-4490-855e-97ac5175c901",
          "InstanceGuid": "47ea5292-2e92-47c3-9694-9dac8a444ce0"
        },
        {
          "PartitionGuid": "81d423b4-c15b-4490-855e-97ac5175c901",
          "InstanceGuid": "eca532c0-b285-4a28-be87-350a0eaad43b"
        },
        {
          "PartitionGuid": "81d423b4-c15b-4490-855e-97ac5175c901",
          "InstanceGuid": "95f0f65f-9c12-4b59-9bba-847a0b9faf3e"
        }
      ],
      "Enabled": true,
      "UseDeferredEntityCreation": false,
      "HackToSolveRealTimeTweakingIssue": "8efe55dc-37aa-7bd1-d69c-d748fd27c22a"
    }
  }
}