{
  "Name": "levels/sp_bank/bridge_sub/layer1_bridge_triggers",
  "PartitionGuid": "6d4d7e5a-9423-471b-8d73-950f42004d24",
  "PrimaryInstanceGuid": "34a6c5f8-0d7e-478e-ac68-7ef54c41bd91",
  "Instances": {
    "8ff9c7d4-9d88-4d90-b4f4-049803885ce9": {
      "$type": "OBBData",
      "Transform": {
        "right": {
          "x": 0.8501206,
          "y": 0.0,
          "z": -0.526588
        },
        "up": {
          "x": 0.0,
          "y": 1.0,
          "z": 0.0
        },
        "forward": {
          "x": 0.5265883,
          "y": 0.0,
          "z": 0.8501204
        },
        "trans": {
          "x": 417.281,
          "y": 144.88033,
          "z": -242.20264
        }
      },
      "HalfExtents": {
        "x": 27.90866,
        "y": 1.7767088,
        "z": 2.5040576
      },
      "IndexInBlueprint": 49,
      "IsEventConnectionTarget": 1,
      "IsPropertyConnectionTarget": 3
    },
    "a657a49c-7af1-485d-90d0-5c3768866baf": {
      "$type": "OBBData",
      "Transform": {
        "right": {
          "x": 0.5244088,
          "y": 0.0,
          "z": 0.8514666
        },
        "up": {
          "x": 0.0,
          "y": 1.0,
          "z": 0.0
        },
        "forward": {
          "x": -0.8514666,
          "y": 0.0,
          "z": 0.5244088
        },
        "trans": {
          "x": 306.18765,
          "y": 148.56393,
          "z": -426.07404
        }
      },
      "HalfExtents": {
        "x": 2.0151687,
        "y": 1.0,
        "z": 1.0
      },
      "IndexInBlueprint": 50,
      "IsEventConnectionTarget": 1,
      "IsPropertyConnectionTarget": 3
    },
    "0876d492-f08b-4166-bf36-ad4f4653bb1d": {
      "$type": "OBBData",
      "Transform": {
        "right": {
          "x": 0.8165329,
          "y": 0.0,
          "z": -0.5772989
        },
        "up": {
          "x": 0.0,
          "y": 1.0,
          "z": 0.0
        },
        "forward": {
          "x": 0.57729894,
          "y": 0.0,
          "z": 0.8165329
        },
        "trans": {
          "x": 430.45688,
          "y": 141.3628,
          "z": -217.50702
        }
      },
      "HalfExtents": {
        "x": 1.0,
        "y": 1.0,
        "z": 0.7957101
      },
      "IndexInBlueprint": 51,
      "IsEventConnectionTarget": 1,
      "IsPropertyConnectionTarget": 3
    },
    "de090695-ade5-40b5-b177-9535807a63ac": {
      "$type": "OBBData",
      "Transform": {
        "right": {
          "x": 0.54300284,
          "y": 0.0,
          "z": 0.8397309
        },
        "up": {
          "x": 0.0,
          "y": 1.0,
          "z": 0.0
        },
        "forward": {
          "x": -0.8397309,
          "y": 0.0,
          "z": 0.54300284
        },
        "trans": {
          "x": 418.99658,
          "y": 141.27347,
          "z": -235.56247
        }
      },
      "HalfExtents": {
        "x": 0.99999994,
        "y": 1.0,
        "z": 0.99999994
      },
      "IndexInBlueprint": 52,
      "IsEventConnectionTarget": 1,
      "IsPropertyConnectionTarget": 3
    },
    "85c99ca1-f70f-41f3-8861-2a94788ff3b7": {
      "$type": "OBBData",
      "Transform": {
        "right": {
          "x": 0.8444773,
          "y": 0.0,
          "z": -0.5355913
        },
        "up": {
          "x": 0.0,
          "y": 1.0,
          "z": 0.0
        },
        "forward": {
          "x": 0.5355913,
          "y": 0.0,
          "z": 0.84447736
        },
        "trans": {
          "x": 406.96204,
          "y": 144.03403,
          "z": -253.64224
        }
      },
      "HalfExtents": {
        "x": 8.599461,
        "y": 2.3472528,
        "z": 0.99999994
      },
      "IndexInBlueprint": 53,
      "IsEventConnectionTarget": 3,
      "IsPropertyConnectionTarget": 3
    },
    "ae953c0c-aa28-42b5-bff6-98fea7d08bc6": {
      "$type": "OBBData",
      "Transform": {
        "right": {
          "x": 0.89690816,
          "y": 0.0,
          "z": -0.44221684
        },
        "up": {
          "x": 0.0,
          "y": 1.0,
          "z": 0.0
        },
        "forward": {
          "x": 0.44221672,
          "y": 0.0,
          "z": 0.8969082
        },
        "trans": {
          "x": 389.0023,
          "y": 133.5652,
          "z": -252.0261
        }
      },
      "HalfExtents": {
        "x": 2.7532196,
        "y": 10.171272,
        "z": 116.76479
      },
      "IndexInBlueprint": 54,
      "IsEventConnectionTarget": 1,
      "IsPropertyConnectionTarget": 3
    },
    "d8f7b416-2105-436f-9ef7-ce7f6c36ec4c": {
      "$type": "OBBData",
      "Transform": {
        "right": {
          "x": 0.8208656,
          "y": 0.0,
          "z": -0.57112145
        },
        "up": {
          "x": 0.0,
          "y": 1.0,
          "z": 0.0
        },
        "forward": {
          "x": 0.57112145,
          "y": 0.0,
          "z": 0.8208656
        },
        "trans": {
          "x": 418.0321,
          "y": 141.43309,
          "z": -207.48967
        }
      },
      "HalfExtents": {
        "x": 1.0,
        "y": 1.0,
        "z": 1.0
      },
      "IndexInBlueprint": 55,
      "IsEventConnectionTarget": 1,
      "IsPropertyConnectionTarget": 3
    },
    "1bc38499-3d09-418a-964c-0bf3f2b71ddd": {
      "$type": "OBBData",
      "Transform": {
        "right": {
          "x": 0.8208656,
          "y": 0.0,
          "z": -0.57112145
        },
        "up": {
          "x": 0.0,
          "y": 1.0,
          "z": 0.0
        },
        "forward": {
          "x": 0.57112145,
          "y": 0.0,
          "z": 0.8208656
        },
        "trans": {
          "x": 416.8501,
          "y": 143.43236,
          "z": -197.90535
        }
      },
      "HalfExtents": {
        "x": 1.0,
        "y": 1.0,
        "z": 1.0
      },
      "IndexInBlueprint": 56,
      "IsEventConnectionTarget": 1,
      "IsPropertyConnectionTarget": 3
    },
    "458c195f-4e71-4252-be1a-b7340229bf97": {
      "$type": "OBBData",
      "Transform": {
        "right": {
          "x": 0.8439816,
          "y": 0.0,
          "z": -0.5363721
        },
        "up": {
          "x": 0.0,
          "y": 1.0,
          "z": 0.0
        },
        "forward": {
          "x": 0.5363719,
          "y": 0.0,
          "z": 0.84398174
        },
        "trans": {
          "x": 329.30542,
          "y": 151.89664,
          "z": -370.5227
        }
      },
      "HalfExtents": {
        "x": 19.615812,
        "y": 3.0956454,
        "z": 2.3277462
      },
      "IndexInBlueprint": 57,
      "IsEventConnectionTarget": 1,
      "IsPropertyConnectionTarget": 3
    },
    "63db36ca-ac65-49b6-a271-b4e2bfd3fd87": {
      "$type": "OBBData",
      "Transform": {
        "right": {
          "x": 0.8142918,
          "y": 0.0,
          "z": -0.5804558
        },
        "up": {
          "x": 0.0,
          "y": 1.0,
          "z": 0.0
        },
        "forward": {
          "x": 0.5804558,
          "y": 0.0,
          "z": 0.8142918
        },
        "trans": {
          "x": 379.72592,
          "y": 146.40717,
          "z": -298.26367
        }
      },
      "HalfExtents": {
        "x": 11.503139,
        "y": 2.4910274,
        "z": 1.5538665
      },
      "IndexInBlueprint": 58,
      "IsEventConnectionTarget": 1,
      "IsPropertyConnectionTarget": 3
    },
    "0abf2113-c73c-4a8f-be39-c53c1446e46c": {
      "$type": "OBBData",
      "Transform": {
        "right": {
          "x": 0.8225261,
          "y": 0.0,
          "z": -0.56872755
        },
        "up": {
          "x": 0.0,
          "y": 1.0,
          "z": 0.0
        },
        "forward": {
          "x": 0.5687273,
          "y": 0.0,