{
  "Name": "levels/sp_bank/sp_bank/layer9_streamingareas",
  "PartitionGuid": "5ea52597-67d4-47f8-8769-44ba8545f6d4",
  "PrimaryInstanceGuid": "7d917114-baf1-4073-84b0-2eff9556a6a7",
  "Instances": {
    "e17c4fcb-ef0a-4140-8e5f-eb833d20e831": {
      "$type": "OBBData",
      "Transform": {
        "right": {
          "x": 0.8402195,
          "y": 0.0,
          "z": -0.54224646
        },
        "up": {
          "x": 0.0,
          "y": 1.0,
          "z": 0.0
        },
        "forward": {
          "x": 0.54224646,
          "y": 0.0,
          "z": 0.8402195
        },
        "trans": {
          "x": 235.49463,
          "y": 148.32039,
          "z": -663.7098
        }
      },
      "HalfExtents": {
        "x": 3.5649562,
        "y": 1.4973692,
        "z": 3.736678
      },
      "IndexInBlueprint": 412,
      "IsEventConnectionTarget": 1,
      "IsPropertyConnectionTarget": 3
    },
    "d46cde79-769f-45a7-a9ce-13fe51323a76": {
      "$type": "OBBData",
      "Transform": {
        "right": {
          "x": 1.0,
          "y": 0.0,
          "z": 0.0
        },
        "up": {
          "x": 0.0,
          "y": 1.0,
          "z": 0.0
        },
        "forward": {
          "x": 0.0,
          "y": 0.0,
          "z": 1.0
        },
        "trans": {
          "x": -850.1072,
          "y": 162.94661,
          "z": -282.34406
        }
      },
      "HalfExtents": {
        "x": 1.0,
        "y": 1.0,
        "z": 1.0
      },
      "IndexInBlueprint": 413,
      "IsEventConnectionTarget": 3,
      "IsPropertyConnectionTarget": 3
    },
    "83603b50-8db3-4dca-99f7-3f686962f3ec": {
      "$type": "OBBData",
      "Transform": {
        "right": {
          "x": 0.94417244,
          "y": 0.0,
          "z": 0.3294518
        },
        "up": {
          "x": 0.0,
          "y": 1.0,
          "z": 0.0
        },
        "forward": {
          "x": -0.32945213,
          "y": 0.0,
          "z": 0.9441724
        },
        "trans": {
          "x": -865.15875,
          "y": 153.55327,
          "z": -279.31543
        }
      },
      "HalfExtents": {
        "x": 8.711427,
        "y": 4.450698,
        "z": 3.4688737
      },
      "IndexInBlueprint": 414,
      "IsEventConnectionTarget": 3,
      "IsPropertyConnectionTarget": 3
    },
    "c45f80c7-011b-4da2-913f-83b62dbe8796": {
      "$type": "OBBData",
      "Transform": {
        "right": {
          "x": 0.94680566,
          "y": 0.0,
          "z": -0.321806
        },
        "up": {
          "x": 0.0,
          "y": 1.0,
          "z": 0.0
        },
        "forward": {
          "x": 0.32180598,
          "y": 0.0,
          "z": 0.9468057
        },
        "trans": {
          "x": -820.9031,
          "y": 139.76187,
          "z": -146.13564
        }
      },
      "HalfExtents": {
        "x": 4.5176954,
        "y": 7.3870373,
        "z": 17.484337
      },
      "IndexInBlueprint": 415,
      "IsEventConnectionTarget": 3,
      "IsPropertyConnectionTarget": 3
    },
    "adf3ef4f-6a1c-4e28-96ee-3015659e1986": {
      "$type": "OBBData",
      "Transform": {
        "right": {
          "x": 0.5964283,
          "y": -5.7850524E-10,
          "z": 0.80266637
        },
        "up": {
          "x": 9.699493E-10,
          "y": 1.0,
          "z": 6.857912E-17
        },
        "forward": {
          "x": -0.80266637,
          "y": 7.785456E-10,
          "z": 0.5964284
        },
        "trans": {
          "x": 429.58163,
          "y": 141.3213,
          "z": -215.88098
        }
      },
      "HalfExtents": {
        "x": 1.2704978,
        "y": 1.2927166,
        "z": 1.2899991
      },
      "IndexInBlueprint": 416,
      "IsEventConnectionTarget": 2,
      "IsPropertyConnectionTarget": 3
    },
    "be2001fd-449e-4e61-a3b8-d76c5e0e7a85": {
      "$type": "OBBData",
      "Transform": {
        "right": {
          "x": 0.956781,
          "y": 0.0,
          "z": -0.2908096
        },
        "up": {
          "x": 0.0,
          "y": 1.0,
          "z": 0.0
        },
        "forward": {
          "x": 0.2908097,
          "y": 0.0,
          "z": 0.9567809
        },
        "trans": {
          "x": -930.6767,
          "y": 155.64738,
          "z": -285.2532
        }
      },
      "HalfExtents": {
        "x": 1.875226,
        "y": 3.4258075,
        "z": 9.60259
      },
      "IndexInBlueprint": 417,
      "IsEventConnectionTarget": 3,
      "IsPropertyConnectionTarget": 3
    },
    "88a7c508-e5e6-4a74-a40f-8ceed3bb8e46": {
      "$type": "OBBData",
      "Transform": {
        "right": {
          "x": 0.84003204,
          "y": 0.0,
          "z": -0.5425368
        },
        "up": {
          "x": 0.0,
          "y": 1.0,
          "z": 0.0
        },
        "forward": {
          "x": 0.5425368,
          "y": 0.0,
          "z": 0.84003204
        },
        "trans": {
          "x": 242.8138,
          "y": 157.0084,
          "z": -655.42084
        }
      },
      "HalfExtents": {
        "x": 1.0,
        "y": 1.353009,
        "z": 0.99999994
      },
      "IndexInBlueprint": 418,
      "IsEventConnectionTarget": 1,
      "IsPropertyConnectionTarget": 3
    },
    "09e96a84-80e1-4de1-8ea9-f432e975ca33": {
      "$type": "OBBData",
      "Transform": {
        "right": {
          "x": 0.82568794,
          "y": 0.0,
          "z": -0.5641271
        },
        "up": {
          "x": 0.0,
          "y": 1.0,
          "z": 0.0
        },
        "forward": {
          "x": 0.564127,
          "y": 0.0,
          "z": 0.825688
        },
        "trans": {
          "x": 415.16898,
          "y": 141.25838,
          "z": -202.6635
        }
      },
      "HalfExtents": {
        "x": 1.2313774,
        "y": 2.8494842,
        "z": 1.0
      },
      "IndexInBlueprint": 419,
      "IsEventConnectionTarget": 3,
      "IsPropertyConnectionTarget": 3
    },
    "186ece9f-74ff-4937-8f17-b3a258c40618": {
      "$type": "OBBData",
      "Transform": {
        "right": {
          "x": -0.54224646,
          "y": 0.0,
          "z": -0.8402195
        },
        "up": {
          "x": 0.0,
          "y": 1.0,
          "z": 0.0
        },
        "forward": {
          "x": 0.8402193,
          "y": 0.0,
          "z": -0.5422467
        },
        "trans": {
          "x": 362.1497,
          "y": 147.66208,
          "z": -532.6009
        }
      },
      "HalfExtents": {
        "x": 3.3931773,
        "y": 7.206554,
        "z": 61.331066
      },
      "IndexInBlueprint": 420,
      "IsEventConnectionTarget": 1,
      "IsPropertyConnectionTarget": 3
    },
    "32a72caa-ab6b-4e5d-ba40-8253c621c79f": {
      "$type": "OBBData",
      "Transform": {
        "right": {
          "x": -0.51855016,
          "y": 0.0,
          "z": -0.85504735
        },
        "up": {
          "x": 0.0,
          "y": 1.0,
          "z": 0.0
        },
        "forward": {
          "x": 0.8550473,
          "y": 0.0,
          "z": -0.51855016
        },
        "trans": {
          "x": 267.73087,
          "y": 145.89098,
          "z": -668.312
        }
      },
      "HalfExtents": {
        "x": 3.4999998,
        "y": 1.0,
        "z": 1.0000001
      },
      "IndexInBlueprint": 421,
      "IsEventConnectionTarget": 1,
      "IsPropertyConnectionTarget": 3
    },
    "6ee921b9-3f76-4017-9bb6-036e4af47d43": {
      "$type": "OBBData",
      "Transform": {
        "right": {
          "x": -0.55115855,
          "y": 0.09116261,
          "z": -0.8294056
        },
        "up": {
          "x": 0.050455127,
          "y": 0.995836,
          "z": 0.075926945
        },