{
  "Name": "levels/sp_bank/vault_sub/layer14_vault_enlighten",
  "PartitionGuid": "e1f3ac2f-9ae1-47b3-bc52-656dea4726a0",
  "PrimaryInstanceGuid": "809820bb-0b4f-4d30-a46d-0511a08cc707",
  "Instances": {
    "a82da644-9145-4cb3-a30d-d4e1dafdb4aa": {
      "$type": "LightProbeVolumeData",
      "IsEventConnectionTarget": 3,
      "IsPropertyConnectionTarget": 3,
      "IndexInBlueprint": 310,
      "Transform": {
        "right": {
          "x": 0.5479285,
          "y": 8.326673E-17,
          "z": 0.83652514
        },
        "up": {
          "x": 4.2754764E-10,
          "y": 1.0,
          "z": -2.8004613E-10
        },
        "forward": {
          "x": -0.83652514,
          "y": 5.1109955E-10,
          "z": 0.5479285
        },
        "trans": {
          "x": 283.27936,
          "y": 129.7722,
          "z": -654.5064
        }
      },
      "Xres": 4,
      "Yres": 2,
      "Zres": 4,
      "BlendDistance": 1.0,
      "Priority": 0
    },
    "23c455e3-bb35-4707-93f2-b406f9cd1bdc": {
      "$type": "LightProbeVolumeData",
      "IsEventConnectionTarget": 3,
      "IsPropertyConnectionTarget": 3,
      "IndexInBlueprint": 311,
      "Transform": {
        "right": {
          "x": 0.5479285,
          "y": 2.220446E-16,
          "z": 0.8365252
        },
        "up": {
          "x": 4.275477E-10,
          "y": 1.0,
          "z": -2.8004632E-10
        },
        "forward": {
          "x": -0.8365252,
          "y": 5.1109983E-10,
          "z": 0.5479285
        },
        "trans": {
          "x": 267.9462,
          "y": 131.79073,
          "z": -665.68463
        }
      },
      "Xres": 5,
      "Yres": 3,
      "Zres": 4,
      "BlendDistance": 1.0,
      "Priority": 0
    },
    "9717eadc-8744-4407-b6a4-0d3cd844c5b0": {
      "$type": "LightProbeVolumeData",
      "IsEventConnectionTarget": 3,
      "IsPropertyConnectionTarget": 3,
      "IndexInBlueprint": 312,
      "Transform": {
        "right": {
          "x": 0.54792845,
          "y": 2.498002E-16,
          "z": 0.8365253
        },
        "up": {
          "x": 4.275477E-10,
          "y": 1.0,
          "z": -2.800463E-10
        },
        "forward": {
          "x": -0.8365252,
          "y": 5.110998E-10,
          "z": 0.5479284
        },
        "trans": {
          "x": 247.555,
          "y": 131.97559,
          "z": -659.018
        }
      },
      "Xres": 3,
      "Yres": 3,
      "Zres": 3,
      "BlendDistance": 1.0,
      "Priority": 0
    },
    "0cee75d7-b5f2-47c0-9931-7da6463c08f6": {
      "$type": "LightProbeVolumeData",
      "IsEventConnectionTarget": 3,
      "IsPropertyConnectionTarget": 3,
      "IndexInBlueprint": 313,
      "Transform": {
        "right": {
          "x": 0.8402193,
          "y": -7.4940054E-16,
          "z": -0.5422467
        },
        "up": {
          "x": -2.7714123E-10,
          "y": 1.0,
          "z": -4.2943585E-10
        },
        "forward": {
          "x": 0.5422467,
          "y": 5.110992E-10,
          "z": 0.8402193
        },
        "trans": {
          "x": 235.15482,
          "y": 131.06267,
          "z": -650.88605
        }
      },
      "Xres": 4,
      "Yres": 2,
      "Zres": 4,
      "BlendDistance": 1.0,
      "Priority": 0
    },
    "0bb03405-f171-452e-9107-bc45447467ca": {
      "$type": "LightProbeVolumeData",
      "IsEventConnectionTarget": 3,
      "IsPropertyConnectionTarget": 3,
      "IndexInBlueprint": 314,
      "Transform": {
        "right": {
          "x": 0.5479286,
          "y": 2.7755578E-16,
          "z": 0.8365252
        },
        "up": {
          "x": 4.275478E-10,
          "y": 1.0,
          "z": -2.8004649E-10
        },
        "forward": {
          "x": -0.8365251,
          "y": 5.110999E-10,
          "z": 0.5479285
        },
        "trans": {
          "x": 292.46268,
          "y": 139.82451,
          "z": -643.9075
        }
      },
      "Xres": 2,
      "Yres": 5,
      "Zres": 2,
      "BlendDistance": 1.0,
      "Priority": 0
    },
    "df20c04d-765d-48e6-83b9-44a4539451fc": {
      "$type": "LightProbeVolumeData",
      "IsEventConnectionTarget": 3,
      "IsPropertyConnectionTarget": 3,
      "IndexInBlueprint": 315,
      "Transform": {
        "right": {
          "x": 0.5479286,
          "y": 2.7755578E-16,
          "z": 0.8365252
        },
        "up": {
          "x": 4.275478E-10,
          "y": 1.0,
          "z": -2.8004649E-10
        },
        "forward": {
          "x": -0.8365251,
          "y": 5.110999E-10,
          "z": 0.5479285
        },
        "trans": {
          "x": 267.00775,
          "y": 139.8245,
          "z": -683.32355
        }
      },
      "Xres": 2,
      "Yres": 5,
      "Zres": 2,
      "BlendDistance": 1.0,
      "Priority": 0
    },
    "809820bb-0b4f-4d30-a46d-0511a08cc707": {
      "$type": "WorldPartData",
      "Name": "Levels/SP_Bank/Vault_Enlighten",
      "PropertyConnections": [],
      "LinkConnections": [],
      "EventConnections": [],
      "Descriptor": null,
      "NeedNetworkId": false,
      "InterfaceHasConnections": false,
      "AlwaysCreateEntityBusClient": false,
      "AlwaysCreateEntityBusServer": false,
      "Objects": [
        {
          "PartitionGuid": "e1f3ac2f-9ae1-47b3-bc52-656dea4726a0",
          "InstanceGuid": "a82da644-9145-4cb3-a30d-d4e1dafdb4aa"
        },
        {
          "PartitionGuid": "e1f3ac2f-9ae1-47b3-bc52-656dea4726a0",
          "InstanceGuid": "23c455e3-bb35-4707-93f2-b406f9cd1bdc"
        },
        {
          "PartitionGuid": "e1f3ac2f-9ae1-47b3-bc52-656dea4726a0",
          "InstanceGuid": "9717eadc-8744-4407-b6a4-0d3cd844c5b0"
        },
        {
          "PartitionGuid": "e1f3ac2f-9ae1-47b3-bc52-656dea4726a0",
          "InstanceGuid": "0cee75d7-b5f2-47c0-9931-7da6463c08f6"
        },
        {
          "PartitionGuid": "e1f3ac2f-9ae1-47b3-bc52-656dea4726a0",
          "InstanceGuid": "0bb03405-f171-452e-9107-bc45447467ca"
        },
        {
          "PartitionGuid": "e1f3ac2f-9ae1-47b3-bc52-656dea4726a0",
          "InstanceGuid": "df20c04d-765d-48e6-83b9-44a4539451fc"
        }
      ],
      "Enabled": true,
      "UseDeferredEntityCreation": false,
      "HackToSolveRealTimeTweakingIssue": "fa1fcced-e146-18b0-f982-725a2972370f"
    }
  }
}