{
  "Name": "levels/coop_003/ab03_parent/layer6_ab03_weaponpickups",
  "PartitionGuid": "aa443e83-d21c-47f0-bece-62d2d3655163",
  "PrimaryInstanceGuid": "6b85d91e-7dc3-456b-856c-196217e21b54",
  "Instances": {
    "100f0de5-6778-487f-b54c-e1a80c072519": {
      "$type": "ReferenceObjectData",
      "IndexInBlueprint": 603,
      "IsEventConnectionTarget": 3,
      "IsPropertyConnectionTarget": 3,
      "BlueprintTransform": {
        "right": {
          "x": 0.49451157,
          "y": 1.5396811E-08,
          "z": 0.869171
        },
        "up": {
          "x": 0.8517987,
          "y": -0.19893463,
          "z": -0.48462763
        },
        "forward": {
          "x": 0.17290817,
          "y": 0.98001266,
          "z": -0.09837552
        },
        "trans": {
          "x": 149.44675,
          "y": 74.91766,
          "z": 13.076404
        }
      },
      "Blueprint": {
        "PartitionGuid": "5e3b64f4-8b53-11e0-b964-98e33db95d89",
        "InstanceGuid": "39e2a3a0-2b73-d64c-575d-30eba0d1a4d1"
      },
      "ObjectVariation": null,
      "StreamRealm": 0,
      "CastSunShadowEnable": true,
      "Excluded": false
    },
    "1ccfc8d9-4179-4ee4-9081-7dde3ce75c1b": {
      "$type": "ReferenceObjectData",
      "IndexInBlueprint": 604,
      "IsEventConnectionTarget": 3,
      "IsPropertyConnectionTarget": 3,
      "BlueprintTransform": {
        "right": {
          "x": -0.7328403,
          "y": -4.2490763E-18,
          "z": -0.6804006
        },
        "up": {
          "x": 2.8817226E-11,
          "y": 0.9999994,
          "z": -3.103822E-11
        },
        "forward": {
          "x": 0.6804002,
          "y": -4.2353315E-11,
          "z": -0.73283994
        },
        "trans": {
          "x": 166.65077,
          "y": 72.397804,
          "z": 43.40996
        }
      },
      "Blueprint": {
        "PartitionGuid": "373d8b05-cfcd-4d65-bf04-a67c5a40612a",
        "InstanceGuid": "aca61f0a-3fa5-499a-999c-262f75054602"
      },
      "ObjectVariation": null,
      "StreamRealm": 0,
      "CastSunShadowEnable": true,
      "Excluded": false
    },
    "6b85d91e-7dc3-456b-856c-196217e21b54": {
      "$type": "WorldPartData",
      "Name": "Levels/COOP_003/AB03_WeaponPickups",
      "PropertyConnections": [],
      "LinkConnections": [],
      "EventConnections": [],
      "Descriptor": null,
      "NeedNetworkId": false,
      "InterfaceHasConnections": false,
      "AlwaysCreateEntityBusClient": false,
      "AlwaysCreateEntityBusServer": false,
      "Objects": [
        {
          "PartitionGuid": "aa443e83-d21c-47f0-bece-62d2d3655163",
          "InstanceGuid": "7c51a732-b613-4ac8-bc4a-fbe0e9f213a0"
        },
        {
          "PartitionGuid": "aa443e83-d21c-47f0-bece-62d2d3655163",
          "InstanceGuid": "100f0de5-6778-487f-b54c-e1a80c072519"
        },
        {
          "PartitionGuid": "aa443e83-d21c-47f0-bece-62d2d3655163",
          "InstanceGuid": "1ccfc8d9-4179-4ee4-9081-7dde3ce75c1b"
        },
        {
          "PartitionGuid": "aa443e83-d21c-47f0-bece-62d2d3655163",
          "InstanceGuid": "f395150e-4968-4916-98c3-f5b0c4bb0141"
        },
        {
          "PartitionGuid": "aa443e83-d21c-47f0-bece-62d2d3655163",
          "InstanceGuid": "8b52a400-bc87-4ab2-912f-a54d389f8ebf"
        },
        {
          "PartitionGuid": "aa443e83-d21c-47f0-bece-62d2d3655163",
          "InstanceGuid": "f4d8fe49-2214-d467-5769-60ae867e5466"
        }
      ],
      "HackToSolveRealTimeTweakingIssue": "7138f287-3630-082a-204a-d45133a71794",
      "UseDeferredEntityCreation": false,
      "Enabled": true
    },
    "7c51a732-b613-4ac8-bc4a-fbe0e9f213a0": {
      "$type": "ReferenceObjectData",
      "IndexInBlueprint": 602,
      "IsEventConnectionTarget": 3,
      "IsPropertyConnectionTarget": 3,
      "BlueprintTransform": {
        "right": {
          "x": 0.8742992,
          "y": 1.5781954E-08,
          "z": -0.48538733
        },
        "up": {
          "x": -0.4718716,
          "y": 0.2343396,
          "z": -0.8499541
        },
        "forward": {
          "x": 0.113745496,
          "y": 0.9721548,
          "z": 0.20488296
        },
        "trans": {
          "x": 149.43394,
          "y": 74.90687,
          "z": 23.910679
        }
      },
      "Blueprint": {
        "PartitionGuid": "5e3b64f4-8b53-11e0-b964-98e33db95d89",
        "InstanceGuid": "39e2a3a0-2b73-d64c-575d-30eba0d1a4d1"
      },
      "ObjectVariation": null,
      "StreamRealm": 0,
      "CastSunShadowEnable": true,
      "Excluded": false
    },
    "8b52a400-bc87-4ab2-912f-a54d389f8ebf": {
      "$type": "ReferenceObjectData",
      "IndexInBlueprint": 606,
      "IsEventConnectionTarget": 3,
      "IsPropertyConnectionTarget": 3,
      "BlueprintTransform": {
        "right": {
          "x": -0.8372337,
          "y": -2.7436451E-08,
          "z": 0.5468452
        },
        "up": {
          "x": -3.277036E-08,
          "y": 0.9999998,
          "z": -1.4518834E-15
        },
        "forward": {
          "x": -0.546845,
          "y": -1.792031E-08,
          "z": -0.8372334
        },
        "trans": {
          "x": 169.89296,
          "y": 76.217,
          "z": 40.786594
        }
      },
      "Blueprint": {
        "PartitionGuid": "5e3b64f4-8b53-11e0-b964-98e33db95d89",
        "InstanceGuid": "39e2a3a0-2b73-d64c-575d-30eba0d1a4d1"
      },
      "ObjectVariation": null,
      "StreamRealm": 0,
      "CastSunShadowEnable": true,
      "Excluded": false
    },
    "f395150e-4968-4916-98c3-f5b0c4bb0141": {
      "$type": "ReferenceObjectData",
      "IndexInBlueprint": 605,
      "IsEventConnectionTarget": 3,
      "IsPropertyConnectionTarget": 3,
      "BlueprintTransform": {
        "right": {
          "x": 0.9224409,
          "y": -1.6718937E-08,
          "z": 0.3861378
        },
        "up": {
          "x": 0.3673013,
          "y": -0.30851942,
          "z": -0.87744206
        },
        "forward": {
          "x": 0.11913101,
          "y": 0.9512174,
          "z": -0.28459102
        },
        "trans": {
          "x": 169.20349,
          "y": 72.391045,
          "z": 39.64997
        }
      },
      "Blueprint": {
        "PartitionGuid": "5e3b64f4-8b53-11e0-b964-98e33db95d89",
        "InstanceGuid": "39e2a3a0-2b73-d64c-575d-30eba0d1a4d1"
      },
      "ObjectVariation": null,
      "StreamRealm": 0,
      "CastSunShadowEnable": true,
      "Excluded": false
    },
    "f4d8fe49-2214-d467-5769-60ae867e5466": {
      "$type": "ReferenceObjectData",
      "IndexInBlueprint": 607,
      "IsEventConnectionTarget": 3,
      "IsPropertyConnectionTarget": 3,
      "BlueprintTransform": {
        "right": {
          "x": -0.8894169,
          "y": 0.0,
          "z": -0.45709682
        },
        "up": {
          "x": 0.0,
          "y": 1.0,
          "z": 0.0
        },
        "forward": {
          "x": 0.45709682,
          "y": 0.0,
          "z": -0.8894169
        },
        "trans": {
          "x": 143.10115,
          "y": 74.920044,
          "z": 16.874212
        }
      },
      "Blueprint": {
        "PartitionGuid": "26850f24-f860-c88f-cfb1-d816ebd9c338",
        "InstanceGuid": "26850f24-f860-c88f-cfb1-d816ebd9c338"
      },
      "ObjectVariation": null,
      "StreamRealm": 0,
      "CastSunShadowEnable": true,
      "Excluded": false
    }
  }
}