{
  "Name": "fx/impacts/metal/emitter_minigun/em_impact_metal_pointlight",
  "PartitionGuid": "dd16ecad-18e0-4edb-952e-2711b0ca0958",
  "PrimaryInstanceGuid": "4b95a09d-f595-4528-a58d-af447e85c6de",
  "Instances": {
    "0fd5e1f4-f795-4d96-99df-d48d573198a9": {
      "$type": "EmitterDocument",
      "Name": "FX/Impacts/Metal/Emitter_Minigun/Em_Impact_Metal_PointLight",
      "RootProcessor": {
        "PartitionGuid": "dd16ecad-18e0-4edb-952e-2711b0ca0958",
        "InstanceGuid": "a0c11944-12fa-4190-9955-ba690e372ebf"
      },
      "TemplateData": {
        "PartitionGuid": "dd16ecad-18e0-4edb-952e-2711b0ca0958",
        "InstanceGuid": "4b95a09d-f595-4528-a58d-af447e85c6de"
      }
    },
    "1435fff2-48cb-4c8a-a2d3-174eea44f877": {
      "$type": "PolynomialData",
      "EmitterParameter": 0,
      "Coefficients": {
        "x": 0.0,
        "y": 0.0,
        "z": -1.9557523,
        "w": 0.98680466
      },
      "ScaleValue": 6.0,
      "MinClamp": 0.1,
      "MaxClamp": 1.0
    },
    "2e93a98c-a132-41db-9547-9b4f3bf2d692": {
      "$type": "UpdateSizeData",
      "DefaultValues": {
        "x": 1.0,
        "y": 1.0,
        "z": 1.0,
        "w": 1.0
      },
      "NextProcessor": {
        "PartitionGuid": "dd16ecad-18e0-4edb-952e-2711b0ca0958",
        "InstanceGuid": "f78a3acf-6c04-4754-a4f3-3ee28a1db81d"
      },
      "Pre": {
        "PartitionGuid": "dd16ecad-18e0-4edb-952e-2711b0ca0958",
        "InstanceGuid": "f8a2ca90-c94e-4344-8dfb-5841f11042ff"
      },
      "EvaluatorInput": 2,
      "Enable": true,
      "Pivot": {
        "x": 0.5,
        "y": 0.0
      }
    },
    "432b2976-54cf-4561-b75b-bb1d10001dfc": {
      "$type": "PolynomialColorInterpData",
      "EmitterParameter": 0,
      "Color0": {
        "x": 60.784,
        "y": 23.643,
        "z": 14.041
      },
      "Color1": {
        "x": 60.784,
        "y": 23.643,
        "z": 14.041
      },
      "Coefficients": {
        "x": 0.0,
        "y": 0.0,
        "z": -1.1666665,
        "w": 0.9674999
      }
    },
    "4b95a09d-f595-4528-a58d-af447e85c6de": {
      "$type": "EmitterTemplateData",
      "PointLightIntensity": {
        "x": -0.8070255,
        "y": 2.3856747,
        "z": -2.6008794,
        "w": 1.0084779
      },
      "PointLightPivot": {
        "x": 0.0,
        "y": 0.25,
        "z": 0.0
      },
      "PointLightColor": {
        "x": 30.0,
        "y": 17.05,
        "z": 10.004
      },
      "MaxCount": 1,
      "Name": "FX/Impacts/Metal/Emitter_Minigun/Em_Impact_Metal_PointLight",
      "TimeScale": 1.0,
      "LifetimeFrameCount": 0,
      "Lifetime": 0.1,
      "RootProcessor": {
        "PartitionGuid": "dd16ecad-18e0-4edb-952e-2711b0ca0958",
        "InstanceGuid": "a0c11944-12fa-4190-9955-ba690e372ebf"
      },
      "VisibleAfterDistance": 0.0,
      "ZOcclusionLookup": [],
      "EmittableType": 3,
      "Mesh": null,
      "DistanceScaleNearValue": 0.5,
      "PointLightRadius": 5.0,
      "VertexPixelLightingBlendFactor": 0.0,
      "GlobalLocalNormalBlendFactor": 1.0,
      "SoftParticlesFadeDistanceMultiplier": 0.0,
      "LightWrapAroundFactor": 0.5,
      "LightMultiplier": 1.0,
      "DistanceScaleFarValue": 1.0,
      "PointLightRandomIntensityMin": 1.0,
      "MeshCullingDistance": 0.0,
      "PointLightRandomIntensityMax": 1.0,
      "MaxSpawnDistance": 0.0,
      "MinScreenArea": 1.0,
      "DistanceScaleLength": 15.0,
      "PointLightMaxClamp": 1.0,
      "ParticleCullingFactor": 0.8,
      "PointLightMinClamp": 0.0,
      "FollowSpawnSource": false,
      "RepeatParticleSpawning": false,
      "Emissive": true,
      "ExclusionVolumeCullEnable": false,
      "TransparencySunShadowEnable": false,
      "ForceFullRes": false,
      "LocalSpace": false,
      "Opaque": false,
      "ActAsPointLight": true,
      "KillParticlesWithEmitter": false,
      "ForceNiceSorting": false
    },
    "504d4cd9-3ccd-4431-958e-c75431d954e2": {
      "$type": "UpdateColorData",
      "DefaultValues": {
        "x": 1.0,
        "y": 1.0,
        "z": 1.0,
        "w": 1.0
      },
      "NextProcessor": {
        "PartitionGuid": "dd16ecad-18e0-4edb-952e-2711b0ca0958",
        "InstanceGuid": "5d1771cf-98fa-42f7-9bb1-f2e18a7ab86d"
      },
      "Pre": {
        "PartitionGuid": "dd16ecad-18e0-4edb-952e-2711b0ca0958",
        "InstanceGuid": "432b2976-54cf-4561-b75b-bb1d10001dfc"
      },
      "EvaluatorInput": 2,
      "Enable": true,
      "Color": {
        "x": 1.0,
        "y": 1.0,
        "z": 1.0
      }
    },
    "5915c33d-11ae-4615-a91c-ed70eb5bb1ac": {
      "$type": "PolynomialData",
      "EmitterParameter": 0,
      "Coefficients": {
        "x": 5.103918,
        "y": -9.108654,
        "z": 3.0315156,
        "w": 0.97812
      },
      "ScaleValue": 1.0,
      "MinClamp": 0.0,
      "MaxClamp": 1.0
    },
    "5d1771cf-98fa-42f7-9bb1-f2e18a7ab86d": {
      "$type": "UpdateTextureCoordsData",
      "DefaultValues": {
        "x": 1.0,
        "y": 0.0,
        "z": 0.0,
        "w": 0.0
      },
      "NextProcessor": {
        "PartitionGuid": "dd16ecad-18e0-4edb-952e-2711b0ca0958",
        "InstanceGuid": "5dbe55b0-0708-4070-93df-ee17443d6a89"
      },
      "Pre": null,
      "EvaluatorInput": 2,
      "Enable": true,
      "TextureInfo1": {
        "TextureName": "FX/Textures/Debris/Particle_01_D",
        "NormalmapName": "Systems/Emitter/DefaultNormalmap",
        "AnimationFrameCount": 4.0,
        "AnimationFrameColumnCount": 4.0,
        "EnableAnimation": false
      },
      "TextureBlendValue": 1.0
    },
    "5d21eed3-9db8-4db8-bcff-03db5cef7649": {
      "$type": "RotateVectorData",
      "EmitterParameter": 0,
      "Angle": 360.0,
      "RotateWithinPlane": false,
      "InputAffectsPhi": true
    },
    "5dbe55b0-0708-4070-93df-ee17443d6a89": {
      "$type": "UpdateTransparencyData",
      "DefaultValues": {
        "x": 1.0,
        "y": 1.0,
        "z": 1.0,
        "w": 1.0
      },
      "NextProcessor": {
        "PartitionGuid": "dd16ecad-18e0-4edb-952e-2711b0ca0958",
        "InstanceGuid": "862cf756-7622-494c-5ba1-c7a72cdc161b"
      },
      "Pre": {
        "PartitionGuid": "dd16ecad-18e0-4edb-952e-2711b0ca0958",
        "InstanceGuid": "5915c33d-11ae-4615-a91c-ed70eb5bb1ac"
      },
      "EvaluatorInput": 2,
      "Enable": true,
      "CullThreshold": 0.2
    },
    "655a19b9-5483-4fd0-aa21-b0de94deb954": {
      "$type": "SpawnPositionData",
      "DefaultValues": {
        "x": 0.0,
        "y": 0.0,
        "z": 0.0,
        "w": 1.0
      },
      "NextProcessor": {
        "PartitionGuid": "dd16ecad-18e0-4edb-952e-2711b0ca0958",
        "InstanceGuid": "914292c6-b0d0-49d0-ad9d-84f0db7c74f3"
      },
      "Pre": null,
      "EvaluatorInput": 1,
      "Enable": true
    },
    "7ceeb316-db82-4ae1-965f-0e03c41b0da6": {
      "$type": "SpawnSizeData",
      "DefaultValues": {
        "x": 1.0,
        "y": 1.0,
        "z": 1.0,
        "w": 1.0
      },
      "NextProcessor": {
        "PartitionGuid": "dd16ecad-18e0-4edb-952e-2711b0ca0958",
        "InstanceGuid": "504d4cd9-3ccd-4431-958e-c75431d954e2"
      },
      "Pre": {
        "PartitionGuid": "dd16ecad-18e0-4edb-952e-2711b0ca0958",
        "InstanceGuid": "bb908214-dff0-44ab-813d-ba303ef05b82"
      },
      "EvaluatorInput": 1,
      "Enable": true,
      "Size": 0.0
    },
    "862cf756-7622-494c-5ba1-c7a72cdc161b": {
      "$type": "UpdateOrientationData",
      "DefaultValues": {
        "x": 1.0,
        "y": 1.0,
        "z": 1.0,
        "w": 1.0
      },
      "NextProcessor": {
        "PartitionGuid": "dd16ecad-18e0-4edb-952e-2711b0ca0958",
        "InstanceGuid": "efdfea64-1e6b-43b5-a5f7-86b795aebbf1"
      },
      "Pre": null,