{
  "Name": "fx/dlc/xp4/destruction/props/garbagebag/emitters/em_dlc_xp4_destruct_garbagebag_animated_meshp_03",
  "PartitionGuid": "314e8d83-2829-4115-b365-40001badc0cc",
  "PrimaryInstanceGuid": "5d495f23-d3f3-4488-8e35-0cde4658713f",
  "Instances": {
    "001f11cf-4a1c-4bdb-a567-3cca0605c1eb": {
      "$type": "PolynomialData",
      "EmitterParameter": 0,
      "Coefficients": {
        "x": 31.289633,
        "y": -44.373966,
        "z": 16.423021,
        "w": -0.86177176
      },
      "ScaleValue": 2.0,
      "MinClamp": -1.0,
      "MaxClamp": 1.0
    },
    "041e4af6-db1f-4fef-b5de-391fe4ad059b": {
      "$type": "SpawnSpeedData",
      "DefaultValues": {
        "x": 1.0,
        "y": 1.0,
        "z": 1.0,
        "w": 1.0
      },
      "NextProcessor": {
        "PartitionGuid": "314e8d83-2829-4115-b365-40001badc0cc",
        "InstanceGuid": "eb1196f4-84aa-4b2d-a074-9925397d1c39"
      },
      "Pre": {
        "PartitionGuid": "314e8d83-2829-4115-b365-40001badc0cc",
        "InstanceGuid": "af908070-5bd9-48e0-ac30-ba9cfc7b17b7"
      },
      "EvaluatorInput": 1,
      "Enable": true,
      "Speed": 10.0
    },
    "115a5d90-bed8-4ebc-b5c4-01072909bb5b": {
      "$type": "AirResistanceData",
      "DefaultValues": {
        "x": 1.0,
        "y": 1.0,
        "z": 1.0,
        "w": 1.0
      },
      "NextProcessor": {
        "PartitionGuid": "314e8d83-2829-4115-b365-40001badc0cc",
        "InstanceGuid": "9768b2ee-ef12-48a8-a8ec-3963f5872c8e"
      },
      "Pre": {
        "PartitionGuid": "314e8d83-2829-4115-b365-40001badc0cc",
        "InstanceGuid": "1c6e7e0b-7e7d-466e-a46a-9a1c504d7614"
      },
      "EvaluatorInput": 2,
      "Enable": true,
      "DragFactor": 2.0
    },
    "17fcc2bf-d466-4fdb-abb6-f2d25756f777": {
      "$type": "PolynomialData",
      "EmitterParameter": 0,
      "Coefficients": {
        "x": 0.0,
        "y": 0.0,
        "z": 0.0,
        "w": 1.0
      },
      "ScaleValue": 1.0,
      "MinClamp": 0.0,
      "MaxClamp": 1.0
    },
    "1c6e7e0b-7e7d-466e-a46a-9a1c504d7614": {
      "$type": "PolynomialData",
      "EmitterParameter": 0,
      "Coefficients": {
        "x": 53.84279,
        "y": -72.30271,
        "z": 16.228868,
        "w": -0.069345295
      },
      "ScaleValue": 1.0,
      "MinClamp": 0.0,
      "MaxClamp": 1.0
    },
    "1dbbfd66-2917-4374-9d39-66d87b0bd47c": {
      "$type": "SpawnRateData",
      "DefaultValues": {
        "x": 1.0,
        "y": 1.0,
        "z": 1.0,
        "w": 1.0
      },
      "NextProcessor": {
        "PartitionGuid": "314e8d83-2829-4115-b365-40001badc0cc",
        "InstanceGuid": "facaa05c-cf7e-406a-915a-75a4babd3db1"
      },
      "Pre": null,
      "EvaluatorInput": 1,
      "Enable": true,
      "SpawnRate": 1000.0,
      "TrailSegmentLength": 5.0,
      "DistributeOverTime": true,
      "DistributeOverDistance": false
    },
    "4d9b321c-0028-aa57-98dc-97e086c8f3a8": {
      "$type": "UpdateLinearVelocityData",
      "DefaultValues": {
        "x": 1.0,
        "y": 1.0,
        "z": 1.0,
        "w": 1.0
      },
      "NextProcessor": null,
      "Pre": null,
      "EvaluatorInput": 2,
      "Enable": true
    },
    "4e566139-d879-420a-bef1-a05fbee2f924": {
      "$type": "PolynomialData",
      "EmitterParameter": 0,
      "Coefficients": {
        "x": 1.2170031,
        "y": -1.6804644,
        "z": -0.34021723,
        "w": 0.97888
      },
      "ScaleValue": 1.0,
      "MinClamp": 0.0,
      "MaxClamp": 1.0
    },
    "50a7abfa-fbc7-4252-840a-298b87b6d49a": {
      "$type": "RandomXYZEvaluatorData",
      "EmitterParameter": 0,
      "MaxX": 0.75,
      "MinX": -0.75,
      "MaxY": 1.0,
      "MinY": 0.25,
      "MaxZ": 1.0,
      "MinZ": -1.0
    },
    "55902878-27bd-4ba8-8795-52cceabdfeb9": {
      "$type": "UpdateAgeData",
      "DefaultValues": {
        "x": 1.0,
        "y": 1.0,
        "z": 1.0,
        "w": 1.0
      },
      "NextProcessor": {
        "PartitionGuid": "314e8d83-2829-4115-b365-40001badc0cc",
        "InstanceGuid": "1dbbfd66-2917-4374-9d39-66d87b0bd47c"
      },
      "Pre": null,
      "EvaluatorInput": 2,
      "Enable": true,
      "Lifetime": 1.75
    },
    "5d495f23-d3f3-4488-8e35-0cde4658713f": {
      "$type": "EmitterTemplateData",
      "PointLightIntensity": {
        "x": 0.0,
        "y": 0.0,
        "z": 0.0,
        "w": 1.0
      },
      "PointLightPivot": {
        "x": 0.0,
        "y": 0.0,
        "z": 0.0
      },
      "PointLightColor": {
        "x": 1.0,
        "y": 1.0,
        "z": 1.0
      },
      "MaxCount": 10,
      "Name": "FX/DLC/XP4/Destruction/Props/GarbageBag/Emitters/Em_DLC_XP4_Destruct_GarbageBag_Animated_MeshP_03",
      "TimeScale": 1.0,
      "LifetimeFrameCount": 0,
      "Lifetime": 0.1,
      "RootProcessor": {
        "PartitionGuid": "314e8d83-2829-4115-b365-40001badc0cc",
        "InstanceGuid": "55902878-27bd-4ba8-8795-52cceabdfeb9"
      },
      "VisibleAfterDistance": 0.0,
      "ZOcclusionLookup": [],
      "EmittableType": 6,
      "Mesh": {
        "PartitionGuid": "bf48849e-1e37-1655-15ab-951f4a208f9f",
        "InstanceGuid": "2cf1a967-6c13-4f81-9a52-eba37fb93e83"
      },
      "DistanceScaleNearValue": 1.0,
      "PointLightRadius": 20.0,
      "VertexPixelLightingBlendFactor": 0.0,
      "GlobalLocalNormalBlendFactor": 1.0,
      "SoftParticlesFadeDistanceMultiplier": 0.0,
      "LightWrapAroundFactor": 0.5,
      "LightMultiplier": 1.0,
      "DistanceScaleFarValue": 1.5,
      "PointLightRandomIntensityMin": 1.0,
      "MeshCullingDistance": 1500.0,
      "PointLightRandomIntensityMax": 1.0,
      "MaxSpawnDistance": 50.0,
      "MinScreenArea": 1.0,
      "DistanceScaleLength": 100.0,
      "PointLightMaxClamp": 1.0,
      "ParticleCullingFactor": 0.8,
      "PointLightMinClamp": 0.0,
      "FollowSpawnSource": false,
      "RepeatParticleSpawning": false,
      "Emissive": false,
      "ExclusionVolumeCullEnable": false,
      "TransparencySunShadowEnable": false,
      "ForceFullRes": false,
      "LocalSpace": true,
      "Opaque": true,
      "ActAsPointLight": false,
      "KillParticlesWithEmitter": false,
      "ForceNiceSorting": false
    },
    "62da9b88-119b-48fb-af53-5b59efc9d30e": {
      "$type": "PolynomialData",
      "EmitterParameter": 0,
      "Coefficients": {
        "x": 8.068844,
        "y": -25.175133,
        "z": 17.39178,
        "w": -0.2552424
      },
      "ScaleValue": 1.0,
      "MinClamp": 0.0,
      "MaxClamp": 1.0
    },
    "79cf9dfa-40bc-4bdf-b7f4-aea11a76402f": {
      "$type": "EmitterDocument",
      "Name": "FX/DLC/XP4/Destruction/Props/GarbageBag/Emitters/Em_DLC_XP4_Destruct_GarbageBag_Animated_MeshP_03",
      "RootProcessor": {
        "PartitionGuid": "314e8d83-2829-4115-b365-40001badc0cc",
        "InstanceGuid": "55902878-27bd-4ba8-8795-52cceabdfeb9"
      },
      "TemplateData": {
        "PartitionGuid": "314e8d83-2829-4115-b365-40001badc0cc",
        "InstanceGuid": "5d495f23-d3f3-4488-8e35-0cde4658713f"
      }
    },
    "81632a8a-7f5b-4143-886e-739b8354c046": {
      "$type": "TurbulanceData",
      "DefaultValues": {
        "x": 1.0,
        "y": 1.0,
        "z": 1.0,
        "w": 1.0
      },
      "NextProcessor": {
        "PartitionGuid": "314e8d83-2829-4115-b365-40001badc0cc",
        "InstanceGuid": "4d9b321c-0028-aa57-98dc-97e086c8f3a8"
      },
      "Pre": {
        "PartitionGuid": "314e8d83-2829-4115-b365-40001badc0cc",
        "InstanceGuid": "4e566139-d879-420a-bef1-a05fbee2f924"
      },
      "EvaluatorInput": 2,
      "Enable": true,
      "Intensity": 0.25
    },
    "8f3851b9-baba-4805-ab68-8228e18c5a47": {
      "$type": "SpawnRotationSpeedData",
      "DefaultValues": {
        "x": 1.0,