{
  "Name": "fx/vehicles/vehiclesdestruction/explosions/car/emitters/em_carvehicle_dest_fire_mainparent",
  "PartitionGuid": "1cb13d7d-f96a-11df-8cf9-9adabd268b8c",
  "PrimaryInstanceGuid": "09f84fc4-771e-16ef-b5c0-5e99b1db35ab",
  "Instances": {
    "09479b8d-f62f-4d00-9292-3fc06f2d3eb8": {
      "$type": "SpawnRotationData",
      "DefaultValues": {
        "x": 1.0,
        "y": 1.0,
        "z": 1.0,
        "w": 1.0
      },
      "NextProcessor": {
        "PartitionGuid": "1cb13d7d-f96a-11df-8cf9-9adabd268b8c",
        "InstanceGuid": "614f3484-349d-45a9-8039-ec93022310ae"
      },
      "Pre": {
        "PartitionGuid": "1cb13d7d-f96a-11df-8cf9-9adabd268b8c",
        "InstanceGuid": "c80a4fed-2e20-4042-ac61-067e17a044fc"
      },
      "EvaluatorInput": 1,
      "Enable": true,
      "Rotation": -0.25
    },
    "09c2d7a4-7e00-48fc-bc83-84f28654e452": {
      "$type": "PolynomialData",
      "EmitterParameter": 0,
      "Coefficients": {
        "x": 0.0,
        "y": 0.0,
        "z": -11.2647,
        "w": 0.9849999
      },
      "ScaleValue": 1.0,
      "MinClamp": 0.1,
      "MaxClamp": 1.0
    },
    "09f84fc4-771e-16ef-b5c0-5e99b1db35ab": {
      "$type": "EmitterTemplateData",
      "PointLightIntensity": {
        "x": -2.2869396,
        "y": 6.1048145,
        "z": -5.7511044,
        "w": 1.9314132
      },
      "PointLightPivot": {
        "x": 0.0,
        "y": 0.0,
        "z": 0.0
      },
      "PointLightColor": {
        "x": 500.0,
        "y": 215.67,
        "z": 95.231
      },
      "MaxCount": 5,
      "Name": "FX/Vehicles/VehiclesDestruction/Explosions/Car/Emitters/Em_CarVehicle_Dest_Fire_MainParent",
      "TimeScale": 1.0,
      "LifetimeFrameCount": 0,
      "Lifetime": 0.7,
      "RootProcessor": {
        "PartitionGuid": "1cb13d7d-f96a-11df-8cf9-9adabd268b8c",
        "InstanceGuid": "41ad3e76-3cb0-4a70-9ab7-d43219fe7d53"
      },
      "VisibleAfterDistance": 0.0,
      "ZOcclusionLookup": [
        0.22535706,
        0.22535706,
        0.22535706,
        0.22535706,
        0.22535706,
        0.22535706,
        0.22535706,
        0.22535706,
        0.22535706,
        0.22535706,
        0.22535706,
        0.22535706,
        0.22535706,
        0.22535706,
        0.22535706,
        0.22535706,
        0.22535706,
        0.22535706,
        0.22535706,
        0.22535706,
        0.22535706,
        0.22535706,
        0.22535706,
        0.22535706,
        0.22535706,
        0.22535706,
        0.22535706,
        0.22535706,
        0.22535706,
        0.22535706,
        0.22535706,
        0.22535706,
        0.22535706
      ],
      "EmittableType": 3,
      "Mesh": null,
      "DistanceScaleNearValue": 1.0,
      "PointLightRadius": 50.0,
      "VertexPixelLightingBlendFactor": 0.0,
      "GlobalLocalNormalBlendFactor": 1.0,
      "SoftParticlesFadeDistanceMultiplier": 0.0,
      "LightWrapAroundFactor": 0.5,
      "LightMultiplier": 1.0,
      "DistanceScaleFarValue": 1.0,
      "PointLightRandomIntensityMin": 0.5,
      "MeshCullingDistance": 0.0,
      "PointLightRandomIntensityMax": 1.0,
      "MaxSpawnDistance": 0.0,
      "MinScreenArea": 1.0,
      "DistanceScaleLength": 0.0,
      "PointLightMaxClamp": 1.0,
      "ParticleCullingFactor": 0.8,
      "PointLightMinClamp": 0.0,
      "FollowSpawnSource": false,
      "RepeatParticleSpawning": false,
      "Emissive": false,
      "ExclusionVolumeCullEnable": false,
      "TransparencySunShadowEnable": false,
      "ForceFullRes": false,
      "LocalSpace": false,
      "Opaque": true,
      "ActAsPointLight": true,
      "KillParticlesWithEmitter": false,
      "ForceNiceSorting": false
    },
    "0ab18163-5b4f-4a7b-be90-ecdb18de4abf": {
      "$type": "SpawnPositionData",
      "DefaultValues": {
        "x": 0.0,
        "y": 0.0,
        "z": 0.0,
        "w": 1.0
      },
      "NextProcessor": {
        "PartitionGuid": "1cb13d7d-f96a-11df-8cf9-9adabd268b8c",
        "InstanceGuid": "d9ff363b-5cf4-4c5f-b2c2-e33a558f7011"
      },
      "Pre": {
        "PartitionGuid": "1cb13d7d-f96a-11df-8cf9-9adabd268b8c",
        "InstanceGuid": "7fb54b43-726d-42ff-8ae5-7f2cc6c93019"
      },
      "EvaluatorInput": 1,
      "Enable": true
    },
    "12d53e30-018a-4b87-83eb-a248dc2db90d": {
      "$type": "RandomEvaluatorData",
      "EmitterParameter": 0,
      "Max": 1.0,
      "Min": 1.0
    },
    "1e509023-e2b2-a651-5fe1-56e2b12c9309": {
      "$type": "UpdateOrientationData",
      "DefaultValues": {
        "x": 1.0,
        "y": 1.0,
        "z": 1.0,
        "w": 1.0
      },
      "NextProcessor": {
        "PartitionGuid": "1cb13d7d-f96a-11df-8cf9-9adabd268b8c",
        "InstanceGuid": "d8289989-50e9-7a31-bf45-cee40aeb532b"
      },
      "Pre": null,
      "EvaluatorInput": 2,
      "Enable": true
    },
    "227e2b94-3f1f-4927-bed4-fca393302140": {
      "$type": "SpawnSizeData",
      "DefaultValues": {
        "x": 1.0,
        "y": 1.0,
        "z": 1.0,
        "w": 1.0
      },
      "NextProcessor": {
        "PartitionGuid": "1cb13d7d-f96a-11df-8cf9-9adabd268b8c",
        "InstanceGuid": "aa24b949-90a2-4f8c-99e6-bebe5e996346"
      },
      "Pre": {
        "PartitionGuid": "1cb13d7d-f96a-11df-8cf9-9adabd268b8c",
        "InstanceGuid": "12d53e30-018a-4b87-83eb-a248dc2db90d"
      },
      "EvaluatorInput": 1,
      "Enable": true,
      "Size": 0.01
    },
    "22860cf3-a8ad-4360-a0cf-a9a88347633b": {
      "$type": "PolynomialData",
      "EmitterParameter": 0,
      "Coefficients": {
        "x": 0.0,
        "y": 0.0,
        "z": 0.0,
        "w": 1.0
      },
      "ScaleValue": 1.0,
      "MinClamp": 0.0,
      "MaxClamp": 1.0
    },
    "299283c0-526b-499d-a00f-c1b81c936891": {
      "$type": "PolynomialData",
      "EmitterParameter": 0,
      "Coefficients": {
        "x": 0.0,
        "y": 0.0,
        "z": -0.96097565,
        "w": 1.0050001
      },
      "ScaleValue": 1.0,
      "MinClamp": 0.0,
      "MaxClamp": 1.0
    },
    "2bfe5545-454d-5d15-da48-ca0d4d16fbcb": {
      "$type": "EmitterDocument",
      "Name": "FX/Vehicles/VehiclesDestruction/Explosions/Car/Emitters/Em_CarVehicle_Dest_Fire_MainParent",
      "RootProcessor": {
        "PartitionGuid": "1cb13d7d-f96a-11df-8cf9-9adabd268b8c",
        "InstanceGuid": "41ad3e76-3cb0-4a70-9ab7-d43219fe7d53"
      },
      "TemplateData": {
        "PartitionGuid": "1cb13d7d-f96a-11df-8cf9-9adabd268b8c",
        "InstanceGuid": "09f84fc4-771e-16ef-b5c0-5e99b1db35ab"
      }
    },
    "32b36b61-a9cd-4484-a611-d620730ef8af": {
      "$type": "RandomEvaluatorData",
      "EmitterParameter": 0,
      "Max": 1.0,
      "Min": 0.5
    },
    "35d81fc7-2c15-43dc-84ca-2f4368e9108f": {
      "$type": "UpdateSizeData",
      "DefaultValues": {
        "x": 1.0,
        "y": 1.0,
        "z": 1.0,
        "w": 1.0
      },
      "NextProcessor": {
        "PartitionGuid": "1cb13d7d-f96a-11df-8cf9-9adabd268b8c",
        "InstanceGuid": "227e2b94-3f1f-4927-bed4-fca393302140"
      },
      "Pre": {
        "PartitionGuid": "1cb13d7d-f96a-11df-8cf9-9adabd268b8c",
        "InstanceGuid": "22860cf3-a8ad-4360-a0cf-a9a88347633b"
      },
      "EvaluatorInput": 2,
      "Enable": true,
      "Pivot": {
        "x": 0.0,
        "y": 0.0
      }
    },
    "3914bfbf-62f3-4e4e-994b-39d8f7c7e70a": {
      "$type": "UpdateTextureCoordsData",
      "DefaultValues": {
        "x": 1.0,
        "y": 0.0,
        "z": 0.0,
        "w": 0.0
      },
      "NextProcessor": {
        "PartitionGuid": "1cb13d7d-f96a-11df-8cf9-9adabd268b8c",
        "InstanceGuid": "982314c9-7622-4ebd-8f13-147d37d580e2"
      },
      "Pre": null,
      "EvaluatorInput": 2,
      "Enable": true,