{
  "Name": "objects/vegetation/bushdesert_m_02/bushdesert_m_02_skeleton",
  "PartitionGuid": "93670584-a93e-11e0-9273-fa5a0835d81a",
  "PrimaryInstanceGuid": "993f8921-0209-2c75-f269-7d88a94a553c",
  "Instances": {
    "993f8921-0209-2c75-f269-7d88a94a553c": {
      "$type": "SkeletonAsset",
      "Name": "Objects/Vegetation/BushDesert_M_02/BushDesert_M_02_skeleton",
      "BoneNames": [
        "skeleton",
        "joint1",
        "joint2",
        "joint3",
        "joint4"
      ],
      "Hierarchy": [
        -1,
        0,
        1,
        2,
        3
      ],
      "LocalPose": [
        {
          "right": {
            "x": 1.0,
            "y": 0.0,
            "z": 0.0
          },
          "up": {
            "x": -0.0,
            "y": 1.0,
            "z": 0.0
          },
          "forward": {
            "x": 0.0,
            "y": -0.0,
            "z": 1.0
          },
          "trans": {
            "x": 0.0,
            "y": 0.0,
            "z": 0.0
          }
        },
        {
          "right": {
            "x": 0.00627021,
            "y": 0.99998033,
            "z": 0.0
          },
          "up": {
            "x": -0.99998033,
            "y": 0.00627021,
            "z": 0.0
          },
          "forward": {
            "x": 0.0,
            "y": -0.0,
            "z": 1.0
          },
          "trans": {
            "x": 0.0,
            "y": 0.0,
            "z": 0.0
          }
        },
        {
          "right": {
            "x": 0.99973243,
            "y": -0.023130974,
            "z": 0.0
          },
          "up": {
            "x": 0.023130974,
            "y": 0.99973243,
            "z": 0.0
          },
          "forward": {
            "x": -0.0,
            "y": 0.0,
            "z": 1.0
          },
          "trans": {
            "x": 0.6430104,
            "y": 5.3845818E-17,
            "z": 0.0
          }
        },
        {
          "right": {
            "x": 0.99893904,
            "y": 0.046052117,
            "z": -1.9480781E-31
          },
          "up": {
            "x": 0.046052117,
            "y": -0.99893904,
            "z": 1.2246469E-16
          },
          "forward": {
            "x": 5.639758E-18,
            "y": -1.2233475E-16,
            "z": -1.0
          },
          "trans": {
            "x": 0.5984453,
            "y": 1.7452706E-15,
            "z": 0.0
          }
        },
        {
          "right": {
            "x": -0.016664352,
            "y": 0.9998611,
            "z": -4.9303807E-32
          },
          "up": {
            "x": 0.9998611,
            "y": 0.016664352,
            "z": 1.2246469E-16
          },
          "forward": {
            "x": 1.2244768E-16,
            "y": 2.0407946E-18,
            "z": -1.0
          },
          "trans": {
            "x": 0.527885,
            "y": 8.348877E-16,
            "z": 1.0452406E-31
          }
        }
      ],
      "ModelPose": [
        {
          "right": {
            "x": 1.0,
            "y": 0.0,
            "z": 0.0
          },
          "up": {
            "x": 0.0,
            "y": 1.0,
            "z": 0.0
          },
          "forward": {
            "x": 0.0,
            "y": 0.0,
            "z": 1.0
          },
          "trans": {
            "x": 0.0,
            "y": 0.0,
            "z": 0.0
          }
        },
        {
          "right": {
            "x": 0.00627021,
            "y": 0.99998033,
            "z": 0.0
          },
          "up": {
            "x": -0.99998033,
            "y": 0.00627021,
            "z": 0.0
          },
          "forward": {
            "x": 0.0,
            "y": 0.0,
            "z": 1.0
          },
          "trans": {
            "x": 0.0,
            "y": 0.0,
            "z": 0.0
          }
        },
        {
          "right": {
            "x": 0.029399052,
            "y": 0.99956775,
            "z": 0.0
          },
          "up": {
            "x": -0.99956775,
            "y": 0.029399052,
            "z": 0.0
          },
          "forward": {
            "x": 0.0,
            "y": 0.0,
            "z": 1.0
          },
          "trans": {
            "x": 0.00403181,
            "y": 0.64299774,
            "z": 0.0
          }
        },
        {
          "right": {
            "x": -0.016664349,
            "y": 0.9998611,
            "z": -1.9480781E-31
          },
          "up": {
            "x": 0.9998611,
            "y": 0.016664349,
            "z": 1.2246469E-16
          },
          "forward": {
            "x": 1.2244768E-16,
            "y": 2.0407948E-18,
            "z": -1.0
          },
          "trans": {
            "x": 0.021625534,
            "y": 1.2411844,
            "z": 0.0
          }
        },
        {
          "right": {
            "x": 0.99999994,
            "y": -3.7252903E-09,
            "z": 1.2244768E-16
          },
          "up": {
            "x": 3.7252903E-09,
            "y": 0.99999994,
            "z": -1.2042389E-16
          },
          "forward": {
            "x": -1.2244768E-16,
            "y": 1.2042389E-16,
            "z": 1.0
          },
          "trans": {
            "x": 0.012828674,
            "y": 1.768996,
            "z": -1.0511593E-31
          }
        }
      ],
      "WeaponBoneName": "Wep_Root",
      "HeadBoneName": "Head",
      "HipBoneName": "Hips",
      "CameraBoneName": "cameraJoint"
    }
  }
}