{
  "Name": "levels/coop_010/ab03_parent/layer3_ab03_gameplayshapes",
  "PartitionGuid": "7e09d84e-41a6-4429-9580-040e1ee49fd8",
  "PrimaryInstanceGuid": "a98e4e99-ab8e-49da-bb9d-6e7802fbc298",
  "Instances": {
    "0f5fa0ce-7280-4fac-9998-3c91b792fdac": {
      "$type": "OBBData",
      "Transform": {
        "right": {
          "x": -0.38149795,
          "y": 0.0,
          "z": -0.9243697
        },
        "up": {
          "x": 0.0,
          "y": 1.0,
          "z": 0.0
        },
        "forward": {
          "x": 0.9243696,
          "y": 0.0,
          "z": -0.38149834
        },
        "trans": {
          "x": -92.046326,
          "y": 78.05895,
          "z": -542.7213
        }
      },
      "HalfExtents": {
        "x": 1.2336195,
        "y": 2.766773,
        "z": 17.768326
      },
      "IndexInBlueprint": 289,
      "IsEventConnectionTarget": 1,
      "IsPropertyConnectionTarget": 3
    },
    "0f1af1ec-7dd4-4900-b2f0-c1e0f32b59fa": {
      "$type": "OBBData",
      "Transform": {
        "right": {
          "x": -0.378057,
          "y": 0.00034142242,
          "z": 0.9257824
        },
        "up": {
          "x": 0.0016975537,
          "y": 0.9999985,
          "z": 0.00032442136
        },
        "forward": {
          "x": -0.92578083,
          "y": 0.0016942297,
          "z": -0.37805715
        },
        "trans": {
          "x": -89.90665,
          "y": 76.91429,
          "z": -536.38306
        }
      },
      "HalfExtents": {
        "x": 12.890966,
        "y": 7.6908736,
        "z": 14.333841
      },
      "IndexInBlueprint": 290,
      "IsEventConnectionTarget": 1,
      "IsPropertyConnectionTarget": 3
    },
    "80fcd7fa-bc80-4831-a089-692fae6fd7d6": {
      "$type": "OBBData",
      "Transform": {
        "right": {
          "x": 0.59519595,
          "y": 0.0,
          "z": 0.80358064
        },
        "up": {
          "x": 0.0,
          "y": 1.0,
          "z": 0.0
        },
        "forward": {
          "x": -0.80358046,
          "y": 0.0,
          "z": 0.5951961
        },
        "trans": {
          "x": -95.21825,
          "y": 78.22474,
          "z": -569.31964
        }
      },
      "HalfExtents": {
        "x": 0.99999994,
        "y": 3.3539212,
        "z": 29.058092
      },
      "IndexInBlueprint": 291,
      "IsEventConnectionTarget": 1,
      "IsPropertyConnectionTarget": 3
    },
    "15397b36-1430-47e5-a847-cc56def4f780": {
      "$type": "OBBData",
      "Transform": {
        "right": {
          "x": -0.90379167,
          "y": 0.001704034,
          "z": -0.42796922
        },
        "up": {
          "x": 0.001578377,
          "y": 0.9999986,
          "z": 0.000648454
        },
        "forward": {
          "x": 0.42796966,
          "y": -8.939696E-05,
          "z": -0.9037931
        },
        "trans": {
          "x": -74.78445,
          "y": 78.134796,
          "z": -498.2121
        }
      },
      "HalfExtents": {
        "x": 31.468653,
        "y": 6.5280166,
        "z": 1.8389608
      },
      "IndexInBlueprint": 292,
      "IsEventConnectionTarget": 1,
      "IsPropertyConnectionTarget": 3
    },
    "cd0f051a-29ff-4108-934f-e3238a81d576": {
      "$type": "OBBData",
      "Transform": {
        "right": {
          "x": -0.9354651,
          "y": 0.0017056961,
          "z": -0.35341498
        },
        "up": {
          "x": 0.0015783706,
          "y": 0.99999857,
          "z": 0.0006484666
        },
        "forward": {
          "x": 0.35341585,
          "y": 4.8822192E-05,
          "z": -0.93546635
        },
        "trans": {
          "x": -76.25522,
          "y": 76.4755,
          "z": -444.1135
        }
      },
      "HalfExtents": {
        "x": 8.618105,
        "y": 4.03057,
        "z": 0.7001805
      },
      "IndexInBlueprint": 293,
      "IsEventConnectionTarget": 1,
      "IsPropertyConnectionTarget": 3
    },
    "c9937d4f-76de-4e0d-8a56-83d3fc069954": {
      "$type": "OBBData",
      "Transform": {
        "right": {
          "x": 0.89994764,
          "y": 0.0,
          "z": -0.4359981
        },
        "up": {
          "x": 0.0,
          "y": 1.0,
          "z": 0.0
        },
        "forward": {
          "x": 0.43599802,
          "y": 0.0,
          "z": 0.8999477
        },
        "trans": {
          "x": -93.78289,
          "y": 78.60754,
          "z": -560.5297
        }
      },
      "HalfExtents": {
        "x": 29.546595,
        "y": 2.7790432,
        "z": 1.1591878
      },
      "IndexInBlueprint": 294,
      "IsEventConnectionTarget": 1,
      "IsPropertyConnectionTarget": 3
    },
    "7fce4c19-7705-4f40-9c5b-2969fe049086": {
      "$type": "OBBData",
      "Transform": {
        "right": {
          "x": -0.8766235,
          "y": 0.0010716161,
          "z": 0.48117575
        },
        "up": {
          "x": 0.0015783695,
          "y": 0.99999857,
          "z": 0.0006484651
        },
        "forward": {
          "x": -0.48117456,
          "y": 0.0013279315,
          "z": -0.8766239
        },
        "trans": {
          "x": -87.56258,
          "y": 69.1465,
          "z": -405.68143
        }
      },
      "HalfExtents": {
        "x": 7.3084593,
        "y": 3.329097,
        "z": 1.4634451
      },
      "IndexInBlueprint": 295,
      "IsEventConnectionTarget": 1,
      "IsPropertyConnectionTarget": 3
    },
    "312873bc-4832-4a63-91bd-14fb37e1a383": {
      "$type": "OBBData",
      "Transform": {
        "right": {
          "x": -0.634431,
          "y": 0.00050012174,
          "z": 0.7729794
        },
        "up": {
          "x": 0.0015783709,
          "y": 0.99999857,
          "z": 0.0006484668
        },
        "forward": {
          "x": -0.7729778,
          "y": 0.0016314797,
          "z": -0.63443094
        },
        "trans": {
          "x": -85.70402,
          "y": 76.48863,
          "z": -441.4234
        }
      },
      "HalfExtents": {
        "x": 8.618105,
        "y": 4.030569,
        "z": 0.70018035
      },
      "IndexInBlueprint": 297,
      "IsEventConnectionTarget": 1,
      "IsPropertyConnectionTarget": 3
    },
    "5faa2cd7-e6a5-4066-9323-4745b43a07f5": {
      "$type": "OBBData",
      "Transform": {
        "right": {
          "x": 0.8693313,
          "y": -0.0016926136,
          "z": 0.494227
        },
        "up": {
          "x": 0.0015783709,
          "y": 0.99999857,
          "z": 0.0006484669
        },
        "forward": {
          "x": -0.4942275,
          "y": 0.00021636511,
          "z": 0.8693326
        },
        "trans": {
          "x": -82.285385,
          "y": 76.47722,
          "z": -432.2982
        }
      },
      "HalfExtents": {
        "x": 14.253933,
        "y": 4.030569,
        "z": 0.7001804
      },
      "IndexInBlueprint": 298,
      "IsEventConnectionTarget": 1,
      "IsPropertyConnectionTarget": 3
    },
    "42ebdb7f-9330-4e81-b802-55d672565602": {
      "$type": "OBBData",
      "Transform": {
        "right": {
          "x": -0.9349783,
          "y": 0.0017057622,
          "z": -0.35470092
        },
        "up": {
          "x": 0.001578371,
          "y": 0.9999986,
          "z": 0.00064846675
        },
        "forward": {
          "x": 0.35470194,
          "y": 4.6476736E-05,
          "z": -0.9349795
        },
        "trans": {
          "x": -84.96791,
          "y": 77.00582,
          "z": -469.60257
        }
      },
      "HalfExtents": {
        "x": 28.276741,
        "y": 5.1811132,
        "z": 1.212057
      },
      "IndexInBlueprint": 299,
      "IsEventConnectionTarget": 1,