{
  "Name": "levels/coop_010/ab04_parent/layer3_ab04_gameplayshapes",
  "PartitionGuid": "ec5e24df-3de0-44ed-96ac-ee8049cca6b6",
  "PrimaryInstanceGuid": "08b59e63-acb4-4900-97c9-28f3633593e2",
  "Instances": {
    "35c1e04b-052d-4ef7-aece-c8a91c88e05c": {
      "$type": "OBBData",
      "Transform": {
        "right": {
          "x": -0.39011213,
          "y": 1.8652754E-05,
          "z": 0.9207675
        },
        "up": {
          "x": 0.0015783702,
          "y": 0.9999986,
          "z": 0.0006484691
        },
        "forward": {
          "x": -0.92076594,
          "y": 0.0017062622,
          "z": -0.3901119
        },
        "trans": {
          "x": -102.5175,
          "y": 83.13354,
          "z": -593.998
        }
      },
      "HalfExtents": {
        "x": 1.4749069,
        "y": 1.5355998,
        "z": 1.1590613
      },
      "IndexInBlueprint": 249,
      "IsEventConnectionTarget": 1,
      "IsPropertyConnectionTarget": 3
    },
    "b0c9892b-60cb-4598-bfc9-04825b1de5d3": {
      "$type": "OBBData",
      "Transform": {
        "right": {
          "x": -0.92538846,
          "y": 0.0017063983,
          "z": -0.3790163
        },
        "up": {
          "x": 0.0015783723,
          "y": 0.99999857,
          "z": 0.000648466
        },
        "forward": {
          "x": 0.37901685,
          "y": 1.8493648E-06,
          "z": -0.9253898
        },
        "trans": {
          "x": -74.37838,
          "y": 82.99413,
          "z": -633.8809
        }
      },
      "HalfExtents": {
        "x": 0.81028676,
        "y": 1.4870095,
        "z": 0.98420346
      },
      "IndexInBlueprint": 250,
      "IsEventConnectionTarget": 1,
      "IsPropertyConnectionTarget": 3
    },
    "92ea06ff-9b61-4f07-ab20-cb5b98517d23": {
      "$type": "OBBData",
      "Transform": {
        "right": {
          "x": 0.90167713,
          "y": -0.00170359,
          "z": 0.4324065
        },
        "up": {
          "x": 0.001578375,
          "y": 0.9999986,
          "z": 0.0006484615
        },
        "forward": {
          "x": -0.4324077,
          "y": 9.7767675E-05,
          "z": 0.9016783
        },
        "trans": {
          "x": -87.07629,
          "y": 83.11811,
          "z": -618.81885
        }
      },
      "HalfExtents": {
        "x": 24.060102,
        "y": 2.2855053,
        "z": 1.1768789
      },
      "IndexInBlueprint": 251,
      "IsEventConnectionTarget": 1,
      "IsPropertyConnectionTarget": 3
    },
    "331f09a8-6167-433d-a898-14851890e887": {
      "$type": "OBBData",
      "Transform": {
        "right": {
          "x": 0.92072564,
          "y": -0.0017062752,
          "z": 0.3902068
        },
        "up": {
          "x": 0.0015783731,
          "y": 0.99999857,
          "z": 0.0006484635
        },
        "forward": {
          "x": -0.39020738,
          "y": 1.8807496E-05,
          "z": 0.92072713
        },
        "trans": {
          "x": -95.02517,
          "y": 82.96472,
          "z": -592.42596
        }
      },
      "HalfExtents": {
        "x": 5.4525485,
        "y": 1.4311467,
        "z": 0.6441061
      },
      "IndexInBlueprint": 252,
      "IsEventConnectionTarget": 1,
      "IsPropertyConnectionTarget": 3
    },
    "50f0a78e-06e4-400c-baac-381372cbbc82": {
      "$type": "OBBData",
      "Transform": {
        "right": {
          "x": 0.9368432,
          "y": -0.0017054916,
          "z": 0.3497454
        },
        "up": {
          "x": 0.0015783748,
          "y": 0.9999986,
          "z": 0.0006484614
        },
        "forward": {
          "x": -0.349747,
          "y": -5.5505934E-05,
          "z": 0.93684417
        },
        "trans": {
          "x": -85.80431,
          "y": 83.577034,
          "z": -605.6691
        }
      },
      "HalfExtents": {
        "x": 21.97749,
        "y": 2.2855053,
        "z": 1.3277199
      },
      "IndexInBlueprint": 253,
      "IsEventConnectionTarget": 1,
      "IsPropertyConnectionTarget": 3
    },
    "c859796b-bb66-4e95-9058-f8001210cd68": {
      "$type": "OBBData",
      "Transform": {
        "right": {
          "x": -0.92538846,
          "y": 0.001706396,
          "z": -0.37901616
        },
        "up": {
          "x": 0.0015783712,
          "y": 0.99999857,
          "z": 0.00064846524
        },
        "forward": {
          "x": 0.37901685,
          "y": 1.8491646E-06,
          "z": -0.9253898
        },
        "trans": {
          "x": -77.17106,
          "y": 82.99938,
          "z": -635.04926
        }
      },
      "HalfExtents": {
        "x": 0.78001565,
        "y": 1.4870099,
        "z": 0.96429205
      },
      "IndexInBlueprint": 254,
      "IsEventConnectionTarget": 1,
      "IsPropertyConnectionTarget": 3
    },
    "068ec54b-a410-431b-9e20-943322e03d3e": {
      "$type": "OBBData",
      "Transform": {
        "right": {
          "x": 0.3967524,
          "y": -3.0989893E-05,
          "z": -0.9179258
        },
        "up": {
          "x": 0.0015783749,
          "y": 0.9999986,
          "z": 0.0006484614
        },
        "forward": {
          "x": 0.91792417,
          "y": -0.0017061398,
          "z": 0.39675227
        },
        "trans": {
          "x": -104.732574,
          "y": 83.482704,
          "z": -620.27
        }
      },
      "HalfExtents": {
        "x": 9.240482,
        "y": 2.285505,
        "z": 2.1832101
      },
      "IndexInBlueprint": 255,
      "IsEventConnectionTarget": 1,
      "IsPropertyConnectionTarget": 3
    },
    "5e7bcfb6-be13-40ad-ae3f-706d4d95eb52": {
      "$type": "OBBData",
      "Transform": {
        "right": {
          "x": -0.92538846,
          "y": 0.0017063993,
          "z": -0.37901628
        },
        "up": {
          "x": 0.0015783694,
          "y": 0.99999857,
          "z": 0.0006484646
        },
        "forward": {
          "x": 0.37901697,
          "y": 1.8488984E-06,
          "z": -0.9253898
        },
        "trans": {
          "x": -82.304665,
          "y": 86.00629,
          "z": -618.6109
        }
      },
      "HalfExtents": {
        "x": 26.620821,
        "y": 7.3163285,
        "z": 18.007624
      },
      "IndexInBlueprint": 256,
      "IsEventConnectionTarget": 1,
      "IsPropertyConnectionTarget": 3
    },
    "08b59e63-acb4-4900-97c9-28f3633593e2": {
      "$type": "WorldPartData",
      "Name": "Levels/COOP_010/AB04_GameplayShapes",
      "PropertyConnections": [],
      "LinkConnections": [],
      "EventConnections": [],
      "Descriptor": null,
      "NeedNetworkId": false,
      "InterfaceHasConnections": false,
      "AlwaysCreateEntityBusClient": false,
      "AlwaysCreateEntityBusServer": false,
      "Objects": [
        {
          "PartitionGuid": "ec5e24df-3de0-44ed-96ac-ee8049cca6b6",
          "InstanceGuid": "35c1e04b-052d-4ef7-aece-c8a91c88e05c"
        },
        {
          "PartitionGuid": "ec5e24df-3de0-44ed-96ac-ee8049cca6b6",
          "InstanceGuid": "b0c9892b-60cb-4598-bfc9-04825b1de5d3"
        },
        {
          "PartitionGuid": "ec5e24df-3de0-44ed-96ac-ee8049cca6b6",
          "InstanceGuid": "92ea06ff-9b61-4f07-ab20-cb5b98517d23"
        },
        {
          "PartitionGuid": "ec5e24df-3de0-44ed-96ac-ee8049cca6b6",
          "InstanceGuid": "331f09a8-6167-433d-a898-14851890e887"
        },
        {
          "PartitionGuid": "ec5e24df-3de0-44ed-96ac-ee8049cca6b6",
          "InstanceGuid": "50f0a78e-06e4-400c-baac-381372cbbc82"
        },
        {
          "PartitionGuid": "ec5e24df-3de0-44ed-96ac-ee8049cca6b6",