{
  "Name": "fx/weapons/muzzleflashes/generic/em_shotgun/em_muzz_generic_shotgun_3p_light_01",
  "PartitionGuid": "289cdb50-d441-47a4-8438-eff5444dede3",
  "PrimaryInstanceGuid": "7b25d6ec-7dff-4347-8df3-daf91b0fb3ff",
  "Instances": {
    "16e4a9fb-a51b-4836-a592-033dc3f3ca57": {
      "$type": "UpdateAgeData",
      "DefaultValues": {
        "x": 1.0,
        "y": 1.0,
        "z": 1.0,
        "w": 1.0
      },
      "NextProcessor": {
        "PartitionGuid": "289cdb50-d441-47a4-8438-eff5444dede3",
        "InstanceGuid": "ec867290-e346-4e27-91bb-5e9c748a088f"
      },
      "Pre": null,
      "EvaluatorInput": 2,
      "Enable": true,
      "Lifetime": 0.6
    },
    "2561e79f-d8eb-42e4-bb02-9418a6cb1178": {
      "$type": "PolynomialData",
      "EmitterParameter": 0,
      "Coefficients": {
        "x": 0.0,
        "y": 0.0,
        "z": -1.0049752,
        "w": 0.99997526
      },
      "ScaleValue": 0.1,
      "MinClamp": 0.0,
      "MaxClamp": 1.0
    },
    "27ae0822-a508-5741-df08-2ab74d440aee": {
      "$type": "UpdateClipScaleData",
      "DefaultValues": {
        "x": 1.0,
        "y": 1.0,
        "z": 1.0,
        "w": 1.0
      },
      "NextProcessor": {
        "PartitionGuid": "289cdb50-d441-47a4-8438-eff5444dede3",
        "InstanceGuid": "5b7e51a1-7d97-c468-6650-2d99ca559774"
      },
      "Pre": null,
      "EvaluatorInput": 2,
      "Enable": true,
      "Lookup": [
        32767,
        32767,
        32767,
        32767,
        29439,
        28415,
        25855,
        26111,
        29439,
        28415,
        25855,
        26111,
        29439,
        28415,
        25855,
        26111,
        29439,
        28415,
        25855,
        26111,
        29439,
        28415,
        25855,
        26111,
        29439,
        28415,
        25855,
        26111,
        29439,
        28415,
        25855,
        26111,
        29439,
        28415,
        25855,
        26111,
        29439,
        28415,
        25855,
        26111,
        29439,
        28415,
        25855,
        26111,
        29439,
        28415,
        25855,
        26111,
        29439,
        28415,
        25855,
        26111,
        29439,
        28415,
        25855,
        26111,
        29439,
        28415,
        25855,
        26111,
        29439,
        28415,
        25855,
        26111,
        29439,
        28415,
        25855,
        26111,
        29439,
        28415,
        25855,
        26111,
        29439,
        28415,
        25855,
        26111,
        29439,
        28415,
        25855,
        26111,
        29439,
        28415,
        25855,
        26111,
        29439,
        28415,
        25855,
        26111,
        29439,
        28415,
        25855,
        26111,
        29439,
        28415,
        25855,
        26111,
        29439,
        28415,
        25855,
        26111,
        29439,
        28415,
        25855,
        26111,
        29439,
        28415,
        25855,
        26111,
        29439,
        28415,
        25855,
        26111,
        29439,
        28415,
        25855,
        26111,
        29439,
        28415,
        25855,
        26111,
        29439,
        28415,
        25855,
        26111,
        29439,
        28415,
        25855,
        26111,
        29439,
        28415,
        25855,
        26111
      ]
    },
    "2a614d39-bf0b-4d15-90e0-bf19bc3b72fd": {
      "$type": "SpawnSizeData",
      "DefaultValues": {
        "x": 1.0,
        "y": 1.0,
        "z": 1.0,
        "w": 1.0
      },
      "NextProcessor": {
        "PartitionGuid": "289cdb50-d441-47a4-8438-eff5444dede3",
        "InstanceGuid": "d9ce688b-84a7-4e70-9191-8dc62097aaf3"
      },
      "Pre": {
        "PartitionGuid": "289cdb50-d441-47a4-8438-eff5444dede3",
        "InstanceGuid": "557d2526-51fa-45ab-a59c-25f1325240a5"
      },
      "EvaluatorInput": 1,
      "Enable": true,
      "Size": 0.0
    },
    "3e0ef4b3-a19e-4b9e-8d8d-ec19ab54261b": {
      "$type": "EmitterDocument",
      "Name": "FX/Weapons/MuzzleFlashes/Generic/Em_Shotgun/Em_Muzz_Generic_Shotgun_3P_Light_01",
      "RootProcessor": {
        "PartitionGuid": "289cdb50-d441-47a4-8438-eff5444dede3",
        "InstanceGuid": "16e4a9fb-a51b-4836-a592-033dc3f3ca57"
      },
      "TemplateData": {
        "PartitionGuid": "289cdb50-d441-47a4-8438-eff5444dede3",
        "InstanceGuid": "7b25d6ec-7dff-4347-8df3-daf91b0fb3ff"
      }
    },
    "557d2526-51fa-45ab-a59c-25f1325240a5": {
      "$type": "RandomEvaluatorData",
      "EmitterParameter": 0,
      "Max": 1.0,
      "Min": 0.5
    },
    "5b7e51a1-7d97-c468-6650-2d99ca559774": {
      "$type": "UpdateLinearVelocityData",
      "DefaultValues": {
        "x": 1.0,
        "y": 1.0,
        "z": 1.0,
        "w": 1.0
      },
      "NextProcessor": {
        "PartitionGuid": "289cdb50-d441-47a4-8438-eff5444dede3",
        "InstanceGuid": "7c62b2b7-3e1c-5671-18bf-137d91a2b0f4"
      },
      "Pre": null,
      "EvaluatorInput": 2,
      "Enable": true
    },
    "7b25d6ec-7dff-4347-8df3-daf91b0fb3ff": {
      "$type": "EmitterTemplateData",
      "PointLightIntensity": {
        "x": -1.7119899,
        "y": 3.966709,
        "z": -3.2640686,
        "w": 0.97097605
      },
      "PointLightPivot": {
        "x": 0.0,
        "y": 0.0,
        "z": 0.0
      },
      "PointLightColor": {
        "x": 200.0,
        "y": 93.8,
        "z": 26.0
      },
      "MaxCount": 2,
      "Name": "FX/Weapons/MuzzleFlashes/Generic/Em_Shotgun/Em_Muzz_Generic_Shotgun_3P_Light_01",
      "TimeScale": 1.0,
      "LifetimeFrameCount": 0,
      "Lifetime": 0.075,
      "RootProcessor": {
        "PartitionGuid": "289cdb50-d441-47a4-8438-eff5444dede3",
        "InstanceGuid": "16e4a9fb-a51b-4836-a592-033dc3f3ca57"
      },
      "VisibleAfterDistance": 0.0,
      "ZOcclusionLookup": [
        0.22535706,
        0.0,
        0.0,
        0.0,
        0.0,
        0.0,
        0.0,
        0.0,
        0.0,
        0.0,
        0.0,
        0.0,
        0.0,
        0.0,
        0.0,
        0.0,
        0.0,
        0.0,
        0.0,
        0.0,
        0.0,
        0.0,
        0.0,
        0.0,
        0.0,
        0.0,
        0.0,
        0.0,
        0.0,
        0.0,
        0.0,
        0.0,
        0.0
      ],
      "EmittableType": 2,
      "Mesh": null,
      "DistanceScaleNearValue": 1.0,
      "PointLightRadius": 0.5,
      "VertexPixelLightingBlendFactor": 0.0,
      "GlobalLocalNormalBlendFactor": 0.5,
      "SoftParticlesFadeDistanceMultiplier": 0.0,
      "LightWrapAroundFactor": 0.5,
      "LightMultiplier": 1.0,
      "DistanceScaleFarValue": 2.0,
      "PointLightRandomIntensityMin": 1.0,
      "MeshCullingDistance": 0.0,
      "PointLightRandomIntensityMax": 1.0,
      "MaxSpawnDistance": 0.0,
      "MinScreenArea": 1.0,
      "DistanceScaleLength": 10.0,
      "PointLightMaxClamp": 1.0,
      "ParticleCullingFactor": 0.8,
      "PointLightMinClamp": 0.0,
      "FollowSpawnSource": false,
      "RepeatParticleSpawning": false,
      "Emissive": false,
      "ExclusionVolumeCullEnable": false,
      "TransparencySunShadowEnable": false,
      "ForceFullRes": false,
      "LocalSpace": false,
      "Opaque": false,
      "ActAsPointLight": true,
      "KillParticlesWithEmitter": false,
      "ForceNiceSorting": false
    },
    "7c62b2b7-3e1c-5671-18bf-137d91a2b0f4": {
      "$type": "SpawnDirectionData",
      "DefaultValues": {
        "x": 0.0,
        "y": 1.0,
        "z": 0.0,
        "w": 0.0
      },
      "NextProcessor": null,
      "Pre": null,
      "EvaluatorInput": 1,