{
  "Name": "levels/sp_paris/lighting/flicker_lobbylights",
  "PartitionGuid": "f72995d0-8ea2-11e0-8601-eceaa121fc25",
  "PrimaryInstanceGuid": "ea627b34-609a-e553-8c9e-c96d8488c419",
  "Instances": {
    "02f18945-a94b-49f9-9369-a666c5e076fb": {
      "$type": "EffectReferenceObjectData",
      "IndexInBlueprint": 5,
      "IsEventConnectionTarget": 0,
      "IsPropertyConnectionTarget": 3,
      "BlueprintTransform": {
        "right": {
          "x": 1.0,
          "y": 0.0,
          "z": 0.0
        },
        "up": {
          "x": 0.0,
          "y": 1.0,
          "z": 0.0
        },
        "forward": {
          "x": 0.0,
          "y": 0.0,
          "z": 1.0
        },
        "trans": {
          "x": -0.006439209,
          "y": -1.8113089,
          "z": -0.009065734
        }
      },
      "Blueprint": {
        "PartitionGuid": "3cb5120c-8deb-11e0-bacd-897638406f34",
        "InstanceGuid": "904bc406-f3c9-f43f-5e8e-14b2eaef67cc"
      },
      "ObjectVariation": null,
      "StreamRealm": 0,
      "CastSunShadowEnable": true,
      "Excluded": false,
      "AutoStart": true
    },
    "1cae05f4-75a2-4567-9ade-63b51c16ec3e": {
      "$type": "FloatPropertyTrackData",
      "Id": 582052371,
      "Times": [
        0,
        102,
        1172,
        1261,
        1319,
        1383,
        2312,
        2414,
        2503,
        2599,
        2674,
        3984,
        5000
      ],
      "InterpolationType": 0,
      "Values": [
        10.0,
        0.0,
        0.0,
        10.0,
        1.0,
        10.0,
        10.0,
        0.0,
        10.0,
        0.0,
        10.0,
        0.0,
        10.0
      ]
    },
    "23541901-8068-4381-9a14-f461fdebc7c6": {
      "$type": "PointLightEntityData",
      "IndexInBlueprint": 3,
      "IsEventConnectionTarget": 3,
      "IsPropertyConnectionTarget": 0,
      "Transform": {
        "right": {
          "x": -3.090862E-08,
          "y": -0.55962414,
          "z": -0.8287463
        },
        "up": {
          "x": -3.090862E-08,
          "y": 0.8287463,
          "z": -0.55962414
        },
        "forward": {
          "x": 1.0,
          "y": 8.318194E-09,
          "z": -4.2912617E-08
        },
        "trans": {
          "x": -0.85014343,
          "y": -0.382926,
          "z": 2.167258
        }
      },
      "Color": {
        "x": 0.974,
        "y": 0.705,
        "z": 0.447
      },
      "ParticleColorScale": {
        "x": 3.0,
        "y": 3.0,
        "z": 3.0
      },
      "EnlightenColorScale": {
        "x": 1.0,
        "y": 1.0,
        "z": 1.0
      },
      "Radius": 4.0,
      "Intensity": 0.25,
      "AttenuationOffset": 0.01,
      "EnlightenColorMode": 0,
      "EnlightenEnable": false,
      "Visible": true,
      "SpecularEnable": false,
      "Width": 2.0,
      "TranslucencyAmbient": 0.0,
      "TranslucencyScale": 0.0,
      "TranslucencyPower": 8,
      "TranslucencyDistortion": 0.1
    },
    "4749473f-2be8-4387-b12e-2893da7ca5f7": {
      "$type": "SequenceEntityData",
      "IndexInBlueprint": 6,
      "IsEventConnectionTarget": 3,
      "IsPropertyConnectionTarget": 3,
      "Events": [
        {
          "Event": {
            "Id": -1952177180
          },
          "Time": 0
        },
        {
          "Event": {
            "Id": -117303631
          },
          "Time": 100
        },
        {
          "Event": {
            "Id": -117303631
          },
          "Time": 1172
        },
        {
          "Event": {
            "Id": -1952177180
          },
          "Time": 1264
        },
        {
          "Event": {
            "Id": -117303631
          },
          "Time": 1322
        },
        {
          "Event": {
            "Id": -1952177180
          },
          "Time": 1383
        },
        {
          "Event": {
            "Id": -1952177180
          },
          "Time": 2325
        },
        {
          "Event": {
            "Id": -117303631
          },
          "Time": 2426
        },
        {
          "Event": {
            "Id": -1952177180
          },
          "Time": 2512
        },
        {
          "Event": {
            "Id": -117303631
          },
          "Time": 2597
        },
        {
          "Event": {
            "Id": -1952177180
          },
          "Time": 2676
        },
        {
          "Event": {
            "Id": -117303631
          },
          "Time": 3984
        },
        {
          "Event": {
            "Id": -1952177180
          },
          "Time": 5000
        }
      ],
      "SequenceStartTime": 0,
      "SequenceLength": 5000,
      "ExternalTime": 0.0,
      "PropertyTracks": [
        {
          "PartitionGuid": "f72995d0-8ea2-11e0-8601-eceaa121fc25",
          "InstanceGuid": "5dc5d40a-b56c-4bf6-9279-7dec7bd0583f"
        },
        {
          "PartitionGuid": "f72995d0-8ea2-11e0-8601-eceaa121fc25",
          "InstanceGuid": "1cae05f4-75a2-4567-9ade-63b51c16ec3e"
        }
      ],
      "Realm": 0,
      "ServerUpdatePass": 0,
      "ClientUpdatePass": 2,
      "CustomSequenceTracks": [],
      "AutoPlayFirstFrame": false,
      "Looping": true,
      "AutoStart": true,
      "PlayInReverse": false
    },
    "5dc5d40a-b56c-4bf6-9279-7dec7bd0583f": {
      "$type": "FloatPropertyTrackData",
      "Id": 307602841,
      "Times": [
        0,
        104,
        1170,
        1266,
        1318,
        1387,
        2314,
        2420,
        2516,
        2604,
        2676,
        3990,
        5000
      ],
      "InterpolationType": 0,
      "Values": [
        0.25,
        0.0,
        0.0,
        0.25,
        0.0,
        0.25,
        0.25,
        0.0,
        0.25,
        0.0,
        0.25,
        0.0,
        0.25
      ]
    },
    "6ae0b472-5e9f-4d60-bc51-8b5ac13ae6ab": {
      "$type": "ReferenceObjectData",
      "IndexInBlueprint": 0,
      "IsEventConnectionTarget": 3,
      "IsPropertyConnectionTarget": 0,
      "BlueprintTransform": {
        "right": {
          "x": -4.371139E-08,
          "y": 0.0,
          "z": -1.0
        },
        "up": {
          "x": 0.0,
          "y": 1.0,
          "z": 0.0
        },
        "forward": {
          "x": 1.0,
          "y": 0.0,
          "z": -4.371139E-08
        },
        "trans": {
          "x": 0.0,
          "y": 0.0,
          "z": 0.0
        }
      },
      "Blueprint": {
        "PartitionGuid": "a57540ba-f31a-11df-a435-d028146657b7",
        "InstanceGuid": "1db7bbec-4604-6540-72eb-937fa51e4903"
      },
      "ObjectVariation": null,
      "StreamRealm": 0,
      "CastSunShadowEnable": true,
      "Excluded": false
    },
    "8229c42d-4404-4e8b-bfdb-5ab9679b9019": {
      "$type": "EffectReferenceObjectData",
      "IndexInBlueprint": 4,
      "IsEventConnectionTarget": 0,
      "IsPropertyConnectionTarget": 3,
      "BlueprintTransform": {
        "right": {
          "x": 1.0,
          "y": 0.0,
          "z": 0.0
        },
        "up": {
          "x": 0.0,
          "y": 1.0,
          "z": 0.0
        },
        "forward": {
          "x": 0.0,
          "y": 0.0,
          "z": 1.0
        },
        "trans": {
          "x": -1.5616302,
          "y": -1.8113089,
          "z": -0.009065794
        }
      },
      "Blueprint": {
        "PartitionGuid": "3cb5120c-8deb-11e0-bacd-897638406f34",
        "InstanceGuid": "904bc406-f3c9-f43f-5e8e-14b2eaef67cc"
      },
      "ObjectVariation": null,
      "StreamRealm": 0,
      "CastSunShadowEnable": true,
      "Excluded": false,
      "AutoStart": true
    },
    "dad5ef05-d926-4db7-9fff-6ba067ebc901": {
      "$type": "ReferenceObjectData",