{
  "Name": "fx/weapons/muzzleflashes/generic/emitters/em_aamissilemuzzlesmoke_01_3p",
  "PartitionGuid": "e82a50a0-2858-461a-9597-cbcfc25e6285",
  "PrimaryInstanceGuid": "b5cffc99-fa99-462a-9232-fc069be1b12f",
  "Instances": {
    "059bb728-4e9d-4b18-8f8d-d4498df14462": {
      "$type": "PolynomialData",
      "EmitterParameter": 0,
      "Coefficients": {
        "x": 0.0,
        "y": 0.0,
        "z": 0.3004432,
        "w": 0.7709867
      },
      "ScaleValue": 1.0,
      "MinClamp": 0.05,
      "MaxClamp": 0.99
    },
    "0921883a-8067-4c10-9827-0c4fbefec579": {
      "$type": "PolynomialData",
      "EmitterParameter": 0,
      "Coefficients": {
        "x": 0.0,
        "y": 0.4828973,
        "z": 0.242996,
        "w": 0.2966571
      },
      "ScaleValue": 5.0,
      "MinClamp": 0.0,
      "MaxClamp": 1.0
    },
    "1a61c4e8-ebed-4fd4-b75b-001479dc8ac2": {
      "$type": "UpdateColorData",
      "DefaultValues": {
        "x": 0.03,
        "y": 0.025,
        "z": 0.02,
        "w": 1.0
      },
      "NextProcessor": {
        "PartitionGuid": "e82a50a0-2858-461a-9597-cbcfc25e6285",
        "InstanceGuid": "5006396b-3e2f-4ac6-8278-d6cbc1b86eb4"
      },
      "Pre": {
        "PartitionGuid": "e82a50a0-2858-461a-9597-cbcfc25e6285",
        "InstanceGuid": "f52988e1-0f6b-4452-a2b5-f7981115e3ce"
      },
      "EvaluatorInput": 2,
      "Enable": true,
      "Color": {
        "x": 0.03,
        "y": 0.025,
        "z": 0.02
      }
    },
    "1d26d06f-8bed-44db-b363-5dbcaa68862d": {
      "$type": "RandomEvaluatorData",
      "EmitterParameter": 0,
      "Max": 4.0,
      "Min": 0.0
    },
    "27672157-6ee3-4476-8016-712cc2a6c0f8": {
      "$type": "GravityData",
      "DefaultValues": {
        "x": 1.0,
        "y": 1.0,
        "z": 1.0,
        "w": 1.0
      },
      "NextProcessor": {
        "PartitionGuid": "e82a50a0-2858-461a-9597-cbcfc25e6285",
        "InstanceGuid": "b104f5b2-2f71-4ef2-978c-f0e695e1dccd"
      },
      "Pre": null,
      "EvaluatorInput": 2,
      "Enable": true,
      "Gravity": 0.0
    },
    "30631393-a659-537a-068d-cfac97fc4231": {
      "$type": "UpdateClipScaleData",
      "DefaultValues": {
        "x": 1.0,
        "y": 1.0,
        "z": 1.0,
        "w": 1.0
      },
      "NextProcessor": {
        "PartitionGuid": "e82a50a0-2858-461a-9597-cbcfc25e6285",
        "InstanceGuid": "dfbf1008-877b-9ba2-8d07-38afb19370e5"
      },
      "Pre": null,
      "EvaluatorInput": 2,
      "Enable": true,
      "Lookup": [
        32767,
        32767,
        32767,
        32767,
        29183,
        29951,
        30207,
        30719,
        26879,
        28159,
        27903,
        28159,
        26879,
        28159,
        27903,
        28159,
        26879,
        28159,
        27903,
        28159,
        26879,
        28159,
        27903,
        28159,
        26879,
        28159,
        27903,
        28159,
        26879,
        28159,
        27903,
        28159,
        26879,
        28159,
        27903,
        28159,
        26879,
        28159,
        27903,
        28159,
        26879,
        28159,
        27903,
        28159,
        26879,
        28159,
        27903,
        28159,
        26879,
        28159,
        27903,
        28159,
        26879,
        28159,
        27903,
        28159,
        26879,
        28159,
        27903,
        28159,
        26879,
        28159,
        27903,
        28159,
        26879,
        28159,
        27903,
        28159,
        26879,
        28159,
        27903,
        28159,
        26879,
        28159,
        27903,
        28159,
        26623,
        28159,
        27903,
        27903,
        26623,
        28159,
        27903,
        27903,
        26623,
        28159,
        27903,
        27903,
        26623,
        28159,
        27903,
        27903,
        26623,
        28159,
        27903,
        27903,
        26623,
        28159,
        27903,
        27903,
        26623,
        28159,
        27903,
        27903,
        26367,
        28159,
        27903,
        27903,
        26367,
        28159,
        27903,
        27903,
        26367,
        28159,
        27647,
        27903,
        26367,
        28159,
        27647,
        27903,
        26367,
        27903,
        27647,
        27647,
        26367,
        27903,
        27647,
        27647,
        25855,
        27135,
        26879,
        27391
      ]
    },
    "39c456f3-c063-47ce-91b6-1a54acbb4be1": {
      "$type": "TurbulanceData",
      "DefaultValues": {
        "x": 1.0,
        "y": 1.0,
        "z": 1.0,
        "w": 1.0
      },
      "NextProcessor": {
        "PartitionGuid": "e82a50a0-2858-461a-9597-cbcfc25e6285",
        "InstanceGuid": "b8d016e2-5bad-4413-9a56-5dff4008a4d0"
      },
      "Pre": null,
      "EvaluatorInput": 2,
      "Enable": true,
      "Intensity": 0.2
    },
    "3d9dfc47-2f29-4c86-9c97-3d399a410482": {
      "$type": "AirResistanceData",
      "DefaultValues": {
        "x": 1.0,
        "y": 1.0,
        "z": 1.0,
        "w": 1.0
      },
      "NextProcessor": {
        "PartitionGuid": "e82a50a0-2858-461a-9597-cbcfc25e6285",
        "InstanceGuid": "27672157-6ee3-4476-8016-712cc2a6c0f8"
      },
      "Pre": null,
      "EvaluatorInput": 2,
      "Enable": true,
      "DragFactor": 2.0
    },
    "4854dc18-8e4e-4e28-ac87-11a18e4270ee": {
      "$type": "UpdateSizeData",
      "DefaultValues": {
        "x": 1.0,
        "y": 1.0,
        "z": 1.0,
        "w": 1.0
      },
      "NextProcessor": {
        "PartitionGuid": "e82a50a0-2858-461a-9597-cbcfc25e6285",
        "InstanceGuid": "c4e3c12f-191c-4e4b-87f9-f514bc8c04f7"
      },
      "Pre": {
        "PartitionGuid": "e82a50a0-2858-461a-9597-cbcfc25e6285",
        "InstanceGuid": "0921883a-8067-4c10-9827-0c4fbefec579"
      },
      "EvaluatorInput": 2,
      "Enable": true,
      "Pivot": {
        "x": 0.0,
        "y": 0.0
      }
    },
    "5006396b-3e2f-4ac6-8278-d6cbc1b86eb4": {
      "$type": "SpawnAnimationFrameData",
      "DefaultValues": {
        "x": 0.0,
        "y": 0.0,
        "z": 0.0,
        "w": 0.0
      },
      "NextProcessor": {
        "PartitionGuid": "e82a50a0-2858-461a-9597-cbcfc25e6285",
        "InstanceGuid": "92dc58ba-e01a-45e8-b536-25290ad0f044"
      },
      "Pre": {
        "PartitionGuid": "e82a50a0-2858-461a-9597-cbcfc25e6285",
        "InstanceGuid": "1d26d06f-8bed-44db-b363-5dbcaa68862d"
      },
      "EvaluatorInput": 1,
      "Enable": true,
      "AnimationFrame": 10
    },
    "580d9330-fd18-4ad2-9581-de23d366314a": {
      "$type": "UpdateAlphaLevelMinData",
      "DefaultValues": {
        "x": 1.0,
        "y": 1.0,
        "z": 1.0,
        "w": 1.0
      },
      "NextProcessor": {
        "PartitionGuid": "e82a50a0-2858-461a-9597-cbcfc25e6285",
        "InstanceGuid": "1a61c4e8-ebed-4fd4-b75b-001479dc8ac2"
      },
      "Pre": null,
      "EvaluatorInput": 2,
      "Enable": true,
      "MinLevel": 0.079
    },
    "5c5ab5a3-0af1-4b89-9a88-4905d4a29ae9": {
      "$type": "SpawnDirectionData",
      "DefaultValues": {
        "x": 0.0,
        "y": 1.0,
        "z": 0.0,
        "w": 0.0
      },
      "NextProcessor": {
        "PartitionGuid": "e82a50a0-2858-461a-9597-cbcfc25e6285",
        "InstanceGuid": "7ce9a712-7782-4c86-8d0f-dd2372a5622f"
      },
      "Pre": null,
      "EvaluatorInput": 1,
      "Enable": true,
      "DirectionFromEmitterOrigin": 0.0,
      "InheritSpeedAndDirectionFromEmitter": false
    },
    "5f5a5678-907f-4a87-ae5e-de1803fde78c": {
      "$type": "UpdateTransparencyData",