{
  "Name": "objects/vegetation/treebeech_m_01_cluster/treebeech_m_01_cluster_skeleton",
  "PartitionGuid": "e7c23894-8c55-11e0-8d30-e7d6db601a7a",
  "PrimaryInstanceGuid": "e9aec994-cad6-48dc-fdaa-29ae5363f446",
  "Instances": {
    "e9aec994-cad6-48dc-fdaa-29ae5363f446": {
      "$type": "SkeletonAsset",
      "Name": "Objects/Vegetation/TreeBeech_M_01_Cluster/TreeBeech_M_01_Cluster_Skeleton",
      "BoneNames": [
        "skeleton",
        "joint1",
        "joint2",
        "joint3",
        "joint4",
        "joint5",
        "joint6",
        "joint7",
        "joint8",
        "joint9",
        "joint10",
        "joint11",
        "joint12",
        "joint13",
        "joint14",
        "joint15",
        "joint16",
        "joint17"
      ],
      "Hierarchy": [
        -1,
        0,
        1,
        2,
        3,
        4,
        5,
        6,
        2,
        8,
        9,
        10,
        11,
        2,
        13,
        14,
        15,
        16
      ],
      "LocalPose": [
        {
          "right": {
            "x": 1.0,
            "y": 0.0,
            "z": 0.0
          },
          "up": {
            "x": -0.0,
            "y": 1.0,
            "z": 0.0
          },
          "forward": {
            "x": 0.0,
            "y": -0.0,
            "z": 1.0
          },
          "trans": {
            "x": 0.0,
            "y": 0.0,
            "z": 0.0
          }
        },
        {
          "right": {
            "x": 6.122609E-17,
            "y": 0.9998979,
            "z": -0.014288456
          },
          "up": {
            "x": -6.0357424E-17,
            "y": 0.014288456,
            "z": 0.9998979
          },
          "forward": {
            "x": 1.0,
            "y": -6.0357424E-17,
            "z": 6.122609E-17
          },
          "trans": {
            "x": -0.5033146,
            "y": 0.0,
            "z": 0.64
          }
        },
        {
          "right": {
            "x": 0.99869055,
            "y": -0.010692241,
            "z": -0.050029155
          },
          "up": {
            "x": 0.049535565,
            "y": 0.44650033,
            "z": 0.8934113
          },
          "forward": {
            "x": 0.012785466,
            "y": -0.8947196,
            "z": 0.4464453
          },
          "trans": {
            "x": 2.5031743,
            "y": 9.237055E-16,
            "z": -5.684342E-16
          }
        },
        {
          "right": {
            "x": 0.9979462,
            "y": 0.06262207,
            "z": -0.0134862065
          },
          "up": {
            "x": 0.040006056,
            "y": -0.4448537,
            "z": 0.8947093
          },
          "forward": {
            "x": 0.050029155,
            "y": -0.8934113,
            "z": -0.4464453
          },
          "trans": {
            "x": 1.9123445,
            "y": 1.7763569E-16,
            "z": 4.2632563E-16
          }
        },
        {
          "right": {
            "x": 0.99050254,
            "y": 0.13749461,
            "z": 1.7372789E-16
          },
          "up": {
            "x": 0.13749461,
            "y": -0.99050254,
            "z": 1.2246469E-16
          },
          "forward": {
            "x": 1.8891614E-16,
            "y": -9.741492E-17,
            "z": -1.0
          },
          "trans": {
            "x": 1.7346648,
            "y": 2.1316282E-16,
            "z": 0.23918246
          }
        },
        {
          "right": {
            "x": 0.9976908,
            "y": -0.067919366,
            "z": -2.3956826E-16
          },
          "up": {
            "x": 0.067919366,
            "y": 0.9976908,
            "z": -3.3086007E-17
          },
          "forward": {
            "x": 2.4126225E-16,
            "y": 1.6738281E-17,
            "z": 1.0
          },
          "trans": {
            "x": 1.5724041,
            "y": 1.9895197E-15,
            "z": -0.30296445
          }
        },
        {
          "right": {
            "x": 0.9999951,
            "y": -0.0031280394,
            "z": -2.233893E-16
          },
          "up": {
            "x": 0.0031280394,
            "y": 0.9999951,
            "z": -3.2607668E-17
          },
          "forward": {
            "x": 2.234902E-16,
            "y": 3.1908737E-17,
            "z": 1.0
          },
          "trans": {
            "x": 1.412106,
            "y": 0.0,
            "z": -0.25512794
          }
        },
        {
          "right": {
            "x": 6.123234E-17,
            "y": 0.0,
            "z": 1.0
          },
          "up": {
            "x": 0.9812488,
            "y": 0.1927453,
            "z": -6.008416E-17
          },
          "forward": {
            "x": -0.1927453,
            "y": 0.9812488,
            "z": 1.1802246E-17
          },
          "trans": {
            "x": 0.8991607,
            "y": 3.9790393E-15,
            "z": -0.27107343
          }
        },
        {
          "right": {
            "x": 0.9987477,
            "y": 0.044611283,
            "z": 0.022646185
          },
          "up": {
            "x": 0.00031585948,
            "y": 0.4470192,
            "z": -0.89452434
          },
          "forward": {
            "x": -0.050029155,
            "y": 0.8934113,
            "z": 0.4464453
          },
          "trans": {
            "x": -2.5568442,
            "y": 1.1750385,
            "z": 1.8026913
          }
        },
        {
          "right": {
            "x": 0.9965284,
            "y": -0.08325369,
            "z": 5.5456227E-18
          },
          "up": {
            "x": 0.08325369,
            "y": 0.9965284,
            "z": 2.9290376E-17
          },
          "forward": {
            "x": -7.964902E-18,
            "y": -2.8726997E-17,
            "z": 1.0
          },
          "trans": {
            "x": 2.8232129,
            "y": 0.19623114,
            "z": 0.12076967
          }
        },
        {
          "right": {
            "x": 0.99072313,
            "y": -0.13589565,
            "z": -6.7049275E-17
          },
          "up": {
            "x": 0.13589565,
            "y": 0.99072313,
            "z": -1.3110641E-18
          },
          "forward": {
            "x": 6.6605437E-17,
            "y": -7.812804E-18,
            "z": 1.0
          },
          "trans": {
            "x": 1.9377565,
            "y": 0.3875409,
            "z": -0.17444508
          }
        },
        {
          "right": {
            "x": 0.9949464,
            "y": -0.10040744,
            "z": -4.7415485E-17
          },
          "up": {
            "x": 0.10040744,
            "y": 0.9949464,
            "z": 8.909571E-19
          },
          "forward": {
            "x": 4.708641E-17,
            "y": -5.647322E-18,
            "z": 1.0
          },
          "trans": {
            "x": 1.3644618,
            "y": 0.44450885,
            "z": -0.22812049
          }
        },
        {
          "right": {
            "x": 0.9490589,
            "y": 0.31509882,
            "z": 2.3142295E-17
          },
          "up": {
            "x": -0.31509882,
            "y": 0.9490589,
            "z": -6.411604E-18
          },
          "forward": {
            "x": -2.398369E-17,
            "y": -1.2071205E-18,
            "z": 1.0
          },
          "trans": {
            "x": 0.8223736,
            "y": 0.35706905,
            "z": -0.29521474
          }
        },
        {
          "right": {
            "x": 0.9867961,
            "y": -0.02472917,
            "z": 0.16006865
          },
          "up": {
            "x": 0.15404736,