{
  "Name": "xp_raw/props/tubelights/tubelight_flicker_blue",
  "PartitionGuid": "8717dcb4-620a-40ec-94f5-3a00e1bb8e45",
  "PrimaryInstanceGuid": "459d1eb1-7e8c-4330-9bcd-48782131eb66",
  "Instances": {
    "d6f5f28e-55c0-495a-9ca0-3d1ab0062e3d": {
      "$type": "FloatPropertyTrackData",
      "Values": [
        0.0,
        10.0,
        0.0,
        10.0,
        10.0,
        0.0,
        10.0,
        0.0,
        10.0,
        5.0,
        0.0,
        10.0,
        0.0,
        10.0,
        0.0,
        10.0,
        0.0,
        10.0,
        3.0,
        10.0,
        0.0,
        10.0,
        0.0,
        10.0,
        0.1,
        24.0,
        3.0,
        10.0,
        0.0,
        10.0,
        10.0
      ],
      "InterpolationType": 0,
      "Id": 622077060,
      "Times": [
        0,
        94,
        188,
        284,
        641,
        750,
        847,
        939,
        1029,
        1107,
        1218,
        1305,
        1402,
        1505,
        2291,
        2367,
        2454,
        2545,
        2630,
        2719,
        2792,
        3646,
        3729,
        3824,
        3917,
        3986,
        4030,
        4095,
        4313,
        4593,
        5000
      ]
    },
    "ff2b3258-5a21-455c-bf71-a951b9155deb": {
      "$type": "InterfaceDescriptorData",
      "InputEvents": [
        {
          "Id": -117303631
        }
      ],
      "OutputEvents": [],
      "InputLinks": [],
      "OutputLinks": [],
      "Fields": []
    },
    "d9d4231d-76c6-4571-b305-2624cea09244": {
      "$type": "PointLightEntityData",
      "Width": 3.0,
      "TranslucencyAmbient": 0.0,
      "TranslucencyScale": 0.0,
      "TranslucencyPower": 8,
      "TranslucencyDistortion": 0.1,
      "Color": {
        "x": 0.382,
        "y": 0.589,
        "z": 0.73
      },
      "ParticleColorScale": {
        "x": 1.0,
        "y": 1.0,
        "z": 1.0
      },
      "EnlightenColorScale": {
        "x": 6.0,
        "y": 6.0,
        "z": 6.0
      },
      "Radius": 3.0,
      "Intensity": 6.0,
      "AttenuationOffset": 1.0,
      "EnlightenColorMode": 0,
      "EnlightenEnable": false,
      "Visible": true,
      "SpecularEnable": false,
      "Transform": {
        "right": {
          "x": -0.9999999,
          "y": 7.5497894E-08,
          "z": 5.9604638E-08
        },
        "up": {
          "x": 1.5410211E-22,
          "y": 5.9604634E-08,
          "z": 0.99999994
        },
        "forward": {
          "x": 1.5893255E-08,
          "y": 0.9999999,
          "z": 3.552715E-15
        },
        "trans": {
          "x": 0.010333874,
          "y": -0.95046985,
          "z": -0.04519653
        }
      },
      "IndexInBlueprint": 0,
      "IsEventConnectionTarget": 0,
      "IsPropertyConnectionTarget": 2
    },
    "ffdbaa41-a8b1-4212-af08-59c2710c941f": {
      "$type": "ReferenceObjectData",
      "BlueprintTransform": {
        "right": {
          "x": -1.0,
          "y": 1.5910456E-07,
          "z": 8.742278E-08
        },
        "up": {
          "x": 1.5910456E-07,
          "y": 1.0,
          "z": 0.0
        },
        "forward": {
          "x": -8.742278E-08,
          "y": 1.3909363E-14,
          "z": -1.0
        },
        "trans": {
          "x": 0.014909126,
          "y": 0.006893613,
          "z": -9.1563146E-05
        }
      },
      "Blueprint": {
        "PartitionGuid": "8dfdfd2e-174f-11e0-96bf-c9cd2c090a69",
        "InstanceGuid": "a0df1d19-7616-8129-83dd-24fbf7f9c14b"
      },
      "ObjectVariation": null,
      "StreamRealm": 0,
      "CastSunShadowEnable": true,
      "Excluded": false,
      "IndexInBlueprint": 1,
      "IsEventConnectionTarget": 2,
      "IsPropertyConnectionTarget": 3
    },
    "9ed8fd70-4d32-486b-9701-fd011c952a3a": {
      "$type": "SequenceEntityData",
      "IsEventConnectionTarget": 3,
      "IsPropertyConnectionTarget": 3,
      "IndexInBlueprint": 2,
      "Events": [
        {
          "Event": {
            "Id": -117303631
          },
          "Time": 0
        },
        {
          "Event": {
            "Id": -1952177180
          },
          "Time": 90
        },
        {
          "Event": {
            "Id": -117303631
          },
          "Time": 178
        },
        {
          "Event": {
            "Id": -1952177180
          },
          "Time": 269
        },
        {
          "Event": {
            "Id": -1952177180
          },
          "Time": 638
        },
        {
          "Event": {
            "Id": -117303631
          },
          "Time": 759
        },
        {
          "Event": {
            "Id": -1952177180
          },
          "Time": 846
        },
        {
          "Event": {
            "Id": -117303631
          },
          "Time": 949
        },
        {
          "Event": {
            "Id": -1952177180
          },
          "Time": 1028
        },
        {
          "Event": {
            "Id": -1952177180
          },
          "Time": 1110
        },
        {
          "Event": {
            "Id": -117303631
          },
          "Time": 1218
        },
        {
          "Event": {
            "Id": -1952177180
          },
          "Time": 1309
        },
        {
          "Event": {
            "Id": -117303631
          },
          "Time": 1388
        },
        {
          "Event": {
            "Id": -1952177180
          },
          "Time": 1518
        },
        {
          "Event": {
            "Id": -117303631
          },
          "Time": 2280
        },
        {
          "Event": {
            "Id": -1952177180
          },
          "Time": 2380
        },
        {
          "Event": {
            "Id": -117303631
          },
          "Time": 2465
        },
        {
          "Event": {
            "Id": -1952177180
          },
          "Time": 2540
        },
        {
          "Event": {
            "Id": -117303631
          },
          "Time": 2631
        },
        {
          "Event": {
            "Id": -1952177180
          },
          "Time": 2713
        },
        {
          "Event": {
            "Id": -117303631
          },
          "Time": 2798
        },
        {
          "Event": {
            "Id": -1952177180
          },
          "Time": 3641
        },
        {
          "Event": {
            "Id": -117303631
          },
          "Time": 3729
        },
        {
          "Event": {
            "Id": -1952177180
          },
          "Time": 3829
        },
        {
          "Event": {
            "Id": -117303631
          },
          "Time": 3920
        },
        {
          "Event": {
            "Id": -1952177180
          },
          "Time": 3986
        },
        {
          "Event": {
            "Id": -117303631
          },
          "Time": 4035
        },
        {
          "Event": {
            "Id": -1952177180
          },
          "Time": 4098
        },
        {
          "Event": {
            "Id": -117303631
          },
          "Time": 4307
        },
        {
          "Event": {
            "Id": -1952177180
          },
          "Time": 4591
        }
      ],
      "SequenceStartTime": 0,
      "SequenceLength": 5000,
      "Looping": true,
      "AutoStart": true,
      "AutoPlayFirstFrame": false,
      "PlayInReverse": false,
      "Realm": 2,
      "PropertyTracks": [
        {
          "PartitionGuid": "8717dcb4-620a-40ec-94f5-3a00e1bb8e45",
          "InstanceGuid": "d6f5f28e-55c0-495a-9ca0-3d1ab0062e3d"
        }
      ],
      "CustomSequenceTracks": [],
      "ClientUpdatePass": 2,