{
  "Name": "objects/vegetation/bushazaleawild_m_01/bushazaleawild_m_01a_skeleton",
  "PartitionGuid": "a8f1141a-a649-11e0-831a-a019fef59043",
  "PrimaryInstanceGuid": "dd990a1a-ef41-99ff-3f75-192694a69b17",
  "Instances": {
    "dd990a1a-ef41-99ff-3f75-192694a69b17": {
      "$type": "SkeletonAsset",
      "Name": "Objects/Vegetation/BushAzaleaWild_M_01/BushAzaleaWild_M_01a_skeleton",
      "BoneNames": [
        "BushClusterA_skeleton",
        "joint1",
        "joint2",
        "joint3",
        "joint4",
        "joint5",
        "joint6",
        "joint7",
        "joint8",
        "joint9"
      ],
      "Hierarchy": [
        -1,
        0,
        1,
        2,
        2,
        4,
        5,
        2,
        7,
        8
      ],
      "LocalPose": [
        {
          "right": {
            "x": 1.0,
            "y": 0.0,
            "z": 0.0
          },
          "up": {
            "x": -0.0,
            "y": 1.0,
            "z": 0.0
          },
          "forward": {
            "x": 0.0,
            "y": -0.0,
            "z": 1.0
          },
          "trans": {
            "x": 0.0,
            "y": 0.0,
            "z": 0.0
          }
        },
        {
          "right": {
            "x": 6.123205E-17,
            "y": 0.99999523,
            "z": -0.0030811254
          },
          "up": {
            "x": -6.104367E-17,
            "y": 0.0030811254,
            "z": 0.99999523
          },
          "forward": {
            "x": 1.0,
            "y": -6.104367E-17,
            "z": 6.123205E-17
          },
          "trans": {
            "x": 0.0,
            "y": 0.0,
            "z": 0.0
          }
        },
        {
          "right": {
            "x": 0.999547,
            "y": 0.030097034,
            "z": 3.3414362E-18
          },
          "up": {
            "x": 0.030097034,
            "y": -0.999547,
            "z": 1.4901161E-08
          },
          "forward": {
            "x": 4.4848075E-10,
            "y": -1.4894411E-08,
            "z": -1.0
          },
          "trans": {
            "x": 0.8750722,
            "y": 1.8263169E-16,
            "z": 1.1339876E-32
          }
        },
        {
          "right": {
            "x": 6.123234E-17,
            "y": 0.0,
            "z": -1.0
          },
          "up": {
            "x": 0.999635,
            "y": 0.027017161,
            "z": 6.120999E-17
          },
          "forward": {
            "x": 0.027017161,
            "y": -0.999635,
            "z": 1.654324E-18
          },
          "trans": {
            "x": 1.0220966,
            "y": 3.9968028E-16,
            "z": -3.415271E-18
          }
        },
        {
          "right": {
            "x": 0.9975614,
            "y": 0.069794595,
            "z": 3.0901656E-18
          },
          "up": {
            "x": 0.069794595,
            "y": -0.9975614,
            "z": 1.49375E-08
          },
          "forward": {
            "x": 1.0425567E-09,
            "y": -1.4901072E-08,
            "z": -1.0
          },
          "trans": {
            "x": -0.92958575,
            "y": 1.6875786,
            "z": 2.5146882E-08
          }
        },
        {
          "right": {
            "x": 0.99551404,
            "y": -0.09461407,
            "z": -3.855074E-09
          },
          "up": {
            "x": 0.09461407,
            "y": 0.99551404,
            "z": -1.827821E-10
          },
          "forward": {
            "x": 3.855074E-09,
            "y": -1.8278211E-10,
            "z": 1.0
          },
          "trans": {
            "x": 0.9673825,
            "y": -2.842171E-16,
            "z": -1.0060975E-09
          }
        },
        {
          "right": {
            "x": 0.9864828,
            "y": 0.16386484,
            "z": 7.979519E-17
          },
          "up": {
            "x": 0.16386484,
            "y": -0.9864828,
            "z": -1.4901072E-08
          },
          "forward": {
            "x": -2.4417617E-09,
            "y": 1.4699651E-08,
            "z": -1.0
          },
          "trans": {
            "x": 0.90602195,
            "y": -8.5265126E-16,
            "z": -3.4927816E-09
          }
        },
        {
          "right": {
            "x": 0.9994385,
            "y": -0.0335053,
            "z": -4.9926785E-10
          },
          "up": {
            "x": 0.0335053,
            "y": 0.9994385,
            "z": -8.366385E-12
          },
          "forward": {
            "x": 4.9926785E-10,
            "y": -8.366431E-12,
            "z": 1.0
          },
          "trans": {
            "x": -0.82534033,
            "y": -2.1695006,
            "z": -3.232808E-08
          }
        },
        {
          "right": {
            "x": 0.99243397,
            "y": -0.12277971,
            "z": -2.3240234E-09
          },
          "up": {
            "x": 0.12277971,
            "y": 0.99243397,
            "z": -1.4321325E-10
          },
          "forward": {
            "x": 2.3240234E-09,
            "y": -1.4321325E-10,
            "z": 1.0
          },
          "trans": {
            "x": 0.912939,
            "y": -2.842171E-16,
            "z": -4.5580112E-10
          }
        },
        {
          "right": {
            "x": 0.987763,
            "y": 0.15596257,
            "z": 1.235858E-16
          },
          "up": {
            "x": -0.15596257,
            "y": 0.987763,
            "z": -1.0150095E-16
          },
          "forward": {
            "x": -1.3790382E-16,
            "y": 8.098412E-17,
            "z": 1.0
          },
          "trans": {
            "x": 0.9830211,
            "y": 8.5265126E-16,
            "z": -2.284564E-09
          }
        }
      ],
      "ModelPose": [
        {
          "right": {
            "x": 1.0,
            "y": 0.0,
            "z": 0.0
          },
          "up": {
            "x": 0.0,
            "y": 1.0,
            "z": 0.0
          },
          "forward": {
            "x": 0.0,
            "y": 0.0,
            "z": 1.0
          },
          "trans": {
            "x": 0.0,
            "y": 0.0,
            "z": 0.0
          }
        },
        {
          "right": {
            "x": 6.123205E-17,
            "y": 0.99999523,
            "z": -0.0030811254
          },
          "up": {
            "x": -6.104367E-17,
            "y": 0.0030811254,
            "z": 0.99999523
          },
          "forward": {
            "x": 1.0,
            "y": -6.104367E-17,
            "z": 6.123205E-17
          },
          "trans": {
            "x": 0.0,
            "y": 0.0,
            "z": 0.0
          }
        },
        {
          "right": {
            "x": 6.2708516E-17,
            "y": 0.999635,
            "z": 0.027017161
          },
          "up": {
            "x": 1.4901161E-08,
            "y": 0.027017161,
            "z": -0.999635
          },
          "forward": {
            "x": -1.0,
            "y": 4.0258713E-10,
            "z": -1.4895722E-08
          },
          "trans": {
            "x": 5.3582464E-17,
            "y": 0.875068,
            "z": -0.0026962073
          }
        },
        {
          "right": {
            "x": 1.0,
            "y": -4.0258707E-10,
            "z": 1.4895722E-08
          },
          "up": {
            "x": 4.0258707E-10,
            "y": 1.0,
            "z": -9.11767E-25
          },
          "forward": {
            "x": -1.4895722E-08,
            "y": 6.6600954E-28,
            "z": 1.0
          },
          "trans": {
            "x": 1.210919E-16,
            "y": 1.8967915,