{
  "Name": "levels/mp_017/sr/layer4_base2_us",
  "PartitionGuid": "cc424185-6b2e-4d05-a318-95836eb09cf0",
  "PrimaryInstanceGuid": "cf33b9c3-59d5-4a92-a5a6-aec524d15dc8",
  "Instances": {
    "0b63234c-71cf-461a-852b-fc5c9609656d": {
      "$type": "AlternateSpawnEntityData",
      "IndexInBlueprint": 56,
      "IsEventConnectionTarget": 2,
      "IsPropertyConnectionTarget": 3,
      "Transform": {
        "right": {
          "x": 0.9566405,
          "y": -1.6238091E-27,
          "z": 0.2912692
        },
        "up": {
          "x": -7.201854E-28,
          "y": 1.0,
          "z": -7.6757654E-28
        },
        "forward": {
          "x": -0.2912692,
          "y": -7.7819385E-28,
          "z": 0.9566405
        },
        "trans": {
          "x": -303.04602,
          "y": 77.17654,
          "z": 73.34842
        }
      },
      "Team": 1,
      "Priority": 1.0,
      "Enabled": true
    },
    "12f55886-3136-4be7-8275-696b9662c87c": {
      "$type": "AlternateSpawnEntityData",
      "IndexInBlueprint": 48,
      "IsEventConnectionTarget": 2,
      "IsPropertyConnectionTarget": 3,
      "Transform": {
        "right": {
          "x": -0.011472293,
          "y": 0.0,
          "z": -0.99993414
        },
        "up": {
          "x": 0.0,
          "y": 1.0,
          "z": 0.0
        },
        "forward": {
          "x": 0.99993414,
          "y": 0.0,
          "z": -0.011472293
        },
        "trans": {
          "x": -333.03867,
          "y": 75.78379,
          "z": 98.21317
        }
      },
      "Team": 1,
      "Priority": 1.0,
      "Enabled": true
    },
    "135a3775-6e14-41bd-8608-1cec3d3234e7": {
      "$type": "AlternateSpawnEntityData",
      "IndexInBlueprint": 53,
      "IsEventConnectionTarget": 2,
      "IsPropertyConnectionTarget": 3,
      "Transform": {
        "right": {
          "x": 0.8518921,
          "y": 0.0,
          "z": -0.52371734
        },
        "up": {
          "x": 0.0,
          "y": 1.0,
          "z": 0.0
        },
        "forward": {
          "x": 0.52371734,
          "y": 0.0,
          "z": 0.8518921
        },
        "trans": {
          "x": -305.2555,
          "y": 75.9755,
          "z": 50.587524
        }
      },
      "Team": 1,
      "Priority": 1.0,
      "Enabled": true
    },
    "2cbc1945-9fe1-431f-883f-c031f68c2386": {
      "$type": "CharacterSpawnReferenceObjectData",
      "IndexInBlueprint": 59,
      "IsEventConnectionTarget": 3,
      "IsPropertyConnectionTarget": 2,
      "BlueprintTransform": {
        "right": {
          "x": 1.0,
          "y": 0.0,
          "z": 0.0
        },
        "up": {
          "x": 0.0,
          "y": 1.0,
          "z": 0.0
        },
        "forward": {
          "x": 0.0,
          "y": 0.0,
          "z": 1.0
        },
        "trans": {
          "x": -326.5392,
          "y": 105.09079,
          "z": 89.29958
        }
      },
      "Blueprint": null,
      "ObjectVariation": null,
      "StreamRealm": 0,
      "CastSunShadowEnable": true,
      "Excluded": false,
      "AirdropTransform": {
        "right": {
          "x": 1.0,
          "y": 0.0,
          "z": 0.0
        },
        "up": {
          "x": 0.0,
          "y": 1.0,
          "z": 0.0
        },
        "forward": {
          "x": 0.0,
          "y": 0.0,
          "z": 1.0
        },
        "trans": {
          "x": 0.0,
          "y": 0.0,
          "z": 0.0
        }
      },
      "ControllableInput": {
        "right": {
          "x": 1.0,
          "y": 0.0,
          "z": 0.0
        },
        "up": {
          "x": 0.0,
          "y": 1.0,
          "z": 0.0
        },
        "forward": {
          "x": 0.0,
          "y": 0.0,
          "z": 1.0
        },
        "trans": {
          "x": 0.0,
          "y": 0.0,
          "z": 0.0
        }
      },
      "ControllableTransform": {
        "right": {
          "x": 1.0,
          "y": 0.0,
          "z": 0.0
        },
        "up": {
          "x": 0.0,
          "y": 1.0,
          "z": 0.0
        },
        "forward": {
          "x": 0.0,
          "y": 0.0,
          "z": 1.0
        },
        "trans": {
          "x": 0.0,
          "y": 0.0,
          "z": 0.0
        }
      },
      "LocationNameSid": "_ATTACKER",
      "LocationTextSid": "ID_H_OBJ_UI_RUSH_ATTACKER_DEPLOYMENT",
      "Team": 1,
      "SpawnProtectionFriendlyKilledCount": 3,
      "SpawnProtectionFriendlyKilledTime": 30.0,
      "RotationRoll": 0.0,
      "Throttle": 0.0,
      "InitialSpawnDelay": 0.0,
      "SpawnDelay": 0.0,
      "MaxCount": 0,
      "MaxCountSimultaneously": 0,
      "TotalCountSimultaneouslyOfType": 0,
      "SpawnAreaRadius": 0.0,
      "SpawnProtectionRadius": 20.0,
      "RotationYaw": 0.0,
      "RotationPitch": 0.0,
      "InitialVelocity": 0.0,
      "TakeControlEntryIndex": 0,
      "SpawnProtectionCheckAllTeams": false,
      "ClearBangersOnSpawn": true,
      "TryToSpawnOutOfSight": true,
      "SendWeaponEvents": false,
      "TakeControlOnTransformChange": true,
      "ReturnControlOnIdle": true,
      "AutoSpawn": false,
      "UseAsSpawnPoint": false,
      "LockedTeam": true,
      "InitialAutoSpawn": false,
      "OverwriteThrottle": false,
      "OnlySendEventForHumanPlayers": true,
      "Enabled": false,
      "IsDynamicSpawn": false,
      "PlayerType": 0,
      "VehicleEntryIndex": 0,
      "Template": null,
      "HumanTargetPreference": -1.0,
      "MinimapIcon": 99,
      "AllowFallbackOnNextAvailabeVehicleEntry": false,
      "CheckMaxPlayersInVehicle": false,
      "AffectMinimapPosition": true,
      "IsTarget": true,
      "IgnoreVehicleIcon": false
    },
    "38b2d0ba-218e-448f-92fb-07f2e79cc601": {
      "$type": "AlternateSpawnEntityData",
      "IndexInBlueprint": 52,
      "IsEventConnectionTarget": 2,
      "IsPropertyConnectionTarget": 3,
      "Transform": {
        "right": {
          "x": 0.96506184,
          "y": -2.0874278E-22,
          "z": -0.26202217
        },
        "up": {
          "x": -1.1196009E-21,
          "y": 1.0,
          "z": -7.508759E-22
        },
        "forward": {
          "x": 0.26202217,
          "y": 7.8696446E-22,
          "z": 0.96506184
        },
        "trans": {
          "x": -353.99963,
          "y": 75.78382,
          "z": 108.5144
        }
      },
      "Team": 1,
      "Priority": 1.0,
      "Enabled": true
    },
    "42807813-ed6b-4987-b005-d25f1e57195f": {
      "$type": "AlternateSpawnEntityData",
      "IndexInBlueprint": 55,
      "IsEventConnectionTarget": 2,
      "IsPropertyConnectionTarget": 3,
      "Transform": {
        "right": {
          "x": 0.6210329,
          "y": 0.0,
          "z": -0.7837845
        },
        "up": {
          "x": 0.0,
          "y": 1.0,
          "z": 0.0
        },
        "forward": {
          "x": 0.7837845,
          "y": 0.0,
          "z": 0.6210329
        },
        "trans": {
          "x": -320.19305,
          "y": 75.783745,
          "z": 74.628296
        }
      },
      "Team": 1,
      "Priority": 1.0,
      "Enabled": true
    },
    "4aa29755-c60c-414d-9e3c-2bd7d3cb6d5c": {
      "$type": "AlternateSpawnEntityData",
      "IndexInBlueprint": 50,
      "IsEventConnectionTarget": 2,
      "IsPropertyConnectionTarget": 3,
      "Transform": {
        "right": {
          "x": 1.0,
          "y": 0.0,
          "z": 0.0
        },
        "up": {
          "x": 0.0,
          "y": 1.0,
          "z": 0.0
        },
        "forward": {
          "x": 0.0,
          "y": 0.0,
          "z": 1.0
        },
        "trans": {
          "x": -294.06677,
          "y": 74.53662,