{
  "Name": "fx/impacts/grass/emitter_hmg/em_impact_grass_mud_01_hmg",
  "PartitionGuid": "b0366198-537a-40ba-828e-2b17d57aef6b",
  "PrimaryInstanceGuid": "06da16c2-3222-49e9-b812-e24562b56a61",
  "Instances": {
    "06da16c2-3222-49e9-b812-e24562b56a61": {
      "$type": "EmitterTemplateData",
      "PointLightIntensity": {
        "x": 0.0,
        "y": 0.0,
        "z": 0.0,
        "w": 1.0
      },
      "PointLightPivot": {
        "x": 0.0,
        "y": 0.0,
        "z": 0.0
      },
      "PointLightColor": {
        "x": 1.0,
        "y": 1.0,
        "z": 1.0
      },
      "MaxCount": 6,
      "Name": "FX/Impacts/Grass/Emitter_HMG/Em_Impact_Grass_Mud_01_HMG",
      "TimeScale": 1.0,
      "LifetimeFrameCount": 0,
      "Lifetime": 0.1,
      "RootProcessor": {
        "PartitionGuid": "b0366198-537a-40ba-828e-2b17d57aef6b",
        "InstanceGuid": "231f30b3-7302-4d38-9a36-4216902f24f7"
      },
      "VisibleAfterDistance": 0.0,
      "ZOcclusionLookup": [
        6.1035156E-05,
        0.07342529,
        0.040039062,
        0.026672363,
        0.018127441,
        0.013244629,
        0.00970459,
        0.0068969727,
        0.004638672,
        0.0032958984,
        0.0021362305,
        0.00091552734,
        0.0005493164,
        0.00030517578,
        0.00012207031,
        0.00012207031,
        0.00012207031,
        0.00012207031,
        0.00012207031,
        0.00012207031,
        0.00012207031,
        0.00012207031,
        0.00012207031,
        0.00012207031,
        0.00012207031,
        0.00012207031,
        0.00012207031,
        0.00012207031,
        0.0,
        0.0,
        0.0,
        0.0,
        0.0
      ],
      "EmittableType": "ScreenAlignedQuad",
      "Mesh": null,
      "DistanceScaleNearValue": 1.0,
      "PointLightRadius": 20.0,
      "VertexPixelLightingBlendFactor": 0.0,
      "GlobalLocalNormalBlendFactor": 0.837,
      "SoftParticlesFadeDistanceMultiplier": -0.556,
      "LightWrapAroundFactor": 0.5,
      "LightMultiplier": 1.0,
      "DistanceScaleFarValue": 1.0,
      "PointLightRandomIntensityMin": 1.0,
      "MeshCullingDistance": 0.0,
      "PointLightRandomIntensityMax": 1.0,
      "MaxSpawnDistance": 0.0,
      "MinScreenArea": 1.0,
      "DistanceScaleLength": 0.0,
      "PointLightMaxClamp": 1.0,
      "ParticleCullingFactor": 1.0,
      "PointLightMinClamp": 0.0,
      "FollowSpawnSource": false,
      "RepeatParticleSpawning": false,
      "Emissive": false,
      "ExclusionVolumeCullEnable": false,
      "TransparencySunShadowEnable": false,
      "ForceFullRes": false,
      "LocalSpace": false,
      "Opaque": true,
      "ActAsPointLight": false,
      "KillParticlesWithEmitter": false,
      "ForceNiceSorting": false
    },
    "165eb451-8368-434a-b5c4-741949410f53": {
      "$type": "SpawnSizeData",
      "DefaultValues": {
        "x": 1.0,
        "y": 1.0,
        "z": 1.0,
        "w": 1.0
      },
      "NextProcessor": {
        "PartitionGuid": "b0366198-537a-40ba-828e-2b17d57aef6b",
        "InstanceGuid": "5217296c-ded2-465b-b5d1-e55ba8196aed"
      },
      "Pre": {
        "PartitionGuid": "b0366198-537a-40ba-828e-2b17d57aef6b",
        "InstanceGuid": "f7739e81-c33d-4469-bc86-224adfe2b4db"
      },
      "EvaluatorInput": "EfOne",
      "Enable": true,
      "Size": 0.9
    },
    "1ae23349-af81-4566-90fd-f277c111b675": {
      "$type": "UpdateColorData",
      "DefaultValues": {
        "x": 0.22,
        "y": 0.165,
        "z": 0.107,
        "w": 1.0
      },
      "NextProcessor": {
        "PartitionGuid": "b0366198-537a-40ba-828e-2b17d57aef6b",
        "InstanceGuid": "edf409a8-5de3-42a7-9878-5d7f8cc81f5c"
      },
      "Pre": null,
      "EvaluatorInput": "EfNormTime",
      "Enable": true,
      "Color": {
        "x": 0.22,
        "y": 0.165,
        "z": 0.107
      }
    },
    "1fdc54b7-4950-4cde-a054-8e65a2cde33e": {
      "$type": "PolynomialData",
      "EmitterParameter": "EmitterParameterNone",
      "Coefficients": {
        "x": 5.7140236,
        "y": -9.222603,
        "z": 5.111366,
        "w": 0.017857075
      },
      "ScaleValue": 2.0,
      "MinClamp": 0.0,
      "MaxClamp": 1.0
    },
    "231f30b3-7302-4d38-9a36-4216902f24f7": {
      "$type": "UpdateAgeData",
      "DefaultValues": {
        "x": 1.0,
        "y": 1.0,
        "z": 1.0,
        "w": 1.0
      },
      "NextProcessor": {
        "PartitionGuid": "b0366198-537a-40ba-828e-2b17d57aef6b",
        "InstanceGuid": "ed7e44a6-1bbb-42c6-b1c9-e76c2656db39"
      },
      "Pre": null,
      "EvaluatorInput": "EfNormTime",
      "Enable": true,
      "Lifetime": 1.0
    },
    "23a89beb-59c3-2096-c1c2-53260cdadd4d": {
      "$type": "UpdateOrientationData",
      "DefaultValues": {
        "x": 1.0,
        "y": 1.0,
        "z": 1.0,
        "w": 1.0
      },
      "NextProcessor": {
        "PartitionGuid": "b0366198-537a-40ba-828e-2b17d57aef6b",
        "InstanceGuid": "314c2737-9b10-79fc-779c-3928b5b379f3"
      },
      "Pre": null,
      "EvaluatorInput": "EfNormTime",
      "Enable": true
    },
    "2b583c31-e49a-4db5-a400-018428acc1fc": {
      "$type": "SpawnPositionData",
      "DefaultValues": {
        "x": 0.0,
        "y": 0.0,
        "z": 0.0,
        "w": 1.0
      },
      "NextProcessor": {
        "PartitionGuid": "b0366198-537a-40ba-828e-2b17d57aef6b",
        "InstanceGuid": "95285928-8e2f-4424-9be5-81ccf122d14b"
      },
      "Pre": null,
      "EvaluatorInput": "EfOne",
      "Enable": true
    },
    "2bcd5d0e-9e92-4282-8473-2e618c03e25f": {
      "$type": "PolynomialData",
      "EmitterParameter": "EmitterParameterNone",
      "Coefficients": {
        "x": 0.5809089,
        "y": -3.026288,
        "z": 3.563711,
        "w": -0.01400686
      },
      "ScaleValue": 1.0,
      "MinClamp": 0.1,
      "MaxClamp": 0.99
    },
    "314c2737-9b10-79fc-779c-3928b5b379f3": {
      "$type": "UpdateClipScaleData",
      "DefaultValues": {
        "x": 1.0,
        "y": 1.0,
        "z": 1.0,
        "w": 1.0
      },
      "NextProcessor": {
        "PartitionGuid": "b0366198-537a-40ba-828e-2b17d57aef6b",
        "InstanceGuid": "6a002438-011e-a0ca-6d4c-f8664dc584c5"
      },
      "Pre": null,
      "EvaluatorInput": "EfNormTime",
      "Enable": true,