{
  "Name": "objects/vegetation/bushazalea_m_01/bushazalea_m_01_skeleton",
  "PartitionGuid": "e9a29110-5546-11e0-a3ed-cdfd2f2f5318",
  "PrimaryInstanceGuid": "1a04ed01-8539-ae69-5798-403538bace40",
  "Instances": {
    "1a04ed01-8539-ae69-5798-403538bace40": {
      "$type": "SkeletonAsset",
      "Name": "Objects/Vegetation/BushAzalea_M_01/BushAzalea_M_01_Skeleton",
      "BoneNames": [
        "Bush_Skeleton",
        "joint1",
        "NOSKIN1",
        "joint3",
        "joint4"
      ],
      "Hierarchy": [
        -1,
        0,
        1,
        2,
        3
      ],
      "LocalPose": [
        {
          "right": {
            "x": 1.0,
            "y": 0.0,
            "z": 0.0
          },
          "up": {
            "x": -0.0,
            "y": 1.0,
            "z": 0.0
          },
          "forward": {
            "x": 0.0,
            "y": -0.0,
            "z": 1.0
          },
          "trans": {
            "x": 0.0,
            "y": 0.0,
            "z": 0.0
          }
        },
        {
          "right": {
            "x": -0.023150641,
            "y": 0.999732,
            "z": 0.0
          },
          "up": {
            "x": 0.999732,
            "y": 0.023150641,
            "z": 1.2246469E-16
          },
          "forward": {
            "x": 1.2243186E-16,
            "y": 2.835136E-18,
            "z": -1.0
          },
          "trans": {
            "x": 0.0,
            "y": 0.0,
            "z": 0.0
          }
        },
        {
          "right": {
            "x": 0.999732,
            "y": 0.023150641,
            "z": 2.835136E-18
          },
          "up": {
            "x": -0.023150641,
            "y": 0.999732,
            "z": -3.2822006E-20
          },
          "forward": {
            "x": -2.835136E-18,
            "y": -3.2822006E-20,
            "z": 1.0
          },
          "trans": {
            "x": 0.5280691,
            "y": -1.4876989E-16,
            "z": -1.8461465E-32
          }
        },
        {
          "right": {
            "x": 0.99994093,
            "y": -0.010868923,
            "z": 1.504266E-18
          },
          "up": {
            "x": 0.010868923,
            "y": 0.99994093,
            "z": 8.175117E-21
          },
          "forward": {
            "x": -1.504266E-18,
            "y": 8.175117E-21,
            "z": 1.0
          },
          "trans": {
            "x": 0.22845542,
            "y": 4.6629365E-16,
            "z": 6.4770217E-19
          }
        },
        {
          "right": {
            "x": -0.010868923,
            "y": 0.99994093,
            "z": -1.5408011E-20
          },
          "up": {
            "x": 0.99994093,
            "y": 0.010868923,
            "z": 1.2246469E-16
          },
          "forward": {
            "x": 1.2245762E-16,
            "y": 1.3156521E-18,
            "z": -1.0
          },
          "trans": {
            "x": 0.72479796,
            "y": -3.3095748E-15,
            "z": 1.0902889E-18
          }
        }
      ],
      "ModelPose": [
        {
          "right": {
            "x": 1.0,
            "y": 0.0,
            "z": 0.0
          },
          "up": {
            "x": 0.0,
            "y": 1.0,
            "z": 0.0
          },
          "forward": {
            "x": 0.0,
            "y": 0.0,
            "z": 1.0
          },
          "trans": {
            "x": 0.0,
            "y": 0.0,
            "z": 0.0
          }
        },
        {
          "right": {
            "x": -0.023150641,
            "y": 0.999732,
            "z": 0.0
          },
          "up": {
            "x": 0.999732,
            "y": 0.023150641,
            "z": 1.2246469E-16
          },
          "forward": {
            "x": 1.2243186E-16,
            "y": 2.835136E-18,
            "z": -1.0
          },
          "trans": {
            "x": 0.0,
            "y": 0.0,
            "z": 0.0
          }
        },
        {
          "right": {
            "x": 3.4711097E-34,
            "y": 1.0,
            "z": 2.0679515E-25
          },
          "up": {
            "x": 1.0,
            "y": -9.305485E-38,
            "z": 1.2246469E-16
          },
          "forward": {
            "x": 1.2246469E-16,
            "y": 0.0,
            "z": -1.0
          },
          "trans": {
            "x": -0.012225138,
            "y": 0.5279276,
            "z": 2.424075E-34
          }
        },
        {
          "right": {
            "x": -0.010868923,
            "y": 0.99994093,
            "z": -2.835325E-18
          },
          "up": {
            "x": 0.99994093,
            "y": 0.010868923,
            "z": 1.2244927E-16
          },
          "forward": {
            "x": 1.2247286E-16,
            "y": -1.504266E-18,
            "z": -1.0
          },
          "trans": {
            "x": -0.012225138,
            "y": 0.756383,
            "z": -6.477021E-19
          }
        },
        {
          "right": {
            "x": 1.0,
            "y": 2.3177747E-38,
            "z": 1.2248826E-16
          },
          "up": {
            "x": 1.4998601E-32,
            "y": 1.0,
            "z": -1.2396895E-16
          },
          "forward": {
            "x": -1.2248827E-16,
            "y": 1.2396894E-16,
            "z": 1.0
          },
          "trans": {
            "x": -0.02010291,
            "y": 1.4811382,
            "z": -3.793029E-18
          }
        }
      ],
      "WeaponBoneName": "Wep_Root",
      "HeadBoneName": "Head",
      "HipBoneName": "Hips",
      "CameraBoneName": "cameraJoint"
    }
  }
}