{
  "Name": "objects/vegetation/bushazalea_m_01/bushazalea_m_01_cluster_skeleton",
  "PartitionGuid": "28762d32-5547-11e0-a3ed-cdfd2f2f5318",
  "PrimaryInstanceGuid": "c7d9b06f-74f2-8c37-f9e3-7359759eb143",
  "Instances": {
    "c7d9b06f-74f2-8c37-f9e3-7359759eb143": {
      "$type": "SkeletonAsset",
      "Name": "Objects/Vegetation/BushAzalea_M_01/BushAzalea_M_01_Cluster_Skeleton",
      "BoneNames": [
        "BushCluster_Skeleton",
        "joint5",
        "NOSKIN1",
        "joint7",
        "joint8",
        "joint9",
        "joint10",
        "joint11",
        "joint12",
        "joint13",
        "joint14",
        "joint15",
        "joint16",
        "joint17",
        "joint18"
      ],
      "Hierarchy": [
        -1,
        0,
        1,
        2,
        3,
        4,
        4,
        6,
        7,
        4,
        9,
        10,
        4,
        12,
        13
      ],
      "LocalPose": [
        {
          "right": {
            "x": 1.0,
            "y": 0.0,
            "z": 0.0
          },
          "up": {
            "x": -0.0,
            "y": 1.0,
            "z": 0.0
          },
          "forward": {
            "x": 0.0,
            "y": -0.0,
            "z": 1.0
          },
          "trans": {
            "x": 0.0,
            "y": 0.0,
            "z": 0.0
          }
        },
        {
          "right": {
            "x": 2.8327693E-16,
            "y": 1.0,
            "z": 0.0
          },
          "up": {
            "x": -1.0,
            "y": 2.8327693E-16,
            "z": 0.0
          },
          "forward": {
            "x": 0.0,
            "y": -0.0,
            "z": 1.0
          },
          "trans": {
            "x": 0.0,
            "y": -0.018598659,
            "z": 0.07750993
          }
        },
        {
          "right": {
            "x": 0.9997167,
            "y": 1.1397133E-15,
            "z": -0.023802778
          },
          "up": {
            "x": 0.023802778,
            "y": 8.836837E-17,
            "z": 0.9997167
          },
          "forward": {
            "x": 1.1414938E-15,
            "y": -1.0,
            "z": 6.121499E-17
          },
          "trans": {
            "x": 0.36955386,
            "y": 8.205744E-17,
            "z": 0.0
          }
        },
        {
          "right": {
            "x": 0.9996891,
            "y": -0.024934242,
            "z": -4.1655214E-16
          },
          "up": {
            "x": 0.024934242,
            "y": 0.9996891,
            "z": -1.2165917E-17
          },
          "forward": {
            "x": 4.16726E-16,
            "y": 1.7757225E-18,
            "z": 1.0
          },
          "trans": {
            "x": 0.20700881,
            "y": 0.0,
            "z": -4.5952166E-17
          }
        },
        {
          "right": {
            "x": 0.9991131,
            "y": 0.04210698,
            "z": -2.1923025E-16
          },
          "up": {
            "x": -0.04210698,
            "y": 0.9991131,
            "z": -3.4462408E-18
          },
          "forward": {
            "x": 2.188907E-16,
            "y": 1.2674308E-17,
            "z": 1.0
          },
          "trans": {
            "x": 0.202263,
            "y": -3.1974424E-16,
            "z": -4.5417983E-17
          }
        },
        {
          "right": {
            "x": 6.123234E-17,
            "y": 0.0,
            "z": 1.0
          },
          "up": {
            "x": 0.99997807,
            "y": 0.0066223713,
            "z": -6.1231E-17
          },
          "forward": {
            "x": -0.0066223713,
            "y": 0.99997807,
            "z": 4.055033E-19
          },
          "trans": {
            "x": 0.7440514,
            "y": 5.684342E-16,
            "z": -1.6378966E-16
          }
        },
        {
          "right": {
            "x": 0.99997807,
            "y": 0.0066223713,
            "z": 6.2993257E-19
          },
          "up": {
            "x": -0.0066223713,
            "y": 0.99997807,
            "z": -6.165682E-18
          },
          "forward": {
            "x": -6.707502E-19,
            "y": 6.1613747E-18,
            "z": 1.0
          },
          "trans": {
            "x": -0.72776854,
            "y": 1.261546,
            "z": 2.983893E-16
          }
        },
        {
          "right": {
            "x": 0.99989796,
            "y": 0.014284257,
            "z": -2.1738872E-16
          },
          "up": {
            "x": 0.014284257,
            "y": -0.99989796,
            "z": 1.2246469E-16
          },
          "forward": {
            "x": -2.1561723E-16,
            "y": -1.2555743E-16,
            "z": -1.0
          },
          "trans": {
            "x": 0.7144708,
            "y": 5.684342E-15,
            "z": -1.567563E-16
          }
        },
        {
          "right": {
            "x": 0.9997814,
            "y": 0.02090564,
            "z": 3.896997E-18
          },
          "up": {
            "x": 0.02090564,
            "y": -0.9997814,
            "z": 1.2246469E-16
          },
          "forward": {
            "x": 6.4563478E-18,
            "y": -1.2235645E-16,
            "z": -1.0
          },
          "trans": {
            "x": 0.6899043,
            "y": 3.694822E-15,
            "z": 1.5025712E-16
          }
        },
        {
          "right": {
            "x": 0.9984438,
            "y": -0.055767443,
            "z": 1.0133105E-18
          },
          "up": {
            "x": 0.055767443,
            "y": 0.9984438,
            "z": -6.1143805E-18
          },
          "forward": {
            "x": -6.707502E-19,
            "y": 6.1613747E-18,
            "z": 1.0
          },
          "trans": {
            "x": -0.7245055,
            "y": -1.4633359,
            "z": -8.0019643E-19
          }
        },
        {
          "right": {
            "x": 0.9984965,
            "y": 0.05481571,
            "z": -2.2365135E-16
          },
          "up": {
            "x": -0.05481571,
            "y": 0.9984965,
            "z": 6.1327865E-18
          },
          "forward": {
            "x": 2.2365127E-16,
            "y": 6.1360415E-18,
            "z": 1.0
          },
          "trans": {
            "x": 0.7109279,
            "y": -8.5265126E-16,
            "z": -1.6059727E-16
          }
        },
        {
          "right": {
            "x": 0.9999995,
            "y": 0.00095319276,
            "z": 1.5472966E-18
          },
          "up": {
            "x": -0.00095319276,
            "y": 0.9999995,
            "z": -7.8164E-18
          },
          "forward": {
            "x": -1.5547463E-18,
            "y": 7.814922E-18,
            "z": 1.0
          },
          "trans": {
            "x": 0.6504335,
            "y": 5.684342E-16,
            "z": -1.4324918E-16
          }
        },
        {
          "right": {
            "x": 0.9983056,
            "y": -0.05818872,
            "z": -2.2510478E-16
          },
          "up": {
            "x": 0.05818872,
            "y": 0.9983056,
            "z": -1.2696676E-17
          },
          "forward": {
            "x": 2.2546217E-16,
            "y": -4.233962E-19,
            "z": 1.0
          },
          "trans": {
            "x": -0.72816014,
            "y": -3.1436353,
            "z": -1.8404803E-16
          }
        },
        {
          "right": {
            "x": 0.99878895,
            "y": 0.049200427,
            "z": -2.205075E-16
          },
          "up": {
            "x": -0.049200427,
            "y": 0.99878895,
            "z": -2.5037572E-18
          },