{
  "Name": "xp2/objects/factorycables_01/corner_cablage_02",
  "PartitionGuid": "f13fef00-6769-11e1-b1e6-c9997d1d7793",
  "PrimaryInstanceGuid": "b3e96e44-3acc-0ca7-8270-fe37ad038462",
  "Instances": {
    "072c97cd-2a43-45b7-8507-32d17050e781": {
      "$type": "ReferenceObjectData",
      "IndexInBlueprint": 2,
      "IsEventConnectionTarget": 3,
      "IsPropertyConnectionTarget": 3,
      "BlueprintTransform": {
        "right": {
          "x": 0.67497903,
          "y": -5.7528332E-08,
          "z": 1.1298286
        },
        "up": {
          "x": -7.8890615E-08,
          "y": -1.3160963,
          "z": -1.9882142E-08
        },
        "forward": {
          "x": 1.1298286,
          "y": -5.7528347E-08,
          "z": -0.67497903
        },
        "trans": {
          "x": 0.37211484,
          "y": -3.8621247,
          "z": -0.03877728
        }
      },
      "Blueprint": {
        "PartitionGuid": "874dfcc9-66e3-11e1-b1e6-c9997d1d7793",
        "InstanceGuid": "f88b9098-e420-d328-5270-620e5686da64"
      },
      "ObjectVariation": null,
      "StreamRealm": "StreamRealm_None",
      "CastSunShadowEnable": true,
      "Excluded": false
    },
    "39f0176e-c1cd-4996-b453-908244b50196": {
      "$type": "ReferenceObjectData",
      "IndexInBlueprint": 5,
      "IsEventConnectionTarget": 3,
      "IsPropertyConnectionTarget": 3,
      "BlueprintTransform": {
        "right": {
          "x": -1.1916866,
          "y": -1.15056814E-07,
          "z": -0.5585629
        },
        "up": {
          "x": 1.0418052E-07,
          "y": -1.3160961,
          "z": 4.8831073E-08
        },
        "forward": {
          "x": -0.5585629,
          "y": -1.0035462E-14,
          "z": 1.1916866
        },
        "trans": {
          "x": 0.3479266,
          "y": -2.2590003,
          "z": -0.02994637
        }
      },
      "Blueprint": {
        "PartitionGuid": "52222d87-66e5-11e1-b1e6-c9997d1d7793",
        "InstanceGuid": "7743d25f-e831-0612-65e5-c0a668e977cd"
      },
      "ObjectVariation": null,
      "StreamRealm": "StreamRealm_None",
      "CastSunShadowEnable": true,
      "Excluded": false
    },
    "4fda8d41-a38a-4257-94fe-ebf5f848fdad": {
      "$type": "ReferenceObjectData",
      "IndexInBlueprint": 4,
      "IsEventConnectionTarget": 3,
      "IsPropertyConnectionTarget": 3,
      "BlueprintTransform": {
        "right": {
          "x": 1.3160962,
          "y": 0.0,
          "z": 0.0
        },
        "up": {
          "x": 0.0,
          "y": 1.3160963,
          "z": 0.0
        },
        "forward": {
          "x": 0.0,
          "y": 0.0,
          "z": 1.3160963
        },
        "trans": {
          "x": 0.19688283,
          "y": 2.9764476,
          "z": -0.20000866
        }
      },
      "Blueprint": {
        "PartitionGuid": "52222d87-66e5-11e1-b1e6-c9997d1d7793",
        "InstanceGuid": "7743d25f-e831-0612-65e5-c0a668e977cd"
      },
      "ObjectVariation": null,
      "StreamRealm": "StreamRealm_None",
      "CastSunShadowEnable": true,
      "Excluded": false
    },
    "7ae54a98-6dfe-4ea7-8da4-eb246f317da6": {
      "$type": "ReferenceObjectData",
      "IndexInBlueprint": 6,
      "IsEventConnectionTarget": 3,
      "IsPropertyConnectionTarget": 3,
      "BlueprintTransform": {
        "right": {
          "x": 0.62032366,
          "y": -0.076754406,
          "z": 0.4325851
        },
        "up": {
          "x": -0.4348073,
          "y": 2.8997972E-08,
          "z": 0.62351036
        },
        "forward": {
          "x": -0.06295788,
          "y": -0.75626147,
          "z": -0.04390386
        },
        "trans": {
          "x": 1.6734821,
          "y": -3.8227272,
          "z": -2.0344636
        }
      },
      "Blueprint": {
        "PartitionGuid": "eec2dab2-6857-11e1-8bd4-be97e88ecafc",
        "InstanceGuid": "4e966d00-0baf-6cc4-e88e-08a647b8e538"
      },
      "ObjectVariation": null,
      "StreamRealm": "StreamRealm_None",
      "CastSunShadowEnable": true,
      "Excluded": false
    },
    "97009c4d-0406-49e2-b5f6-563625b0df2f": {
      "$type": "ReferenceObjectData",
      "IndexInBlueprint": 8,
      "IsEventConnectionTarget": 3,
      "IsPropertyConnectionTarget": 3,
      "BlueprintTransform": {
        "right": {
          "x": -0.06932989,
          "y": -0.076754406,
          "z": -0.7530768
        },
        "up": {
          "x": 0.7569455,
          "y": 2.6927262E-08,
          "z": -0.069686085
        },
        "forward": {
          "x": 0.0070364755,
          "y": -0.7562614,
          "z": 0.07643124
        },
        "trans": {
          "x": 0.17761146,
          "y": -3.8227272,
          "z": -1.5228808
        }
      },
      "Blueprint": {
        "PartitionGuid": "eec2dab2-6857-11e1-8bd4-be97e88ecafc",
        "InstanceGuid": "4e966d00-0baf-6cc4-e88e-08a647b8e538"
      },
      "ObjectVariation": null,
      "StreamRealm": "StreamRealm_None",
      "CastSunShadowEnable": true,
      "Excluded": false
    },
    "b3e96e44-3acc-0ca7-8270-fe37ad038462": {
      "$type": "SpatialPrefabBlueprint",
      "Name": "XP2/Objects/FactoryCables_01/Corner_Cablage_02",
      "PropertyConnections": [],
      "LinkConnections": [],
      "EventConnections": [],
      "Descriptor": null,
      "NeedNetworkId": false,
      "InterfaceHasConnections": false,
      "AlwaysCreateEntityBusClient": false,
      "AlwaysCreateEntityBusServer": false,
      "Objects": [
        {
          "PartitionGuid": "f13fef00-6769-11e1-b1e6-c9997d1d7793",
          "InstanceGuid": "eedd558c-5145-4e42-a9fa-501f936b62b7"
        },
        {
          "PartitionGuid": "f13fef00-6769-11e1-b1e6-c9997d1d7793",
          "InstanceGuid": "d3d9f6f3-d5e9-49a1-acf9-568167c8a723"
        },
        {
          "PartitionGuid": "f13fef00-6769-11e1-b1e6-c9997d1d7793",
          "InstanceGuid": "072c97cd-2a43-45b7-8507-32d17050e781"
        },
        {
          "PartitionGuid": "f13fef00-6769-11e1-b1e6-c9997d1d7793",
          "InstanceGuid": "fac4eef2-fea8-47ab-ae08-e3b6c95fc370"
        },
        {
          "PartitionGuid": "f13fef00-6769-11e1-b1e6-c9997d1d7793",
          "InstanceGuid": "4fda8d41-a38a-4257-94fe-ebf5f848fdad"
        },
        {
          "PartitionGuid": "f13fef00-6769-11e1-b1e6-c9997d1d7793",
          "InstanceGuid": "39f0176e-c1cd-4996-b453-908244b50196"
        },
        {
          "PartitionGuid": "f13fef00-6769-11e1-b1e6-c9997d1d7793",
          "InstanceGuid": "7ae54a98-6dfe-4ea7-8da4-eb246f317da6"
        },
        {
          "PartitionGuid": "f13fef00-6769-11e1-b1e6-c9997d1d7793",
          "InstanceGuid": "e80b5d95-4076-4bcf-a7a1-f72fe3e8f903"
        },
        {
          "PartitionGuid": "f13fef00-6769-11e1-b1e6-c9997d1d7793",
          "InstanceGuid": "97009c4d-0406-49e2-b5f6-563625b0df2f"
        }
      ]
    },
    "d3d9f6f3-d5e9-49a1-acf9-568167c8a723": {
      "$type": "ReferenceObjectData",
      "IndexInBlueprint": 1,
      "IsEventConnectionTarget": 3,
      "IsPropertyConnectionTarget": 3,
      "BlueprintTransform": {
        "right": {
          "x": -1.0229361,
          "y": 0.0,
          "z": -0.828076
        },
        "up": {
          "x": -0.8280759,
          "y": 0.0,
          "z": 1.0229367
        },
        "forward": {
          "x": 0.0,
          "y": 1.3160962,
          "z": 0.0
        },
        "trans": {
          "x": -0.0016101014,
          "y": -4.057103,
          "z": 0.03777397
        }
      },
      "Blueprint": {
        "PartitionGuid": "bbcc672a-66e3-11e1-b1e6-c9997d1d7793",
        "InstanceGuid": "af669fcf-5124-37b4-fb97-862f0e89c48c"
      },
      "ObjectVariation": null,
      "StreamRealm": "StreamRealm_None",