{
  "Name": "xp2/objects/factorycables_01/mixed_cablage_03",
  "PartitionGuid": "b0f7ecc8-67b5-11e1-b6fe-d044db8c1d89",
  "PrimaryInstanceGuid": "84ea11e0-b6c1-3c61-64aa-bb20b91316fb",
  "Instances": {
    "1ee80711-9d73-4066-8167-5b1e19c26843": {
      "$type": "ReferenceObjectData",
      "IndexInBlueprint": 3,
      "IsEventConnectionTarget": 3,
      "IsPropertyConnectionTarget": 3,
      "BlueprintTransform": {
        "right": {
          "x": 0.6962889,
          "y": -3.2872114E-15,
          "z": 0.41377294
        },
        "up": {
          "x": 0.41377294,
          "y": -3.5404245E-08,
          "z": -0.6962889
        },
        "forward": {
          "x": 1.8086578E-08,
          "y": 0.80995446,
          "z": -3.043576E-08
        },
        "trans": {
          "x": -1.7557122,
          "y": -0.15466927,
          "z": 0.987991
        }
      },
      "Blueprint": {
        "PartitionGuid": "eec2dab2-6857-11e1-8bd4-be97e88ecafc",
        "InstanceGuid": "4e966d00-0baf-6cc4-e88e-08a647b8e538"
      },
      "ObjectVariation": null,
      "StreamRealm": "StreamRealm_None",
      "CastSunShadowEnable": true,
      "Excluded": false
    },
    "3e8c7d83-65aa-458e-8438-45ee383d29f5": {
      "$type": "ReferenceObjectData",
      "IndexInBlueprint": 2,
      "IsEventConnectionTarget": 3,
      "IsPropertyConnectionTarget": 3,
      "BlueprintTransform": {
        "right": {
          "x": -0.8672953,
          "y": -0.019914104,
          "z": -1.1626114
        },
        "up": {
          "x": -0.011907448,
          "y": 1.450471,
          "z": -0.015961962
        },
        "forward": {
          "x": 1.1627209,
          "y": 0.0,
          "z": -0.86737704
        },
        "trans": {
          "x": -0.832366,
          "y": -0.108940125,
          "z": 0.35198784
        }
      },
      "Blueprint": {
        "PartitionGuid": "cd8ed001-66e5-11e1-b1e6-c9997d1d7793",
        "InstanceGuid": "56180eec-72d5-a1eb-6c34-16495f638985"
      },
      "ObjectVariation": null,
      "StreamRealm": "StreamRealm_None",
      "CastSunShadowEnable": true,
      "Excluded": false
    },
    "72632828-4488-40ea-a24b-a0c2ed67b372": {
      "$type": "ReferenceObjectData",
      "IndexInBlueprint": 1,
      "IsEventConnectionTarget": 3,
      "IsPropertyConnectionTarget": 3,
      "BlueprintTransform": {
        "right": {
          "x": 0.5331364,
          "y": -0.07423892,
          "z": 1.0665292
        },
        "up": {
          "x": 0.03434602,
          "y": 1.1923577,
          "z": 0.0658287
        },
        "forward": {
          "x": -1.068558,
          "y": 0.0012851747,
          "z": 0.5342401
        },
        "trans": {
          "x": -0.10975456,
          "y": -0.08151817,
          "z": 1.1565628
        }
      },
      "Blueprint": {
        "PartitionGuid": "ec9447c9-66e5-11e1-b1e6-c9997d1d7793",
        "InstanceGuid": "d9846946-14ea-5e0c-0498-28a4e3b4932a"
      },
      "ObjectVariation": null,
      "StreamRealm": "StreamRealm_None",
      "CastSunShadowEnable": true,
      "Excluded": false
    },
    "84ea11e0-b6c1-3c61-64aa-bb20b91316fb": {
      "$type": "SpatialPrefabBlueprint",
      "Name": "XP2/Objects/FactoryCables_01/Mixed_Cablage_03",
      "PropertyConnections": [],
      "LinkConnections": [],
      "EventConnections": [],
      "Descriptor": null,
      "NeedNetworkId": false,
      "InterfaceHasConnections": false,
      "AlwaysCreateEntityBusClient": false,
      "AlwaysCreateEntityBusServer": false,
      "Objects": [
        {
          "PartitionGuid": "b0f7ecc8-67b5-11e1-b6fe-d044db8c1d89",
          "InstanceGuid": "96eb47f9-d0d9-47cc-a549-a28d028aa713"
        },
        {
          "PartitionGuid": "b0f7ecc8-67b5-11e1-b6fe-d044db8c1d89",
          "InstanceGuid": "72632828-4488-40ea-a24b-a0c2ed67b372"
        },
        {
          "PartitionGuid": "b0f7ecc8-67b5-11e1-b6fe-d044db8c1d89",
          "InstanceGuid": "3e8c7d83-65aa-458e-8438-45ee383d29f5"
        },
        {
          "PartitionGuid": "b0f7ecc8-67b5-11e1-b6fe-d044db8c1d89",
          "InstanceGuid": "1ee80711-9d73-4066-8167-5b1e19c26843"
        },
        {
          "PartitionGuid": "b0f7ecc8-67b5-11e1-b6fe-d044db8c1d89",
          "InstanceGuid": "a25ae00e-5ed0-4888-a1d5-0d00476cfc68"
        }
      ]
    },
    "96eb47f9-d0d9-47cc-a549-a28d028aa713": {
      "$type": "ReferenceObjectData",
      "IndexInBlueprint": 0,
      "IsEventConnectionTarget": 3,
      "IsPropertyConnectionTarget": 3,
      "BlueprintTransform": {
        "right": {
          "x": 1.1428317,
          "y": -0.2083167,
          "z": -1.0745502
        },
        "up": {
          "x": 0.17425656,
          "y": 1.5683302,
          "z": -0.118713856
        },
        "forward": {
          "x": 1.0805962,
          "y": -0.03259356,
          "z": 1.1555809
        },
        "trans": {
          "x": 0.0,
          "y": 0.0,
          "z": 0.0
        }
      },
      "Blueprint": {
        "PartitionGuid": "b5c09b12-66e5-11e1-b1e6-c9997d1d7793",
        "InstanceGuid": "78a32821-8eb9-7a09-e4ce-444abad4e8cb"
      },
      "ObjectVariation": null,
      "StreamRealm": "StreamRealm_None",
      "CastSunShadowEnable": true,
      "Excluded": false
    },
    "a25ae00e-5ed0-4888-a1d5-0d00476cfc68": {
      "$type": "ReferenceObjectData",
      "IndexInBlueprint": 4,
      "IsEventConnectionTarget": 3,
      "IsPropertyConnectionTarget": 3,
      "BlueprintTransform": {
        "right": {
          "x": 0.21965098,
          "y": -0.1703426,
          "z": 0.76076466
        },
        "up": {
          "x": -0.7702818,
          "y": 0.074432656,
          "z": 0.23906495
        },
        "forward": {
          "x": -0.1201903,
          "y": -0.78833324,
          "z": -0.14181358
        },
        "trans": {
          "x": 0.772536,
          "y": -0.15936846,
          "z": 0.4836723
        }
      },
      "Blueprint": {
        "PartitionGuid": "eec2dab2-6857-11e1-8bd4-be97e88ecafc",
        "InstanceGuid": "4e966d00-0baf-6cc4-e88e-08a647b8e538"
      },
      "ObjectVariation": null,
      "StreamRealm": "StreamRealm_None",
      "CastSunShadowEnable": true,
      "Excluded": false
    }
  }
}