{
  "Name": "levels/mp_007/squaddeathmatch/layer2_squaddeathmatch_art",
  "PartitionGuid": "6c159ca5-dd4c-4e62-918a-3ac795667f26",
  "PrimaryInstanceGuid": "a56c0aed-bbb0-4604-8349-cf4069a89021",
  "Instances": {
    "113ca028-5d36-4255-a57a-5ff5f47d5f5d": {
      "$type": "ReferenceObjectData",
      "IndexInBlueprint": 121,
      "IsEventConnectionTarget": 3,
      "IsPropertyConnectionTarget": 3,
      "BlueprintTransform": {
        "right": {
          "x": 0.030488987,
          "y": 1.6367934E-17,
          "z": 0.9995351
        },
        "up": {
          "x": -8.2091E-16,
          "y": 1.0,
          "z": 6.7381566E-16
        },
        "forward": {
          "x": -0.9995351,
          "y": 1.9552366E-14,
          "z": 0.030488987
        },
        "trans": {
          "x": -128.45844,
          "y": 140.04988,
          "z": -81.43357
        }
      },
      "Blueprint": {
        "PartitionGuid": "19b26370-d83f-11df-84e1-e0066802136b",
        "InstanceGuid": "3384b6a4-2905-4c53-066b-574592cc15c2"
      },
      "ObjectVariation": {
        "PartitionGuid": "81659a4c-96a5-11e0-bdf1-ab2dee51d361",
        "InstanceGuid": "f383ab79-4a05-afc7-b069-bb967d63d7a2"
      },
      "StreamRealm": 0,
      "CastSunShadowEnable": true,
      "Excluded": false
    },
    "1dd56dff-0cc1-4f46-80d4-baa125ef213c": {
      "$type": "ReferenceObjectData",
      "IndexInBlueprint": 124,
      "IsEventConnectionTarget": 3,
      "IsPropertyConnectionTarget": 3,
      "BlueprintTransform": {
        "right": {
          "x": -0.6428037,
          "y": 1.6353912E-15,
          "z": -0.76603097
        },
        "up": {
          "x": -8.2091E-16,
          "y": 1.0,
          "z": 6.7381566E-16
        },
        "forward": {
          "x": 0.76603097,
          "y": 6.455852E-17,
          "z": -0.6428037
        },
        "trans": {
          "x": -253.78532,
          "y": 139.97685,
          "z": -97.1542
        }
      },
      "Blueprint": {
        "PartitionGuid": "fc6f81e5-e8b6-11df-a6cc-e237911e6024",
        "InstanceGuid": "0caa342e-97f8-492c-df23-30441404667d"
      },
      "ObjectVariation": null,
      "StreamRealm": 0,
      "CastSunShadowEnable": true,
      "Excluded": false
    },
    "31449c36-5cc0-4b83-a1f2-28afe47f95a2": {
      "$type": "PredestructionEntityData",
      "IndexInBlueprint": 116,
      "IsEventConnectionTarget": 3,
      "IsPropertyConnectionTarget": 3,
      "Transform": {
        "right": {
          "x": 1.0,
          "y": -2.2568975E-15,
          "z": 4.4290585E-09
        },
        "up": {
          "x": 2.7315559E-15,
          "y": 1.0,
          "z": 6.318524E-16
        },
        "forward": {
          "x": 1.4196096E-08,
          "y": 5.005058E-17,
          "z": 1.0
        },
        "trans": {
          "x": -174.86649,
          "y": 143.22491,
          "z": -117.374146
        }
      },
      "Components": [],
      "Enabled": true,
      "RuntimeComponentCount": 0,
      "Radius": 1.0
    },
    "3c5f540c-a636-41f3-b7a0-4d88fe1656b9": {
      "$type": "ReferenceObjectData",
      "IndexInBlueprint": 119,
      "IsEventConnectionTarget": 3,
      "IsPropertyConnectionTarget": 3,
      "BlueprintTransform": {
        "right": {
          "x": 0.99836993,
          "y": 0.032767415,
          "z": -0.04673074
        },
        "up": {
          "x": -0.030751172,
          "y": 0.9985919,
          "z": 0.04322922
        },
        "forward": {
          "x": 0.04808146,
          "y": -0.041721813,
          "z": 0.9979718
        },
        "trans": {
          "x": -169.45303,
          "y": 140.0895,
          "z": -181.7646
        }
      },
      "Blueprint": {
        "PartitionGuid": "1a707199-0364-11de-b228-d0c98d09f591",
        "InstanceGuid": "1a70719a-0364-11de-b228-d0c98d09f591"
      },
      "ObjectVariation": null,
      "StreamRealm": 0,
      "CastSunShadowEnable": true,
      "Excluded": false
    },
    "67e298d4-f7b7-445f-9b08-46e0464f0b55": {
      "$type": "ReferenceObjectData",
      "IndexInBlueprint": 115,
      "IsEventConnectionTarget": 3,
      "IsPropertyConnectionTarget": 3,
      "BlueprintTransform": {
        "right": {
          "x": -0.42644653,
          "y": 0.00011554553,
          "z": 0.90451276
        },
        "up": {
          "x": -4.059996E-05,
          "y": 1.0,
          "z": -0.00014687859
        },
        "forward": {
          "x": -0.90451294,
          "y": -9.935975E-05,
          "z": -0.42644614
        },
        "trans": {
          "x": -166.58957,
          "y": 140.0895,
          "z": -180.11205
        }
      },
      "Blueprint": {
        "PartitionGuid": "1a707199-0364-11de-b228-d0c98d09f591",
        "InstanceGuid": "1a70719a-0364-11de-b228-d0c98d09f591"
      },
      "ObjectVariation": null,
      "StreamRealm": 0,
      "CastSunShadowEnable": true,
      "Excluded": false
    },
    "7254fec9-3bae-492b-93fa-2ca74de9a482": {
      "$type": "ReferenceObjectData",
      "IndexInBlueprint": 122,
      "IsEventConnectionTarget": 3,
      "IsPropertyConnectionTarget": 3,
      "BlueprintTransform": {
        "right": {
          "x": 0.21304116,
          "y": -1.726658E-08,
          "z": -0.9770433
        },
        "up": {
          "x": -3.5556226E-08,
          "y": 1.0,
          "z": -2.5425194E-08
        },
        "forward": {
          "x": 0.9770433,
          "y": 4.0156582E-08,
          "z": 0.21304116
        },
        "trans": {
          "x": -159.88857,
          "y": 140.12355,
          "z": -97.43494
        }
      },
      "Blueprint": {
        "PartitionGuid": "fc6f81e5-e8b6-11df-a6cc-e237911e6024",
        "InstanceGuid": "0caa342e-97f8-492c-df23-30441404667d"
      },
      "ObjectVariation": null,
      "StreamRealm": 0,
      "CastSunShadowEnable": true,
      "Excluded": false
    },
    "7915bfa4-b8b8-4d4b-ad50-4c7890fb7b07": {
      "$type": "ReferenceObjectData",
      "IndexInBlueprint": 120,
      "IsEventConnectionTarget": 3,
      "IsPropertyConnectionTarget": 3,
      "BlueprintTransform": {
        "right": {
          "x": -0.004850088,
          "y": 0.9999285,
          "z": 0.01093328
        },
        "up": {
          "x": -0.99633807,
          "y": -0.005765449,
          "z": 0.08530676
        },
        "forward": {
          "x": 0.08536413,
          "y": -0.010479495,
          "z": 0.99629474
        },
        "trans": {
          "x": -168.27773,
          "y": 140.0895,
          "z": -181.8574
        }
      },
      "Blueprint": {
        "PartitionGuid": "1a707199-0364-11de-b228-d0c98d09f591",
        "InstanceGuid": "1a70719a-0364-11de-b228-d0c98d09f591"
      },
      "ObjectVariation": null,
      "StreamRealm": 0,
      "CastSunShadowEnable": true,
      "Excluded": false
    },
    "971f0ac8-f52c-4baa-9f84-5e0467186e3c": {
      "$type": "PredestructionEntityData",
      "IndexInBlueprint": 118,
      "IsEventConnectionTarget": 3,
      "IsPropertyConnectionTarget": 3,
      "Transform": {
        "right": {
          "x": 0.986661,
          "y": -4.393259E-12,
          "z": 0.16278419
        },
        "up": {
          "x": 4.3753143E-12,
          "y": 1.0,
          "z": 3.5757158E-13
        },
        "forward": {
          "x": -0.16278419,
          "y": 3.3678282E-13,
          "z": 0.986661
        },
        "trans": {
          "x": -43.605442,
          "y": 133.94878,
          "z": -31.638912
        }
      },
      "Components": [],
      "Enabled": true,
      "RuntimeComponentCount": 0,
      "Radius": 1.0
    },
    "a56c0aed-bbb0-4604-8349-cf4069a89021": {
      "$type": "WorldPartData",
      "Name": "Levels/MP_007/SquadDeathmatch_Art",