{
  "Name": "animations/characters/sp/sp_villa/villarail/cars_skeleton",
  "PartitionGuid": "9af3eff0-9268-11e0-ad73-86875a71aaf3",
  "PrimaryInstanceGuid": "67164075-0cdf-e3f7-865e-599af38c7800",
  "Instances": {
    "67164075-0cdf-e3f7-865e-599af38c7800": {
      "$type": "SkeletonAsset",
      "Name": "Animations/Characters/SP/SP_Villa/VillaRail/Cars_Skeleton",
      "BoneNames": [
        "Reference",
        "AITrajectory",
        "car01",
        "car02",
        "Truck03"
      ],
      "Hierarchy": [
        -1,
        0,
        1,
        1,
        1
      ],
      "LocalPose": [
        {
          "right": {
            "x": 1.0,
            "y": 0.0,
            "z": 0.0
          },
          "up": {
            "x": -0.0,
            "y": 1.0,
            "z": 0.0
          },
          "forward": {
            "x": 0.0,
            "y": -0.0,
            "z": 1.0
          },
          "trans": {
            "x": 0.0,
            "y": 0.0,
            "z": 0.0
          }
        },
        {
          "right": {
            "x": 1.0,
            "y": 0.0,
            "z": 0.0
          },
          "up": {
            "x": -0.0,
            "y": 1.0,
            "z": 0.0
          },
          "forward": {
            "x": 0.0,
            "y": -0.0,
            "z": 1.0
          },
          "trans": {
            "x": 0.0,
            "y": 0.0,
            "z": 0.0
          }
        },
        {
          "right": {
            "x": 0.91149354,
            "y": -0.012852465,
            "z": -0.4111135
          },
          "up": {
            "x": -0.0059984946,
            "y": 0.99899,
            "z": -0.044530462
          },
          "forward": {
            "x": 0.4112706,
            "y": 0.043055292,
            "z": 0.9104959
          },
          "trans": {
            "x": 321.49716,
            "y": 376.016,
            "z": -115.76703
          }
        },
        {
          "right": {
            "x": 0.92197937,
            "y": -0.011717456,
            "z": -0.38706166
          },
          "up": {
            "x": -0.00599834,
            "y": 0.99899,
            "z": -0.044530287
          },
          "forward": {
            "x": 0.38719252,
            "y": 0.043377735,
            "z": 0.9209779
          },
          "trans": {
            "x": 316.19742,
            "y": 375.50616,
            "z": -128.27126
          }
        },
        {
          "right": {
            "x": 0.94676155,
            "y": -0.010186176,
            "z": -0.32177445
          },
          "up": {
            "x": -0.010471535,
            "y": 0.9979961,
            "z": -0.06240337
          },
          "forward": {
            "x": 0.3217653,
            "y": 0.062450584,
            "z": 0.94475764
          },
          "trans": {
            "x": 312.1631,
            "y": 374.6741,
            "z": -137.71487
          }
        }
      ],
      "ModelPose": [
        {
          "right": {
            "x": 1.0,
            "y": 0.0,
            "z": 0.0
          },
          "up": {
            "x": 0.0,
            "y": 1.0,
            "z": 0.0
          },
          "forward": {
            "x": 0.0,
            "y": 0.0,
            "z": 1.0
          },
          "trans": {
            "x": 0.0,
            "y": 0.0,
            "z": 0.0
          }
        },
        {
          "right": {
            "x": 1.0,
            "y": 0.0,
            "z": 0.0
          },
          "up": {
            "x": 0.0,
            "y": 1.0,
            "z": 0.0
          },
          "forward": {
            "x": 0.0,
            "y": 0.0,
            "z": 1.0
          },
          "trans": {
            "x": 0.0,
            "y": 0.0,
            "z": 0.0
          }
        },
        {
          "right": {
            "x": 0.91149354,
            "y": -0.012852465,
            "z": -0.4111135
          },
          "up": {
            "x": -0.0059984946,
            "y": 0.99899,
            "z": -0.044530462
          },
          "forward": {
            "x": 0.4112706,
            "y": 0.043055292,
            "z": 0.9104959
          },
          "trans": {
            "x": 321.49716,
            "y": 376.016,
            "z": -115.76703
          }
        },
        {
          "right": {
            "x": 0.92197937,
            "y": -0.011717456,
            "z": -0.38706166
          },
          "up": {
            "x": -0.00599834,
            "y": 0.99899,
            "z": -0.044530287
          },
          "forward": {
            "x": 0.38719252,
            "y": 0.043377735,
            "z": 0.9209779
          },
          "trans": {
            "x": 316.19742,
            "y": 375.50616,
            "z": -128.27126
          }
        },
        {
          "right": {
            "x": 0.94676155,
            "y": -0.010186176,
            "z": -0.32177445
          },
          "up": {
            "x": -0.010471535,
            "y": 0.9979961,
            "z": -0.06240337
          },
          "forward": {
            "x": 0.3217653,
            "y": 0.062450584,
            "z": 0.94475764
          },
          "trans": {
            "x": 312.1631,
            "y": 374.6741,
            "z": -137.71487
          }
        }
      ],
      "WeaponBoneName": "Wep_Root",
      "HeadBoneName": "Head",
      "HipBoneName": "Hips",
      "CameraBoneName": "cameraJoint"
    }
  }
}