{
  "Name": "levels/coop_003/ab00_parent/layer3_ab00_gameplayshapes",
  "PartitionGuid": "4fffbf5e-5b03-4430-a1e0-16f58d281072",
  "PrimaryInstanceGuid": "9f8adca7-fc68-44fa-9a6b-f55ac136d158",
  "Instances": {
    "2e30489b-93ce-4b9c-8416-1fe2631688ab": {
      "$type": "OBBData",
      "IndexInBlueprint": 105,
      "IsEventConnectionTarget": 1,
      "IsPropertyConnectionTarget": 3,
      "Transform": {
        "right": {
          "x": 0.999991,
          "y": 0.0,
          "z": -0.004244131
        },
        "up": {
          "x": 0.0,
          "y": 1.0,
          "z": 0.0
        },
        "forward": {
          "x": 0.00424413,
          "y": 0.0,
          "z": 0.999991
        },
        "trans": {
          "x": -205.09854,
          "y": 67.8908,
          "z": 49.407467
        }
      },
      "HalfExtents": {
        "x": 14.61862,
        "y": 3.3683155,
        "z": 1.7992594
      }
    },
    "7f0d1b25-84e1-4933-8152-520125fbdd59": {
      "$type": "OBBData",
      "IndexInBlueprint": 106,
      "IsEventConnectionTarget": 1,
      "IsPropertyConnectionTarget": 3,
      "Transform": {
        "right": {
          "x": 0.999991,
          "y": 0.0,
          "z": -0.0042441315
        },
        "up": {
          "x": 0.0,
          "y": 1.0,
          "z": 0.0
        },
        "forward": {
          "x": 0.004244129,
          "y": 0.0,
          "z": 0.99999106
        },
        "trans": {
          "x": -205.12057,
          "y": 67.8908,
          "z": 44.246685
        }
      },
      "HalfExtents": {
        "x": 14.61862,
        "y": 3.3683155,
        "z": 2.005284
      }
    },
    "9f8adca7-fc68-44fa-9a6b-f55ac136d158": {
      "$type": "WorldPartData",
      "Name": "Levels/COOP_003/AB00_GameplayShapes",
      "PropertyConnections": [],
      "LinkConnections": [],
      "EventConnections": [],
      "Descriptor": null,
      "NeedNetworkId": false,
      "InterfaceHasConnections": false,
      "AlwaysCreateEntityBusClient": false,
      "AlwaysCreateEntityBusServer": false,
      "Objects": [
        {
          "PartitionGuid": "4fffbf5e-5b03-4430-a1e0-16f58d281072",
          "InstanceGuid": "2e30489b-93ce-4b9c-8416-1fe2631688ab"
        },
        {
          "PartitionGuid": "4fffbf5e-5b03-4430-a1e0-16f58d281072",
          "InstanceGuid": "7f0d1b25-84e1-4933-8152-520125fbdd59"
        }
      ],
      "HackToSolveRealTimeTweakingIssue": "bd727bbf-dc41-87ac-a582-89843223c586",
      "UseDeferredEntityCreation": false,
      "Enabled": true
    }
  }
}