{
  "Name": "levels/coop_003/ab03_parent/layer1_ab03_gameplayshapes",
  "PartitionGuid": "e5a27367-db71-4981-8a23-823e8a5a0cd6",
  "PrimaryInstanceGuid": "9a34265a-df55-47a4-8ccb-6a99b6c9eb8b",
  "Instances": {
    "546dd22a-7dd6-49dc-85c2-41e97a427ad9": {
      "$type": "OBBData",
      "Transform": {
        "right": {
          "x": 0.854179,
          "y": 0.0,
          "z": -0.519979
        },
        "up": {
          "x": 0.0,
          "y": 1.0,
          "z": 0.0
        },
        "forward": {
          "x": 0.519979,
          "y": 0.0,
          "z": 0.854179
        },
        "trans": {
          "x": 268.36227,
          "y": 64.76437,
          "z": 0.41732067
        }
      },
      "HalfExtents": {
        "x": 11.9061,
        "y": 3.5565958,
        "z": 7.9641585
      },
      "IndexInBlueprint": 84,
      "IsEventConnectionTarget": 1,
      "IsPropertyConnectionTarget": 3
    },
    "8175e773-971a-41de-8620-0a9e11e5960e": {
      "$type": "OBBData",
      "Transform": {
        "right": {
          "x": -0.046099767,
          "y": 0.0,
          "z": -0.99893683
        },
        "up": {
          "x": 0.0,
          "y": 1.0,
          "z": 0.0
        },
        "forward": {
          "x": 0.9989369,
          "y": 0.0,
          "z": -0.046099693
        },
        "trans": {
          "x": 265.94864,
          "y": 59.94325,
          "z": 48.14858
        }
      },
      "HalfExtents": {
        "x": 15.431332,
        "y": 3.4073431,
        "z": 12.340652
      },
      "IndexInBlueprint": 85,
      "IsEventConnectionTarget": 1,
      "IsPropertyConnectionTarget": 3
    },
    "26a8c325-004d-4bfb-840d-efe5b580069a": {
      "$type": "OBBData",
      "Transform": {
        "right": {
          "x": 0.12814288,
          "y": 0.0,
          "z": -0.9917557
        },
        "up": {
          "x": 0.0,
          "y": 1.0,
          "z": 0.0
        },
        "forward": {
          "x": 0.9917557,
          "y": 0.0,
          "z": 0.128143
        },
        "trans": {
          "x": 298.8376,
          "y": 66.02423,
          "z": 35.881866
        }
      },
      "HalfExtents": {
        "x": 15.929064,
        "y": 2.0185199,
        "z": 17.827019
      },
      "IndexInBlueprint": 86,
      "IsEventConnectionTarget": 1,
      "IsPropertyConnectionTarget": 3
    },
    "f95dbca1-a87d-46dd-b7d9-761efbb8cf5f": {
      "$type": "OBBData",
      "Transform": {
        "right": {
          "x": 0.12814288,
          "y": 0.0,
          "z": -0.9917557
        },
        "up": {
          "x": 0.0,
          "y": 1.0,
          "z": 0.0
        },
        "forward": {
          "x": 0.9917557,
          "y": 0.0,
          "z": 0.12814294
        },
        "trans": {
          "x": 310.84195,
          "y": 66.12096,
          "z": 25.333557
        }
      },
      "HalfExtents": {
        "x": 10.532182,
        "y": 2.0185199,
        "z": 7.2206635
      },
      "IndexInBlueprint": 87,
      "IsEventConnectionTarget": 1,
      "IsPropertyConnectionTarget": 3
    },
    "51d0d074-d0cc-45e7-aa3e-42487c95ecfb": {
      "$type": "OBBData",
      "Transform": {
        "right": {
          "x": 0.12814291,
          "y": 0.0,
          "z": -0.9917558
        },
        "up": {
          "x": 0.0,
          "y": 1.0,
          "z": 0.0
        },
        "forward": {
          "x": 0.9917557,
          "y": 0.0,
          "z": 0.12814288
        },
        "trans": {
          "x": 314.67627,
          "y": 72.03279,
          "z": 45.382343
        }
      },
      "HalfExtents": {
        "x": 13.2295885,
        "y": 2.8116868,
        "z": 6.767915
      },
      "IndexInBlueprint": 88,
      "IsEventConnectionTarget": 1,
      "IsPropertyConnectionTarget": 3
    },
    "078d1e9e-211a-4319-9655-728f96aee39e": {
      "$type": "OBBData",
      "Transform": {
        "right": {
          "x": 0.85968506,
          "y": 0.0,
          "z": -0.5108244
        },
        "up": {
          "x": 0.0,
          "y": 1.0,
          "z": 0.0
        },
        "forward": {
          "x": 0.51082444,
          "y": 0.0,
          "z": 0.8596851
        },
        "trans": {
          "x": 152.30739,
          "y": 75.39541,
          "z": 34.29635
        }
      },
      "HalfExtents": {
        "x": 46.28919,
        "y": 10.983037,
        "z": 34.885685
      },
      "IndexInBlueprint": 91,
      "IsEventConnectionTarget": 2,
      "IsPropertyConnectionTarget": 3
    },
    "d45ddd08-0353-4876-aa69-f439b45fb581": {
      "$type": "SphereData",
      "IsEventConnectionTarget": 3,
      "IsPropertyConnectionTarget": 3,
      "IndexInBlueprint": 83,
      "Position": {
        "x": 152.13652,
        "y": 77.91993,
        "z": 19.97783
      },
      "Radius": 3.7409308
    },
    "7d3c9482-f538-4887-909d-341bad19a1a6": {
      "$type": "VolumeVectorShapeData",
      "Height": 5.1,
      "Points": [
        {
          "x": 319.0462,
          "y": 69.36837,
          "z": 54.05123
        },
        {
          "x": 309.28433,
          "y": 69.36837,
          "z": 52.740414
        },
        {
          "x": 312.18616,
          "y": 69.36837,
          "z": 36.717506
        },
        {
          "x": 321.37946,
          "y": 69.36837,
          "z": 38.056328
        }
      ],
      "Normals": [
        {
          "x": 0.0,
          "y": 1.0,
          "z": 0.0
        },
        {
          "x": 0.0,
          "y": 1.0,
          "z": 0.0
        },
        {
          "x": 0.0,
          "y": 1.0,
          "z": 0.0
        },
        {
          "x": 0.0,
          "y": 1.0,
          "z": 0.0
        }
      ],
      "Tension": 0.0,
      "IsClosed": true,
      "AllowRoll": false,
      "IndexInBlueprint": 89,
      "IsEventConnectionTarget": 1,
      "IsPropertyConnectionTarget": 3
    },
    "5dec7e90-124d-4df5-aead-4a02a074d747": {
      "$type": "VolumeVectorShapeData",
      "Height": 20.0,
      "Points": [
        {
          "x": 164.83148,
          "y": 64.15066,
          "z": 4.389661
        },
        {
          "x": 136.80151,
          "y": 64.15066,
          "z": 19.218245
        },
        {
          "x": 127.45891,
          "y": 64.15066,
          "z": 3.411594
        },
        {
          "x": 124.30863,
          "y": 64.15066,
          "z": 5.2831964
        },
        {
          "x": 138.57568,
          "y": 64.15066,
          "z": 32.06634
        },
        {
          "x": 118.525085,
          "y": 64.15066,
          "z": 43.32871
        },
        {
          "x": 137.04028,
          "y": 64.15066,
          "z": 74.37571
        },
        {
          "x": 174.38708,
          "y": 64.15066,
          "z": 51.198284
        },
        {
          "x": 186.97397,
          "y": 64.15066,
          "z": 45.704914
        },
        {
          "x": 195.47316,
          "y": 64.15066,
          "z": 27.488842
        },
        {
          "x": 186.19595,
          "y": 64.15066,
          "z": 8.262803
        },
        {
          "x": 173.79779,
          "y": 64.15066,
          "z": 15.591292
        },
        {
          "x": 171.2684,
          "y": 64.15066,
          "z": 11.186992
        },
        {
          "x": 168.2686,
          "y": 64.15066,
          "z": 10.270625
        }
      ],
      "Normals": [
        {
          "x": 0.0,
          "y": 1.0,
          "z": 0.0
        },
        {
          "x": 0.0,
          "y": 1.0,
          "z": 0.0
        },
        {
          "x": 0.0,
          "y": 1.0,
          "z": 0.0
        },
        {
          "x": 0.0,