{
  "Name": "fx/ambient/levelspecific/sp_tank/ammodump/em_sptank_lowend_ammodump_mainparent",
  "PartitionGuid": "22f86b24-9ff2-4559-976e-46da7504b32d",
  "PrimaryInstanceGuid": "041211ba-0448-4370-b63d-f1bd610f426b",
  "Instances": {
    "041211ba-0448-4370-b63d-f1bd610f426b": {
      "$type": "EmitterTemplateData",
      "PointLightIntensity": {
        "x": 0.0,
        "y": 0.8862693,
        "z": -1.8847846,
        "w": 0.99
      },
      "PointLightPivot": {
        "x": 0.0,
        "y": 0.0,
        "z": 0.0
      },
      "PointLightColor": {
        "x": 400.0,
        "y": 74.892,
        "z": 5.724
      },
      "MaxCount": 2,
      "Name": "FX/Ambient/LevelSpecific/SP_Tank/AmmoDump/Em_SPTank_LowEnd_AmmoDump_MainParent",
      "TimeScale": 1.0,
      "LifetimeFrameCount": 0,
      "Lifetime": 1.0,
      "RootProcessor": {
        "PartitionGuid": "22f86b24-9ff2-4559-976e-46da7504b32d",
        "InstanceGuid": "9d70d04a-5beb-41f6-a20c-bb0dc18550c5"
      },
      "VisibleAfterDistance": 0.0,
      "ZOcclusionLookup": [
        0.12121582,
        0.12121582,
        0.12121582,
        0.12121582,
        0.12121582,
        0.12121582,
        0.12121582,
        0.12121582,
        0.12121582,
        0.12121582,
        0.12121582,
        0.12121582,
        0.12121582,
        0.12121582,
        0.12121582,
        0.12121582,
        0.12121582,
        0.12121582,
        0.12121582,
        0.12121582,
        0.12121582,
        0.12121582,
        0.12121582,
        0.12121582,
        0.12121582,
        0.12121582,
        0.12121582,
        0.12121582,
        0.12121582,
        0.12121582,
        0.12121582,
        0.12121582,
        0.12121582
      ],
      "EmittableType": "ScreenAlignedQuad",
      "Mesh": null,
      "DistanceScaleNearValue": 1.0,
      "PointLightRadius": 50.0,
      "VertexPixelLightingBlendFactor": 0.0,
      "GlobalLocalNormalBlendFactor": 0.0,
      "SoftParticlesFadeDistanceMultiplier": 0.0,
      "LightWrapAroundFactor": 0.5,
      "LightMultiplier": 1.0,
      "DistanceScaleFarValue": 3.0,
      "PointLightRandomIntensityMin": 1.0,
      "MeshCullingDistance": 0.0,
      "PointLightRandomIntensityMax": 1.0,
      "MaxSpawnDistance": 0.0,
      "MinScreenArea": 1.0,
      "DistanceScaleLength": 500.0,
      "PointLightMaxClamp": 1.0,
      "ParticleCullingFactor": 0.8,
      "PointLightMinClamp": 0.0,
      "FollowSpawnSource": false,
      "RepeatParticleSpawning": false,
      "Emissive": false,
      "ExclusionVolumeCullEnable": false,
      "TransparencySunShadowEnable": false,
      "ForceFullRes": false,
      "LocalSpace": false,
      "Opaque": true,
      "ActAsPointLight": true,
      "KillParticlesWithEmitter": false,
      "ForceNiceSorting": false
    },
    "1fbaefdb-514e-4a11-96e9-0f77060e4a4e": {
      "$type": "AirResistanceData",
      "DefaultValues": {
        "x": 1.0,
        "y": 1.0,
        "z": 1.0,
        "w": 1.0
      },
      "NextProcessor": {
        "PartitionGuid": "22f86b24-9ff2-4559-976e-46da7504b32d",
        "InstanceGuid": "f1c839b2-02ea-45f8-9576-a6985010f558"
      },
      "Pre": {
        "PartitionGuid": "22f86b24-9ff2-4559-976e-46da7504b32d",
        "InstanceGuid": "287eb13c-c6e7-4a83-a824-b5d00b68d0fa"
      },
      "EvaluatorInput": "EfNormTime",
      "Enable": true,
      "DragFactor": 1.0
    },
    "2241b999-62f7-4512-8de8-afb1130c3794": {
      "$type": "TurbulanceData",
      "DefaultValues": {
        "x": 1.0,
        "y": 1.0,
        "z": 1.0,
        "w": 1.0
      },
      "NextProcessor": {
        "PartitionGuid": "22f86b24-9ff2-4559-976e-46da7504b32d",
        "InstanceGuid": "f57e400a-46f2-4187-85e8-3e4ec549b624"
      },
      "Pre": null,
      "EvaluatorInput": "EfNormTime",
      "Enable": true,
      "Intensity": 4.0
    },
    "287eb13c-c6e7-4a83-a824-b5d00b68d0fa": {
      "$type": "PolynomialData",
      "EmitterParameter": "EmitterParameterNone",
      "Coefficients": {
        "x": 0.0,
        "y": -1.1933336,
        "z": 2.1783335,
        "w": 0.0
      },
      "ScaleValue": 1.0,
      "MinClamp": 0.0,
      "MaxClamp": 1.0
    },
    "379ba947-edee-a973-ad50-0f47002a7fd8": {
      "$type": "UpdateTransparencyData",
      "DefaultValues": {
        "x": 1.0,
        "y": 1.0,
        "z": 1.0,
        "w": 1.0
      },
      "NextProcessor": {
        "PartitionGuid": "22f86b24-9ff2-4559-976e-46da7504b32d",
        "InstanceGuid": "872913f5-189a-0c99-4504-b62818aaacc7"
      },
      "Pre": null,
      "EvaluatorInput": "EfNormTime",
      "Enable": true,
      "CullThreshold": 0.2
    },
    "4ac4252d-20e1-2001-22a6-b7cba5ef3f5d": {
      "$type": "UpdateOrientationData",
      "DefaultValues": {
        "x": 1.0,
        "y": 1.0,
        "z": 1.0,
        "w": 1.0
      },
      "NextProcessor": {
        "PartitionGuid": "22f86b24-9ff2-4559-976e-46da7504b32d",
        "InstanceGuid": "e0673591-19ab-608e-cca0-77f69c4975e8"
      },
      "Pre": null,
      "EvaluatorInput": "EfNormTime",
      "Enable": true
    },
    "5bab246b-a7ad-4584-a76a-09bfa594611b": {
      "$type": "SpawnSizeData",
      "DefaultValues": {
        "x": 1.0,
        "y": 1.0,
        "z": 1.0,
        "w": 1.0
      },
      "NextProcessor": {
        "PartitionGuid": "22f86b24-9ff2-4559-976e-46da7504b32d",
        "InstanceGuid": "1fbaefdb-514e-4a11-96e9-0f77060e4a4e"
      },
      "Pre": null,
      "EvaluatorInput": "EfOne",
      "Enable": true,
      "Size": 0.0001
    },
    "5daaeafe-69d7-a058-8af2-5fa73b9820a9": {
      "$type": "UpdateClipScaleData",
      "DefaultValues": {
        "x": 1.0,
        "y": 1.0,
        "z": 1.0,
        "w": 1.0
      },
      "NextProcessor": {
        "PartitionGuid": "22f86b24-9ff2-4559-976e-46da7504b32d",
        "InstanceGuid": "be78490a-d608-0679-8a2c-9f28bfc20901"
      },
      "Pre": null,
      "EvaluatorInput": "EfNormTime",
      "Enable": true,