{
  "Name": "levels/xp1_001/tdm/layer3_tdm_objects",
  "PartitionGuid": "4850d3b6-87ab-4754-a426-642fecb8025e",
  "PrimaryInstanceGuid": "ea5f9199-c4a4-4133-a097-f9c5d03bcae5",
  "Instances": {
    "13581d4c-3e89-4d31-9f03-796f5c8753a6": {
      "$type": "EffectReferenceObjectData",
      "IndexInBlueprint": 45,
      "IsEventConnectionTarget": 3,
      "IsPropertyConnectionTarget": 3,
      "BlueprintTransform": {
        "right": {
          "x": 0.75203246,
          "y": 0.017373037,
          "z": 0.658897
        },
        "up": {
          "x": -0.01960549,
          "y": 0.99979985,
          "z": -0.0039848196
        },
        "forward": {
          "x": -0.6588343,
          "y": -0.009921284,
          "z": 0.75222254
        },
        "trans": {
          "x": -249.47327,
          "y": 156.2429,
          "z": -48.28144
        }
      },
      "Blueprint": {
        "PartitionGuid": "e375b6d1-ebb3-11dd-9b7a-8baba5e8173f",
        "InstanceGuid": "e375b6d2-ebb3-11dd-9b7a-8baba5e8173f"
      },
      "ObjectVariation": null,
      "StreamRealm": 0,
      "CastSunShadowEnable": true,
      "Excluded": false,
      "AutoStart": true
    },
    "44d3f3c7-7db9-431d-8d91-bddae6100008": {
      "$type": "ReferenceObjectData",
      "IndexInBlueprint": 46,
      "IsEventConnectionTarget": 3,
      "IsPropertyConnectionTarget": 3,
      "BlueprintTransform": {
        "right": {
          "x": 0.022748813,
          "y": -0.10906658,
          "z": 0.9937741
        },
        "up": {
          "x": 0.002257101,
          "y": 0.99403447,
          "z": 0.10904348
        },
        "forward": {
          "x": -0.9997387,
          "y": -0.00023754529,
          "z": 0.022859192
        },
        "trans": {
          "x": -178.02592,
          "y": 155.8108,
          "z": 39.1891
        }
      },
      "Blueprint": {
        "PartitionGuid": "d6744edb-455c-41b1-94ec-602eba905ab1",
        "InstanceGuid": "22d72f0c-c753-4eb5-aa3f-33deaf844f4b"
      },
      "ObjectVariation": null,
      "StreamRealm": 0,
      "CastSunShadowEnable": false,
      "Excluded": false
    },
    "5afb3e4c-fc30-44bf-b6f7-c57eeaa4037f": {
      "$type": "EffectReferenceObjectData",
      "IndexInBlueprint": 41,
      "IsEventConnectionTarget": 3,
      "IsPropertyConnectionTarget": 3,
      "BlueprintTransform": {
        "right": {
          "x": 0.33401737,
          "y": 2.7431026E-09,
          "z": 0.94256693
        },
        "up": {
          "x": 9.30127E-10,
          "y": 1.0,
          "z": 1.3052391E-09
        },
        "forward": {
          "x": -0.94256693,
          "y": 8.177401E-11,
          "z": 0.33401737
        },
        "trans": {
          "x": -205.3998,
          "y": 156.4919,
          "z": 75.02965
        }
      },
      "Blueprint": {
        "PartitionGuid": "e375b6d1-ebb3-11dd-9b7a-8baba5e8173f",
        "InstanceGuid": "e375b6d2-ebb3-11dd-9b7a-8baba5e8173f"
      },
      "ObjectVariation": null,
      "StreamRealm": 0,
      "CastSunShadowEnable": true,
      "Excluded": false,
      "AutoStart": true
    },
    "875af7a7-1ed6-49d4-aa0f-cb4227b03510": {
      "$type": "ReferenceObjectData",
      "IndexInBlueprint": 40,
      "IsEventConnectionTarget": 3,
      "IsPropertyConnectionTarget": 3,
      "BlueprintTransform": {
        "right": {
          "x": -0.91825444,
          "y": 0.06888689,
          "z": 0.38995308
        },
        "up": {
          "x": 0.025441624,
          "y": 0.99298114,
          "z": -0.11550488
        },
        "forward": {
          "x": -0.39517274,
          "y": -0.09614185,
          "z": -0.9135619
        },
        "trans": {
          "x": -203.95045,
          "y": 156.3814,
          "z": 76.51909
        }
      },
      "Blueprint": {
        "PartitionGuid": "ce9d7926-ddee-4501-bfd7-e619cc7c670f",
        "InstanceGuid": "f6f9bce5-dce2-454f-9460-aca58fddf7a7"
      },
      "ObjectVariation": {
        "PartitionGuid": "6e204e61-daff-11e0-9bc7-ff9bc66ff88d",
        "InstanceGuid": "91c7c26f-eb2e-0ba7-be0c-9aeaab8868ab"
      },
      "StreamRealm": 0,
      "CastSunShadowEnable": true,
      "Excluded": false
    },
    "cf754e6b-10f2-4e93-9613-541f0800ed2f": {
      "$type": "ReferenceObjectData",
      "IndexInBlueprint": 39,
      "IsEventConnectionTarget": 3,
      "IsPropertyConnectionTarget": 3,
      "BlueprintTransform": {
        "right": {
          "x": 0.2627727,
          "y": 0.0,
          "z": 0.9648578
        },
        "up": {
          "x": 0.0,
          "y": 1.0,
          "z": 0.0
        },
        "forward": {
          "x": -0.9648578,
          "y": 0.0,
          "z": 0.2627727
        },
        "trans": {
          "x": -212.83289,
          "y": 155.7811,
          "z": -71.22892
        }
      },
      "Blueprint": {
        "PartitionGuid": "75823ac9-ee85-11df-a325-c56665d6623b",
        "InstanceGuid": "ce4a82c0-330f-279e-e4ab-38d2bd12e87d"
      },
      "ObjectVariation": null,
      "StreamRealm": 0,
      "CastSunShadowEnable": true,
      "Excluded": false
    },
    "d1f97534-b039-4e38-875e-5eb3693600c1": {
      "$type": "EffectReferenceObjectData",
      "IndexInBlueprint": 43,
      "IsEventConnectionTarget": 3,
      "IsPropertyConnectionTarget": 3,
      "BlueprintTransform": {
        "right": {
          "x": -0.41355163,
          "y": 2.7431026E-09,
          "z": -0.9104807
        },
        "up": {
          "x": -1.038544E-09,
          "y": 1.0,
          "z": -1.2207422E-09
        },
        "forward": {
          "x": 0.9104807,
          "y": 8.177408E-11,
          "z": -0.41355163
        },
        "trans": {
          "x": -157.84787,
          "y": 156.29718,
          "z": -81.59135
        }
      },
      "Blueprint": {
        "PartitionGuid": "e375b6d1-ebb3-11dd-9b7a-8baba5e8173f",
        "InstanceGuid": "e375b6d2-ebb3-11dd-9b7a-8baba5e8173f"
      },
      "ObjectVariation": null,
      "StreamRealm": 0,
      "CastSunShadowEnable": true,
      "Excluded": false,
      "AutoStart": true
    },
    "db913036-b024-49e2-91e3-caaa474d0ca2": {
      "$type": "ReferenceObjectData",
      "IndexInBlueprint": 44,
      "IsEventConnectionTarget": 3,
      "IsPropertyConnectionTarget": 3,
      "BlueprintTransform": {
        "right": {
          "x": 0.8805359,
          "y": 0.096321315,
          "z": -0.46408924
        },
        "up": {
          "x": -0.082477845,
          "y": 0.99533325,
          "z": 0.050091892
        },
        "forward": {
          "x": 0.46674827,
          "y": -0.0058306437,
          "z": 0.884371
        },
        "trans": {
          "x": -154.95107,
          "y": 155.84355,
          "z": -81.45067
        }
      },
      "Blueprint": {
        "PartitionGuid": "ce9d7926-ddee-4501-bfd7-e619cc7c670f",
        "InstanceGuid": "f6f9bce5-dce2-454f-9460-aca58fddf7a7"
      },
      "ObjectVariation": {
        "PartitionGuid": "6e204e61-daff-11e0-9bc7-ff9bc66ff88d",
        "InstanceGuid": "91c7c26f-eb2e-0ba7-be0c-9aeaab8868ab"
      },
      "StreamRealm": 0,
      "CastSunShadowEnable": true,
      "Excluded": false
    },
    "dd9c6de1-ec41-4516-86a6-f41e65a46323": {
      "$type": "EffectReferenceObjectData",
      "IndexInBlueprint": 47,
      "IsEventConnectionTarget": 3,
      "IsPropertyConnectionTarget": 3,
      "BlueprintTransform": {
        "right": {
          "x": 0.3340174,
          "y": 2.7431026E-09,
          "z": 0.94256693
        },
        "up": {
          "x": 9.30127E-10,
          "y": 1.0,
          "z": 1.305239E-09
        },
        "forward": {
          "x": -0.94256693,
          "y": 8.177408E-11,
          "z": 0.3340174
        },