{
  "Name": "levels/mp_003/prefabs/monumentlamp_01_destructible",
  "PartitionGuid": "b97fb640-dae9-4d2d-ad3d-8fa98ab9df27",
  "PrimaryInstanceGuid": "fd731ddc-94f7-45f8-8084-141013021084",
  "Instances": {
    "bc8023fb-ba69-40f9-90bd-0156ce2ef433": {
      "$type": "EffectReferenceObjectData",
      "AutoStart": true,
      "BlueprintTransform": {
        "right": {
          "x": 0.118952096,
          "y": -0.06526476,
          "z": -0.9907526
        },
        "up": {
          "x": 0.51446366,
          "y": 0.8574959,
          "z": 0.0052811024
        },
        "forward": {
          "x": 0.84922165,
          "y": -0.51033443,
          "z": 0.13557728
        },
        "trans": {
          "x": -0.7947382,
          "y": -0.09628993,
          "z": -0.062503554
        }
      },
      "Blueprint": {
        "PartitionGuid": "1f986dbb-4c3b-430e-829e-59da45042142",
        "InstanceGuid": "ca5003a2-7fde-4ca2-80e8-1543e84465ac"
      },
      "ObjectVariation": null,
      "StreamRealm": 0,
      "CastSunShadowEnable": true,
      "Excluded": false,
      "IndexInBlueprint": 1,
      "IsEventConnectionTarget": 3,
      "IsPropertyConnectionTarget": 3
    },
    "17bba427-69cf-41ee-814b-f3d97bf07863": {
      "$type": "InterfaceDescriptorData",
      "InputEvents": [
        {
          "Id": -117303631
        }
      ],
      "OutputEvents": [
        {
          "Id": -1452333337
        }
      ],
      "InputLinks": [],
      "OutputLinks": [],
      "Fields": []
    },
    "93f3ca70-6773-4a09-a1cf-cab577e4e21f": {
      "$type": "ReferenceObjectData",
      "BlueprintTransform": {
        "right": {
          "x": 1.0,
          "y": 1.3234927E-10,
          "z": 3.2049113E-20
        },
        "up": {
          "x": -1.3234927E-10,
          "y": 1.0,
          "z": -1.4273532E-37
        },
        "forward": {
          "x": -3.2049113E-20,
          "y": -4.2416768E-30,
          "z": 1.0
        },
        "trans": {
          "x": 0.0,
          "y": 0.0,
          "z": 0.0
        }
      },
      "Blueprint": {
        "PartitionGuid": "dbe5e282-635c-4f4d-a40c-7950b2974698",
        "InstanceGuid": "df8b545a-4206-4442-85c2-1dfcd5f0ff99"
      },
      "ObjectVariation": null,
      "StreamRealm": 0,
      "CastSunShadowEnable": true,
      "Excluded": false,
      "IndexInBlueprint": 2,
      "IsEventConnectionTarget": 2,
      "IsPropertyConnectionTarget": 3
    },
    "fd731ddc-94f7-45f8-8084-141013021084": {
      "$type": "SpatialPrefabBlueprint",
      "Name": "Levels/MP_003/Prefabs/MonumentLamp_01_Destructible",
      "PropertyConnections": [],
      "LinkConnections": [],
      "EventConnections": [
        {
          "Source": {
            "PartitionGuid": "b97fb640-dae9-4d2d-ad3d-8fa98ab9df27",
            "InstanceGuid": "93f3ca70-6773-4a09-a1cf-cab577e4e21f"
          },
          "Target": {
            "PartitionGuid": "b97fb640-dae9-4d2d-ad3d-8fa98ab9df27",
            "InstanceGuid": "17bba427-69cf-41ee-814b-f3d97bf07863"
          },
          "SourceEvent": {
            "Id": 1630515206
          },
          "TargetEvent": {
            "Id": -1452333337
          },
          "TargetType": 1
        },
        {
          "Source": {
            "PartitionGuid": "b97fb640-dae9-4d2d-ad3d-8fa98ab9df27",
            "InstanceGuid": "93f3ca70-6773-4a09-a1cf-cab577e4e21f"
          },
          "Target": {
            "PartitionGuid": "b97fb640-dae9-4d2d-ad3d-8fa98ab9df27",
            "InstanceGuid": "7b4e483a-4a6a-4acd-9223-5e5df3e3db2f"
          },
          "SourceEvent": {
            "Id": 1630515206
          },
          "TargetEvent": {
            "Id": -117303631
          },
          "TargetType": 2
        },
        {
          "Source": {
            "PartitionGuid": "b97fb640-dae9-4d2d-ad3d-8fa98ab9df27",
            "InstanceGuid": "17bba427-69cf-41ee-814b-f3d97bf07863"
          },
          "Target": {
            "PartitionGuid": "b97fb640-dae9-4d2d-ad3d-8fa98ab9df27",
            "InstanceGuid": "93f3ca70-6773-4a09-a1cf-cab577e4e21f"
          },
          "SourceEvent": {
            "Id": -117303631
          },
          "TargetEvent": {
            "Id": -117303631
          },
          "TargetType": 1
        },
        {
          "Source": {
            "PartitionGuid": "b97fb640-dae9-4d2d-ad3d-8fa98ab9df27",
            "InstanceGuid": "93f3ca70-6773-4a09-a1cf-cab577e4e21f"
          },
          "Target": {
            "PartitionGuid": "b97fb640-dae9-4d2d-ad3d-8fa98ab9df27",
            "InstanceGuid": "7b4e483a-4a6a-4acd-9223-5e5df3e3db2f"
          },
          "SourceEvent": {
            "Id": -62145612
          },
          "TargetEvent": {
            "Id": -117303631
          },
          "TargetType": 2
        }
      ],
      "Descriptor": {
        "PartitionGuid": "b97fb640-dae9-4d2d-ad3d-8fa98ab9df27",
        "InstanceGuid": "17bba427-69cf-41ee-814b-f3d97bf07863"
      },
      "NeedNetworkId": false,
      "InterfaceHasConnections": true,
      "AlwaysCreateEntityBusClient": false,
      "AlwaysCreateEntityBusServer": false,
      "Objects": [
        {
          "PartitionGuid": "b97fb640-dae9-4d2d-ad3d-8fa98ab9df27",
          "InstanceGuid": "7b4e483a-4a6a-4acd-9223-5e5df3e3db2f"
        },
        {
          "PartitionGuid": "b97fb640-dae9-4d2d-ad3d-8fa98ab9df27",
          "InstanceGuid": "bc8023fb-ba69-40f9-90bd-0156ce2ef433"
        },
        {
          "PartitionGuid": "b97fb640-dae9-4d2d-ad3d-8fa98ab9df27",
          "InstanceGuid": "93f3ca70-6773-4a09-a1cf-cab577e4e21f"
        }
      ]
    },
    "7b4e483a-4a6a-4acd-9223-5e5df3e3db2f": {
      "$type": "SpotLightEntityData",
      "Shape": 0,
      "ConeInnerAngle": 35.089,
      "ConeOuterAngle": 70.0,
      "FrustumFov": 40.0,
      "FrustumAspect": 1.0,
      "OrthoWidth": 5.0,
      "OrthoHeight": 5.0,
      "Texture": null,
      "CastShadowsMinLevel": 0,
      "CastShadowsEnable": false,
      "Color": {
        "x": 0.741,
        "y": 1.0,
        "z": 0.605
      },
      "ParticleColorScale": {
        "x": 1.0,
        "y": 1.0,
        "z": 1.0
      },
      "EnlightenColorScale": {
        "x": 1.0,
        "y": 1.0,
        "z": 1.0
      },
      "Radius": 25.0,
      "Intensity": 50.0,
      "AttenuationOffset": 0.01,
      "EnlightenColorMode": 0,
      "EnlightenEnable": false,
      "Visible": true,
      "SpecularEnable": false,
      "Transform": {
        "right": {
          "x": 0.68405384,
          "y": -0.72943145,
          "z": 3.188446E-08
        },
        "up": {
          "x": 9.55512E-16,
          "y": -4.371139E-08,
          "z": -1.0
        },
        "forward": {
          "x": 0.72943145,
          "y": 0.68405384,
          "z": -2.9900942E-08
        },
        "trans": {
          "x": -0.49316382,
          "y": 0.20565516,
          "z": 0.01170158
        }
      },
      "IndexInBlueprint": 0,
      "IsEventConnectionTarget": 0,
      "IsPropertyConnectionTarget": 3
    }
  }
}