{
  "Name": "levels/mp_003/prefabs/streetlight_01_light",
  "PartitionGuid": "b9bb039a-608b-476c-89fc-e66170504cb9",
  "PrimaryInstanceGuid": "63503294-a9c1-48df-b4fc-cb4453365fb4",
  "Instances": {
    "e2d366cf-b9a8-41f1-be70-1a5c8cf059a5": {
      "$type": "EffectReferenceObjectData",
      "AutoStart": true,
      "BlueprintTransform": {
        "right": {
          "x": -0.9941303,
          "y": -0.10724292,
          "z": -0.01427219
        },
        "up": {
          "x": -0.10737188,
          "y": 0.99418175,
          "z": 0.008597689
        },
        "forward": {
          "x": 0.013267108,
          "y": 0.010079653,
          "z": -0.9998611
        },
        "trans": {
          "x": 3.9251106,
          "y": 14.160139,
          "z": -0.081625655
        }
      },
      "Blueprint": {
        "PartitionGuid": "1f986dbb-4c3b-430e-829e-59da45042142",
        "InstanceGuid": "ca5003a2-7fde-4ca2-80e8-1543e84465ac"
      },
      "ObjectVariation": null,
      "StreamRealm": 0,
      "CastSunShadowEnable": true,
      "Excluded": false,
      "IndexInBlueprint": 1,
      "IsEventConnectionTarget": 0,
      "IsPropertyConnectionTarget": 3
    },
    "88461add-8d26-42af-bbcf-464c15a4f8d3": {
      "$type": "InterfaceDescriptorData",
      "InputEvents": [],
      "OutputEvents": [
        {
          "Id": -1452333337
        }
      ],
      "InputLinks": [],
      "OutputLinks": [],
      "Fields": []
    },
    "e7e7eba2-7cad-4a65-96f2-8c610b558f8d": {
      "$type": "ReferenceObjectData",
      "BlueprintTransform": {
        "right": {
          "x": 0.0,
          "y": 0.0,
          "z": -1.5625136
        },
        "up": {
          "x": -0.34546098,
          "y": 1.4304118,
          "z": 0.0
        },
        "forward": {
          "x": 1.4304117,
          "y": 0.34546146,
          "z": 0.0
        },
        "trans": {
          "x": 3.974131,
          "y": 13.701333,
          "z": -0.058890995
        }
      },
      "Blueprint": {
        "PartitionGuid": "b2c6ddef-c9a4-11e0-b3ae-955d5f82a32d",
        "InstanceGuid": "156f1ef6-1a63-78dd-846d-4fa351b8a24b"
      },
      "ObjectVariation": null,
      "StreamRealm": 0,
      "CastSunShadowEnable": true,
      "Excluded": false,
      "IndexInBlueprint": 2,
      "IsEventConnectionTarget": 2,
      "IsPropertyConnectionTarget": 3
    },
    "31d02fc2-37c7-4dde-877b-e6a68c20298f": {
      "$type": "ReferenceObjectData",
      "BlueprintTransform": {
        "right": {
          "x": 0.9998801,
          "y": 0.0,
          "z": -0.015492656
        },
        "up": {
          "x": 0.0,
          "y": 1.0,
          "z": 0.0
        },
        "forward": {
          "x": 0.015492656,
          "y": 0.0,
          "z": 0.9998801
        },
        "trans": {
          "x": 0.0,
          "y": 0.0,
          "z": 0.0
        }
      },
      "Blueprint": {
        "PartitionGuid": "5b5c806b-c754-11e0-b34c-d8115fe2f4fd",
        "InstanceGuid": "ef13edbe-774b-b062-b8f2-7bae07ca6ae0"
      },
      "ObjectVariation": null,
      "StreamRealm": 0,
      "CastSunShadowEnable": true,
      "Excluded": false,
      "IndexInBlueprint": 3,
      "IsEventConnectionTarget": 3,
      "IsPropertyConnectionTarget": 3
    },
    "63503294-a9c1-48df-b4fc-cb4453365fb4": {
      "$type": "SpatialPrefabBlueprint",
      "Name": "Levels/MP_003/Prefabs/StreetLight_01_Light",
      "PropertyConnections": [],
      "LinkConnections": [],
      "EventConnections": [
        {
          "Source": {
            "PartitionGuid": "b9bb039a-608b-476c-89fc-e66170504cb9",
            "InstanceGuid": "61d3449a-060e-40f9-a333-fa7fbbc80ae5"
          },
          "Target": {
            "PartitionGuid": "b9bb039a-608b-476c-89fc-e66170504cb9",
            "InstanceGuid": "e2d366cf-b9a8-41f1-be70-1a5c8cf059a5"
          },
          "SourceEvent": {
            "Id": -1433512622
          },
          "TargetEvent": {
            "Id": 2089401213
          },
          "TargetType": 2
        },
        {
          "Source": {
            "PartitionGuid": "b9bb039a-608b-476c-89fc-e66170504cb9",
            "InstanceGuid": "61d3449a-060e-40f9-a333-fa7fbbc80ae5"
          },
          "Target": {
            "PartitionGuid": "b9bb039a-608b-476c-89fc-e66170504cb9",
            "InstanceGuid": "8db4043b-944e-4a4d-8bb8-bf7eea8bbad7"
          },
          "SourceEvent": {
            "Id": -1433512622
          },
          "TargetEvent": {
            "Id": -117303631
          },
          "TargetType": 2
        },
        {
          "Source": {
            "PartitionGuid": "b9bb039a-608b-476c-89fc-e66170504cb9",
            "InstanceGuid": "61d3449a-060e-40f9-a333-fa7fbbc80ae5"
          },
          "Target": {
            "PartitionGuid": "b9bb039a-608b-476c-89fc-e66170504cb9",
            "InstanceGuid": "e7e7eba2-7cad-4a65-96f2-8c610b558f8d"
          },
          "SourceEvent": {
            "Id": -1433512622
          },
          "TargetEvent": {
            "Id": -117303631
          },
          "TargetType": 1
        },
        {
          "Source": {
            "PartitionGuid": "b9bb039a-608b-476c-89fc-e66170504cb9",
            "InstanceGuid": "31d02fc2-37c7-4dde-877b-e6a68c20298f"
          },
          "Target": {
            "PartitionGuid": "b9bb039a-608b-476c-89fc-e66170504cb9",
            "InstanceGuid": "88461add-8d26-42af-bbcf-464c15a4f8d3"
          },
          "SourceEvent": {
            "Id": -1569332690
          },
          "TargetEvent": {
            "Id": -1452333337
          },
          "TargetType": 1
        },
        {
          "Source": {
            "PartitionGuid": "b9bb039a-608b-476c-89fc-e66170504cb9",
            "InstanceGuid": "31d02fc2-37c7-4dde-877b-e6a68c20298f"
          },
          "Target": {
            "PartitionGuid": "b9bb039a-608b-476c-89fc-e66170504cb9",
            "InstanceGuid": "61d3449a-060e-40f9-a333-fa7fbbc80ae5"
          },
          "SourceEvent": {
            "Id": -1568903480
          },
          "TargetEvent": {
            "Id": -1541066415
          },
          "TargetType": 3
        },
        {
          "Source": {
            "PartitionGuid": "b9bb039a-608b-476c-89fc-e66170504cb9",
            "InstanceGuid": "31d02fc2-37c7-4dde-877b-e6a68c20298f"
          },
          "Target": {
            "PartitionGuid": "b9bb039a-608b-476c-89fc-e66170504cb9",
            "InstanceGuid": "61d3449a-060e-40f9-a333-fa7fbbc80ae5"
          },
          "SourceEvent": {
            "Id": -1569332690
          },
          "TargetEvent": {
            "Id": -1541066415
          },
          "TargetType": 3
        }
      ],
      "Descriptor": {
        "PartitionGuid": "b9bb039a-608b-476c-89fc-e66170504cb9",
        "InstanceGuid": "88461add-8d26-42af-bbcf-464c15a4f8d3"
      },
      "NeedNetworkId": true,
      "InterfaceHasConnections": true,
      "AlwaysCreateEntityBusClient": false,
      "AlwaysCreateEntityBusServer": false,
      "Objects": [
        {
          "PartitionGuid": "b9bb039a-608b-476c-89fc-e66170504cb9",
          "InstanceGuid": "8db4043b-944e-4a4d-8bb8-bf7eea8bbad7"
        },
        {
          "PartitionGuid": "b9bb039a-608b-476c-89fc-e66170504cb9",
          "InstanceGuid": "e2d366cf-b9a8-41f1-be70-1a5c8cf059a5"
        },
        {
          "PartitionGuid": "b9bb039a-608b-476c-89fc-e66170504cb9",
          "InstanceGuid": "e7e7eba2-7cad-4a65-96f2-8c610b558f8d"
        },
        {
          "PartitionGuid": "b9bb039a-608b-476c-89fc-e66170504cb9",
          "InstanceGuid": "31d02fc2-37c7-4dde-877b-e6a68c20298f"
        },
        {
          "PartitionGuid": "b9bb039a-608b-476c-89fc-e66170504cb9",