{
  "Name": "levels/mp_003/prefabs/tubelight_flicker",
  "PartitionGuid": "68e2af58-0927-41b9-88c2-48ce8f9e7698",
  "PrimaryInstanceGuid": "dc17a8aa-eae2-42b9-a932-74bdb68b42d9",
  "Instances": {
    "2e37a0f3-d05d-43f6-b8ac-4a5b8e9e2691": {
      "$type": "FloatPropertyTrackData",
      "Values": [
        0.0,
        24.0,
        0.0,
        24.0,
        24.0,
        0.0,
        24.0,
        0.0,
        24.0,
        15.0,
        0.0,
        24.0,
        0.0,
        24.0,
        0.0,
        24.0,
        0.0,
        24.0,
        3.0,
        24.0,
        0.0,
        24.0,
        0.0,
        24.0,
        0.1,
        24.0,
        3.0,
        24.0,
        0.0,
        24.0,
        24.0
      ],
      "InterpolationType": 0,
      "Id": 622077060,
      "Times": [
        0,
        94,
        188,
        284,
        641,
        750,
        847,
        939,
        1029,
        1107,
        1218,
        1305,
        1402,
        1505,
        2291,
        2367,
        2454,
        2545,
        2630,
        2719,
        2792,
        3646,
        3729,
        3824,
        3917,
        3986,
        4030,
        4095,
        4313,
        4593,
        5000
      ]
    },
    "e81bcfad-9d73-46a0-89a5-b18a9d3b3a26": {
      "$type": "InterfaceDescriptorData",
      "InputEvents": [
        {
          "Id": -117303631
        }
      ],
      "OutputEvents": [],
      "InputLinks": [],
      "OutputLinks": [],
      "Fields": []
    },
    "11cacebf-d640-45af-82f3-ef8655852931": {
      "$type": "PointLightEntityData",
      "Width": 2.0,
      "TranslucencyAmbient": 0.0,
      "TranslucencyScale": 0.0,
      "TranslucencyPower": 8,
      "TranslucencyDistortion": 0.1,
      "Color": {
        "x": 0.272,
        "y": 0.621,
        "z": 1.0
      },
      "ParticleColorScale": {
        "x": 1.0,
        "y": 1.0,
        "z": 1.0
      },
      "EnlightenColorScale": {
        "x": 3.0,
        "y": 3.0,
        "z": 3.0
      },
      "Radius": 4.5,
      "Intensity": 10.0,
      "AttenuationOffset": 1.0,
      "EnlightenColorMode": 0,
      "EnlightenEnable": true,
      "Visible": true,
      "SpecularEnable": false,
      "Transform": {
        "right": {
          "x": -0.9999999,
          "y": 7.5497894E-08,
          "z": 5.9604638E-08
        },
        "up": {
          "x": 1.0573888E-22,
          "y": 5.9604634E-08,
          "z": 0.99999994
        },
        "forward": {
          "x": 1.5893255E-08,
          "y": 0.9999999,
          "z": 3.552715E-15
        },
        "trans": {
          "x": 0.010333877,
          "y": -0.19458362,
          "z": -0.04519653
        }
      },
      "IndexInBlueprint": 0,
      "IsEventConnectionTarget": 0,
      "IsPropertyConnectionTarget": 2
    },
    "9ef48490-719a-4ea2-94f3-eb202798c9dd": {
      "$type": "ReferenceObjectData",
      "BlueprintTransform": {
        "right": {
          "x": -1.0,
          "y": 1.5910456E-07,
          "z": 8.742278E-08
        },
        "up": {
          "x": 1.5910456E-07,
          "y": 1.0,
          "z": 0.0
        },
        "forward": {
          "x": -8.742278E-08,
          "y": 1.3909363E-14,
          "z": -1.0
        },
        "trans": {
          "x": 0.014909126,
          "y": 0.006893613,
          "z": -9.1563146E-05
        }
      },
      "Blueprint": {
        "PartitionGuid": "8dfdfd2e-174f-11e0-96bf-c9cd2c090a69",
        "InstanceGuid": "a0df1d19-7616-8129-83dd-24fbf7f9c14b"
      },
      "ObjectVariation": null,
      "StreamRealm": 0,
      "CastSunShadowEnable": true,
      "Excluded": false,
      "IndexInBlueprint": 1,
      "IsEventConnectionTarget": 2,
      "IsPropertyConnectionTarget": 3
    },
    "4f6b11e0-6e5c-442a-94fc-d9aff42a587f": {
      "$type": "SequenceEntityData",
      "IsEventConnectionTarget": 3,
      "IsPropertyConnectionTarget": 3,
      "IndexInBlueprint": 2,
      "Events": [
        {
          "Event": {
            "Id": -117303631
          },
          "Time": 0
        },
        {
          "Event": {
            "Id": -1952177180
          },
          "Time": 90
        },
        {
          "Event": {
            "Id": -117303631
          },
          "Time": 178
        },
        {
          "Event": {
            "Id": -1952177180
          },
          "Time": 269
        },
        {
          "Event": {
            "Id": -1952177180
          },
          "Time": 638
        },
        {
          "Event": {
            "Id": -117303631
          },
          "Time": 759
        },
        {
          "Event": {
            "Id": -1952177180
          },
          "Time": 846
        },
        {
          "Event": {
            "Id": -117303631
          },
          "Time": 949
        },
        {
          "Event": {
            "Id": -1952177180
          },
          "Time": 1028
        },
        {
          "Event": {
            "Id": -1952177180
          },
          "Time": 1110
        },
        {
          "Event": {
            "Id": -117303631
          },
          "Time": 1218
        },
        {
          "Event": {
            "Id": -1952177180
          },
          "Time": 1309
        },
        {
          "Event": {
            "Id": -117303631
          },
          "Time": 1388
        },
        {
          "Event": {
            "Id": -1952177180
          },
          "Time": 1518
        },
        {
          "Event": {
            "Id": -117303631
          },
          "Time": 2280
        },
        {
          "Event": {
            "Id": -1952177180
          },
          "Time": 2380
        },
        {
          "Event": {
            "Id": -117303631
          },
          "Time": 2465
        },
        {
          "Event": {
            "Id": -1952177180
          },
          "Time": 2540
        },
        {
          "Event": {
            "Id": -117303631
          },
          "Time": 2631
        },
        {
          "Event": {
            "Id": -1952177180
          },
          "Time": 2713
        },
        {
          "Event": {
            "Id": -117303631
          },
          "Time": 2798
        },
        {
          "Event": {
            "Id": -1952177180
          },
          "Time": 3641
        },
        {
          "Event": {
            "Id": -117303631
          },
          "Time": 3729
        },
        {
          "Event": {
            "Id": -1952177180
          },
          "Time": 3829
        },
        {
          "Event": {
            "Id": -117303631
          },
          "Time": 3920
        },
        {
          "Event": {
            "Id": -1952177180
          },
          "Time": 3986
        },
        {
          "Event": {
            "Id": -117303631
          },
          "Time": 4035
        },
        {
          "Event": {
            "Id": -1952177180
          },
          "Time": 4098
        },
        {
          "Event": {
            "Id": -117303631
          },
          "Time": 4307
        },
        {
          "Event": {
            "Id": -1952177180
          },
          "Time": 4591
        }
      ],
      "SequenceStartTime": 0,
      "SequenceLength": 5000,
      "Looping": true,
      "AutoStart": true,
      "AutoPlayFirstFrame": false,
      "PlayInReverse": false,
      "Realm": 2,
      "PropertyTracks": [
        {
          "PartitionGuid": "68e2af58-0927-41b9-88c2-48ce8f9e7698",
          "InstanceGuid": "2e37a0f3-d05d-43f6-b8ac-4a5b8e9e2691"
        }
      ],
      "CustomSequenceTracks": [],
      "ClientUpdatePass": 2,