{
  "Name": "levels/mp_003/prefabs/walllamp_01_destructible",
  "PartitionGuid": "8d53e970-ee6e-4b6d-a6c1-235b2a020811",
  "PrimaryInstanceGuid": "74461a44-bbb9-4637-9a70-eb1a83303845",
  "Instances": {
    "6da48bd0-581f-47da-9ebe-9231a8c4390a": {
      "$type": "EffectReferenceObjectData",
      "AutoStart": true,
      "BlueprintTransform": {
        "right": {
          "x": 0.118952096,
          "y": -0.06526476,
          "z": -0.9907526
        },
        "up": {
          "x": 0.51446366,
          "y": 0.8574959,
          "z": 0.00528111
        },
        "forward": {
          "x": 0.84922165,
          "y": -0.51033443,
          "z": 0.13557728
        },
        "trans": {
          "x": -0.65730345,
          "y": -0.3827487,
          "z": -0.027132656
        }
      },
      "Blueprint": {
        "PartitionGuid": "1f986dbb-4c3b-430e-829e-59da45042142",
        "InstanceGuid": "ca5003a2-7fde-4ca2-80e8-1543e84465ac"
      },
      "ObjectVariation": null,
      "StreamRealm": 0,
      "CastSunShadowEnable": true,
      "Excluded": false,
      "IndexInBlueprint": 1,
      "IsEventConnectionTarget": 0,
      "IsPropertyConnectionTarget": 3
    },
    "8d07845c-f12b-4414-bca3-98d72a1f0e24": {
      "$type": "EventSplitterEntityData",
      "Realm": 2,
      "RunOnce": false,
      "IndexInBlueprint": 3,
      "IsEventConnectionTarget": 2,
      "IsPropertyConnectionTarget": 3
    },
    "d366d2f4-d2f5-477b-b380-7b525fc0662a": {
      "$type": "InterfaceDescriptorData",
      "InputEvents": [
        {
          "Id": -117303631
        }
      ],
      "OutputEvents": [
        {
          "Id": -1452333337
        }
      ],
      "InputLinks": [],
      "OutputLinks": [],
      "Fields": []
    },
    "8c155f39-ca75-4afe-9b64-39e35fc243e4": {
      "$type": "ReferenceObjectData",
      "BlueprintTransform": {
        "right": {
          "x": 1.0,
          "y": 1.3234927E-10,
          "z": 3.2049113E-20
        },
        "up": {
          "x": -1.3234927E-10,
          "y": 1.0,
          "z": -1.4273532E-37
        },
        "forward": {
          "x": -3.2049113E-20,
          "y": -4.2416768E-30,
          "z": 1.0
        },
        "trans": {
          "x": 0.0,
          "y": 0.0,
          "z": 0.0
        }
      },
      "Blueprint": {
        "PartitionGuid": "dbe5e282-635c-4f4d-a40c-7950b2974698",
        "InstanceGuid": "df8b545a-4206-4442-85c2-1dfcd5f0ff99"
      },
      "ObjectVariation": null,
      "StreamRealm": 0,
      "CastSunShadowEnable": true,
      "Excluded": false,
      "IndexInBlueprint": 2,
      "IsEventConnectionTarget": 2,
      "IsPropertyConnectionTarget": 3
    },
    "74461a44-bbb9-4637-9a70-eb1a83303845": {
      "$type": "SpatialPrefabBlueprint",
      "Name": "Levels/MP_003/Prefabs/WallLamp_01_Destructible",
      "PropertyConnections": [],
      "LinkConnections": [],
      "EventConnections": [
        {
          "Source": {
            "PartitionGuid": "8d53e970-ee6e-4b6d-a6c1-235b2a020811",
            "InstanceGuid": "d366d2f4-d2f5-477b-b380-7b525fc0662a"
          },
          "Target": {
            "PartitionGuid": "8d53e970-ee6e-4b6d-a6c1-235b2a020811",
            "InstanceGuid": "8c155f39-ca75-4afe-9b64-39e35fc243e4"
          },
          "SourceEvent": {
            "Id": -117303631
          },
          "TargetEvent": {
            "Id": -117303631
          },
          "TargetType": 1
        },
        {
          "Source": {
            "PartitionGuid": "8d53e970-ee6e-4b6d-a6c1-235b2a020811",
            "InstanceGuid": "8c155f39-ca75-4afe-9b64-39e35fc243e4"
          },
          "Target": {
            "PartitionGuid": "8d53e970-ee6e-4b6d-a6c1-235b2a020811",
            "InstanceGuid": "d366d2f4-d2f5-477b-b380-7b525fc0662a"
          },
          "SourceEvent": {
            "Id": 1630515206
          },
          "TargetEvent": {
            "Id": -1452333337
          },
          "TargetType": 1
        },
        {
          "Source": {
            "PartitionGuid": "8d53e970-ee6e-4b6d-a6c1-235b2a020811",
            "InstanceGuid": "8c155f39-ca75-4afe-9b64-39e35fc243e4"
          },
          "Target": {
            "PartitionGuid": "8d53e970-ee6e-4b6d-a6c1-235b2a020811",
            "InstanceGuid": "ce1a0de1-5089-48da-a1c9-b87466627d4f"
          },
          "SourceEvent": {
            "Id": 1630515206
          },
          "TargetEvent": {
            "Id": -117303631
          },
          "TargetType": 2
        },
        {
          "Source": {
            "PartitionGuid": "8d53e970-ee6e-4b6d-a6c1-235b2a020811",
            "InstanceGuid": "8c155f39-ca75-4afe-9b64-39e35fc243e4"
          },
          "Target": {
            "PartitionGuid": "8d53e970-ee6e-4b6d-a6c1-235b2a020811",
            "InstanceGuid": "ce1a0de1-5089-48da-a1c9-b87466627d4f"
          },
          "SourceEvent": {
            "Id": -62145612
          },
          "TargetEvent": {
            "Id": -117303631
          },
          "TargetType": 2
        },
        {
          "Source": {
            "PartitionGuid": "8d53e970-ee6e-4b6d-a6c1-235b2a020811",
            "InstanceGuid": "8c155f39-ca75-4afe-9b64-39e35fc243e4"
          },
          "Target": {
            "PartitionGuid": "8d53e970-ee6e-4b6d-a6c1-235b2a020811",
            "InstanceGuid": "8d07845c-f12b-4414-bca3-98d72a1f0e24"
          },
          "SourceEvent": {
            "Id": 1630515206
          },
          "TargetEvent": {
            "Id": 1723395486
          },
          "TargetType": 1
        },
        {
          "Source": {
            "PartitionGuid": "8d53e970-ee6e-4b6d-a6c1-235b2a020811",
            "InstanceGuid": "8c155f39-ca75-4afe-9b64-39e35fc243e4"
          },
          "Target": {
            "PartitionGuid": "8d53e970-ee6e-4b6d-a6c1-235b2a020811",
            "InstanceGuid": "8d07845c-f12b-4414-bca3-98d72a1f0e24"
          },
          "SourceEvent": {
            "Id": -1452333337
          },
          "TargetEvent": {
            "Id": 1723395486
          },
          "TargetType": 1
        },
        {
          "Source": {
            "PartitionGuid": "8d53e970-ee6e-4b6d-a6c1-235b2a020811",
            "InstanceGuid": "8d07845c-f12b-4414-bca3-98d72a1f0e24"
          },
          "Target": {
            "PartitionGuid": "8d53e970-ee6e-4b6d-a6c1-235b2a020811",
            "InstanceGuid": "8c155f39-ca75-4afe-9b64-39e35fc243e4"
          },
          "SourceEvent": {
            "Id": -137490305
          },
          "TargetEvent": {
            "Id": -117303631
          },
          "TargetType": 1
        },
        {
          "Source": {
            "PartitionGuid": "8d53e970-ee6e-4b6d-a6c1-235b2a020811",
            "InstanceGuid": "8c155f39-ca75-4afe-9b64-39e35fc243e4"
          },
          "Target": {
            "PartitionGuid": "8d53e970-ee6e-4b6d-a6c1-235b2a020811",
            "InstanceGuid": "ce1a0de1-5089-48da-a1c9-b87466627d4f"
          },
          "SourceEvent": {
            "Id": -1452333337
          },
          "TargetEvent": {
            "Id": -117303631
          },
          "TargetType": 2
        },
        {
          "Source": {
            "PartitionGuid": "8d53e970-ee6e-4b6d-a6c1-235b2a020811",
            "InstanceGuid": "8c155f39-ca75-4afe-9b64-39e35fc243e4"
          },
          "Target": {
            "PartitionGuid": "8d53e970-ee6e-4b6d-a6c1-235b2a020811",
            "InstanceGuid": "6da48bd0-581f-47da-9ebe-9231a8c4390a"
          },
          "SourceEvent": {
            "Id": 1630515206
          },
          "TargetEvent": {
            "Id": 2089401213
          },