{
  "Name": "levels/mp_003/tdm2/layer0_tdm2_art",
  "PartitionGuid": "71439ef7-6827-459a-85cd-4d29ac943389",
  "PrimaryInstanceGuid": "0119525f-9f6e-47f0-bf03-e8b882faa8fb",
  "Instances": {
    "4c2b78ac-a17e-40e9-95ae-50f0961e7954": {
      "$type": "PredestructionEntityData",
      "IsEventConnectionTarget": 3,
      "IsPropertyConnectionTarget": 3,
      "IndexInBlueprint": 5,
      "Transform": {
        "right": {
          "x": 0.7071034,
          "y": 0.0,
          "z": 0.7071034
        },
        "up": {
          "x": 0.0,
          "y": 1.0,
          "z": 0.0
        },
        "forward": {
          "x": -0.7071034,
          "y": 0.0,
          "z": 0.7071034
        },
        "trans": {
          "x": -375.34277,
          "y": 257.16666,
          "z": -217.81853
        }
      },
      "Enabled": true,
      "Components": [],
      "RuntimeComponentCount": 0,
      "Radius": 4.0
    },
    "bd41f966-3570-4aea-9c4b-48bfa4fe7409": {
      "$type": "PredestructionEntityData",
      "IsEventConnectionTarget": 3,
      "IsPropertyConnectionTarget": 3,
      "IndexInBlueprint": 6,
      "Transform": {
        "right": {
          "x": 0.70710254,
          "y": 0.0,
          "z": 0.70710254
        },
        "up": {
          "x": 0.0,
          "y": 1.0,
          "z": 0.0
        },
        "forward": {
          "x": -0.70710254,
          "y": 0.0,
          "z": 0.70710254
        },
        "trans": {
          "x": -394.32013,
          "y": 259.07162,
          "z": -201.22464
        }
      },
      "Enabled": true,
      "Components": [],
      "RuntimeComponentCount": 0,
      "Radius": 4.0
    },
    "7651ea31-954d-4226-8b99-66c934cd42ba": {
      "$type": "ReferenceObjectData",
      "BlueprintTransform": {
        "right": {
          "x": 0.7286137,
          "y": -0.07221191,
          "z": -0.68110764
        },
        "up": {
          "x": -0.03272449,
          "y": 0.9896208,
          "z": -0.13992785
        },
        "forward": {
          "x": 0.68414277,
          "y": 0.124242246,
          "z": 0.7186881
        },
        "trans": {
          "x": -390.76285,
          "y": 279.74536,
          "z": -109.08859
        }
      },
      "Blueprint": {
        "PartitionGuid": "0fa83076-f8fa-11dd-abb7-dbd20ddf1c6f",
        "InstanceGuid": "0fa83077-f8fa-11dd-abb7-dbd20ddf1c6f"
      },
      "ObjectVariation": null,
      "StreamRealm": 0,
      "CastSunShadowEnable": true,
      "Excluded": false,
      "IndexInBlueprint": 7,
      "IsEventConnectionTarget": 3,
      "IsPropertyConnectionTarget": 3
    },
    "0f90bca1-3163-4966-85fe-3cca1723794a": {
      "$type": "ReferenceObjectData",
      "BlueprintTransform": {
        "right": {
          "x": 0.83189136,
          "y": 0.104568824,
          "z": 0.54499733
        },
        "up": {
          "x": -0.03272449,
          "y": 0.9896208,
          "z": -0.13992785
        },
        "forward": {
          "x": -0.553973,
          "y": 0.09857002,
          "z": 0.8266789
        },
        "trans": {
          "x": -396.20233,
          "y": 279.86386,
          "z": -107.06556
        }
      },
      "Blueprint": {
        "PartitionGuid": "0fa83076-f8fa-11dd-abb7-dbd20ddf1c6f",
        "InstanceGuid": "0fa83077-f8fa-11dd-abb7-dbd20ddf1c6f"
      },
      "ObjectVariation": null,
      "StreamRealm": 0,
      "CastSunShadowEnable": true,
      "Excluded": false,
      "IndexInBlueprint": 8,
      "IsEventConnectionTarget": 3,
      "IsPropertyConnectionTarget": 3
    },
    "25ecfb21-94d5-4a5a-81d1-525d63d98a4b": {
      "$type": "ReferenceObjectData",
      "BlueprintTransform": {
        "right": {
          "x": -0.2398796,
          "y": -0.14368743,
          "z": -0.9601103
        },
        "up": {
          "x": -0.03272449,
          "y": 0.9896208,
          "z": -0.13992785
        },
        "forward": {
          "x": 0.97025096,
          "y": -0.0021466757,
          "z": -0.24209197
        },
        "trans": {
          "x": -393.04102,
          "y": 279.86722,
          "z": -107.77725
        }
      },
      "Blueprint": {
        "PartitionGuid": "0fa83076-f8fa-11dd-abb7-dbd20ddf1c6f",
        "InstanceGuid": "0fa83077-f8fa-11dd-abb7-dbd20ddf1c6f"
      },
      "ObjectVariation": null,
      "StreamRealm": 0,
      "CastSunShadowEnable": true,
      "Excluded": false,
      "IndexInBlueprint": 9,
      "IsEventConnectionTarget": 3,
      "IsPropertyConnectionTarget": 3
    },
    "b890e2fe-3852-4201-b360-1a1b4881c23e": {
      "$type": "ReferenceObjectData",
      "BlueprintTransform": {
        "right": {
          "x": -0.22025427,
          "y": -0.1437015,
          "z": -0.96479946
        },
        "up": {
          "x": -0.03272449,
          "y": 0.9896208,
          "z": -0.13992785
        },
        "forward": {
          "x": 0.97489345,
          "y": 0.0007529067,
          "z": -0.22267081
        },
        "trans": {
          "x": -398.9737,
          "y": 279.86917,
          "z": -106.388336
        }
      },
      "Blueprint": {
        "PartitionGuid": "0fa83076-f8fa-11dd-abb7-dbd20ddf1c6f",
        "InstanceGuid": "0fa83077-f8fa-11dd-abb7-dbd20ddf1c6f"
      },
      "ObjectVariation": null,
      "StreamRealm": 0,
      "CastSunShadowEnable": true,
      "Excluded": false,
      "IndexInBlueprint": 10,
      "IsEventConnectionTarget": 3,
      "IsPropertyConnectionTarget": 3
    },
    "46d98216-c066-4ed4-bbd8-1821d04ac9b3": {
      "$type": "ReferenceObjectData",
      "BlueprintTransform": {
        "right": {
          "x": -0.6258025,
          "y": -0.024757456,
          "z": 0.7795885
        },
        "up": {
          "x": -0.014840684,
          "y": 0.99969316,
          "z": 0.01983424
        },
        "forward": {
          "x": -0.77984035,
          "y": 0.00084274483,
          "z": -0.62597793
        },
        "trans": {
          "x": -288.46182,
          "y": 258.70825,
          "z": -532.2207
        }
      },
      "Blueprint": {
        "PartitionGuid": "0fa83076-f8fa-11dd-abb7-dbd20ddf1c6f",
        "InstanceGuid": "0fa83077-f8fa-11dd-abb7-dbd20ddf1c6f"
      },
      "ObjectVariation": null,
      "StreamRealm": 0,
      "CastSunShadowEnable": true,
      "Excluded": false,
      "IndexInBlueprint": 11,
      "IsEventConnectionTarget": 3,
      "IsPropertyConnectionTarget": 3
    },
    "dbbf34c5-8618-4da2-86a4-a69eb2542a6b": {
      "$type": "ReferenceObjectData",
      "BlueprintTransform": {
        "right": {
          "x": -0.6258025,
          "y": -0.024757456,
          "z": 0.7795885
        },
        "up": {
          "x": -0.014840684,
          "y": 0.99969316,
          "z": 0.01983424
        },
        "forward": {
          "x": -0.77984035,
          "y": 0.00084274483,
          "z": -0.62597793
        },
        "trans": {
          "x": -290.08417,
          "y": 258.6732,
          "z": -533.62366
        }
      },
      "Blueprint": {
        "PartitionGuid": "0fa83076-f8fa-11dd-abb7-dbd20ddf1c6f",
        "InstanceGuid": "0fa83077-f8fa-11dd-abb7-dbd20ddf1c6f"
      },
      "ObjectVariation": null,
      "StreamRealm": 0,
      "CastSunShadowEnable": true,
      "Excluded": false,
      "IndexInBlueprint": 12,
      "IsEventConnectionTarget": 3,
      "IsPropertyConnectionTarget": 3
    },
    "6a8b38be-4e6c-4a60-884c-717a5b736f39": {
      "$type": "ReferenceObjectData",
      "BlueprintTransform": {
        "right": {
          "x": -0.6258025,
          "y": -0.024757456,
          "z": 0.7795885
        },
        "up": {
          "x": -0.014840684,
          "y": 0.99969316,
          "z": 0.01983424
        },