{
  "Name": "levels/coop_007/ab00_parent/layer4_ab00_gameplayshapes",
  "PartitionGuid": "f8aafdcc-c165-4c56-9d33-b79a7cfe8a8b",
  "PrimaryInstanceGuid": "9a43e8a4-7c83-466a-af76-bef16ea0a53f",
  "Instances": {
    "02112ef4-9e5e-458c-bde0-3b3a5deb81c0": {
      "$type": "OBBData",
      "Transform": {
        "right": {
          "x": 0.99948984,
          "y": 0.0,
          "z": -0.031938255
        },
        "up": {
          "x": 0.0,
          "y": 1.0,
          "z": 0.0
        },
        "forward": {
          "x": 0.031938255,
          "y": 0.0,
          "z": 0.99948984
        },
        "trans": {
          "x": 73.619896,
          "y": 69.203514,
          "z": 206.07874
        }
      },
      "HalfExtents": {
        "x": 25.241005,
        "y": 6.0505095,
        "z": 2.0879807
      },
      "IndexInBlueprint": 169,
      "IsEventConnectionTarget": 3,
      "IsPropertyConnectionTarget": 3
    },
    "c18f5a32-ade6-48f6-be77-5ecd9889958c": {
      "$type": "OBBData",
      "Transform": {
        "right": {
          "x": 0.99999845,
          "y": 0.0,
          "z": 0.001755213
        },
        "up": {
          "x": 0.0,
          "y": 1.0,
          "z": 0.0
        },
        "forward": {
          "x": -0.0017552197,
          "y": 0.0,
          "z": 0.99999845
        },
        "trans": {
          "x": 78.07993,
          "y": 69.203514,
          "z": -12.132642
        }
      },
      "HalfExtents": {
        "x": 50.038845,
        "y": 6.0505095,
        "z": 20.774288
      },
      "IndexInBlueprint": 170,
      "IsEventConnectionTarget": 1,
      "IsPropertyConnectionTarget": 3
    },
    "f36ee92f-9d3c-4bd8-9d27-c141677ebb11": {
      "$type": "OBBData",
      "Transform": {
        "right": {
          "x": 0.5411513,
          "y": 0.0,
          "z": 0.8409253
        },
        "up": {
          "x": 0.0,
          "y": 1.0,
          "z": 0.0
        },
        "forward": {
          "x": -0.8409252,
          "y": 0.0,
          "z": 0.54115146
        },
        "trans": {
          "x": 116.98682,
          "y": 64.86852,
          "z": -46.221184
        }
      },
      "HalfExtents": {
        "x": 13.639312,
        "y": 7.3167467,
        "z": 2.956598
      },
      "IndexInBlueprint": 171,
      "IsEventConnectionTarget": 1,
      "IsPropertyConnectionTarget": 3
    },
    "aa7b4127-2339-4763-aadc-53e10801384d": {
      "$type": "OBBData",
      "Transform": {
        "right": {
          "x": 0.99999845,
          "y": 0.0,
          "z": 0.0017552124
        },
        "up": {
          "x": 0.0,
          "y": 1.0,
          "z": 0.0
        },
        "forward": {
          "x": -0.0017552198,
          "y": 0.0,
          "z": 0.99999845
        },
        "trans": {
          "x": 79.82811,
          "y": 69.203514,
          "z": 26.415716
        }
      },
      "HalfExtents": {
        "x": 41.26314,
        "y": 6.05051,
        "z": 7.639497
      },
      "IndexInBlueprint": 172,
      "IsEventConnectionTarget": 1,
      "IsPropertyConnectionTarget": 3
    },
    "b76a4513-f082-413b-8b5d-80511d4cfafd": {
      "$type": "OBBData",
      "Transform": {
        "right": {
          "x": 1.0,
          "y": 0.0,
          "z": 0.0
        },
        "up": {
          "x": 0.0,
          "y": 1.0,
          "z": 0.0
        },
        "forward": {
          "x": 0.0,
          "y": 0.0,
          "z": 1.0
        },
        "trans": {
          "x": 83.87334,
          "y": 64.84883,
          "z": 39.53153
        }
      },
      "HalfExtents": {
        "x": 3.0595317,
        "y": 3.6132302,
        "z": 4.2342277
      },
      "IndexInBlueprint": 173,
      "IsEventConnectionTarget": 1,
      "IsPropertyConnectionTarget": 3
    },
    "0054ee1e-c9be-4e11-9a73-c7d59e383f9a": {
      "$type": "OBBData",
      "Transform": {
        "right": {
          "x": 1.0,
          "y": 0.0,
          "z": 0.0
        },
        "up": {
          "x": 0.0,
          "y": 1.0,
          "z": 0.0
        },
        "forward": {
          "x": 0.0,
          "y": 0.0,
          "z": 1.0
        },
        "trans": {
          "x": 93.69059,
          "y": 64.84883,
          "z": 39.086426
        }
      },
      "HalfExtents": {
        "x": 2.8680665,
        "y": 3.6132302,
        "z": 4.2342277
      },
      "IndexInBlueprint": 174,
      "IsEventConnectionTarget": 1,
      "IsPropertyConnectionTarget": 3
    },
    "c292082b-e4d5-4131-a1a4-cd9544262bb7": {
      "$type": "OBBData",
      "Transform": {
        "right": {
          "x": 1.0,
          "y": 0.0,
          "z": 0.0
        },
        "up": {
          "x": 0.0,
          "y": 1.0,
          "z": 0.0
        },
        "forward": {
          "x": 0.0,
          "y": 0.0,
          "z": 1.0
        },
        "trans": {
          "x": 67.90094,
          "y": 64.84883,
          "z": 40.039272
        }
      },
      "HalfExtents": {
        "x": 3.6388338,
        "y": 3.6132302,
        "z": 4.2342277
      },
      "IndexInBlueprint": 175,
      "IsEventConnectionTarget": 1,
      "IsPropertyConnectionTarget": 3
    },
    "47cdfaf0-e762-46e5-b10d-85000cca2574": {
      "$type": "OBBData",
      "Transform": {
        "right": {
          "x": 1.0,
          "y": 0.0,
          "z": 0.0
        },
        "up": {
          "x": 0.0,
          "y": 1.0,
          "z": 0.0
        },
        "forward": {
          "x": 0.0,
          "y": 0.0,
          "z": 1.0
        },
        "trans": {
          "x": 100.2368,
          "y": 61.754593,
          "z": 115.84477
        }
      },
      "HalfExtents": {
        "x": 126.81502,
        "y": 23.559885,
        "z": 253.7569
      },
      "IndexInBlueprint": 176,
      "IsEventConnectionTarget": 2,
      "IsPropertyConnectionTarget": 3
    },
    "1de584af-92da-4cf2-8040-41794b813a75": {
      "$type": "OBBData",
      "Transform": {
        "right": {
          "x": 0.99999845,
          "y": 0.0,
          "z": 0.0017552124
        },
        "up": {
          "x": 0.0,
          "y": 1.0,
          "z": 0.0
        },
        "forward": {
          "x": -0.0017552223,
          "y": 0.0,
          "z": 0.9999985
        },
        "trans": {
          "x": 79.725105,
          "y": 68.02399,
          "z": 85.33741
        }
      },
      "HalfExtents": {
        "x": 41.26314,
        "y": 6.0505095,
        "z": 3.149185
      },
      "IndexInBlueprint": 177,
      "IsEventConnectionTarget": 1,
      "IsPropertyConnectionTarget": 3
    },
    "fa6fceff-ff92-43f8-8408-88c723e36d65": {
      "$type": "OBBData",
      "Transform": {
        "right": {
          "x": 1.0,
          "y": 0.0,
          "z": 0.0
        },
        "up": {
          "x": 0.0,
          "y": 1.0,
          "z": 0.0
        },
        "forward": {
          "x": 0.0,
          "y": 0.0,
          "z": 1.0
        },
        "trans": {
          "x": 85.70205,
          "y": 69.362976,
          "z": 245.50749
        }
      },
      "HalfExtents": {
        "x": 14.268755,
        "y": 6.472329,
        "z": 1.3277595
      },
      "IndexInBlueprint": 178,
      "IsEventConnectionTarget": 1,
      "IsPropertyConnectionTarget": 3
    },
    "aa14b751-8365-46a0-b3a3-fc80d6b6c116": {
      "$type": "OBBData",
      "Transform": {
        "right": {
          "x": 1.0,
          "y": 0.0,
          "z": 0.0
        },
        "up": {
          "x": 0.0,
          "y": 1.0,
          "z": 0.0
        },
        "forward": {
          "x": 0.0,
          "y": 0.0,
          "z": 1.0
        },
        "trans": {
          "x": 62.747143,