{
  "Name": "levels/coop_007/ab04_parent/layer4_ab04_gameplayshapes",
  "PartitionGuid": "9f10de04-3aa9-413d-805e-020338dac6d0",
  "PrimaryInstanceGuid": "bbb5ddb6-7d17-416e-a655-7a2e07d09759",
  "Instances": {
    "d884e592-71e6-4bf9-aa53-9bf86f35c5ab": {
      "$type": "OBBData",
      "Transform": {
        "right": {
          "x": 0.51256436,
          "y": 0.0,
          "z": 0.85864884
        },
        "up": {
          "x": 0.0,
          "y": 1.0,
          "z": 0.0
        },
        "forward": {
          "x": -0.8586488,
          "y": 0.0,
          "z": 0.5125646
        },
        "trans": {
          "x": 118.41993,
          "y": 66.54316,
          "z": -39.087852
        }
      },
      "HalfExtents": {
        "x": 18.899422,
        "y": 7.075942,
        "z": 6.490443
      },
      "IndexInBlueprint": 65,
      "IsEventConnectionTarget": 1,
      "IsPropertyConnectionTarget": 3
    },
    "8ab43e53-dd58-45ce-bdc4-61845379d3c4": {
      "$type": "OBBData",
      "Transform": {
        "right": {
          "x": 0.293755,
          "y": 0.0,
          "z": 0.95588076
        },
        "up": {
          "x": 0.0,
          "y": 1.0,
          "z": 0.0
        },
        "forward": {
          "x": -0.9558808,
          "y": 0.0,
          "z": 0.2937551
        },
        "trans": {
          "x": 62.449394,
          "y": 66.54316,
          "z": 47.990646
        }
      },
      "HalfExtents": {
        "x": 37.47825,
        "y": 11.901651,
        "z": 10.659852
      },
      "IndexInBlueprint": 66,
      "IsEventConnectionTarget": 1,
      "IsPropertyConnectionTarget": 3
    },
    "ec7d319b-7cf8-48ca-98f4-af546213f2c7": {
      "$type": "OBBData",
      "Transform": {
        "right": {
          "x": 1.0,
          "y": 0.0,
          "z": 0.0
        },
        "up": {
          "x": 0.0,
          "y": 1.0,
          "z": 0.0
        },
        "forward": {
          "x": 0.0,
          "y": 0.0,
          "z": 1.0
        },
        "trans": {
          "x": -35.381577,
          "y": 76.8792,
          "z": 38.728367
        }
      },
      "HalfExtents": {
        "x": 97.75576,
        "y": 20.650152,
        "z": 141.17624
      },
      "IndexInBlueprint": 67,
      "IsEventConnectionTarget": 2,
      "IsPropertyConnectionTarget": 3
    },
    "5c1a8304-6807-4e3e-bfaa-41c6a64368a5": {
      "$type": "OBBData",
      "Transform": {
        "right": {
          "x": -4.3711392E-08,
          "y": 0.0,
          "z": 1.0
        },
        "up": {
          "x": 0.0,
          "y": 1.0,
          "z": 0.0
        },
        "forward": {
          "x": -1.0,
          "y": 0.0,
          "z": -4.371139E-08
        },
        "trans": {
          "x": 28.950424,
          "y": 64.84883,
          "z": 43.566223
        }
      },
      "HalfExtents": {
        "x": 2.3775733,
        "y": 3.6132302,
        "z": 4.2342277
      },
      "IndexInBlueprint": 68,
      "IsEventConnectionTarget": 1,
      "IsPropertyConnectionTarget": 3
    },
    "25fda651-d0d0-46a0-b934-36ecd55ad6c3": {
      "$type": "OBBData",
      "Transform": {
        "right": {
          "x": 0.007120506,
          "y": 0.0,
          "z": 0.99997467
        },
        "up": {
          "x": 0.0,
          "y": 1.0,
          "z": 0.0
        },
        "forward": {
          "x": -0.99997467,
          "y": 0.0,
          "z": 0.007120504
        },
        "trans": {
          "x": 37.41782,
          "y": 66.54316,
          "z": 50.646385
        }
      },
      "HalfExtents": {
        "x": 23.395348,
        "y": 5.2469625,
        "z": 6.85135
      },
      "IndexInBlueprint": 69,
      "IsEventConnectionTarget": 1,
      "IsPropertyConnectionTarget": 3
    },
    "fc36aa5c-26c4-4f69-86d0-760615baa4ae": {
      "$type": "OBBData",
      "Transform": {
        "right": {
          "x": -4.3711374E-08,
          "y": 0.0,
          "z": 1.0
        },
        "up": {
          "x": 0.0,
          "y": 1.0,
          "z": 0.0
        },
        "forward": {
          "x": -1.0,
          "y": 0.0,
          "z": -4.371139E-08
        },
        "trans": {
          "x": 29.558437,
          "y": 64.84883,
          "z": 54.215996
        }
      },
      "HalfExtents": {
        "x": 2.5752783,
        "y": 3.6132302,
        "z": 4.2342277
      },
      "IndexInBlueprint": 70,
      "IsEventConnectionTarget": 1,
      "IsPropertyConnectionTarget": 3
    },
    "bbb5ddb6-7d17-416e-a655-7a2e07d09759": {
      "$type": "WorldPartData",
      "Name": "Levels/COOP_007/AB04_GameplayShapes",
      "PropertyConnections": [],
      "LinkConnections": [],
      "EventConnections": [],
      "Descriptor": null,
      "NeedNetworkId": false,
      "InterfaceHasConnections": false,
      "AlwaysCreateEntityBusClient": false,
      "AlwaysCreateEntityBusServer": false,
      "Objects": [
        {
          "PartitionGuid": "9f10de04-3aa9-413d-805e-020338dac6d0",
          "InstanceGuid": "d884e592-71e6-4bf9-aa53-9bf86f35c5ab"
        },
        {
          "PartitionGuid": "9f10de04-3aa9-413d-805e-020338dac6d0",
          "InstanceGuid": "8ab43e53-dd58-45ce-bdc4-61845379d3c4"
        },
        {
          "PartitionGuid": "9f10de04-3aa9-413d-805e-020338dac6d0",
          "InstanceGuid": "ec7d319b-7cf8-48ca-98f4-af546213f2c7"
        },
        {
          "PartitionGuid": "9f10de04-3aa9-413d-805e-020338dac6d0",
          "InstanceGuid": "5c1a8304-6807-4e3e-bfaa-41c6a64368a5"
        },
        {
          "PartitionGuid": "9f10de04-3aa9-413d-805e-020338dac6d0",
          "InstanceGuid": "25fda651-d0d0-46a0-b934-36ecd55ad6c3"
        },
        {
          "PartitionGuid": "9f10de04-3aa9-413d-805e-020338dac6d0",
          "InstanceGuid": "fc36aa5c-26c4-4f69-86d0-760615baa4ae"
        }
      ],
      "Enabled": true,
      "UseDeferredEntityCreation": false,
      "HackToSolveRealTimeTweakingIssue": "00000000-0000-0000-0000-000000000000"
    }
  }
}