{
  "Name": "fx/ambient/levelspecific/sp_tank/clusters/emitters/em_amb_sp_tank_cluster_meshp_bomb_bottom_01",
  "PartitionGuid": "d582ed72-e941-4094-9c92-b132b4014051",
  "PrimaryInstanceGuid": "d77ed8f2-073e-4b0d-8ede-3180c89b3277",
  "Instances": {
    "002a5422-6787-4228-864c-5b6fb0f9015d": {
      "$type": "SpawnRotationSpeedData",
      "DefaultValues": {
        "x": 1.0,
        "y": 1.0,
        "z": 1.0,
        "w": 1.0
      },
      "NextProcessor": {
        "PartitionGuid": "d582ed72-e941-4094-9c92-b132b4014051",
        "InstanceGuid": "b49c9f4b-431a-4591-90db-d76577c56a6d"
      },
      "Pre": {
        "PartitionGuid": "d582ed72-e941-4094-9c92-b132b4014051",
        "InstanceGuid": "45b351f1-6652-4153-9faf-67ffea78e31c"
      },
      "EvaluatorInput": 1,
      "Enable": true,
      "RotationSpeed": 5.0
    },
    "26735ad9-ab87-489f-97de-1586d810ea57": {
      "$type": "RandomEvaluatorData",
      "EmitterParameter": 0,
      "Max": 1.0,
      "Min": 1.0
    },
    "2bd0668a-0019-4e4f-aac7-abb7e76caa6d": {
      "$type": "UpdateSizeData",
      "DefaultValues": {
        "x": 1.0,
        "y": 1.0,
        "z": 1.0,
        "w": 1.0
      },
      "NextProcessor": {
        "PartitionGuid": "d582ed72-e941-4094-9c92-b132b4014051",
        "InstanceGuid": "827c1f55-adc9-48b8-8f52-87127367c677"
      },
      "Pre": null,
      "EvaluatorInput": 2,
      "Enable": true,
      "Pivot": {
        "x": 0.0,
        "y": 0.0
      }
    },
    "42715722-b287-4718-8896-466429805f88": {
      "$type": "RandomXYZEvaluatorData",
      "EmitterParameter": 0,
      "MaxX": 0.0,
      "MinX": 0.0,
      "MaxY": -1.0,
      "MinY": -1.0,
      "MaxZ": 1.0,
      "MinZ": 1.0
    },
    "45b351f1-6652-4153-9faf-67ffea78e31c": {
      "$type": "RandomEvaluatorData",
      "EmitterParameter": 0,
      "Max": 1.0,
      "Min": -1.0
    },
    "50f29701-a4f8-445b-b307-c3cccc8acaa2": {
      "$type": "PolynomialData",
      "EmitterParameter": 0,
      "Coefficients": {
        "x": 0.0,
        "y": 0.6346673,
        "z": -1.2183208,
        "w": 0.99889266
      },
      "ScaleValue": 1.0,
      "MinClamp": 0.0,
      "MaxClamp": 1.0
    },
    "675339dc-84ce-4e9a-b732-269744afb33f": {
      "$type": "UpdateRotationData",
      "DefaultValues": {
        "x": 1.0,
        "y": 0.0,
        "z": 0.0,
        "w": 0.0
      },
      "NextProcessor": {
        "PartitionGuid": "d582ed72-e941-4094-9c92-b132b4014051",
        "InstanceGuid": "70a9bbfb-9d6a-47a0-9e57-5b5106026179"
      },
      "Pre": {
        "PartitionGuid": "d582ed72-e941-4094-9c92-b132b4014051",
        "InstanceGuid": "50f29701-a4f8-445b-b307-c3cccc8acaa2"
      },
      "EvaluatorInput": 2,
      "Enable": true
    },
    "6d04dd7f-d1f3-40be-b8c0-6c81c420511e": {
      "$type": "SphereEvaluatorData",
      "EmitterParameter": 0,
      "Scale": {
        "x": 1.0,
        "y": 0.0,
        "z": 1.0
      },
      "Pivot": {
        "x": 0.0,
        "y": 0.0,
        "z": 0.0
      },
      "Radius": 1.0
    },
    "70a9bbfb-9d6a-47a0-9e57-5b5106026179": {
      "$type": "SpawnOrientationData",
      "DefaultValues": {
        "x": 0.0,
        "y": 0.0,
        "z": 0.0,
        "w": 0.0
      },
      "NextProcessor": {
        "PartitionGuid": "d582ed72-e941-4094-9c92-b132b4014051",
        "InstanceGuid": "ea70083b-7eb2-449e-b13a-71b4c5680c16"
      },
      "Pre": {
        "PartitionGuid": "d582ed72-e941-4094-9c92-b132b4014051",
        "InstanceGuid": "c223d946-e707-4412-926d-ea242c070f3e"
      },
      "EvaluatorInput": 1,
      "Enable": true
    },
    "827c1f55-adc9-48b8-8f52-87127367c677": {
      "$type": "SpawnSizeData",
      "DefaultValues": {
        "x": 1.0,
        "y": 1.0,
        "z": 1.0,
        "w": 1.0
      },
      "NextProcessor": {
        "PartitionGuid": "d582ed72-e941-4094-9c92-b132b4014051",
        "InstanceGuid": "002a5422-6787-4228-864c-5b6fb0f9015d"
      },
      "Pre": {
        "PartitionGuid": "d582ed72-e941-4094-9c92-b132b4014051",
        "InstanceGuid": "a2bb9b6a-5aae-4466-aeef-d1dd54f40739"
      },
      "EvaluatorInput": 1,
      "Enable": true,
      "Size": 0.25
    },
    "884b13b4-5fcb-493a-906b-ca8ab3d6d945": {
      "$type": "EmitterDocument",
      "Name": "FX/Ambient/LevelSpecific/SP_Tank/Clusters/Emitters/Em_Amb_SP_Tank_Cluster_MeshP_Bomb_Bottom_01",
      "RootProcessor": {
        "PartitionGuid": "d582ed72-e941-4094-9c92-b132b4014051",
        "InstanceGuid": "b1a6acac-9501-40fd-924c-df4c22a5fb8c"
      },
      "TemplateData": {
        "PartitionGuid": "d582ed72-e941-4094-9c92-b132b4014051",
        "InstanceGuid": "d77ed8f2-073e-4b0d-8ede-3180c89b3277"
      }
    },
    "a2bb9b6a-5aae-4466-aeef-d1dd54f40739": {
      "$type": "RandomEvaluatorData",
      "EmitterParameter": 0,
      "Max": 1.0,
      "Min": 1.0
    },
    "a50572ed-8115-42a5-b089-6cd8532d4234": {
      "$type": "SpawnRateData",
      "DefaultValues": {
        "x": 1.0,
        "y": 1.0,
        "z": 1.0,
        "w": 1.0
      },
      "NextProcessor": {
        "PartitionGuid": "d582ed72-e941-4094-9c92-b132b4014051",
        "InstanceGuid": "d3e43fee-2018-4f1e-9413-964387f68e65"
      },
      "Pre": null,
      "EvaluatorInput": 1,
      "Enable": true,
      "SpawnRate": 1.0,
      "TrailSegmentLength": 5.0,
      "DistributeOverTime": true,
      "DistributeOverDistance": false
    },
    "a983de93-b34f-4fa7-a4f1-26d9fae6df7b": {
      "$type": "RandomEvaluatorData",
      "EmitterParameter": 0,
      "Max": 1.0,
      "Min": -1.0
    },
    "af1e8c25-b2df-31d6-49d0-2f4d6a135838": {
      "$type": "UpdateLinearVelocityData",
      "DefaultValues": {
        "x": 1.0,
        "y": 1.0,
        "z": 1.0,
        "w": 1.0
      },
      "NextProcessor": null,
      "Pre": null,
      "EvaluatorInput": 2,
      "Enable": true
    },
    "b1a6acac-9501-40fd-924c-df4c22a5fb8c": {
      "$type": "UpdateAgeData",
      "DefaultValues": {
        "x": 1.0,
        "y": 1.0,
        "z": 1.0,
        "w": 1.0
      },
      "NextProcessor": {
        "PartitionGuid": "d582ed72-e941-4094-9c92-b132b4014051",
        "InstanceGuid": "a50572ed-8115-42a5-b089-6cd8532d4234"
      },
      "Pre": null,
      "EvaluatorInput": 2,
      "Enable": true,
      "Lifetime": 0.25
    },
    "b49c9f4b-431a-4591-90db-d76577c56a6d": {
      "$type": "GravityData",
      "DefaultValues": {
        "x": 1.0,
        "y": 1.0,
        "z": 1.0,
        "w": 1.0
      },
      "NextProcessor": {
        "PartitionGuid": "d582ed72-e941-4094-9c92-b132b4014051",
        "InstanceGuid": "af1e8c25-b2df-31d6-49d0-2f4d6a135838"
      },
      "Pre": null,
      "EvaluatorInput": 2,
      "Enable": true,
      "Gravity": 150.0
    },
    "c223d946-e707-4412-926d-ea242c070f3e": {
      "$type": "RotateVectorData",
      "EmitterParameter": 0,
      "Angle": 0.1,
      "RotateWithinPlane": false,
      "InputAffectsPhi": true
    },
    "d3e43fee-2018-4f1e-9413-964387f68e65": {
      "$type": "SpawnDirectionData",
      "DefaultValues": {
        "x": 0.0,
        "y": 1.0,
        "z": 0.0,
        "w": 0.0
      },
      "NextProcessor": {
        "PartitionGuid": "d582ed72-e941-4094-9c92-b132b4014051",
        "InstanceGuid": "f60c5138-b3cf-4fd9-ae93-94362e8a1b05"
      },
      "Pre": {
        "PartitionGuid": "d582ed72-e941-4094-9c92-b132b4014051",
        "InstanceGuid": "42715722-b287-4718-8896-466429805f88"
      },
      "EvaluatorInput": 1,
      "Enable": true,
      "DirectionFromEmitterOrigin": 0.0,
      "InheritSpeedAndDirectionFromEmitter": false
    },
    "d77ed8f2-073e-4b0d-8ede-3180c89b3277": {
      "$type": "EmitterTemplateData",
      "PointLightIntensity": {
        "x": 10.0,