{
  "Name": "fx/impacts/ice/emitters_s/em_impact_ice_slowsmoke",
  "PartitionGuid": "1a7dce46-047d-49a0-bd98-53e00f1d7b6f",
  "PrimaryInstanceGuid": "2a7e07fe-8116-449b-bf55-458db65524da",
  "Instances": {
    "03340589-512f-4af6-87eb-23d60534ba6b": {
      "$type": "PolynomialData",
      "EmitterParameter": 0,
      "Coefficients": {
        "x": 0.0,
        "y": 0.94650894,
        "z": -1.945873,
        "w": 0.99936414
      },
      "ScaleValue": 0.5,
      "MinClamp": 0.0,
      "MaxClamp": 1.0
    },
    "10eb5ec1-1a87-4793-bbcc-2c6ca5c672cb": {
      "$type": "PolynomialData",
      "EmitterParameter": 0,
      "Coefficients": {
        "x": 1.0034832,
        "y": -0.09852656,
        "z": 0.009127071,
        "w": 0.099956594
      },
      "ScaleValue": 1.0,
      "MinClamp": 0.0,
      "MaxClamp": 1.0
    },
    "129c18e1-db16-4ac5-b068-569ae30b3781": {
      "$type": "UpdateColorData",
      "DefaultValues": {
        "x": 0.828,
        "y": 0.895,
        "z": 1.0,
        "w": 1.0
      },
      "NextProcessor": {
        "PartitionGuid": "1a7dce46-047d-49a0-bd98-53e00f1d7b6f",
        "InstanceGuid": "803289d3-a74f-4c39-a8cc-4db4249009d9"
      },
      "Pre": null,
      "EvaluatorInput": 2,
      "Enable": true,
      "Color": {
        "x": 0.828,
        "y": 0.895,
        "z": 1.0
      }
    },
    "1be54d46-d785-40ca-b970-a0635575260b": {
      "$type": "UpdateSizeData",
      "DefaultValues": {
        "x": 1.0,
        "y": 1.0,
        "z": 1.0,
        "w": 1.0
      },
      "NextProcessor": {
        "PartitionGuid": "1a7dce46-047d-49a0-bd98-53e00f1d7b6f",
        "InstanceGuid": "5a5a23db-0116-4be2-a21e-e341fb9417ae"
      },
      "Pre": {
        "PartitionGuid": "1a7dce46-047d-49a0-bd98-53e00f1d7b6f",
        "InstanceGuid": "77709d0b-b620-4e09-8f9a-645616c92886"
      },
      "EvaluatorInput": 2,
      "Enable": true,
      "Pivot": {
        "x": 0.0,
        "y": 0.0
      }
    },
    "1f0979cb-affa-45d8-97e4-aa73f760f5ae": {
      "$type": "PolynomialData",
      "EmitterParameter": 0,
      "Coefficients": {
        "x": 0.0,
        "y": 0.0,
        "z": -5.4166713,
        "w": 1.0612508
      },
      "ScaleValue": 1.0,
      "MinClamp": 0.2,
      "MaxClamp": 1.0
    },
    "24a053cf-2f51-49fb-87c5-3626b18d87a8": {
      "$type": "PolynomialData",
      "EmitterParameter": 0,
      "Coefficients": {
        "x": 0.0,
        "y": 0.0,
        "z": -0.2650001,
        "w": 1.0050001
      },
      "ScaleValue": 1.0,
      "MinClamp": 0.0,
      "MaxClamp": 1.0
    },
    "29ea5dc0-b210-4361-bdd2-aa82cbfa7c33": {
      "$type": "UpdateAlphaLevelScaleData",
      "DefaultValues": {
        "x": 1.0,
        "y": 1.0,
        "z": 1.0,
        "w": 1.0
      },
      "NextProcessor": {
        "PartitionGuid": "1a7dce46-047d-49a0-bd98-53e00f1d7b6f",
        "InstanceGuid": "129c18e1-db16-4ac5-b068-569ae30b3781"
      },
      "Pre": {
        "PartitionGuid": "1a7dce46-047d-49a0-bd98-53e00f1d7b6f",
        "InstanceGuid": "10eb5ec1-1a87-4793-bbcc-2c6ca5c672cb"
      },
      "EvaluatorInput": 2,
      "Enable": true,
      "Exponent": 7.569
    },
    "2a7e07fe-8116-449b-bf55-458db65524da": {
      "$type": "EmitterTemplateData",
      "PointLightIntensity": {
        "x": 0.0,
        "y": 0.0,
        "z": 0.0,
        "w": 1.0
      },
      "PointLightPivot": {
        "x": 0.0,
        "y": 0.0,
        "z": 0.0
      },
      "PointLightColor": {
        "x": 1.0,
        "y": 1.0,
        "z": 1.0
      },
      "MaxCount": 2,
      "Name": "FX/Impacts/Ice/Emitters_S/Em_Impact_Ice_SlowSmoke",
      "TimeScale": 1.0,
      "LifetimeFrameCount": 0,
      "Lifetime": 0.1,
      "RootProcessor": {
        "PartitionGuid": "1a7dce46-047d-49a0-bd98-53e00f1d7b6f",
        "InstanceGuid": "dea24873-0a86-4135-8c72-354014bddf32"
      },
      "VisibleAfterDistance": 0.0,
      "ZOcclusionLookup": [],
      "EmittableType": 2,
      "Mesh": null,
      "DistanceScaleNearValue": 1.0,
      "PointLightRadius": 20.0,
      "VertexPixelLightingBlendFactor": 0.0,
      "GlobalLocalNormalBlendFactor": 1.0,
      "SoftParticlesFadeDistanceMultiplier": -0.25,
      "LightWrapAroundFactor": 0.1,
      "LightMultiplier": 0.4,
      "DistanceScaleFarValue": 1.0,
      "PointLightRandomIntensityMin": 1.0,
      "MeshCullingDistance": 0.0,
      "PointLightRandomIntensityMax": 1.0,
      "MaxSpawnDistance": 0.0,
      "MinScreenArea": 1.0,
      "DistanceScaleLength": 0.0,
      "PointLightMaxClamp": 1.0,
      "ParticleCullingFactor": 0.0,
      "PointLightMinClamp": 0.0,
      "FollowSpawnSource": false,
      "RepeatParticleSpawning": false,
      "Emissive": false,
      "ExclusionVolumeCullEnable": false,
      "TransparencySunShadowEnable": false,
      "ForceFullRes": false,
      "LocalSpace": false,
      "Opaque": false,
      "ActAsPointLight": false,
      "KillParticlesWithEmitter": false,
      "ForceNiceSorting": false
    },
    "2f6113e3-7ea4-4d8a-afaa-1103a428bec1": {
      "$type": "LocalForceData",
      "DefaultValues": {
        "x": 1.0,
        "y": 1.0,
        "z": 1.0,
        "w": 1.0
      },
      "NextProcessor": {
        "PartitionGuid": "1a7dce46-047d-49a0-bd98-53e00f1d7b6f",
        "InstanceGuid": "29ea5dc0-b210-4361-bdd2-aa82cbfa7c33"
      },
      "Pre": null,
      "EvaluatorInput": 2,
      "Enable": true,
      "LocalForce": {
        "x": 1.0,
        "y": 0.0,
        "z": -5.0
      }
    },
    "3cf50ec0-7b19-4749-b438-b5f875863830": {
      "$type": "EmitterDocument",
      "Name": "FX/Impacts/Ice/Emitters_S/Em_Impact_Ice_SlowSmoke",
      "RootProcessor": {
        "PartitionGuid": "1a7dce46-047d-49a0-bd98-53e00f1d7b6f",
        "InstanceGuid": "dea24873-0a86-4135-8c72-354014bddf32"
      },
      "TemplateData": {
        "PartitionGuid": "1a7dce46-047d-49a0-bd98-53e00f1d7b6f",
        "InstanceGuid": "2a7e07fe-8116-449b-bf55-458db65524da"
      }
    },
    "44ec8def-1486-4a1c-8637-a6c11b099733": {
      "$type": "SpawnRotationData",
      "DefaultValues": {
        "x": 1.0,
        "y": 1.0,
        "z": 1.0,
        "w": 1.0
      },
      "NextProcessor": {
        "PartitionGuid": "1a7dce46-047d-49a0-bd98-53e00f1d7b6f",
        "InstanceGuid": "7522f267-a3a7-48d2-977c-49212da38644"
      },
      "Pre": {
        "PartitionGuid": "1a7dce46-047d-49a0-bd98-53e00f1d7b6f",
        "InstanceGuid": "b387c78b-72ce-4ed8-b4b6-e6bd486aa63e"
      },
      "EvaluatorInput": 1,
      "Enable": true,
      "Rotation": 1.0
    },
    "579e9ee7-54a6-45c7-9722-b8f6d66e4ed7": {
      "$type": "UpdateTextureCoordsData",
      "DefaultValues": {
        "x": 1.0,
        "y": 0.0,
        "z": 0.0,
        "w": 0.0
      },
      "NextProcessor": {
        "PartitionGuid": "1a7dce46-047d-49a0-bd98-53e00f1d7b6f",
        "InstanceGuid": "901edaab-c724-4b01-a194-5b6265232925"
      },
      "Pre": {
        "PartitionGuid": "1a7dce46-047d-49a0-bd98-53e00f1d7b6f",
        "InstanceGuid": "24a053cf-2f51-49fb-87c5-3626b18d87a8"
      },
      "EvaluatorInput": 2,
      "Enable": true,
      "TextureInfo1": {
        "TextureName": "FX/Textures/Smoke/Anim_TurbulentThickSmoke01_8x32_D",
        "NormalmapName": "Systems/Emitter/DefaultNormalmap",
        "AnimationFrameCount": 32.0,
        "AnimationFrameColumnCount": 8.0,
        "EnableAnimation": true
      },
      "TextureBlendValue": 1.0
    },
    "5a5a23db-0116-4be2-a21e-e341fb9417ae": {
      "$type": "SpawnSizeData",
      "DefaultValues": {
        "x": 1.0,
        "y": 1.0,
        "z": 1.0,
        "w": 1.0
      },
      "NextProcessor": {
        "PartitionGuid": "1a7dce46-047d-49a0-bd98-53e00f1d7b6f",