{
  "Name": "levels/xp5_004/tdm/layer0_tdm_logic",
  "PartitionGuid": "1f94eee3-c164-4324-b0e9-1620cd9b6747",
  "PrimaryInstanceGuid": "12849f0e-b60b-446c-8c01-4bc7f969e15c",
  "Instances": {
    "59a27368-ddd7-4fa2-a253-00c34e48780e": {
      "$type": "ReferenceObjectData",
      "BlueprintTransform": {
        "right": {
          "x": 0.31354532,
          "y": 5.081054E-15,
          "z": 0.9495733
        },
        "up": {
          "x": 1.7724011E-07,
          "y": 1.0,
          "z": -5.8523987E-08
        },
        "forward": {
          "x": -0.9495733,
          "y": 1.8665239E-07,
          "z": 0.31354532
        },
        "trans": {
          "x": -925.63916,
          "y": 153.5336,
          "z": -1084.2246
        }
      },
      "Blueprint": {
        "PartitionGuid": "3a4c6965-5489-11e0-925d-9af42ff370f9",
        "InstanceGuid": "9eaca7be-dd1e-c3e3-8943-b1cbd321df4d"
      },
      "ObjectVariation": null,
      "StreamRealm": 0,
      "CastSunShadowEnable": true,
      "Excluded": false,
      "IndexInBlueprint": 3,
      "IsEventConnectionTarget": 3,
      "IsPropertyConnectionTarget": 3
    },
    "b9f18976-8759-448e-9c91-e0184fccc8cd": {
      "$type": "ReferenceObjectData",
      "BlueprintTransform": {
        "right": {
          "x": -0.6435963,
          "y": -3.1215012E-07,
          "z": -0.7653653
        },
        "up": {
          "x": 2.9724922E-07,
          "y": 1.0,
          "z": -1.5065625E-08
        },
        "forward": {
          "x": 0.76536536,
          "y": -1.4541516E-07,
          "z": -0.64359605
        },
        "trans": {
          "x": -917.7099,
          "y": 153.5836,
          "z": -1133.7427
        }
      },
      "Blueprint": {
        "PartitionGuid": "3a4c6965-5489-11e0-925d-9af42ff370f9",
        "InstanceGuid": "9eaca7be-dd1e-c3e3-8943-b1cbd321df4d"
      },
      "ObjectVariation": null,
      "StreamRealm": 0,
      "CastSunShadowEnable": true,
      "Excluded": false,
      "IndexInBlueprint": 4,
      "IsEventConnectionTarget": 3,
      "IsPropertyConnectionTarget": 3
    },
    "e02880cf-06d8-4f24-9cd8-cbc45efba452": {
      "$type": "ReferenceObjectData",
      "BlueprintTransform": {
        "right": {
          "x": 0.7291375,
          "y": 1.2216409E-15,
          "z": -0.6843673
        },
        "up": {
          "x": -5.4930553E-08,
          "y": 1.0,
          "z": -5.8524023E-08
        },
        "forward": {
          "x": 0.6843673,
          "y": 8.0264726E-08,
          "z": 0.7291375
        },
        "trans": {
          "x": -897.8565,
          "y": 153.48961,
          "z": -1162.0233
        }
      },
      "Blueprint": {
        "PartitionGuid": "3a4c6965-5489-11e0-925d-9af42ff370f9",
        "InstanceGuid": "9eaca7be-dd1e-c3e3-8943-b1cbd321df4d"
      },
      "ObjectVariation": null,
      "StreamRealm": 0,
      "CastSunShadowEnable": true,
      "Excluded": false,
      "IndexInBlueprint": 5,
      "IsEventConnectionTarget": 3,
      "IsPropertyConnectionTarget": 3
    },
    "710fa3f8-02e2-4a06-84fe-5c0d5e0ed088": {
      "$type": "ReferenceObjectData",
      "BlueprintTransform": {
        "right": {
          "x": -0.8275643,
          "y": -2.1090023E-07,
          "z": 0.561371
        },
        "up": {
          "x": 2.9988482E-07,
          "y": 1.0,
          "z": -5.852402E-08
        },
        "forward": {
          "x": -0.5613709,
          "y": 2.1169946E-07,
          "z": -0.8275643
        },
        "trans": {
          "x": -936.86426,
          "y": 153.5336,
          "z": -1161.0497
        }
      },
      "Blueprint": {
        "PartitionGuid": "3a4c6965-5489-11e0-925d-9af42ff370f9",
        "InstanceGuid": "9eaca7be-dd1e-c3e3-8943-b1cbd321df4d"
      },
      "ObjectVariation": null,
      "StreamRealm": 0,
      "CastSunShadowEnable": true,
      "Excluded": false,
      "IndexInBlueprint": 6,
      "IsEventConnectionTarget": 3,
      "IsPropertyConnectionTarget": 3
    },
    "2a7749e3-7f96-4971-a692-654e646e0902": {
      "$type": "ReferenceObjectData",
      "BlueprintTransform": {
        "right": {
          "x": 1.0,
          "y": 0.0,
          "z": 0.0
        },
        "up": {
          "x": 0.0,
          "y": 1.0,
          "z": 0.0
        },
        "forward": {
          "x": 0.0,
          "y": 0.0,
          "z": 1.0
        },
        "trans": {
          "x": -835.35736,
          "y": 142.64355,
          "z": -307.31012
        }
      },
      "Blueprint": {
        "PartitionGuid": "fad987c1-7d2a-11e0-b283-c22e2a7b7393",
        "InstanceGuid": "5e64b049-3fe1-8a8b-4d16-99435672c9bc"
      },
      "ObjectVariation": null,
      "StreamRealm": 0,
      "CastSunShadowEnable": true,
      "Excluded": false,
      "IndexInBlueprint": 7,
      "IsEventConnectionTarget": 3,
      "IsPropertyConnectionTarget": 2
    },
    "54f84394-70d7-471f-b4c4-c61737f82a25": {
      "$type": "ReferenceObjectData",
      "BlueprintTransform": {
        "right": {
          "x": 0.6806823,
          "y": -6.531807E-07,
          "z": 0.73257875
        },
        "up": {
          "x": 2.9988482E-07,
          "y": 1.0,
          "z": -5.8524073E-08
        },
        "forward": {
          "x": -0.7325788,
          "y": 3.5131086E-07,
          "z": 0.68068224
        },
        "trans": {
          "x": -877.27924,
          "y": 153.54922,
          "z": -1094.6044
        }
      },
      "Blueprint": {
        "PartitionGuid": "3a4c6965-5489-11e0-925d-9af42ff370f9",
        "InstanceGuid": "9eaca7be-dd1e-c3e3-8943-b1cbd321df4d"
      },
      "ObjectVariation": null,
      "StreamRealm": 0,
      "CastSunShadowEnable": false,
      "Excluded": false,
      "IndexInBlueprint": 8,
      "IsEventConnectionTarget": 3,
      "IsPropertyConnectionTarget": 3
    },
    "549e511f-50c9-40ce-af48-89f1946c81f8": {
      "$type": "ReferenceObjectData",
      "BlueprintTransform": {
        "right": {
          "x": 0.008548286,
          "y": -4.847401E-14,
          "z": 0.9999633
        },
        "up": {
          "x": 2.854615E-06,
          "y": 0.9999999,
          "z": -2.4402967E-08
        },
        "forward": {
          "x": -0.9999627,
          "y": 2.8547174E-06,
          "z": 0.008548281
        },
        "trans": {
          "x": -936.413,
          "y": 153.5336,
          "z": -1082.0746
        }
      },
      "Blueprint": {
        "PartitionGuid": "7a72cd01-bf8b-421b-b9a6-927a600acace",
        "InstanceGuid": "3dcb1245-c508-4d5e-8876-057e2600403f"
      },
      "ObjectVariation": null,
      "StreamRealm": 0,
      "CastSunShadowEnable": true,
      "Excluded": false,
      "IndexInBlueprint": 9,
      "IsEventConnectionTarget": 3,
      "IsPropertyConnectionTarget": 3
    },
    "128f9e1c-7929-43dc-b2d9-c0094189b685": {
      "$type": "ReferenceObjectData",
      "BlueprintTransform": {
        "right": {
          "x": 0.6366281,
          "y": -4.712049E-11,
          "z": -0.7711709
        },
        "up": {
          "x": 7.4015724E-11,
          "y": 0.9999999,
          "z": -1.4136955E-18
        },
        "forward": {
          "x": 0.7711705,
          "y": -5.7078745E-11,
          "z": 0.63662773
        },
        "trans": {
          "x": -897.8557,
          "y": 153.5593,
          "z": -1136.8218
        }
      },
      "Blueprint": {
        "PartitionGuid": "7a72cd01-bf8b-421b-b9a6-927a600acace",
        "InstanceGuid": "3dcb1245-c508-4d5e-8876-057e2600403f"
      },
      "ObjectVariation": null,
      "StreamRealm": 0,
      "CastSunShadowEnable": true,
      "Excluded": false,
      "IndexInBlueprint": 10,
      "IsEventConnectionTarget": 3,