{
  "Name": "props/streetprops/generator_03/generator_03",
  "PartitionGuid": "f1bd50d1-4478-11de-89ff-e8c484ee9c63",
  "PrimaryInstanceGuid": "fb07cb24-a689-2b0a-4b93-d33a435b2d9c",
  "Instances": {
    "04a35209-7b89-43e0-b811-c0f375daa063": {
      "$type": "ReferenceObjectData",
      "IndexInBlueprint": 65535,
      "IsEventConnectionTarget": 3,
      "IsPropertyConnectionTarget": 3,
      "BlueprintTransform": {
        "right": {
          "x": 0.9076823,
          "y": -0.04470184,
          "z": -0.41727042
        },
        "up": {
          "x": 0.41965806,
          "y": 0.09668604,
          "z": 0.9025182
        },
        "forward": {
          "x": 2.2712208E-09,
          "y": -0.9943107,
          "z": 0.1065197
        },
        "trans": {
          "x": 0.6890582,
          "y": 1.2154834,
          "z": 0.43517837
        }
      },
      "Blueprint": {
        "PartitionGuid": "4511427b-f760-11dd-9a35-cbab75c068d1",
        "InstanceGuid": "4511427c-f760-11dd-9a35-cbab75c068d1"
      },
      "ObjectVariation": null,
      "StreamRealm": "StreamRealm_None",
      "CastSunShadowEnable": true,
      "Excluded": false
    },
    "05205cd2-a3b3-4603-b1b2-2a4029ac0891": {
      "$type": "ReferenceObjectData",
      "IndexInBlueprint": 65535,
      "IsEventConnectionTarget": 3,
      "IsPropertyConnectionTarget": 3,
      "BlueprintTransform": {
        "right": {
          "x": 0.9057139,
          "y": -0.051622853,
          "z": 0.42073438
        },
        "up": {
          "x": -0.4213834,
          "y": -0.21741961,
          "z": 0.8804344
        },
        "forward": {
          "x": 0.04602537,
          "y": -0.97471213,
          "z": -0.21867299
        },
        "trans": {
          "x": -0.48078942,
          "y": 0.7474787,
          "z": 0.43414068
        }
      },
      "Blueprint": {
        "PartitionGuid": "4511427b-f760-11dd-9a35-cbab75c068d1",
        "InstanceGuid": "4511427c-f760-11dd-9a35-cbab75c068d1"
      },
      "ObjectVariation": null,
      "StreamRealm": "StreamRealm_None",
      "CastSunShadowEnable": true,
      "Excluded": false
    },
    "11bb4dd1-a1e0-89a1-8a12-f8036ba131af": {
      "$type": "HealthStateData",
      "Objects": [],
      "LoosePartPhysics": [],
      "SpawnedBangerBlueprint": null,
      "SpawnedBangerImpulseParams": null,
      "Health": 100.0,
      "PartIndex": 0,
      "PhysicsEnabled": true,
      "CopyDamageToBanger": true,
      "CanSupportOtherParts": true
    },
    "246dfef8-c15d-d282-a575-5214bbd8f897": {
      "$type": "PartComponentData",
      "IndexInBlueprint": 1,
      "IsEventConnectionTarget": 3,
      "IsPropertyConnectionTarget": 3,
      "Transform": {
        "right": {
          "x": 1.0,
          "y": 0.0,
          "z": 0.0
        },
        "up": {
          "x": 0.0,
          "y": 1.0,
          "z": 0.0
        },
        "forward": {
          "x": 0.0,
          "y": 0.0,
          "z": 1.0
        },
        "trans": {
          "x": 0.0,
          "y": 0.0,
          "z": 0.0
        }
      },
      "Components": [],
      "Excluded": false,
      "HealthStates": [
        {
          "PartitionGuid": "f1bd50d1-4478-11de-89ff-e8c484ee9c63",
          "InstanceGuid": "11bb4dd1-a1e0-89a1-8a12-f8036ba131af"
        },
        {
          "PartitionGuid": "f1bd50d1-4478-11de-89ff-e8c484ee9c63",
          "InstanceGuid": "da4dba59-c9dc-429b-84c5-73bac65ba259"
        }
      ],
      "PartLinks": [],
      "IsSupported": false,
      "IsFragile": false,
      "IsNetworkable": true,
      "IsWindow": false,
      "AnimatePhysics": false
    },
    "832cc8e2-cfb4-e33e-33f6-c88c9af322b6": {
      "$type": "RigidBodyData",
      "InertiaModifier": {
        "x": 1.0,
        "y": 1.0,
        "z": 1.0
      },
      "RigidBodyType": "RBTypeCollision",
      "Mass": 0.0,
      "Restitution": 0.4,
      "Friction": 0.5,
      "AngularVelocityDamping": -1.0,
      "LinearVelocityDamping": -1.0,
      "InteractionToolkitCollisionVolumeId": 0,
      "MotionType": "RigidBodyMotionType_Fixed",
      "QualityType": "RigidBodyQualityType_Invalid",
      "CollisionLayer": "RigidBodyCollisionLayer_Invalid",
      "FloatPhysics": null,
      "Constraints": []
    },
    "a6aaa0af-5ade-49c5-ac3c-64206d69d86f": {
      "$type": "ReferenceObjectData",
      "IndexInBlueprint": 65535,
      "IsEventConnectionTarget": 3,
      "IsPropertyConnectionTarget": 3,
      "BlueprintTransform": {
        "right": {
          "x": 1.0,
          "y": 0.0,
          "z": 0.0
        },
        "up": {
          "x": 0.0,
          "y": 0.8272547,
          "z": 0.56182706
        },
        "forward": {
          "x": 0.0,
          "y": -0.56182706,
          "z": 0.8272547
        },
        "trans": {
          "x": 0.04481125,
          "y": 1.1556448,
          "z": 0.27121058
        }
      },
      "Blueprint": {
        "PartitionGuid": "e375b6d1-ebb3-11dd-9b7a-8baba5e8173f",
        "InstanceGuid": "e375b6d2-ebb3-11dd-9b7a-8baba5e8173f"
      },
      "ObjectVariation": null,
      "StreamRealm": "StreamRealm_None",
      "CastSunShadowEnable": true,
      "Excluded": false
    },
    "b326165d-7cba-4bd6-b27c-6957f7f9469c": {
      "$type": "ReferenceObjectData",
      "IndexInBlueprint": 65535,
      "IsEventConnectionTarget": 3,
      "IsPropertyConnectionTarget": 3,
      "BlueprintTransform": {
        "right": {
          "x": 1.0,
          "y": 0.0,
          "z": 0.0
        },
        "up": {
          "x": 0.0,
          "y": 1.0,
          "z": 0.0
        },
        "forward": {
          "x": 0.0,
          "y": 0.0,
          "z": 1.0
        },
        "trans": {
          "x": 0.0,
          "y": 0.0,
          "z": 0.0
        }
      },
      "Blueprint": {
        "PartitionGuid": "27613fe8-5119-11de-b6cd-caa44c63eca4",
        "InstanceGuid": "744ffb9e-7700-5259-3830-33fd1c0f47e7"
      },
      "ObjectVariation": null,
      "StreamRealm": "StreamRealm_None",
      "CastSunShadowEnable": true,
      "Excluded": false
    },
    "ccc17e9c-09fd-e41b-cb77-91113e93da0d": {
      "$type": "StaticModelEntityData",
      "IndexInBlueprint": 0,
      "IsEventConnectionTarget": 2,
      "IsPropertyConnectionTarget": 2,
      "Transform": {
        "right": {
          "x": 1.0,
          "y": 0.0,
          "z": 0.0
        },
        "up": {
          "x": 0.0,
          "y": 1.0,
          "z": 0.0
        },
        "forward": {
          "x": 0.0,
          "y": 0.0,
          "z": 1.0
        },
        "trans": {
          "x": 0.0,
          "y": 0.0,
          "z": 0.0
        }
      },
      "Components": [
        {
          "PartitionGuid": "f1bd50d1-4478-11de-89ff-e8c484ee9c63",
          "InstanceGuid": "246dfef8-c15d-d282-a575-5214bbd8f897"
        }
      ],
      "Enabled": true,
      "RuntimeComponentCount": 1,
      "PhysicsData": {
        "PartitionGuid": "f1bd50d1-4478-11de-89ff-e8c484ee9c63",
        "InstanceGuid": "ecc1091c-2309-2a35-4c29-1a43f25b1033"
      },
      "PartLinks": [],
      "Mesh": {
        "PartitionGuid": "2281fcbd-0f3f-6baa-e1ee-b74cef706343",
        "InstanceGuid": "deb9a92b-b318-9474-f2f2-7096ad5fcd97"
      },
      "BoneCount": 0,
      "BasePoseTransforms": [],
      "NetworkInfo": {
        "PartNetworkIdRanges": [
          {
            "First": 0,
            "Last": 0
          }
        ],
        "NetworkIdCount": 1,
        "ChildNetworkInfos": [
          {
            "NetworkRange": {
              "First": 4294967295,
              "Last": 4294967295
            },
            "ParentPartComponentIndex": 0,
            "ParentHealthStateIndex": 1,