{
  "Name": "levels/mp_012/mp_012/layer14_common_cq_spawnpoints",
  "PartitionGuid": "aa78c8e3-cfb1-46b7-9476-cfa625e97476",
  "PrimaryInstanceGuid": "09a1c341-19e9-45f0-ad1d-927749905733",
  "Instances": {
    "e419e617-52ef-4162-9834-d03101d41322": {
      "$type": "CameraEntityData",
      "IsEventConnectionTarget": 3,
      "IsPropertyConnectionTarget": 3,
      "IndexInBlueprint": 986,
      "Transform": {
        "right": {
          "x": -0.8092488,
          "y": -0.008371192,
          "z": -0.5874057
        },
        "up": {
          "x": -0.1594198,
          "y": 0.96550643,
          "z": 0.20586774
        },
        "forward": {
          "x": 0.56542116,
          "y": 0.26024252,
          "z": -0.78267026
        },
        "trans": {
          "x": 668.9956,
          "y": 144.52051,
          "z": -326.34152
        }
      },
      "NameId": "RU Deployment",
      "Priority": 1,
      "Enabled": true,
      "Fov": 0.0
    },
    "67788379-8006-44a8-9980-4fb5d32d0c96": {
      "$type": "CameraEntityData",
      "IsEventConnectionTarget": 3,
      "IsPropertyConnectionTarget": 3,
      "IndexInBlueprint": 987,
      "Transform": {
        "right": {
          "x": 0.012390379,
          "y": -0.0058862735,
          "z": -0.9999056
        },
        "up": {
          "x": -0.116375834,
          "y": 0.99317795,
          "z": -0.007288705
        },
        "forward": {
          "x": 0.99312776,
          "y": 0.11645528,
          "z": 0.011620867
        },
        "trans": {
          "x": 160.12317,
          "y": 131.15094,
          "z": -122.96623
        }
      },
      "NameId": "AttackerSpawn_2_CustomCam",
      "Priority": 1,
      "Enabled": true,
      "Fov": 0.0
    },
    "23d8c664-c706-ae99-05be-fc39a0c36222": {
      "$type": "ReferenceObjectData",
      "BlueprintTransform": {
        "right": {
          "x": -0.80391943,
          "y": -0.022939224,
          "z": -0.59429616
        },
        "up": {
          "x": -0.02924456,
          "y": 0.999572,
          "z": 0.0009774067
        },
        "forward": {
          "x": 0.59401923,
          "y": 0.018165695,
          "z": -0.8042459
        },
        "trans": {
          "x": -736.8643,
          "y": 134.21167,
          "z": 289.20782
        }
      },
      "Blueprint": {
        "PartitionGuid": "47b05049-5880-246c-b1cc-2b1be786fc34",
        "InstanceGuid": "47b05049-5880-246c-b1cc-2b1be786fc34"
      },
      "ObjectVariation": null,
      "StreamRealm": 0,
      "CastSunShadowEnable": true,
      "Excluded": false,
      "IndexInBlueprint": 988,
      "IsEventConnectionTarget": 3,
      "IsPropertyConnectionTarget": 3
    },
    "56718590-e481-10a5-b5bd-f4a69667970f": {
      "$type": "ReferenceObjectData",
      "BlueprintTransform": {
        "right": {
          "x": 0.6856207,
          "y": 0.0,
          "z": 0.7279588
        },
        "up": {
          "x": 0.0,
          "y": 1.0,
          "z": 0.0
        },
        "forward": {
          "x": -0.7279588,
          "y": 0.0,
          "z": 0.6856207
        },
        "trans": {
          "x": 556.3623,
          "y": 111.61108,
          "z": -264.48962
        }
      },
      "Blueprint": {
        "PartitionGuid": "0fca3912-8947-4b38-624e-44f600406549",
        "InstanceGuid": "0fca3912-8947-4b38-624e-44f600406549"
      },
      "ObjectVariation": null,
      "StreamRealm": 0,
      "CastSunShadowEnable": true,
      "Excluded": false,
      "IndexInBlueprint": 989,
      "IsEventConnectionTarget": 3,
      "IsPropertyConnectionTarget": 3
    },
    "09a1c341-19e9-45f0-ad1d-927749905733": {
      "$type": "WorldPartData",
      "Name": "Levels/MP_012/Common_CQ_Spawnpoints",
      "PropertyConnections": [],
      "LinkConnections": [],
      "EventConnections": [],
      "Descriptor": null,
      "NeedNetworkId": false,
      "InterfaceHasConnections": false,
      "AlwaysCreateEntityBusClient": false,
      "AlwaysCreateEntityBusServer": false,
      "Objects": [
        {
          "PartitionGuid": "aa78c8e3-cfb1-46b7-9476-cfa625e97476",
          "InstanceGuid": "e419e617-52ef-4162-9834-d03101d41322"
        },
        {
          "PartitionGuid": "aa78c8e3-cfb1-46b7-9476-cfa625e97476",
          "InstanceGuid": "67788379-8006-44a8-9980-4fb5d32d0c96"
        },
        {
          "PartitionGuid": "aa78c8e3-cfb1-46b7-9476-cfa625e97476",
          "InstanceGuid": "23d8c664-c706-ae99-05be-fc39a0c36222"
        },
        {
          "PartitionGuid": "aa78c8e3-cfb1-46b7-9476-cfa625e97476",
          "InstanceGuid": "56718590-e481-10a5-b5bd-f4a69667970f"
        }
      ],
      "Enabled": true,
      "UseDeferredEntityCreation": false,
      "HackToSolveRealTimeTweakingIssue": "1fc77a78-e1a9-246d-96d5-c87faa39e4f1"
    }
  }
}