{
  "Name": "fx/dlc/xp2/destruction/specific/props/factoryglass/emitters/em_dlc2_factory_glassdest_mp_shard02",
  "PartitionGuid": "39f60a37-06d2-4486-8ceb-bf846e879057",
  "PrimaryInstanceGuid": "4d2124d0-7f60-4c30-922e-21f10c745178",
  "Instances": {
    "03617c11-5107-31e4-e745-4e0352f6495c": {
      "$type": "PolynomialData",
      "EmitterParameter": 0,
      "Coefficients": {
        "x": 0.0,
        "y": 0.0,
        "z": -0.8777777,
        "w": 1.0721667
      },
      "ScaleValue": 1.0,
      "MinClamp": 0.0,
      "MaxClamp": 1.0
    },
    "0ff3d4b2-b6d6-4a67-b93c-da59d7ff1e29": {
      "$type": "RandomEvaluatorData",
      "EmitterParameter": 0,
      "Max": 1.0,
      "Min": 0.75
    },
    "1e36136b-6077-80d8-885e-1770730d4d52": {
      "$type": "BoxEvaluatorData",
      "EmitterParameter": 5,
      "Dimensions": {
        "x": 1.0,
        "y": 1.0,
        "z": 0.1
      },
      "Pivot": {
        "x": 0.0,
        "y": 0.0,
        "z": 0.0
      }
    },
    "25b2fbe9-a399-691d-ddf2-e014d9b74b90": {
      "$type": "UpdateLinearVelocityData",
      "DefaultValues": {
        "x": 1.0,
        "y": 1.0,
        "z": 1.0,
        "w": 1.0
      },
      "NextProcessor": null,
      "Pre": null,
      "EvaluatorInput": 2,
      "Enable": true
    },
    "28a10880-135a-43fa-b645-c60dbc579b8d": {
      "$type": "SpawnSizeData",
      "DefaultValues": {
        "x": 1.0,
        "y": 1.0,
        "z": 1.0,
        "w": 1.0
      },
      "NextProcessor": {
        "PartitionGuid": "39f60a37-06d2-4486-8ceb-bf846e879057",
        "InstanceGuid": "ec5e1eb2-ac89-4a9b-9847-83202cf1d746"
      },
      "Pre": {
        "PartitionGuid": "39f60a37-06d2-4486-8ceb-bf846e879057",
        "InstanceGuid": "0ff3d4b2-b6d6-4a67-b93c-da59d7ff1e29"
      },
      "EvaluatorInput": 1,
      "Enable": true,
      "Size": 1.0
    },
    "2d0ff0b8-e735-4982-86d3-841204ce0a06": {
      "$type": "SpawnRotationSpeedData",
      "DefaultValues": {
        "x": 1.0,
        "y": 1.0,
        "z": 1.0,
        "w": 1.0
      },
      "NextProcessor": {
        "PartitionGuid": "39f60a37-06d2-4486-8ceb-bf846e879057",
        "InstanceGuid": "8456ab2d-beda-d8d1-45be-61d0fb81cc0a"
      },
      "Pre": {
        "PartitionGuid": "39f60a37-06d2-4486-8ceb-bf846e879057",
        "InstanceGuid": "df9c9d3f-1286-5585-6c3f-0a284e296481"
      },
      "EvaluatorInput": 1,
      "Enable": true,
      "RotationSpeed": 6.0
    },
    "2def83a9-3b03-3924-ff92-869d9abaeab5": {
      "$type": "RandomXYZEvaluatorData",
      "EmitterParameter": 0,
      "MaxX": 0.25,
      "MinX": -0.25,
      "MaxY": 0.25,
      "MinY": -0.25,
      "MaxZ": 1.0,
      "MinZ": -1.0
    },
    "34521794-3b0b-408e-437d-389d4bfc52b5": {
      "$type": "SpawnDirectionData",
      "DefaultValues": {
        "x": 0.0,
        "y": 1.0,
        "z": 0.0,
        "w": 0.0
      },
      "NextProcessor": {
        "PartitionGuid": "39f60a37-06d2-4486-8ceb-bf846e879057",
        "InstanceGuid": "8d95820a-4f39-2851-71b3-a3931bffa28b"
      },
      "Pre": {
        "PartitionGuid": "39f60a37-06d2-4486-8ceb-bf846e879057",
        "InstanceGuid": "2def83a9-3b03-3924-ff92-869d9abaeab5"
      },
      "EvaluatorInput": 1,
      "Enable": true,
      "DirectionFromEmitterOrigin": 0.1,
      "InheritSpeedAndDirectionFromEmitter": false
    },
    "49bf8fb5-5ad4-257b-17ef-9d7273fb3d1f": {
      "$type": "RandomEvaluatorData",
      "EmitterParameter": 0,
      "Max": -1.0,
      "Min": 1.0
    },
    "4d2124d0-7f60-4c30-922e-21f10c745178": {
      "$type": "EmitterTemplateData",
      "PointLightIntensity": {
        "x": 0.0,
        "y": 0.0,
        "z": 0.0,
        "w": 1.0
      },
      "PointLightPivot": {
        "x": 0.0,
        "y": 0.0,
        "z": 0.0
      },
      "PointLightColor": {
        "x": 1.0,
        "y": 1.0,
        "z": 1.0
      },
      "MaxCount": 10,
      "Name": "FX/DLC/XP2/Destruction/Specific/Props/FactoryGlass/Emitters/Em_DLC2_Factory_GlassDest_MP_Shard02",
      "TimeScale": 1.0,
      "LifetimeFrameCount": 0,
      "Lifetime": 0.1,
      "RootProcessor": {
        "PartitionGuid": "39f60a37-06d2-4486-8ceb-bf846e879057",
        "InstanceGuid": "d154f8db-d119-4c8f-a19a-674071e2f32c"
      },
      "VisibleAfterDistance": 0.0,
      "ZOcclusionLookup": [],
      "EmittableType": 6,
      "Mesh": {
        "PartitionGuid": "4fdf9cec-4d51-d66d-f2a2-e4f3c82d74cc",
        "InstanceGuid": "7cf5af68-fda2-4dab-beb0-1bb581e9beee"
      },
      "DistanceScaleNearValue": 1.0,
      "PointLightRadius": 20.0,
      "VertexPixelLightingBlendFactor": 0.0,
      "GlobalLocalNormalBlendFactor": 0.0,
      "SoftParticlesFadeDistanceMultiplier": 0.0,
      "LightWrapAroundFactor": 0.5,
      "LightMultiplier": 1.0,
      "DistanceScaleFarValue": 1.0,
      "PointLightRandomIntensityMin": 1.0,
      "MeshCullingDistance": 50.0,
      "PointLightRandomIntensityMax": 1.0,
      "MaxSpawnDistance": 60.0,
      "MinScreenArea": 1.0,
      "DistanceScaleLength": 0.0,
      "PointLightMaxClamp": 1.0,
      "ParticleCullingFactor": 0.8,
      "PointLightMinClamp": 0.0,
      "FollowSpawnSource": false,
      "RepeatParticleSpawning": false,
      "Emissive": false,
      "ExclusionVolumeCullEnable": true,
      "TransparencySunShadowEnable": false,
      "ForceFullRes": false,
      "LocalSpace": false,
      "Opaque": false,
      "ActAsPointLight": false,
      "KillParticlesWithEmitter": false,
      "ForceNiceSorting": false
    },
    "55f548f9-c7d4-0242-51c4-0ed07b38f35f": {
      "$type": "RandomXYZEvaluatorData",
      "EmitterParameter": 0,
      "MaxX": 90.0,
      "MinX": 90.0,
      "MaxY": 0.0,
      "MinY": 0.0,
      "MaxZ": 180.0,
      "MinZ": 0.0
    },
    "594337e0-dd55-993c-fb1d-4f2701adf466": {
      "$type": "PolynomialData",
      "EmitterParameter": 0,
      "Coefficients": {
        "x": 0.0,
        "y": 0.0,
        "z": -5.153848,
        "w": 5.07654
      },
      "ScaleValue": 1.0,
      "MinClamp": 0.0,
      "MaxClamp": 1.0
    },
    "8456ab2d-beda-d8d1-45be-61d0fb81cc0a": {
      "$type": "UpdateSizeData",
      "DefaultValues": {
        "x": 1.0,
        "y": 1.0,
        "z": 1.0,
        "w": 1.0
      },
      "NextProcessor": {
        "PartitionGuid": "39f60a37-06d2-4486-8ceb-bf846e879057",
        "InstanceGuid": "b2789b0d-4f43-ef79-6192-c2245f849ae5"
      },
      "Pre": {
        "PartitionGuid": "39f60a37-06d2-4486-8ceb-bf846e879057",
        "InstanceGuid": "594337e0-dd55-993c-fb1d-4f2701adf466"
      },
      "EvaluatorInput": 2,
      "Enable": true,
      "Pivot": {
        "x": 0.0,
        "y": 0.0
      }
    },
    "8d95820a-4f39-2851-71b3-a3931bffa28b": {
      "$type": "SpawnPositionData",
      "DefaultValues": {
        "x": 0.0,
        "y": 0.0,
        "z": 0.0,
        "w": 1.0
      },
      "NextProcessor": {
        "PartitionGuid": "39f60a37-06d2-4486-8ceb-bf846e879057",
        "InstanceGuid": "eb5de5f4-e627-c417-9fab-741295c43198"
      },
      "Pre": {
        "PartitionGuid": "39f60a37-06d2-4486-8ceb-bf846e879057",
        "InstanceGuid": "1e36136b-6077-80d8-885e-1770730d4d52"
      },
      "EvaluatorInput": 1,
      "Enable": true
    },
    "aa8ef9ee-c31b-0e73-3830-17a6c0d7ac5f": {
      "$type": "SpawnRateData",
      "DefaultValues": {
        "x": 1.0,
        "y": 1.0,
        "z": 1.0,
        "w": 1.0
      },
      "NextProcessor": {
        "PartitionGuid": "39f60a37-06d2-4486-8ceb-bf846e879057",
        "InstanceGuid": "34521794-3b0b-408e-437d-389d4bfc52b5"
      },
      "Pre": null,
      "EvaluatorInput": 1,
      "Enable": true,
      "SpawnRate": 20000.0,
      "TrailSegmentLength": 5.0,
      "DistributeOverTime": true,