{
  "Name": "levels/xp3_shield/rushlarge/layer2_rushlarge_effects",
  "PartitionGuid": "fcfc3d81-c499-43ed-8693-7c74939c7085",
  "PrimaryInstanceGuid": "aa22ce30-2943-4901-9ac9-cd4797a1d3fe",
  "Instances": {
    "f6587c8a-2e3d-48b4-9a8f-0c0d3097dfb3": {
      "$type": "ReferenceObjectData",
      "BlueprintTransform": {
        "right": {
          "x": -0.3826834,
          "y": -3.2144916E-09,
          "z": 0.92387956
        },
        "up": {
          "x": -4.1504325E-08,
          "y": 1.0,
          "z": -1.3712318E-08
        },
        "forward": {
          "x": -0.92387956,
          "y": -4.35925E-08,
          "z": -0.3826834
        },
        "trans": {
          "x": -740.02985,
          "y": 97.20405,
          "z": -432.70822
        }
      },
      "Blueprint": {
        "PartitionGuid": "35262766-b4a6-11e1-a8ea-caed42a463bb",
        "InstanceGuid": "160cbdee-b79a-8eda-158c-7f460722e23d"
      },
      "ObjectVariation": null,
      "StreamRealm": 0,
      "CastSunShadowEnable": true,
      "Excluded": false,
      "IndexInBlueprint": 160,
      "IsEventConnectionTarget": 2,
      "IsPropertyConnectionTarget": 3
    },
    "29d5808e-ea59-4e7f-a166-673a50739117": {
      "$type": "ReferenceObjectData",
      "BlueprintTransform": {
        "right": {
          "x": -0.29539198,
          "y": -0.033133168,
          "z": 0.95480144
        },
        "up": {
          "x": -0.021580549,
          "y": 0.99937487,
          "z": 0.028003454
        },
        "forward": {
          "x": -0.9551324,
          "y": -0.01233314,
          "z": -0.29592234
        },
        "trans": {
          "x": -741.5914,
          "y": 97.12849,
          "z": -421.31586
        }
      },
      "Blueprint": {
        "PartitionGuid": "35262766-b4a6-11e1-a8ea-caed42a463bb",
        "InstanceGuid": "160cbdee-b79a-8eda-158c-7f460722e23d"
      },
      "ObjectVariation": null,
      "StreamRealm": 0,
      "CastSunShadowEnable": true,
      "Excluded": false,
      "IndexInBlueprint": 161,
      "IsEventConnectionTarget": 2,
      "IsPropertyConnectionTarget": 3
    },
    "f3728f68-af82-4681-9fb8-5a86aa455a52": {
      "$type": "ReferenceObjectData",
      "BlueprintTransform": {
        "right": {
          "x": -0.4275724,
          "y": -0.0021148673,
          "z": 0.9039786
        },
        "up": {
          "x": -0.039766874,
          "y": 0.9990732,
          "z": -0.016471973
        },
        "forward": {
          "x": -0.903106,
          "y": -0.042991366,
          "z": -0.42726016
        },
        "trans": {
          "x": -742.67706,
          "y": 97.084755,
          "z": -409.82047
        }
      },
      "Blueprint": {
        "PartitionGuid": "35262766-b4a6-11e1-a8ea-caed42a463bb",
        "InstanceGuid": "160cbdee-b79a-8eda-158c-7f460722e23d"
      },
      "ObjectVariation": null,
      "StreamRealm": 0,
      "CastSunShadowEnable": true,
      "Excluded": false,
      "IndexInBlueprint": 162,
      "IsEventConnectionTarget": 2,
      "IsPropertyConnectionTarget": 3
    },
    "25c55aff-929d-4516-84b8-0af9196c7845": {
      "$type": "ReferenceObjectData",
      "BlueprintTransform": {
        "right": {
          "x": -0.3370203,
          "y": -3.2144853E-09,
          "z": 0.9414974
        },
        "up": {
          "x": -4.2125553E-08,
          "y": 1.0,
          "z": -1.1665121E-08
        },
        "forward": {
          "x": -0.9414974,
          "y": -4.35925E-08,
          "z": -0.3370203
        },
        "trans": {
          "x": -739.7261,
          "y": 97.10765,
          "z": -398.99493
        }
      },
      "Blueprint": {
        "PartitionGuid": "35262766-b4a6-11e1-a8ea-caed42a463bb",
        "InstanceGuid": "160cbdee-b79a-8eda-158c-7f460722e23d"
      },
      "ObjectVariation": null,
      "StreamRealm": 0,
      "CastSunShadowEnable": true,
      "Excluded": false,
      "IndexInBlueprint": 163,
      "IsEventConnectionTarget": 2,
      "IsPropertyConnectionTarget": 3
    },
    "115caf72-6de9-4aec-8cbc-faf990f428fa": {
      "$type": "ReferenceObjectData",
      "BlueprintTransform": {
        "right": {
          "x": -0.33294,
          "y": -8.8844504E-10,
          "z": 0.94294804
        },
        "up": {
          "x": -4.150433E-08,
          "y": 1.0,
          "z": -1.3712322E-08
        },
        "forward": {
          "x": -0.94294804,
          "y": -4.3701828E-08,
          "z": -0.33294
        },
        "trans": {
          "x": -741.12,
          "y": 97.16729,
          "z": -388.57098
        }
      },
      "Blueprint": {
        "PartitionGuid": "35262766-b4a6-11e1-a8ea-caed42a463bb",
        "InstanceGuid": "160cbdee-b79a-8eda-158c-7f460722e23d"
      },
      "ObjectVariation": null,
      "StreamRealm": 0,
      "CastSunShadowEnable": true,
      "Excluded": false,
      "IndexInBlueprint": 164,
      "IsEventConnectionTarget": 2,
      "IsPropertyConnectionTarget": 3
    },
    "aa22ce30-2943-4901-9ac9-cd4797a1d3fe": {
      "$type": "WorldPartData",
      "Name": "Levels/XP3_Shield/RushLarge_Effects",
      "PropertyConnections": [],
      "LinkConnections": [],
      "EventConnections": [],
      "Descriptor": null,
      "NeedNetworkId": false,
      "InterfaceHasConnections": false,
      "AlwaysCreateEntityBusClient": false,
      "AlwaysCreateEntityBusServer": false,
      "Objects": [
        {
          "PartitionGuid": "fcfc3d81-c499-43ed-8693-7c74939c7085",
          "InstanceGuid": "f6587c8a-2e3d-48b4-9a8f-0c0d3097dfb3"
        },
        {
          "PartitionGuid": "fcfc3d81-c499-43ed-8693-7c74939c7085",
          "InstanceGuid": "29d5808e-ea59-4e7f-a166-673a50739117"
        },
        {
          "PartitionGuid": "fcfc3d81-c499-43ed-8693-7c74939c7085",
          "InstanceGuid": "f3728f68-af82-4681-9fb8-5a86aa455a52"
        },
        {
          "PartitionGuid": "fcfc3d81-c499-43ed-8693-7c74939c7085",
          "InstanceGuid": "25c55aff-929d-4516-84b8-0af9196c7845"
        },
        {
          "PartitionGuid": "fcfc3d81-c499-43ed-8693-7c74939c7085",
          "InstanceGuid": "115caf72-6de9-4aec-8cbc-faf990f428fa"
        }
      ],
      "Enabled": true,
      "UseDeferredEntityCreation": false,
      "HackToSolveRealTimeTweakingIssue": "00000000-0000-0000-0000-000000000000"
    }
  }
}