{
  "Name": "fx/dlc/xp2/ambient/levelspecific/mp_factory/emitters/em_factory_newpart_godrays_smallwindows_fillout",
  "PartitionGuid": "d4434f16-676a-4972-9bc9-76f2a6004b66",
  "PrimaryInstanceGuid": "92caa117-ef1c-4ba4-a2c0-c40d8c83a8b8",
  "Instances": {
    "02a6974c-9095-43c7-80c7-96041f90adaa": {
      "$type": "SpawnRotationSpeedData",
      "DefaultValues": {
        "x": 1.0,
        "y": 1.0,
        "z": 1.0,
        "w": 1.0
      },
      "NextProcessor": {
        "PartitionGuid": "d4434f16-676a-4972-9bc9-76f2a6004b66",
        "InstanceGuid": "fa436491-8725-4c34-9553-0de33877943e"
      },
      "Pre": null,
      "EvaluatorInput": 1,
      "Enable": true,
      "RotationSpeed": 0.0
    },
    "2d4462fa-9078-43ca-b384-6f8318d76d50": {
      "$type": "PolynomialData",
      "EmitterParameter": 0,
      "Coefficients": {
        "x": 0.0,
        "y": 0.0,
        "z": 0.42346933,
        "w": 0.57441324
      },
      "ScaleValue": 20.0,
      "MinClamp": 0.0,
      "MaxClamp": 1.0
    },
    "414d877f-9011-484e-bbd8-0864e0a6dbd0": {
      "$type": "UpdateColorData",
      "DefaultValues": {
        "x": 1.0,
        "y": 1.0,
        "z": 1.0,
        "w": 1.0
      },
      "NextProcessor": {
        "PartitionGuid": "d4434f16-676a-4972-9bc9-76f2a6004b66",
        "InstanceGuid": "a5e3f0cb-2788-476c-a6f8-fa151e1e71f5"
      },
      "Pre": {
        "PartitionGuid": "d4434f16-676a-4972-9bc9-76f2a6004b66",
        "InstanceGuid": "847d0a3a-ab08-4fa3-8b16-3e873a17b452"
      },
      "EvaluatorInput": 2,
      "Enable": true,
      "Color": {
        "x": 1.0,
        "y": 1.0,
        "z": 1.0
      }
    },
    "56575172-9800-4ba4-89d0-d5456b7e488a": {
      "$type": "RandomEvaluatorData",
      "EmitterParameter": 0,
      "Max": 2.0,
      "Min": 0.25
    },
    "5a4a3132-cb1e-d302-2540-5a5276f10ddf": {
      "$type": "UpdateOrientationData",
      "DefaultValues": {
        "x": 1.0,
        "y": 1.0,
        "z": 1.0,
        "w": 1.0
      },
      "NextProcessor": {
        "PartitionGuid": "d4434f16-676a-4972-9bc9-76f2a6004b66",
        "InstanceGuid": "a52c8566-67c5-a289-cb33-5bfcb3474357"
      },
      "Pre": null,
      "EvaluatorInput": 2,
      "Enable": true
    },
    "5a546458-af6e-42d3-8316-7b1ccf8b9a05": {
      "$type": "SpawnAnimationData",
      "DefaultValues": {
        "x": 0.0,
        "y": 0.0,
        "z": 0.0,
        "w": 0.0
      },
      "NextProcessor": {
        "PartitionGuid": "d4434f16-676a-4972-9bc9-76f2a6004b66",
        "InstanceGuid": "5feecbbc-5731-40b1-8c77-0fb447301a27"
      },
      "Pre": null,
      "EvaluatorInput": 1,
      "Enable": true,
      "AnimationSpeed": 2.0
    },
    "5feecbbc-5731-40b1-8c77-0fb447301a27": {
      "$type": "UpdateTextureCoordsData",
      "DefaultValues": {
        "x": 1.0,
        "y": 0.0,
        "z": 0.0,
        "w": 0.0
      },
      "NextProcessor": {
        "PartitionGuid": "d4434f16-676a-4972-9bc9-76f2a6004b66",
        "InstanceGuid": "9393b1a6-ff55-4131-9013-192e6a7f661d"
      },
      "Pre": null,
      "EvaluatorInput": 2,
      "Enable": true,
      "TextureInfo1": {
        "TextureName": "FX/Textures/Smoke/SmokeThick_02_2x2_D",
        "NormalmapName": "Systems/Emitter/DefaultNormalmap",
        "AnimationFrameCount": 4.0,
        "AnimationFrameColumnCount": 2.0,
        "EnableAnimation": true
      },
      "TextureBlendValue": 1.0
    },
    "6a4b5249-52ac-4559-a209-c271fbf5f09b": {
      "$type": "PolynomialData",
      "EmitterParameter": 0,
      "Coefficients": {
        "x": 0.0,
        "y": 0.0,
        "z": -0.45360804,
        "w": 0.9986081
      },
      "ScaleValue": 4.0,
      "MinClamp": 0.0,
      "MaxClamp": 1.0
    },
    "7f62ed48-459b-42f2-9cc2-4f04ac532b25": {
      "$type": "UpdateRotationData",
      "DefaultValues": {
        "x": 1.0,
        "y": 0.0,
        "z": 0.0,
        "w": 0.0
      },
      "NextProcessor": {
        "PartitionGuid": "d4434f16-676a-4972-9bc9-76f2a6004b66",
        "InstanceGuid": "a82e1b73-c0cf-422d-a95d-0948c0caeaa0"
      },
      "Pre": null,
      "EvaluatorInput": 2,
      "Enable": true
    },
    "847d0a3a-ab08-4fa3-8b16-3e873a17b452": {
      "$type": "PolynomialColorInterpData",
      "EmitterParameter": 0,
      "Color0": {
        "x": 15.0,
        "y": 13.65,
        "z": 7.5
      },
      "Color1": {
        "x": 2.0,
        "y": 1.912,
        "z": 1.586
      },
      "Coefficients": {
        "x": 0.0,
        "y": 0.0,
        "z": 0.0,
        "w": 0.0
      }
    },
    "8d63a5cc-f954-4c60-a657-65e1982b7b09": {
      "$type": "RandomEvaluatorData",
      "EmitterParameter": 0,
      "Max": 1.0,
      "Min": 0.4
    },
    "8ecd8a25-52aa-4df8-9869-469d3e1fdb4f": {
      "$type": "EmitterDocument",
      "Name": "FX/DLC/XP2/Ambient/LevelSpecific/MP_Factory/emitters/Em_Factory_NewPart_GodRays_SmallWindows_Fillout",
      "RootProcessor": {
        "PartitionGuid": "d4434f16-676a-4972-9bc9-76f2a6004b66",
        "InstanceGuid": "9bf0a287-c294-4f0e-9688-3e936bdb6fe0"
      },
      "TemplateData": {
        "PartitionGuid": "d4434f16-676a-4972-9bc9-76f2a6004b66",
        "InstanceGuid": "92caa117-ef1c-4ba4-a2c0-c40d8c83a8b8"
      }
    },
    "92caa117-ef1c-4ba4-a2c0-c40d8c83a8b8": {
      "$type": "EmitterTemplateData",
      "PointLightIntensity": {
        "x": 0.0,
        "y": 0.0,
        "z": 0.0,
        "w": 1.0
      },
      "PointLightPivot": {
        "x": 0.0,
        "y": 0.0,
        "z": 0.0
      },
      "PointLightColor": {
        "x": 1.0,
        "y": 1.0,
        "z": 1.0
      },
      "MaxCount": 8,
      "Name": "FX/DLC/XP2/Ambient/LevelSpecific/MP_Factory/emitters/Em_Factory_NewPart_GodRays_SmallWindows_Fillout",
      "TimeScale": 0.33,
      "LifetimeFrameCount": 0,
      "Lifetime": 0.0,
      "RootProcessor": {
        "PartitionGuid": "d4434f16-676a-4972-9bc9-76f2a6004b66",
        "InstanceGuid": "9bf0a287-c294-4f0e-9688-3e936bdb6fe0"
      },
      "VisibleAfterDistance": 0.0,
      "ZOcclusionLookup": [],
      "EmittableType": 3,
      "Mesh": null,
      "DistanceScaleNearValue": 0.0,
      "PointLightRadius": 20.0,
      "VertexPixelLightingBlendFactor": 0.0,
      "GlobalLocalNormalBlendFactor": 1.0,
      "SoftParticlesFadeDistanceMultiplier": -0.2,
      "LightWrapAroundFactor": 0.0,
      "LightMultiplier": 0.1,
      "DistanceScaleFarValue": 1.0,
      "PointLightRandomIntensityMin": 1.0,
      "MeshCullingDistance": 0.0,
      "PointLightRandomIntensityMax": 1.0,
      "MaxSpawnDistance": 0.0,
      "MinScreenArea": 1.0,
      "DistanceScaleLength": 10.0,
      "PointLightMaxClamp": 1.0,
      "ParticleCullingFactor": 0.0,
      "PointLightMinClamp": 0.0,
      "FollowSpawnSource": false,
      "RepeatParticleSpawning": false,
      "Emissive": false,
      "ExclusionVolumeCullEnable": false,
      "TransparencySunShadowEnable": false,
      "ForceFullRes": false,
      "LocalSpace": true,
      "Opaque": false,
      "ActAsPointLight": false,
      "KillParticlesWithEmitter": false,
      "ForceNiceSorting": false
    },
    "9393b1a6-ff55-4131-9013-192e6a7f661d": {
      "$type": "UpdateTransparencyData",
      "DefaultValues": {
        "x": 1.0,
        "y": 1.0,
        "z": 1.0,
        "w": 1.0
      },
      "NextProcessor": {
        "PartitionGuid": "d4434f16-676a-4972-9bc9-76f2a6004b66",
        "InstanceGuid": "5a4a3132-cb1e-d302-2540-5a5276f10ddf"
      },
      "Pre": {
        "PartitionGuid": "d4434f16-676a-4972-9bc9-76f2a6004b66",
        "InstanceGuid": "dde1769c-90d4-4f78-8344-3d16585edfb1"
      },
      "EvaluatorInput": 2,
      "Enable": true,
      "CullThreshold": 0.0
    },