{
  "Name": "levels/coop_002/ab01_parent/layer5_ab01_gameplayshapes_area_2",
  "PartitionGuid": "f2a4a0c3-dd37-4a99-aaa1-bba6d32a7a5c",
  "PrimaryInstanceGuid": "04b16121-abe1-4c2e-9735-755face27320",
  "Instances": {
    "11c9d038-970b-47bc-8104-198e78ad3234": {
      "$type": "OBBData",
      "Transform": {
        "right": {
          "x": 1.0,
          "y": 0.0,
          "z": 0.0
        },
        "up": {
          "x": 0.0,
          "y": 1.0,
          "z": 0.0
        },
        "forward": {
          "x": 0.0,
          "y": 0.0,
          "z": 1.0
        },
        "trans": {
          "x": -35.881126,
          "y": 16.518616,
          "z": 3.0303874
        }
      },
      "HalfExtents": {
        "x": 6.481478,
        "y": 6.9788017,
        "z": 1.1594887
      },
      "IndexInBlueprint": 524,
      "IsEventConnectionTarget": 1,
      "IsPropertyConnectionTarget": 3
    },
    "439432fe-5696-4c51-9bc4-15e299bd78d1": {
      "$type": "OBBData",
      "Transform": {
        "right": {
          "x": 1.0,
          "y": 0.0,
          "z": 0.0
        },
        "up": {
          "x": 0.0,
          "y": 1.0,
          "z": 0.0
        },
        "forward": {
          "x": 0.0,
          "y": 0.0,
          "z": 1.0
        },
        "trans": {
          "x": -27.895988,
          "y": 8.797862,
          "z": 40.473236
        }
      },
      "HalfExtents": {
        "x": 17.928907,
        "y": 3.4239087,
        "z": 1.0
      },
      "IndexInBlueprint": 526,
      "IsEventConnectionTarget": 3,
      "IsPropertyConnectionTarget": 3
    },
    "6e10ad14-032a-4b8f-a75a-345ee532cae7": {
      "$type": "OBBData",
      "Transform": {
        "right": {
          "x": -0.011041471,
          "y": 0.0,
          "z": 0.99993914
        },
        "up": {
          "x": 0.0,
          "y": 1.0,
          "z": 0.0
        },
        "forward": {
          "x": -0.99993914,
          "y": 0.0,
          "z": -0.011041446
        },
        "trans": {
          "x": -28.711172,
          "y": 8.3806305,
          "z": 44.49226
        }
      },
      "HalfExtents": {
        "x": 4.630107,
        "y": 3.338697,
        "z": 12.93357
      },
      "IndexInBlueprint": 527,
      "IsEventConnectionTarget": 1,
      "IsPropertyConnectionTarget": 3
    },
    "4f13ff76-89d3-4728-912c-72ea0de38256": {
      "$type": "OBBData",
      "Transform": {
        "right": {
          "x": 1.0,
          "y": 0.0,
          "z": 0.0
        },
        "up": {
          "x": 0.0,
          "y": 1.0,
          "z": 0.0
        },
        "forward": {
          "x": 0.0,
          "y": 0.0,
          "z": 1.0
        },
        "trans": {
          "x": 51.329567,
          "y": 12.862694,
          "z": 97.22249
        }
      },
      "HalfExtents": {
        "x": 6.236937,
        "y": 2.0730503,
        "z": 9.50669
      },
      "IndexInBlueprint": 528,
      "IsEventConnectionTarget": 2,
      "IsPropertyConnectionTarget": 3
    },
    "5f86c63b-c7d1-4995-8df9-5a121517fb06": {
      "$type": "OBBData",
      "Transform": {
        "right": {
          "x": 1.0,
          "y": 0.0,
          "z": 0.0
        },
        "up": {
          "x": 0.0,
          "y": 1.0,
          "z": 0.0
        },
        "forward": {
          "x": 0.0,
          "y": 0.0,
          "z": 1.0
        },
        "trans": {
          "x": 43.538937,
          "y": 13.524894,
          "z": 95.64482
        }
      },
      "HalfExtents": {
        "x": 1.0,
        "y": 2.7471354,
        "z": 12.452811
      },
      "IndexInBlueprint": 529,
      "IsEventConnectionTarget": 1,
      "IsPropertyConnectionTarget": 3
    },
    "8d388818-70f8-4a94-9b3b-1aa24b8e8cc5": {
      "$type": "OBBData",
      "Transform": {
        "right": {
          "x": -4.371139E-08,
          "y": 0.0,
          "z": 1.0
        },
        "up": {
          "x": 0.0,
          "y": 1.0,
          "z": 0.0
        },
        "forward": {
          "x": -1.0,
          "y": 0.0,
          "z": -4.3711395E-08
        },
        "trans": {
          "x": -5.1936474,
          "y": 11.125342,
          "z": 88.62722
        }
      },
      "HalfExtents": {
        "x": 3.7098112,
        "y": 2.07305,
        "z": 12.1442175
      },
      "IndexInBlueprint": 530,
      "IsEventConnectionTarget": 1,
      "IsPropertyConnectionTarget": 3
    },
    "722a1856-e9f8-4c54-9f68-abdaa85d948a": {
      "$type": "OBBData",
      "Transform": {
        "right": {
          "x": 1.0,
          "y": 0.0,
          "z": 0.0
        },
        "up": {
          "x": 0.0,
          "y": 1.0,
          "z": 0.0
        },
        "forward": {
          "x": 0.0,
          "y": 0.0,
          "z": 1.0
        },
        "trans": {
          "x": -18.675201,
          "y": 19.41364,
          "z": -3.0167325
        }
      },
      "HalfExtents": {
        "x": 48.289726,
        "y": 15.623704,
        "z": 96.43161
      },
      "IndexInBlueprint": 531,
      "IsEventConnectionTarget": 1,
      "IsPropertyConnectionTarget": 3
    },
    "0dd48ef1-6b5e-45c0-b916-c86c40729218": {
      "$type": "SphereData",
      "IsEventConnectionTarget": 3,
      "IsPropertyConnectionTarget": 3,
      "IndexInBlueprint": 525,
      "Position": {
        "x": 55.24006,
        "y": 12.541811,
        "z": 99.142006
      },
      "Radius": 8.668409
    },
    "04b16121-abe1-4c2e-9735-755face27320": {
      "$type": "WorldPartData",
      "Name": "Levels/COOP_002/AB01_GameplayShapes_Area_2",
      "PropertyConnections": [],
      "LinkConnections": [],
      "EventConnections": [],
      "Descriptor": null,
      "NeedNetworkId": false,
      "InterfaceHasConnections": false,
      "AlwaysCreateEntityBusClient": false,
      "AlwaysCreateEntityBusServer": false,
      "Objects": [
        {
          "PartitionGuid": "f2a4a0c3-dd37-4a99-aaa1-bba6d32a7a5c",
          "InstanceGuid": "11c9d038-970b-47bc-8104-198e78ad3234"
        },
        {
          "PartitionGuid": "f2a4a0c3-dd37-4a99-aaa1-bba6d32a7a5c",
          "InstanceGuid": "0dd48ef1-6b5e-45c0-b916-c86c40729218"
        },
        {
          "PartitionGuid": "f2a4a0c3-dd37-4a99-aaa1-bba6d32a7a5c",
          "InstanceGuid": "439432fe-5696-4c51-9bc4-15e299bd78d1"
        },
        {
          "PartitionGuid": "f2a4a0c3-dd37-4a99-aaa1-bba6d32a7a5c",
          "InstanceGuid": "6e10ad14-032a-4b8f-a75a-345ee532cae7"
        },
        {
          "PartitionGuid": "f2a4a0c3-dd37-4a99-aaa1-bba6d32a7a5c",
          "InstanceGuid": "4f13ff76-89d3-4728-912c-72ea0de38256"
        },
        {
          "PartitionGuid": "f2a4a0c3-dd37-4a99-aaa1-bba6d32a7a5c",
          "InstanceGuid": "5f86c63b-c7d1-4995-8df9-5a121517fb06"
        },
        {
          "PartitionGuid": "f2a4a0c3-dd37-4a99-aaa1-bba6d32a7a5c",
          "InstanceGuid": "8d388818-70f8-4a94-9b3b-1aa24b8e8cc5"
        },
        {
          "PartitionGuid": "f2a4a0c3-dd37-4a99-aaa1-bba6d32a7a5c",
          "InstanceGuid": "722a1856-e9f8-4c54-9f68-abdaa85d948a"
        }
      ],
      "Enabled": true,
      "UseDeferredEntityCreation": false,
      "HackToSolveRealTimeTweakingIssue": "5ee279bd-9d53-681e-1d39-d5419eec12e5"
    }
  }
}