{
  "Name": "levels/coop_002/ab02_parent/layer1_ab02_gameplayshapes",
  "PartitionGuid": "fefcd7d0-15ea-4882-aa65-a76c16c7c9b7",
  "PrimaryInstanceGuid": "40b4a77f-007a-484f-aaab-bb97a5788103",
  "Instances": {
    "a5404c2c-f897-4b09-9b6b-6a993a47dd4b": {
      "$type": "OBBData",
      "Transform": {
        "right": {
          "x": 1.0,
          "y": 0.0,
          "z": 0.0
        },
        "up": {
          "x": 0.0,
          "y": 1.0,
          "z": 0.0
        },
        "forward": {
          "x": 0.0,
          "y": 0.0,
          "z": 1.0
        },
        "trans": {
          "x": 52.081554,
          "y": 3.7614524,
          "z": 99.28636
        }
      },
      "HalfExtents": {
        "x": 0.49539813,
        "y": 3.939371,
        "z": 12.313765
      },
      "IndexInBlueprint": 104,
      "IsEventConnectionTarget": 1,
      "IsPropertyConnectionTarget": 3
    },
    "28e391f6-71d3-4ce8-aa34-df254ca47da2": {
      "$type": "OBBData",
      "Transform": {
        "right": {
          "x": 0.0,
          "y": 0.0,
          "z": 1.0
        },
        "up": {
          "x": 0.0,
          "y": 1.0,
          "z": 0.0
        },
        "forward": {
          "x": -1.0,
          "y": 0.0,
          "z": 0.0
        },
        "trans": {
          "x": 36.77544,
          "y": 5.1556087,
          "z": 98.719795
        }
      },
      "HalfExtents": {
        "x": 9.982109,
        "y": 0.21274526,
        "z": 20.105404
      },
      "IndexInBlueprint": 105,
      "IsEventConnectionTarget": 1,
      "IsPropertyConnectionTarget": 3
    },
    "33784a8c-3f74-443c-b805-e9c2c9dfe036": {
      "$type": "OBBData",
      "Transform": {
        "right": {
          "x": -0.17497191,
          "y": 0.0,
          "z": 0.9845734
        },
        "up": {
          "x": 0.0,
          "y": 1.0,
          "z": 0.0
        },
        "forward": {
          "x": -0.9845734,
          "y": 0.0,
          "z": -0.1749719
        },
        "trans": {
          "x": 58.559444,
          "y": 7.6396813,
          "z": 105.27517
        }
      },
      "HalfExtents": {
        "x": 0.9558427,
        "y": 1.8175328,
        "z": 2.703371
      },
      "IndexInBlueprint": 106,
      "IsEventConnectionTarget": 1,
      "IsPropertyConnectionTarget": 3
    },
    "972676c8-7b41-4592-a324-eafba4644623": {
      "$type": "OBBData",
      "Transform": {
        "right": {
          "x": 1.0,
          "y": 0.0,
          "z": 0.0
        },
        "up": {
          "x": 0.0,
          "y": 1.0,
          "z": 0.0
        },
        "forward": {
          "x": 0.0,
          "y": 0.0,
          "z": 1.0
        },
        "trans": {
          "x": 38.066525,
          "y": 4.267073,
          "z": 98.09667
        }
      },
      "HalfExtents": {
        "x": 0.49539813,
        "y": 3.939371,
        "z": 14.118357
      },
      "IndexInBlueprint": 107,
      "IsEventConnectionTarget": 1,
      "IsPropertyConnectionTarget": 3
    },
    "f60c17da-4af8-4301-b258-e97ab45d8f9d": {
      "$type": "OBBData",
      "Transform": {
        "right": {
          "x": 1.0,
          "y": 0.0,
          "z": 0.0
        },
        "up": {
          "x": 0.0,
          "y": 1.0,
          "z": 0.0
        },
        "forward": {
          "x": 0.0,
          "y": 0.0,
          "z": 1.0
        },
        "trans": {
          "x": -15.06548,
          "y": 2.4469087,
          "z": 25.668476
        }
      },
      "HalfExtents": {
        "x": 1.161597,
        "y": 1.8862953,
        "z": 1.4341905
      },
      "IndexInBlueprint": 108,
      "IsEventConnectionTarget": 1,
      "IsPropertyConnectionTarget": 3
    },
    "7753293e-e4fa-40de-91ff-9bee0d746c50": {
      "$type": "OBBData",
      "Transform": {
        "right": {
          "x": 1.0,
          "y": 0.0,
          "z": 1.8794175E-16
        },
        "up": {
          "x": 0.0,
          "y": 1.0,
          "z": 0.0
        },
        "forward": {
          "x": -2.312821E-15,
          "y": 0.0,
          "z": 1.0
        },
        "trans": {
          "x": -12.17094,
          "y": 1.3608557,
          "z": 90.72398
        }
      },
      "HalfExtents": {
        "x": 8.83853,
        "y": 2.5276835,
        "z": 1.2550004
      },
      "IndexInBlueprint": 109,
      "IsEventConnectionTarget": 1,
      "IsPropertyConnectionTarget": 3
    },
    "843babeb-b8ba-478b-bc49-d6dab7149361": {
      "$type": "OBBData",
      "Transform": {
        "right": {
          "x": 1.0,
          "y": 0.0,
          "z": 1.8794175E-16
        },
        "up": {
          "x": 0.0,
          "y": 1.0,
          "z": 0.0
        },
        "forward": {
          "x": -2.3128194E-15,
          "y": 0.0,
          "z": 1.0
        },
        "trans": {
          "x": -12.17094,
          "y": 1.3608557,
          "z": 72.696365
        }
      },
      "HalfExtents": {
        "x": 8.83853,
        "y": 2.5276835,
        "z": 0.7936349
      },
      "IndexInBlueprint": 110,
      "IsEventConnectionTarget": 1,
      "IsPropertyConnectionTarget": 3
    },
    "1bc6ba8e-8c4c-489e-9244-c609af92f0ea": {
      "$type": "OBBData",
      "Transform": {
        "right": {
          "x": 1.0,
          "y": 0.0,
          "z": 1.8794175E-16
        },
        "up": {
          "x": 0.0,
          "y": 1.0,
          "z": 0.0
        },
        "forward": {
          "x": -2.3128194E-15,
          "y": 0.0,
          "z": 1.0
        },
        "trans": {
          "x": -17.897848,
          "y": 1.3608557,
          "z": 44.856388
        }
      },
      "HalfExtents": {
        "x": 8.83853,
        "y": 2.5276835,
        "z": 0.7936349
      },
      "IndexInBlueprint": 111,
      "IsEventConnectionTarget": 1,
      "IsPropertyConnectionTarget": 3
    },
    "1dc56b25-3013-435f-9f18-0e74aef4d867": {
      "$type": "OBBData",
      "Transform": {
        "right": {
          "x": 1.0,
          "y": 0.0,
          "z": 0.0
        },
        "up": {
          "x": 0.0,
          "y": 1.0,
          "z": 0.0
        },
        "forward": {
          "x": 0.0,
          "y": 0.0,
          "z": 1.0
        },
        "trans": {
          "x": -12.127593,
          "y": 2.8618543,
          "z": 30.914818
        }
      },
      "HalfExtents": {
        "x": 4.139245,
        "y": 2.299038,
        "z": 1.1295804
      },
      "IndexInBlueprint": 112,
      "IsEventConnectionTarget": 3,
      "IsPropertyConnectionTarget": 3
    },
    "07761b56-6cb1-409b-b89b-76a67d377d49": {
      "$type": "OBBData",
      "Transform": {
        "right": {
          "x": 1.0,
          "y": 0.0,
          "z": 0.0
        },
        "up": {
          "x": 0.0,
          "y": 1.0,
          "z": 0.0
        },
        "forward": {
          "x": 0.0,
          "y": 0.0,
          "z": 1.0
        },
        "trans": {
          "x": -12.127593,
          "y": 2.8618543,
          "z": 65.5467
        }
      },
      "HalfExtents": {
        "x": 4.139245,
        "y": 2.299038,
        "z": 1.1295804
      },
      "IndexInBlueprint": 113,
      "IsEventConnectionTarget": 3,
      "IsPropertyConnectionTarget": 3
    },
    "76a5e115-f13e-4adf-9bda-7ccd501f45d1": {
      "$type": "OBBData",
      "Transform": {
        "right": {
          "x": 1.0,
          "y": 0.0,
          "z": 0.0
        },
        "up": {
          "x": 0.0,
          "y": 1.0,
          "z": 0.0
        },
        "forward": {
          "x": 0.0,
          "y": 0.0,
          "z": 1.0
        },
        "trans": {
          "x": 17.847902,
          "y": 2.4302058,