{
  "Name": "levels/coop_002/carlights_coop",
  "PartitionGuid": "7e8b640c-7c24-4cbf-a38e-212421229525",
  "PrimaryInstanceGuid": "4667c215-9942-4039-b782-cf55fcff3960",
  "Instances": {
    "a3b6379f-2b12-4fe9-a0bb-eaea18856839": {
      "$type": "EffectReferenceObjectData",
      "AutoStart": false,
      "BlueprintTransform": {
        "right": {
          "x": -0.844269,
          "y": -0.00057104405,
          "z": 0.53591955
        },
        "up": {
          "x": -0.53577113,
          "y": 0.024453653,
          "z": -0.84400904
        },
        "forward": {
          "x": -0.01262324,
          "y": -0.99970067,
          "z": -0.020951401
        },
        "trans": {
          "x": -1.4585186,
          "y": 0.7267876,
          "z": -2.7731247
        }
      },
      "Blueprint": {
        "PartitionGuid": "a4a5d687-f6ea-11df-9851-c6dcea05122f",
        "InstanceGuid": "18ecf64c-1862-a842-c28f-d9a411962fd9"
      },
      "ObjectVariation": null,
      "StreamRealm": 0,
      "CastSunShadowEnable": true,
      "Excluded": false,
      "IndexInBlueprint": 1,
      "IsEventConnectionTarget": 0,
      "IsPropertyConnectionTarget": 3
    },
    "cfde1674-537a-41ee-8688-9be0bfd24f42": {
      "$type": "EffectReferenceObjectData",
      "AutoStart": false,
      "BlueprintTransform": {
        "right": {
          "x": -0.8451101,
          "y": 0.019486966,
          "z": 0.53423715
        },
        "up": {
          "x": -0.5337982,
          "y": 0.023696084,
          "z": -0.8452798
        },
        "forward": {
          "x": -0.029131278,
          "y": -0.9995293,
          "z": -0.009623685
        },
        "trans": {
          "x": -1.9473709,
          "y": 0.73243785,
          "z": -2.6819286
        }
      },
      "Blueprint": {
        "PartitionGuid": "a4a5d687-f6ea-11df-9851-c6dcea05122f",
        "InstanceGuid": "18ecf64c-1862-a842-c28f-d9a411962fd9"
      },
      "ObjectVariation": null,
      "StreamRealm": 0,
      "CastSunShadowEnable": true,
      "Excluded": false,
      "IndexInBlueprint": 2,
      "IsEventConnectionTarget": 0,
      "IsPropertyConnectionTarget": 3
    },
    "e4cba053-7534-4cd7-be8b-ada171d0f3c4": {
      "$type": "InterfaceDescriptorData",
      "InputEvents": [
        {
          "Id": -1952177180
        },
        {
          "Id": -117303631
        }
      ],
      "OutputEvents": [],
      "InputLinks": [],
      "OutputLinks": [],
      "Fields": []
    },
    "7c69c819-4777-497d-999d-3f8f9dbb92a8": {
      "$type": "PointLightEntityData",
      "Width": 1.0,
      "TranslucencyAmbient": 0.0,
      "TranslucencyScale": 0.0,
      "TranslucencyPower": 8,
      "TranslucencyDistortion": 0.1,
      "Color": {
        "x": 0.573,
        "y": 0.684,
        "z": 0.916
      },
      "ParticleColorScale": {
        "x": 1.0,
        "y": 1.0,
        "z": 1.0
      },
      "EnlightenColorScale": {
        "x": 1.0,
        "y": 1.0,
        "z": 1.0
      },
      "Radius": 3.0,
      "Intensity": 2.0,
      "AttenuationOffset": 0.01,
      "EnlightenColorMode": 0,
      "EnlightenEnable": true,
      "Visible": false,
      "SpecularEnable": true,
      "Transform": {
        "right": {
          "x": 0.39296672,
          "y": -0.0019044722,
          "z": -0.9195507
        },
        "up": {
          "x": -0.0009747129,
          "y": 0.9999964,
          "z": -0.002487623
        },
        "forward": {
          "x": 0.91955227,
          "y": 0.0018738502,
          "z": 0.39296347
        },
        "trans": {
          "x": -2.0407732,
          "y": 0.86817014,
          "z": -1.3070922
        }
      },
      "IndexInBlueprint": 3,
      "IsEventConnectionTarget": 0,
      "IsPropertyConnectionTarget": 3
    },
    "5e532094-1c92-4689-905e-3e6bb3f62dda": {
      "$type": "PointLightEntityData",
      "Width": 1.0,
      "TranslucencyAmbient": 0.0,
      "TranslucencyScale": 0.0,
      "TranslucencyPower": 8,
      "TranslucencyDistortion": 0.1,
      "Color": {
        "x": 0.573,
        "y": 0.684,
        "z": 0.916
      },
      "ParticleColorScale": {
        "x": 1.0,
        "y": 1.0,
        "z": 1.0
      },
      "EnlightenColorScale": {
        "x": 1.0,
        "y": 1.0,
        "z": 1.0
      },
      "Radius": 3.0,
      "Intensity": 2.0,
      "AttenuationOffset": 0.01,
      "EnlightenColorMode": 0,
      "EnlightenEnable": true,
      "Visible": false,
      "SpecularEnable": true,
      "Transform": {
        "right": {
          "x": 0.9894694,
          "y": 0.075015105,
          "z": 0.1237865
        },
        "up": {
          "x": -0.0741425,
          "y": 0.9971796,
          "z": -0.011647656
        },
        "forward": {
          "x": -0.1243111,
          "y": 0.0023471622,
          "z": 0.99224055
        },
        "trans": {
          "x": -0.53770685,
          "y": 0.92916834,
          "z": -2.3387456
        }
      },
      "IndexInBlueprint": 6,
      "IsEventConnectionTarget": 0,
      "IsPropertyConnectionTarget": 3
    },
    "2b19e6e9-a5fb-43a9-8cbe-4a7c33b917e6": {
      "$type": "ReferenceObjectData",
      "BlueprintTransform": {
        "right": {
          "x": -0.8446835,
          "y": 0.0,
          "z": 0.535266
        },
        "up": {
          "x": 0.0,
          "y": 1.0,
          "z": 0.0
        },
        "forward": {
          "x": -0.535266,
          "y": 0.0,
          "z": -0.8446835
        },
        "trans": {
          "x": 0.044534247,
          "y": 0.0,
          "z": 0.20024297
        }
      },
      "Blueprint": {
        "PartitionGuid": "f98a066a-664b-11de-bed4-f4cba9900239",
        "InstanceGuid": "f433534a-1f3b-261e-8a51-338004098597"
      },
      "ObjectVariation": null,
      "StreamRealm": 0,
      "CastSunShadowEnable": true,
      "Excluded": false,
      "IndexInBlueprint": 4,
      "IsEventConnectionTarget": 3,
      "IsPropertyConnectionTarget": 3
    },
    "4667c215-9942-4039-b782-cf55fcff3960": {
      "$type": "SpatialPrefabBlueprint",
      "Name": "Levels/COOP_002/CarLights_Coop",
      "PropertyConnections": [],
      "LinkConnections": [],
      "EventConnections": [
        {
          "Source": {
            "PartitionGuid": "7e8b640c-7c24-4cbf-a38e-212421229525",
            "InstanceGuid": "e4cba053-7534-4cd7-be8b-ada171d0f3c4"
          },
          "Target": {
            "PartitionGuid": "7e8b640c-7c24-4cbf-a38e-212421229525",
            "InstanceGuid": "2899c6c1-daad-46a2-9a1c-7f79b33ac063"
          },
          "SourceEvent": {
            "Id": -1952177180
          },
          "TargetEvent": {
            "Id": -1952177180
          },
          "TargetType": 4
        },
        {
          "Source": {
            "PartitionGuid": "7e8b640c-7c24-4cbf-a38e-212421229525",
            "InstanceGuid": "e4cba053-7534-4cd7-be8b-ada171d0f3c4"
          },
          "Target": {
            "PartitionGuid": "7e8b640c-7c24-4cbf-a38e-212421229525",
            "InstanceGuid": "25c86ed5-09fb-42b5-a444-f2301775221a"
          },
          "SourceEvent": {
            "Id": -1952177180
          },
          "TargetEvent": {
            "Id": -1952177180
          },
          "TargetType": 4
        },
        {
          "Source": {
            "PartitionGuid": "7e8b640c-7c24-4cbf-a38e-212421229525",
            "InstanceGuid": "e4cba053-7534-4cd7-be8b-ada171d0f3c4"
          },
          "Target": {
            "PartitionGuid": "7e8b640c-7c24-4cbf-a38e-212421229525",
            "InstanceGuid": "7c69c819-4777-497d-999d-3f8f9dbb92a8"
          },
          "SourceEvent": {
            "Id": -1952177180
          },