{
  "Name": "fx/dlc/xp1/ambient/levelspecific/xp_001/emitters/em_amb_xp_001_lampmist_smoke",
  "PartitionGuid": "1e46d36d-e67e-43bc-b144-6b015b32620b",
  "PrimaryInstanceGuid": "eb4b67c0-9a15-47c7-a558-547f91e421be",
  "Instances": {
    "01762929-e03b-47db-9a02-f8a4019965c4": {
      "$type": "PolynomialData",
      "EmitterParameter": 0,
      "Coefficients": {
        "x": 0.4775485,
        "y": 0.2873166,
        "z": 0.1518509,
        "w": 0.08972355
      },
      "ScaleValue": 1.0,
      "MinClamp": 0.1,
      "MaxClamp": 1.0
    },
    "03a5ee5b-9fd2-1a6c-fee0-a80c87c31161": {
      "$type": "UpdateClipScaleData",
      "DefaultValues": {
        "x": 1.0,
        "y": 1.0,
        "z": 1.0,
        "w": 1.0
      },
      "NextProcessor": {
        "PartitionGuid": "1e46d36d-e67e-43bc-b144-6b015b32620b",
        "InstanceGuid": "9b3a0f75-d70a-6957-3835-26559cc4cee2"
      },
      "Pre": null,
      "EvaluatorInput": 2,
      "Enable": true,
      "Lookup": [
        32767,
        32767,
        32767,
        32767,
        32511,
        31743,
        32511,
        32255,
        32511,
        31743,
        32511,
        32255,
        32511,
        31743,
        32511,
        32255,
        32511,
        31743,
        32511,
        32255,
        32511,
        31743,
        32511,
        32255,
        32511,
        31743,
        32511,
        32255,
        32511,
        31743,
        32511,
        32255,
        32511,
        31743,
        32511,
        32255,
        32511,
        31743,
        32511,
        32255,
        32511,
        31743,
        32511,
        32255,
        32511,
        31743,
        32511,
        32255,
        32511,
        31743,
        32511,
        32255,
        32511,
        31487,
        32511,
        32255,
        32511,
        31487,
        32511,
        32255,
        32255,
        31231,
        32255,
        31743,
        31999,
        30975,
        32255,
        31743,
        31743,
        30719,
        31999,
        31231,
        31487,
        30463,
        31743,
        31231,
        31231,
        29951,
        31487,
        30975,
        30719,
        29183,
        30975,
        30719,
        30463,
        28671,
        30719,
        30463,
        29951,
        28159,
        30463,
        30207,
        29695,
        27647,
        30207,
        29951,
        29183,
        27391,
        29951,
        29439,
        29183,
        26623,
        29695,
        29183,
        28927,
        25855,
        29439,
        28927,
        28671,
        24575,
        29183,
        28671,
        28159,
        23807,
        28927,
        28415,
        27903,
        23551,
        28671,
        28159,
        27391,
        23295,
        28415,
        27647,
        25855,
        23039,
        28159,
        27135,
        23551,
        22783,
        27391,
        26367
      ]
    },
    "09aedc9e-1e52-450e-9a28-b43bf43a77cb": {
      "$type": "RandomEvaluatorData",
      "EmitterParameter": 0,
      "Max": 1.0,
      "Min": -1.0
    },
    "0a2a2a2e-ffea-4190-b884-771ab41925f6": {
      "$type": "SpawnSizeData",
      "DefaultValues": {
        "x": 1.0,
        "y": 1.0,
        "z": 1.0,
        "w": 1.0
      },
      "NextProcessor": {
        "PartitionGuid": "1e46d36d-e67e-43bc-b144-6b015b32620b",
        "InstanceGuid": "44c37243-392c-42ca-8c63-3b328afe3da7"
      },
      "Pre": {
        "PartitionGuid": "1e46d36d-e67e-43bc-b144-6b015b32620b",
        "InstanceGuid": "e4b8ae37-7a97-4ef7-9766-b3221e44373d"
      },
      "EvaluatorInput": 1,
      "Enable": true,
      "Size": 1.0
    },
    "0fba086c-b949-4ce4-92fd-ad63129129ae": {
      "$type": "SpawnDirectionData",
      "DefaultValues": {
        "x": 0.0,
        "y": -1.0,
        "z": 0.0,
        "w": 0.0
      },
      "NextProcessor": {
        "PartitionGuid": "1e46d36d-e67e-43bc-b144-6b015b32620b",
        "InstanceGuid": "1d51e6df-dfda-4e47-b96c-2b46e4b54172"
      },
      "Pre": {
        "PartitionGuid": "1e46d36d-e67e-43bc-b144-6b015b32620b",
        "InstanceGuid": "c231fb1d-aa7b-4fe1-871d-45889168fc7b"
      },
      "EvaluatorInput": 1,
      "Enable": true,
      "DirectionFromEmitterOrigin": 0.0,
      "InheritSpeedAndDirectionFromEmitter": false
    },
    "17d2bb30-e6bc-4726-9049-85966461f4ef": {
      "$type": "UpdateAgeData",
      "DefaultValues": {
        "x": 1.0,
        "y": 1.0,
        "z": 1.0,
        "w": 1.0
      },
      "NextProcessor": {
        "PartitionGuid": "1e46d36d-e67e-43bc-b144-6b015b32620b",
        "InstanceGuid": "6a05a7a0-34a6-4473-96e5-0a4c41958321"
      },
      "Pre": null,
      "EvaluatorInput": 2,
      "Enable": true,
      "Lifetime": 6.0
    },
    "1d51e6df-dfda-4e47-b96c-2b46e4b54172": {
      "$type": "SpawnPositionData",
      "DefaultValues": {
        "x": 0.0,
        "y": 0.0,
        "z": 0.0,
        "w": 1.0
      },
      "NextProcessor": {
        "PartitionGuid": "1e46d36d-e67e-43bc-b144-6b015b32620b",
        "InstanceGuid": "9ae29c1a-751c-4c60-ace5-0cafbab92581"
      },
      "Pre": {
        "PartitionGuid": "1e46d36d-e67e-43bc-b144-6b015b32620b",
        "InstanceGuid": "2c198ad8-9f07-4773-ae77-8b5a57a6f746"
      },
      "EvaluatorInput": 1,
      "Enable": true
    },
    "1ed77a32-d57c-4eff-bdc3-2eeaaeea2cd7": {
      "$type": "EmitterDocument",
      "Name": "FX/DLC/XP1/Ambient/LevelSpecific/XP_001/Emitters/Em_Amb_XP_001_LampMist_Smoke",
      "RootProcessor": {
        "PartitionGuid": "1e46d36d-e67e-43bc-b144-6b015b32620b",
        "InstanceGuid": "17d2bb30-e6bc-4726-9049-85966461f4ef"
      },
      "TemplateData": {
        "PartitionGuid": "1e46d36d-e67e-43bc-b144-6b015b32620b",
        "InstanceGuid": "eb4b67c0-9a15-47c7-a558-547f91e421be"
      }
    },
    "27d3b6e8-6c0b-4084-9eb1-e6ec97c84f07": {
      "$type": "RandomEvaluatorData",
      "EmitterParameter": 0,
      "Max": 32.0,
      "Min": 0.0
    },
    "2c198ad8-9f07-4773-ae77-8b5a57a6f746": {
      "$type": "BoxEvaluatorData",
      "EmitterParameter": 0,
      "Dimensions": {
        "x": 5.0,
        "y": 0.25,
        "z": 3.0
      },
      "Pivot": {
        "x": 0.0,
        "y": -1.0,
        "z": 0.0
      }
    },
    "32578308-05e3-465f-8bca-853e41a700e8": {
      "$type": "UpdateTransparencyData",
      "DefaultValues": {
        "x": 1.0,
        "y": 1.0,
        "z": 1.0,
        "w": 1.0
      },
      "NextProcessor": {
        "PartitionGuid": "1e46d36d-e67e-43bc-b144-6b015b32620b",
        "InstanceGuid": "de63bed4-9dd6-42db-84f1-d03ed9490005"
      },
      "Pre": {
        "PartitionGuid": "1e46d36d-e67e-43bc-b144-6b015b32620b",
        "InstanceGuid": "8cf25d6a-9842-4ede-85a7-06a1dad473b8"
      },
      "EvaluatorInput": 2,
      "Enable": true,
      "CullThreshold": 0.0
    },
    "364a399c-4c0f-460f-8129-224b208389b2": {
      "$type": "RandomEvaluatorData",
      "EmitterParameter": 0,
      "Max": 1.0,
      "Min": 0.0
    },
    "44c37243-392c-42ca-8c63-3b328afe3da7": {
      "$type": "UpdateAlphaLevelScaleData",
      "DefaultValues": {
        "x": 1.0,
        "y": 1.0,
        "z": 1.0,
        "w": 1.0
      },
      "NextProcessor": {
        "PartitionGuid": "1e46d36d-e67e-43bc-b144-6b015b32620b",
        "InstanceGuid": "63d62d03-a0a6-4177-9d2d-09e7640a9cba"
      },
      "Pre": {
        "PartitionGuid": "1e46d36d-e67e-43bc-b144-6b015b32620b",
        "InstanceGuid": "01762929-e03b-47db-9a02-f8a4019965c4"
      },
      "EvaluatorInput": 2,
      "Enable": true,
      "Exponent": 5.0
    },