{
  "Name": "levels/frontend/frontend/layer2_premium",
  "PartitionGuid": "1b4439ec-0672-434d-bdaa-290f882de2a7",
  "PrimaryInstanceGuid": "68c8e954-741c-43d6-a6a3-3fae332fb5a8",
  "Instances": {
    "200eb1c6-2b23-4100-b7e2-4c81f106a618": {
      "$type": "CameraEntityData",
      "IsEventConnectionTarget": 0,
      "IsPropertyConnectionTarget": 3,
      "IndexInBlueprint": 113,
      "Transform": {
        "right": {
          "x": 4.441078E-09,
          "y": 1.0776834E-08,
          "z": 0.99999994
        },
        "up": {
          "x": 8.4159746E-10,
          "y": 0.99999994,
          "z": 1.2556269E-08
        },
        "forward": {
          "x": -0.99999994,
          "y": 2.7080915E-08,
          "z": 4.7416915E-08
        },
        "trans": {
          "x": 10.663634,
          "y": 1.9960178,
          "z": -12.384168
        }
      },
      "NameId": "Premium",
      "Priority": 2,
      "Enabled": true,
      "Fov": 25.0
    },
    "3d84bd7b-5082-489b-a2e2-e61afc9940c9": {
      "$type": "ReferenceObjectData",
      "BlueprintTransform": {
        "right": {
          "x": -1.3869313E-08,
          "y": 2.0101544E-08,
          "z": 1.0
        },
        "up": {
          "x": 1.9776131E-08,
          "y": 0.84127724,
          "z": -3.5589643E-08
        },
        "forward": {
          "x": -1.0000001,
          "y": 3.192107E-08,
          "z": 4.6917712E-08
        },
        "trans": {
          "x": 15.42116,
          "y": 0.67436314,
          "z": -12.231807
        }
      },
      "Blueprint": {
        "PartitionGuid": "617d064e-c1b4-11e0-8b11-9cf4edd1bb96",
        "InstanceGuid": "94e8d620-c1d3-deb3-5fbe-f032c0a2c336"
      },
      "ObjectVariation": null,
      "StreamRealm": 0,
      "CastSunShadowEnable": true,
      "Excluded": false,
      "IndexInBlueprint": 111,
      "IsEventConnectionTarget": 2,
      "IsPropertyConnectionTarget": 3
    },
    "68a7c2eb-8d5b-4209-b25b-76e0236d8ecf": {
      "$type": "ReferenceObjectData",
      "BlueprintTransform": {
        "right": {
          "x": -1.6928396E-08,
          "y": -0.10226966,
          "z": 0.99475676
        },
        "up": {
          "x": 3.4419205E-08,
          "y": 0.9551565,
          "z": 0.09819842
        },
        "forward": {
          "x": -1.0000001,
          "y": 3.192107E-08,
          "z": 4.6917712E-08
        },
        "trans": {
          "x": 14.745271,
          "y": 1.9039932,
          "z": -12.090425
        }
      },
      "Blueprint": {
        "PartitionGuid": "e6cdfe98-c28d-11e0-8e1a-bfb302239971",
        "InstanceGuid": "95cdd4cf-3e4b-0b50-d5f5-22f015cfc059"
      },
      "ObjectVariation": null,
      "StreamRealm": 0,
      "CastSunShadowEnable": true,
      "Excluded": false,
      "IndexInBlueprint": 112,
      "IsEventConnectionTarget": 2,
      "IsPropertyConnectionTarget": 3
    },
    "cd6712ad-794d-4355-af4a-2c5c129ddce9": {
      "$type": "ReferenceObjectData",
      "BlueprintTransform": {
        "right": {
          "x": -4.113E-08,
          "y": 0.81422436,
          "z": 0.58055043
        },
        "up": {
          "x": 6.829633E-08,
          "y": 0.5805504,
          "z": -0.81422436
        },
        "forward": {
          "x": -1.0,
          "y": 2.5428875E-08,
          "z": 1.6118149E-08
        },
        "trans": {
          "x": 15.376184,
          "y": 1.7727374,
          "z": -11.851172
        }
      },
      "Blueprint": {
        "PartitionGuid": "89ff0c47-cf19-4191-b05f-74b3286bbb2f",
        "InstanceGuid": "cf7fbcd7-c10b-49c9-a42f-4974f44cdcb0"
      },
      "ObjectVariation": null,
      "StreamRealm": 0,
      "CastSunShadowEnable": true,
      "Excluded": false,
      "IndexInBlueprint": 114,
      "IsEventConnectionTarget": 2,
      "IsPropertyConnectionTarget": 3
    },
    "2626d96b-df8e-4c0f-8e9f-424776d22eae": {
      "$type": "ReferenceObjectData",
      "BlueprintTransform": {
        "right": {
          "x": -0.36580184,
          "y": 0.57347953,
          "z": 0.73301464
        },
        "up": {
          "x": 0.09694281,
          "y": 0.806795,
          "z": -0.58282405
        },
        "forward": {
          "x": -0.92563003,
          "y": -0.14213765,
          "z": -0.35072142
        },
        "trans": {
          "x": 15.717175,
          "y": 1.689252,
          "z": -11.884828
        }
      },
      "Blueprint": {
        "PartitionGuid": "7a84e6be-fdc3-47c9-946a-a3f5ea0e7028",
        "InstanceGuid": "9bce3edd-8da9-4864-b985-b9954711b76c"
      },
      "ObjectVariation": null,
      "StreamRealm": 0,
      "CastSunShadowEnable": true,
      "Excluded": false,
      "IndexInBlueprint": 115,
      "IsEventConnectionTarget": 2,
      "IsPropertyConnectionTarget": 3
    },
    "b31c166c-cd4a-40d8-85a0-b81b15d3eab6": {
      "$type": "ReferenceObjectData",
      "BlueprintTransform": {
        "right": {
          "x": -0.3658018,
          "y": -0.4434721,
          "z": -0.8182431
        },
        "up": {
          "x": 0.09694281,
          "y": -0.8925493,
          "z": 0.44040576
        },
        "forward": {
          "x": -0.92562973,
          "y": 0.08177858,
          "z": 0.36948726
        },
        "trans": {
          "x": 14.278413,
          "y": 2.1087458,
          "z": -12.053908
        }
      },
      "Blueprint": {
        "PartitionGuid": "7a84e6be-fdc3-47c9-946a-a3f5ea0e7028",
        "InstanceGuid": "9bce3edd-8da9-4864-b985-b9954711b76c"
      },
      "ObjectVariation": null,
      "StreamRealm": 0,
      "CastSunShadowEnable": true,
      "Excluded": false,
      "IndexInBlueprint": 116,
      "IsEventConnectionTarget": 2,
      "IsPropertyConnectionTarget": 3
    },
    "898f447c-259b-4149-9481-fd3f81209a52": {
      "$type": "ReferenceObjectData",
      "BlueprintTransform": {
        "right": {
          "x": -0.2926069,
          "y": -0.054279167,
          "z": -0.9546911
        },
        "up": {
          "x": -0.14976326,
          "y": -0.98346484,
          "z": 0.10181685
        },
        "forward": {
          "x": -0.94443154,
          "y": 0.17277001,
          "z": 0.27963904
        },
        "trans": {
          "x": 12.91,
          "y": 1.9078715,
          "z": -10.83
        }
      },
      "Blueprint": {
        "PartitionGuid": "7a84e6be-fdc3-47c9-946a-a3f5ea0e7028",
        "InstanceGuid": "9bce3edd-8da9-4864-b985-b9954711b76c"
      },
      "ObjectVariation": null,
      "StreamRealm": 0,
      "CastSunShadowEnable": true,
      "Excluded": false,
      "IndexInBlueprint": 117,
      "IsEventConnectionTarget": 2,
      "IsPropertyConnectionTarget": 3
    },
    "9320586b-36b7-43fc-87ce-5c88270438a5": {
      "$type": "SpotLightEntityData",
      "Shape": 0,
      "ConeInnerAngle": 0.0,
      "ConeOuterAngle": 30.0,
      "FrustumFov": 40.0,
      "FrustumAspect": 1.0,
      "OrthoWidth": 5.0,
      "OrthoHeight": 5.0,
      "Texture": null,
      "CastShadowsMinLevel": 0,
      "CastShadowsEnable": true,
      "Color": {
        "x": 0.403,
        "y": 0.536,
        "z": 0.612
      },
      "ParticleColorScale": {
        "x": 1.0,
        "y": 1.0,
        "z": 1.0
      },
      "EnlightenColorScale": {
        "x": 1.0,
        "y": 1.0,
        "z": 1.0
      },
      "Radius": 20.0,
      "Intensity": 15.0,
      "AttenuationOffset": 10.0,
      "EnlightenColorMode": 0,
      "EnlightenEnable": true,
      "Visible": true,
      "SpecularEnable": true,
      "Transform": {
        "right": {
          "x": 0.999999,
          "y": 0.0,
          "z": 0.0
        },
        "up": {
          "x": 0.0,
          "y": 5.9604496E-08,
          "z": -0.9999975
        },