{
  "Name": "levels/xp4_fd/conquest/layer3_bank",
  "PartitionGuid": "c94680f2-5003-41ce-a1aa-23bd20994b67",
  "PrimaryInstanceGuid": "a0949dfd-bd3c-4977-bcd2-f07750dfc828",
  "Instances": {
    "193f93a7-8fd9-4132-b0b7-c9ac97d29d2e": {
      "$type": "AlternateSpawnEntityData",
      "IndexInBlueprint": 44,
      "IsEventConnectionTarget": 2,
      "IsPropertyConnectionTarget": 3,
      "Transform": {
        "right": {
          "x": -0.68193203,
          "y": -6.9462705E-14,
          "z": -0.7314155
        },
        "up": {
          "x": -3.3225611E-13,
          "y": 1.0,
          "z": 2.1480734E-13
        },
        "forward": {
          "x": 0.7314154,
          "y": 3.895012E-13,
          "z": -0.68193203
        },
        "trans": {
          "x": -55.121475,
          "y": 72.51629,
          "z": 82.09107
        }
      },
      "Team": 2,
      "Priority": 1.0,
      "Enabled": true
    },
    "20c87c23-b1ab-479a-a148-d0f812d305f5": {
      "$type": "AlternateSpawnEntityData",
      "IndexInBlueprint": 47,
      "IsEventConnectionTarget": 2,
      "IsPropertyConnectionTarget": 3,
      "Transform": {
        "right": {
          "x": -0.3818955,
          "y": -6.640872E-14,
          "z": 0.9242055
        },
        "up": {
          "x": -1.2815436E-14,
          "y": 1.0,
          "z": 6.6559395E-14
        },
        "forward": {
          "x": -0.92420536,
          "y": 1.3574635E-14,
          "z": -0.38189548
        },
        "trans": {
          "x": 12.952169,
          "y": 70.52837,
          "z": 15.133417
        }
      },
      "Team": 0,
      "Priority": 1.0,
      "Enabled": true
    },
    "40ebd2a0-02fb-4cf8-b38b-8a1d0bcfc59e": {
      "$type": "AlternateSpawnEntityData",
      "IndexInBlueprint": 48,
      "IsEventConnectionTarget": 2,
      "IsPropertyConnectionTarget": 3,
      "Transform": {
        "right": {
          "x": 0.56170917,
          "y": 1.7763468E-14,
          "z": 0.8273348
        },
        "up": {
          "x": 8.2066857E-16,
          "y": 1.0,
          "z": -2.20279E-14
        },
        "forward": {
          "x": -0.82733464,
          "y": 1.3052238E-14,
          "z": 0.56170905
        },
        "trans": {
          "x": 19.967949,
          "y": 70.05242,
          "z": -6.678347
        }
      },
      "Team": 0,
      "Priority": 1.0,
      "Enabled": true
    },
    "7d6e6560-981a-497f-8e36-d2fbaad1248d": {
      "$type": "AlternateSpawnEntityData",
      "IndexInBlueprint": 41,
      "IsEventConnectionTarget": 2,
      "IsPropertyConnectionTarget": 3,
      "Transform": {
        "right": {
          "x": -0.2894827,
          "y": 1.2527193E-13,
          "z": -0.9571834
        },
        "up": {
          "x": 8.387398E-15,
          "y": 1.0,
          "z": 1.2833894E-13
        },
        "forward": {
          "x": 0.9571831,
          "y": 2.9123605E-14,
          "z": -0.2894826
        },
        "trans": {
          "x": -17.136091,
          "y": 71.25109,
          "z": 45.934563
        }
      },
      "Team": 2,
      "Priority": 1.0,
      "Enabled": true
    },
    "a0949dfd-bd3c-4977-bcd2-f07750dfc828": {
      "$type": "WorldPartData",
      "Name": "Levels/XP4_FD/Bank",
      "PropertyConnections": [],
      "LinkConnections": [],
      "EventConnections": [],
      "Descriptor": null,
      "NeedNetworkId": false,
      "InterfaceHasConnections": false,
      "AlwaysCreateEntityBusClient": false,
      "AlwaysCreateEntityBusServer": false,
      "Objects": [
        {
          "PartitionGuid": "c94680f2-5003-41ce-a1aa-23bd20994b67",
          "InstanceGuid": "e2e49a54-ced1-4f43-9260-d4221d516983"
        },
        {
          "PartitionGuid": "c94680f2-5003-41ce-a1aa-23bd20994b67",
          "InstanceGuid": "7d6e6560-981a-497f-8e36-d2fbaad1248d"
        },
        {
          "PartitionGuid": "c94680f2-5003-41ce-a1aa-23bd20994b67",
          "InstanceGuid": "bc6ff121-95d2-489f-80dd-7215088ff606"
        },
        {
          "PartitionGuid": "c94680f2-5003-41ce-a1aa-23bd20994b67",
          "InstanceGuid": "bd3e3630-a116-4a61-b590-44fdef175a0b"
        },
        {
          "PartitionGuid": "c94680f2-5003-41ce-a1aa-23bd20994b67",
          "InstanceGuid": "193f93a7-8fd9-4132-b0b7-c9ac97d29d2e"
        },
        {
          "PartitionGuid": "c94680f2-5003-41ce-a1aa-23bd20994b67",
          "InstanceGuid": "b711833d-1524-40e8-8605-031264678340"
        },
        {
          "PartitionGuid": "c94680f2-5003-41ce-a1aa-23bd20994b67",
          "InstanceGuid": "b0e7d091-9ec4-4949-9140-6df63caf47a2"
        },
        {
          "PartitionGuid": "c94680f2-5003-41ce-a1aa-23bd20994b67",
          "InstanceGuid": "20c87c23-b1ab-479a-a148-d0f812d305f5"
        },
        {
          "PartitionGuid": "c94680f2-5003-41ce-a1aa-23bd20994b67",
          "InstanceGuid": "40ebd2a0-02fb-4cf8-b38b-8a1d0bcfc59e"
        },
        {
          "PartitionGuid": "c94680f2-5003-41ce-a1aa-23bd20994b67",
          "InstanceGuid": "e242eb08-03da-4f4e-9cb4-b07e12f2551b"
        },
        {
          "PartitionGuid": "c94680f2-5003-41ce-a1aa-23bd20994b67",
          "InstanceGuid": "ffa5be1c-a22b-4756-a722-7953bb664fdc"
        },
        {
          "PartitionGuid": "c94680f2-5003-41ce-a1aa-23bd20994b67",
          "InstanceGuid": "a0e8101d-a009-4529-aadb-f6e040cfc94b"
        }
      ],
      "HackToSolveRealTimeTweakingIssue": "00000000-0000-0000-0000-000000000000",
      "UseDeferredEntityCreation": false,
      "Enabled": true
    },
    "a0e8101d-a009-4529-aadb-f6e040cfc94b": {
      "$type": "AlternateSpawnEntityData",
      "IndexInBlueprint": 51,
      "IsEventConnectionTarget": 2,
      "IsPropertyConnectionTarget": 3,
      "Transform": {
        "right": {
          "x": -0.9846222,
          "y": 7.407343E-13,
          "z": 0.1746971
        },
        "up": {
          "x": 9.777122E-13,
          "y": 1.0,
          "z": 1.2704423E-12
        },
        "forward": {
          "x": -0.17469712,
          "y": 1.4217088E-12,
          "z": -0.98462206
        },
        "trans": {
          "x": -36.86023,
          "y": 72.71292,
          "z": 82.09959
        }
      },
      "Team": 2,
      "Priority": 1.0,
      "Enabled": true
    },
    "b0e7d091-9ec4-4949-9140-6df63caf47a2": {
      "$type": "AlternateSpawnEntityData",
      "IndexInBlueprint": 46,
      "IsEventConnectionTarget": 2,
      "IsPropertyConnectionTarget": 3,
      "Transform": {
        "right": {
          "x": 0.94996345,
          "y": -1.0826601E-12,
          "z": 0.31236103
        },
        "up": {
          "x": 7.358146E-13,
          "y": 1.0,
          "z": 1.2282674E-12
        },
        "forward": {
          "x": -0.31236103,
          "y": -9.369693E-13,
          "z": 0.9499633
        },
        "trans": {
          "x": -18.71749,
          "y": 70.09573,
          "z": -40.529877
        }
      },
      "Team": 0,
      "Priority": 1.0,
      "Enabled": true
    },
    "b711833d-1524-40e8-8605-031264678340": {
      "$type": "AlternateSpawnEntityData",
      "IndexInBlueprint": 45,
      "IsEventConnectionTarget": 2,
      "IsPropertyConnectionTarget": 3,
      "Transform": {
        "right": {
          "x": 0.8646257,
          "y": 3.823268E-15,
          "z": 0.50241655
        },
        "up": {
          "x": 2.2470401E-15,
          "y": 1.0,
          "z": -1.1476767E-14
        },
        "forward": {
          "x": -0.5024164,
          "y": 1.1052056E-14,
          "z": 0.8646254
        },
        "trans": {
          "x": 18.049849,
          "y": 70.09482,
          "z": 17.41194
        }
      },
      "Team": 0,
      "Priority": 1.0,