{
  "Name": "levels/xp4_fd/conquest/layer2_bridge",
  "PartitionGuid": "fe01dd3a-0d07-4015-8198-4ea7393252ba",
  "PrimaryInstanceGuid": "93275991-a628-4fba-8072-8c564994b819",
  "Instances": {
    "1131286e-6c6b-4ae8-a28d-7bd60fda475d": {
      "$type": "AlternateSpawnEntityData",
      "IndexInBlueprint": 33,
      "IsEventConnectionTarget": 2,
      "IsPropertyConnectionTarget": 3,
      "Transform": {
        "right": {
          "x": 0.5621979,
          "y": -9.808266E-13,
          "z": -0.82700264
        },
        "up": {
          "x": -8.634058E-12,
          "y": 1.0,
          "z": -7.055451E-12
        },
        "forward": {
          "x": 0.8270025,
          "y": 1.1106947E-11,
          "z": 0.56219786
        },
        "trans": {
          "x": -47.151043,
          "y": 64.00216,
          "z": -270.13208
        }
      },
      "Team": 0,
      "Priority": 1.0,
      "Enabled": true
    },
    "17cbe6f9-d856-4c92-9187-d7451d573e31": {
      "$type": "AlternateSpawnEntityData",
      "IndexInBlueprint": 31,
      "IsEventConnectionTarget": 2,
      "IsPropertyConnectionTarget": 3,
      "Transform": {
        "right": {
          "x": 0.6748376,
          "y": -1.6601638E-21,
          "z": 0.7379664
        },
        "up": {
          "x": 2.2231763E-13,
          "y": 1.0,
          "z": -2.032996E-13
        },
        "forward": {
          "x": -0.7379663,
          "y": 3.012571E-13,
          "z": 0.67483747
        },
        "trans": {
          "x": 15.5770235,
          "y": 64.02429,
          "z": -298.05148
        }
      },
      "Team": 0,
      "Priority": 1.0,
      "Enabled": true
    },
    "356c644a-8956-45a6-912e-729f8cc0ba31": {
      "$type": "AlternateSpawnEntityData",
      "IndexInBlueprint": 36,
      "IsEventConnectionTarget": 2,
      "IsPropertyConnectionTarget": 3,
      "Transform": {
        "right": {
          "x": 0.24059242,
          "y": 1.09155245E-13,
          "z": 0.97062624
        },
        "up": {
          "x": 1.175707E-12,
          "y": 1.0,
          "z": -4.0388507E-13
        },
        "forward": {
          "x": -0.9706262,
          "y": 1.2383436E-12,
          "z": 0.24059239
        },
        "trans": {
          "x": 48.039772,
          "y": 68.39875,
          "z": -246.3829
        }
      },
      "Team": 0,
      "Priority": 1.0,
      "Enabled": true
    },
    "3d6d686c-4736-4ac9-891b-1d59cb73cee0": {
      "$type": "AlternateSpawnEntityData",
      "IndexInBlueprint": 30,
      "IsEventConnectionTarget": 2,
      "IsPropertyConnectionTarget": 3,
      "Transform": {
        "right": {
          "x": 0.67286617,
          "y": 6.6189914E-13,
          "z": 0.7397641
        },
        "up": {
          "x": -3.3354352E-13,
          "y": 1.0,
          "z": -5.913629E-13
        },
        "forward": {
          "x": -0.73976403,
          "y": 1.5116467E-13,
          "z": 0.6728661
        },
        "trans": {
          "x": 10.339463,
          "y": 64.05663,
          "z": -317.30432
        }
      },
      "Team": 0,
      "Priority": 1.0,
      "Enabled": true
    },
    "769aa6c8-0f4a-400b-b632-24087ab140f8": {
      "$type": "VolumeVectorShapeData",
      "IndexInBlueprint": 27,
      "IsEventConnectionTarget": 2,
      "IsPropertyConnectionTarget": 3,
      "Points": [
        {
          "x": 36.29689,
          "y": 61.00509,
          "z": -234.6836
        },
        {
          "x": 34.07074,
          "y": 61.00509,
          "z": -238.25266
        },
        {
          "x": 32.253036,
          "y": 61.00509,
          "z": -241.99947
        },
        {
          "x": 29.233854,
          "y": 61.00509,
          "z": -244.16713
        },
        {
          "x": 27.207676,
          "y": 61.00509,
          "z": -252.16876
        },
        {
          "x": 14.273496,
          "y": 61.00509,
          "z": -249.7142
        },
        {
          "x": 5.1242604,
          "y": 61.00509,
          "z": -243.56767
        },
        {
          "x": -8.8546095,
          "y": 61.00509,
          "z": -235.9037
        },
        {
          "x": -25.660156,
          "y": 61.00509,
          "z": -226.60526
        },
        {
          "x": -18.75913,
          "y": 61.00509,
          "z": -213.2684
        },
        {
          "x": -16.795105,
          "y": 61.00509,
          "z": -214.28687
        },
        {
          "x": -13.312475,
          "y": 61.00509,
          "z": -207.67076
        },
        {
          "x": -9.985201,
          "y": 61.00509,
          "z": -201.50868
        },
        {
          "x": -0.14610672,
          "y": 61.00509,
          "z": -206.59229
        },
        {
          "x": 9.952809,
          "y": 61.00509,
          "z": -211.75377
        },
        {
          "x": 24.599571,
          "y": 61.00509,
          "z": -218.43004
        },
        {
          "x": 22.122185,
          "y": 61.00509,
          "z": -225.99118
        },
        {
          "x": 31.646927,
          "y": 61.00509,
          "z": -230.76143
        }
      ],
      "Normals": [
        {
          "x": 0.0,
          "y": 1.0,
          "z": 0.0
        },
        {
          "x": 0.0,
          "y": 1.0,
          "z": 0.0
        },
        {
          "x": 0.0,
          "y": 1.0,
          "z": 0.0
        },
        {
          "x": 0.0,
          "y": 1.0,
          "z": 0.0
        },
        {
          "x": 0.0,
          "y": 1.0,
          "z": 0.0
        },
        {
          "x": 0.0,
          "y": 1.0,
          "z": 0.0
        },
        {
          "x": 0.0,
          "y": 1.0,
          "z": 0.0
        },
        {
          "x": 0.0,
          "y": 1.0,
          "z": 0.0
        },
        {
          "x": 0.0,
          "y": 1.0,
          "z": 0.0
        },
        {
          "x": 0.0,
          "y": 1.0,
          "z": 0.0
        },
        {
          "x": 0.0,
          "y": 1.0,
          "z": 0.0
        },
        {
          "x": 0.0,
          "y": 1.0,
          "z": 0.0
        },
        {
          "x": 0.0,
          "y": 1.0,
          "z": 0.0
        },
        {
          "x": 0.0,
          "y": 1.0,
          "z": 0.0
        },
        {
          "x": 0.0,
          "y": 1.0,
          "z": 0.0
        },
        {
          "x": 0.0,
          "y": 1.0,
          "z": 0.0
        },
        {
          "x": 0.0,
          "y": 1.0,
          "z": 0.0
        },
        {
          "x": 0.0,
          "y": 1.0,
          "z": 0.0
        }
      ],
      "Tension": 0.0,
      "IsClosed": true,
      "AllowRoll": false,
      "Height": 12.0
    },
    "93275991-a628-4fba-8072-8c564994b819": {
      "$type": "WorldPartData",
      "Name": "Levels/XP4_FD/Bridge",
      "PropertyConnections": [],
      "LinkConnections": [],
      "EventConnections": [],
      "Descriptor": null,
      "NeedNetworkId": false,
      "InterfaceHasConnections": false,
      "AlwaysCreateEntityBusClient": false,
      "AlwaysCreateEntityBusServer": false,
      "Objects": [
        {
          "PartitionGuid": "fe01dd3a-0d07-4015-8198-4ea7393252ba",
          "InstanceGuid": "769aa6c8-0f4a-400b-b632-24087ab140f8"
        },
        {
          "PartitionGuid": "fe01dd3a-0d07-4015-8198-4ea7393252ba",
          "InstanceGuid": "c6bf47aa-fe39-47ce-b06d-c1c8d649fa72"
        },
        {
          "PartitionGuid": "fe01dd3a-0d07-4015-8198-4ea7393252ba",
          "InstanceGuid": "d08749c6-5ea1-4f0a-8c02-aa7e65df1f9c"
        },
        {
          "PartitionGuid": "fe01dd3a-0d07-4015-8198-4ea7393252ba",