{
  "Name": "fx/dlc/xp2/destruction/specific/props/lampfloor_01/emitters/em_xp2_dest_lampfloor_sparks_01",
  "PartitionGuid": "df8f760d-a686-4902-b9af-7c332dc84fff",
  "PrimaryInstanceGuid": "7360d4ae-fd65-4adb-bcca-80f0efbdebb0",
  "Instances": {
    "01233852-efe0-4c37-b4e7-24af15037399": {
      "$type": "PolynomialData",
      "EmitterParameter": 0,
      "Coefficients": {
        "x": -1.54139,
        "y": 3.84725,
        "z": -3.4311752,
        "w": 1.1067822
      },
      "ScaleValue": 0.75,
      "MinClamp": 0.0,
      "MaxClamp": 1.0
    },
    "08754dbe-9955-4c52-a628-a79288e4ea21": {
      "$type": "SpawnSpeedData",
      "DefaultValues": {
        "x": 1.0,
        "y": 1.0,
        "z": 1.0,
        "w": 1.0
      },
      "NextProcessor": {
        "PartitionGuid": "df8f760d-a686-4902-b9af-7c332dc84fff",
        "InstanceGuid": "e4cb4e1e-84e5-4ad0-9a5b-d1a5ccceca6d"
      },
      "Pre": {
        "PartitionGuid": "df8f760d-a686-4902-b9af-7c332dc84fff",
        "InstanceGuid": "45f917c6-a45c-4402-aa43-339a7272d455"
      },
      "EvaluatorInput": 1,
      "Enable": true,
      "Speed": 1.0
    },
    "1159b364-6c44-435e-87b5-6cb19267596f": {
      "$type": "RandomEvaluatorData",
      "EmitterParameter": 0,
      "Max": 1.0,
      "Min": -1.0
    },
    "2569a503-c2f0-4771-8fab-bc2dbaff6699": {
      "$type": "SpawnSizeData",
      "DefaultValues": {
        "x": 1.0,
        "y": 1.0,
        "z": 1.0,
        "w": 1.0
      },
      "NextProcessor": {
        "PartitionGuid": "df8f760d-a686-4902-b9af-7c332dc84fff",
        "InstanceGuid": "2fbc624a-e115-43d8-b09f-c470854007a0"
      },
      "Pre": {
        "PartitionGuid": "df8f760d-a686-4902-b9af-7c332dc84fff",
        "InstanceGuid": "411fd0fb-7879-40a2-a19e-c2020776c494"
      },
      "EvaluatorInput": 1,
      "Enable": true,
      "Size": 1.0
    },
    "2ae22ce2-2437-4fd1-9d3a-ee1fc1f2b7ea": {
      "$type": "PolynomialColorInterpData",
      "EmitterParameter": 0,
      "Color0": {
        "x": 2000.0,
        "y": 1153.973,
        "z": 727.208
      },
      "Color1": {
        "x": 500.0,
        "y": 288.493,
        "z": 181.802
      },
      "Coefficients": {
        "x": 0.0,
        "y": 0.0,
        "z": -2.6799998,
        "w": 2.685
      }
    },
    "2fbc624a-e115-43d8-b09f-c470854007a0": {
      "$type": "GravityData",
      "DefaultValues": {
        "x": 1.0,
        "y": 1.0,
        "z": 1.0,
        "w": 1.0
      },
      "NextProcessor": {
        "PartitionGuid": "df8f760d-a686-4902-b9af-7c332dc84fff",
        "InstanceGuid": "daa80919-bf5d-4413-aa37-108c1cd030b5"
      },
      "Pre": null,
      "EvaluatorInput": 2,
      "Enable": true,
      "Gravity": 4.0
    },
    "3fecddbf-938a-4cbc-ba80-a9fa76114640": {
      "$type": "UpdateAlphaLevelMaxData",
      "DefaultValues": {
        "x": 1.0,
        "y": 1.0,
        "z": 1.0,
        "w": 1.0
      },
      "NextProcessor": {
        "PartitionGuid": "df8f760d-a686-4902-b9af-7c332dc84fff",
        "InstanceGuid": "6de9538b-f298-47be-8216-5f6552a5af9f"
      },
      "Pre": {
        "PartitionGuid": "df8f760d-a686-4902-b9af-7c332dc84fff",
        "InstanceGuid": "6722037b-f042-4ae7-ab4f-cf4360d91a9c"
      },
      "EvaluatorInput": 2,
      "Enable": true,
      "MaxLevel": 1.0
    },
    "4067403b-fc7b-4e4a-8097-934f114695cb": {
      "$type": "SpawnRateData",
      "DefaultValues": {
        "x": 1.0,
        "y": 1.0,
        "z": 1.0,
        "w": 1.0
      },
      "NextProcessor": {
        "PartitionGuid": "df8f760d-a686-4902-b9af-7c332dc84fff",
        "InstanceGuid": "6d9fb715-ac0f-45c5-8f15-e2ff2c4cdfa8"
      },
      "Pre": null,
      "EvaluatorInput": 1,
      "Enable": true,
      "SpawnRate": 500.0,
      "TrailSegmentLength": 5.0,
      "DistributeOverTime": true,
      "DistributeOverDistance": false
    },
    "411fd0fb-7879-40a2-a19e-c2020776c494": {
      "$type": "RandomEvaluatorData",
      "EmitterParameter": 6,
      "Max": 1.0,
      "Min": 0.75
    },
    "45f917c6-a45c-4402-aa43-339a7272d455": {
      "$type": "RandomEvaluatorData",
      "EmitterParameter": 0,
      "Max": 1.0,
      "Min": 0.2
    },
    "4954daa5-1e4d-4e08-a459-642f79327fc9": {
      "$type": "UpdateTransparencyData",
      "DefaultValues": {
        "x": 1.0,
        "y": 1.0,
        "z": 1.0,
        "w": 1.0
      },
      "NextProcessor": {
        "PartitionGuid": "df8f760d-a686-4902-b9af-7c332dc84fff",
        "InstanceGuid": "8bcfd423-1c3b-1a05-bc71-f1c1cb431c73"
      },
      "Pre": {
        "PartitionGuid": "df8f760d-a686-4902-b9af-7c332dc84fff",
        "InstanceGuid": "01233852-efe0-4c37-b4e7-24af15037399"
      },
      "EvaluatorInput": 2,
      "Enable": true,
      "CullThreshold": 0.2
    },
    "4a82e3cf-f59f-4fd0-0d75-e801837d200c": {
      "$type": "UpdateClipScaleData",
      "DefaultValues": {
        "x": 1.0,
        "y": 1.0,
        "z": 1.0,
        "w": 1.0
      },
      "NextProcessor": {
        "PartitionGuid": "df8f760d-a686-4902-b9af-7c332dc84fff",
        "InstanceGuid": "773ecea4-4504-e239-7000-617ed71e66ae"
      },
      "Pre": null,
      "EvaluatorInput": 2,
      "Enable": true,
      "Lookup": [
        32767,
        32767,
        32767,
        32767,
        28799,
        30847,
        31487,
        30975,
        28799,
        30847,
        31487,
        30975,
        28799,
        30847,
        31487,
        30975,
        28799,
        30847,
        31487,
        30975,
        28799,
        30847,
        31487,
        30975,
        28799,
        30847,
        31487,
        30975,
        28799,
        30847,
        31487,
        30975,
        28799,
        30847,
        31487,
        30975,
        28031,
        28031,
        29311,
        30207,
        27775,
        28031,
        29311,
        29055,
        27775,
        26239,
        29311,
        28799,
        26367,
        26239,
        29183,
        28543,
        26239,
        26111,
        28927,
        28415,
        26111,
        24959,
        28799,
        28415,
        25599,
        24959,
        28671,
        28415,
        25471,
        24575,
        27391,
        28287,
        25087,
        23167,
        26239,
        28287,
        25087,
        23039,
        26239,
        27647,
        23679,
        20991,
        26239,
        27263,
        22399,
        20991,
        26111,
        27263,
        22271,
        20991,
        24831,
        27135,
        21631,
        20991,
        24831,
        27135,
        21631,
        20863,
        24703,
        25087,
        19839,
        20863,
        24575,
        25087,
        19839,
        19199,
        22655,
        24447,
        19071,
        17407,
        22655,
        23423,
        17919,
        17407,
        16895,
        23039,
        17535,
        14335,
        14463,
        22911,
        17535,
        14335,
        14335,
        21887,
        17407,
        11903,
        14335,
        21759,
        14847,
        11903,
        9215,
        19583,
        0,
        0,
        0,
        0
      ]
    },
    "610c173a-2ab4-44fd-adca-11ad9927961d": {
      "$type": "PolynomialData",
      "EmitterParameter": 0,
      "Coefficients": {
        "x": 0.0,
        "y": 0.0,
        "z": 0.0,
        "w": 1.0
      },
      "ScaleValue": 1.0,
      "MinClamp": 0.0,
      "MaxClamp": 1.0
    },
    "620205f2-0f69-4cea-8894-41b78bcf683f": {
      "$type": "SpawnRotationSpeedData",
      "DefaultValues": {
        "x": 1.0,
        "y": 1.0,
        "z": 1.0,
        "w": 1.0
      },