{
  "Name": "fx/destruction/generic/props/glass/emitter_m/em_propglass_glassshard_cloud_01_m",
  "PartitionGuid": "335f41ad-1596-4419-8342-52994ab488fd",
  "PrimaryInstanceGuid": "288a0717-5409-4199-b837-27872e78ca51",
  "Instances": {
    "00a30246-0e47-46f9-a52c-d5b27a46545a": {
      "$type": "GravityData",
      "DefaultValues": {
        "x": 1.0,
        "y": 1.0,
        "z": 1.0,
        "w": 1.0
      },
      "NextProcessor": {
        "PartitionGuid": "335f41ad-1596-4419-8342-52994ab488fd",
        "InstanceGuid": "da2e8bc5-7fea-4b29-b421-3024a781e12d"
      },
      "Pre": null,
      "EvaluatorInput": 2,
      "Enable": true,
      "Gravity": 6.0
    },
    "0490cdcf-40b6-4254-bf13-f655fb340b1d": {
      "$type": "BoxEvaluatorData",
      "EmitterParameter": 5,
      "Dimensions": {
        "x": 1.0,
        "y": 1.0,
        "z": 1.0
      },
      "Pivot": {
        "x": 0.0,
        "y": 0.0,
        "z": 0.0
      }
    },
    "06cc12ae-87dc-47ba-a51b-497916c87443": {
      "$type": "AirResistanceData",
      "DefaultValues": {
        "x": 1.0,
        "y": 1.0,
        "z": 1.0,
        "w": 1.0
      },
      "NextProcessor": {
        "PartitionGuid": "335f41ad-1596-4419-8342-52994ab488fd",
        "InstanceGuid": "00a30246-0e47-46f9-a52c-d5b27a46545a"
      },
      "Pre": {
        "PartitionGuid": "335f41ad-1596-4419-8342-52994ab488fd",
        "InstanceGuid": "4249ae12-c5df-41e4-9f76-5612999f62e1"
      },
      "EvaluatorInput": 2,
      "Enable": true,
      "DragFactor": 0.0
    },
    "078b990d-822d-1a7b-8277-b8082ebdf876": {
      "$type": "UpdateLinearVelocityData",
      "DefaultValues": {
        "x": 1.0,
        "y": 1.0,
        "z": 1.0,
        "w": 1.0
      },
      "NextProcessor": null,
      "Pre": null,
      "EvaluatorInput": 2,
      "Enable": true
    },
    "0c45365b-3208-42d6-a89f-2998d63e2050": {
      "$type": "PolynomialData",
      "EmitterParameter": 6,
      "Coefficients": {
        "x": 2.2794132,
        "y": -4.658622,
        "z": 3.4195275,
        "w": 0.13343538
      },
      "ScaleValue": 1.0,
      "MinClamp": 0.0,
      "MaxClamp": 1.0
    },
    "196fafb6-e484-4654-b9a8-390bc976074d": {
      "$type": "RotateVectorData",
      "EmitterParameter": 0,
      "Angle": 90.0,
      "RotateWithinPlane": false,
      "InputAffectsPhi": true
    },
    "26e7f605-9b08-4aeb-88e0-7216d990f4a7": {
      "$type": "RandomXYZEvaluatorData",
      "EmitterParameter": 0,
      "MaxX": 1.0,
      "MinX": -1.0,
      "MaxY": 0.25,
      "MinY": 0.0,
      "MaxZ": -0.25,
      "MinZ": 0.25
    },
    "2848402f-6f62-4562-aa0e-4c782ad8a83c": {
      "$type": "SpawnPositionData",
      "DefaultValues": {
        "x": 0.0,
        "y": 0.0,
        "z": 0.0,
        "w": 1.0
      },
      "NextProcessor": {
        "PartitionGuid": "335f41ad-1596-4419-8342-52994ab488fd",
        "InstanceGuid": "81895c36-59a8-4a0f-b170-5666a39e70fd"
      },
      "Pre": {
        "PartitionGuid": "335f41ad-1596-4419-8342-52994ab488fd",
        "InstanceGuid": "0490cdcf-40b6-4254-bf13-f655fb340b1d"
      },
      "EvaluatorInput": 1,
      "Enable": true
    },
    "288a0717-5409-4199-b837-27872e78ca51": {
      "$type": "EmitterTemplateData",
      "PointLightIntensity": {
        "x": 0.0,
        "y": 0.0,
        "z": 0.0,
        "w": 1.0
      },
      "PointLightPivot": {
        "x": 0.0,
        "y": 0.0,
        "z": 0.0
      },
      "PointLightColor": {
        "x": 1.0,
        "y": 1.0,
        "z": 1.0
      },
      "MaxCount": 8,
      "Name": "FX/destruction/generic/Props/Glass/Emitter_M/Em_PropGlass_GlassShard_Cloud_01_M",
      "TimeScale": 1.0,
      "LifetimeFrameCount": 0,
      "Lifetime": 0.1,
      "RootProcessor": {
        "PartitionGuid": "335f41ad-1596-4419-8342-52994ab488fd",
        "InstanceGuid": "fa7ee50b-8f21-4b14-a889-6e69ee521918"
      },
      "VisibleAfterDistance": 0.0,
      "ZOcclusionLookup": [],
      "EmittableType": 2,
      "Mesh": null,
      "DistanceScaleNearValue": 0.5,
      "PointLightRadius": 20.0,
      "VertexPixelLightingBlendFactor": 0.0,
      "GlobalLocalNormalBlendFactor": 1.0,
      "SoftParticlesFadeDistanceMultiplier": -0.125,
      "LightWrapAroundFactor": 0.0,
      "LightMultiplier": 0.25,
      "DistanceScaleFarValue": 1.0,
      "PointLightRandomIntensityMin": 1.0,
      "MeshCullingDistance": 0.0,
      "PointLightRandomIntensityMax": 1.0,
      "MaxSpawnDistance": 0.0,
      "MinScreenArea": 1.0,
      "DistanceScaleLength": 15.0,
      "PointLightMaxClamp": 1.0,
      "ParticleCullingFactor": 1.0,
      "PointLightMinClamp": 0.0,
      "FollowSpawnSource": false,
      "RepeatParticleSpawning": false,
      "Emissive": false,
      "ExclusionVolumeCullEnable": false,
      "TransparencySunShadowEnable": false,
      "ForceFullRes": false,
      "LocalSpace": false,
      "Opaque": false,
      "ActAsPointLight": false,
      "KillParticlesWithEmitter": false,
      "ForceNiceSorting": false
    },
    "368f612e-864e-443f-94a5-f78150bf2186": {
      "$type": "RandomEvaluatorData",
      "EmitterParameter": 0,
      "Max": 1.0,
      "Min": 0.0
    },
    "4249ae12-c5df-41e4-9f76-5612999f62e1": {
      "$type": "PolynomialData",
      "EmitterParameter": 0,
      "Coefficients": {
        "x": 0.0,
        "y": 0.0,
        "z": -16.359243,
        "w": 2.0350676
      },
      "ScaleValue": 1.0,
      "MinClamp": 0.0,
      "MaxClamp": 1.0
    },
    "51c6c2f8-5491-4a86-bbda-e5319b58a424": {
      "$type": "UpdateTransparencyData",
      "DefaultValues": {
        "x": 1.0,
        "y": 1.0,
        "z": 1.0,
        "w": 1.0
      },
      "NextProcessor": {
        "PartitionGuid": "335f41ad-1596-4419-8342-52994ab488fd",
        "InstanceGuid": "89191edb-0c63-4eec-a0a9-168dbe444455"
      },
      "Pre": {
        "PartitionGuid": "335f41ad-1596-4419-8342-52994ab488fd",
        "InstanceGuid": "b5df46e8-c573-47fb-96c0-fa85b0a454ff"
      },
      "EvaluatorInput": 2,
      "Enable": true,
      "CullThreshold": 0.2
    },
    "5a38c051-4cc2-47af-824d-661d22999e27": {
      "$type": "PolynomialColorInterpData",
      "EmitterParameter": 0,
      "Color0": {
        "x": 1.0,
        "y": 1.0,
        "z": 1.0
      },
      "Color1": {
        "x": 1.0,
        "y": 1.0,
        "z": 1.0
      },
      "Coefficients": {
        "x": 0.0,
        "y": 0.0,
        "z": 0.0,
        "w": 1.0
      }
    },
    "7625aa2b-0e10-4457-858d-14d0dfe05de4": {
      "$type": "SpawnDirectionData",
      "DefaultValues": {
        "x": 0.0,
        "y": 1.0,
        "z": 0.0,
        "w": 0.0
      },
      "NextProcessor": {
        "PartitionGuid": "335f41ad-1596-4419-8342-52994ab488fd",
        "InstanceGuid": "2848402f-6f62-4562-aa0e-4c782ad8a83c"
      },
      "Pre": {
        "PartitionGuid": "335f41ad-1596-4419-8342-52994ab488fd",
        "InstanceGuid": "26e7f605-9b08-4aeb-88e0-7216d990f4a7"
      },
      "EvaluatorInput": 1,
      "Enable": true,
      "DirectionFromEmitterOrigin": 0.0,
      "InheritSpeedAndDirectionFromEmitter": false
    },
    "81895c36-59a8-4a0f-b170-5666a39e70fd": {
      "$type": "SpawnSpeedData",
      "DefaultValues": {
        "x": 1.0,
        "y": 1.0,
        "z": 1.0,
        "w": 1.0
      },
      "NextProcessor": {
        "PartitionGuid": "335f41ad-1596-4419-8342-52994ab488fd",
        "InstanceGuid": "cabd0770-7b62-4696-997c-0831795b9cf1"
      },
      "Pre": {
        "PartitionGuid": "335f41ad-1596-4419-8342-52994ab488fd",
        "InstanceGuid": "368f612e-864e-443f-94a5-f78150bf2186"
      },
      "EvaluatorInput": 1,
      "Enable": true,
      "Speed": 5.0
    },