{
  "Name": "fx/dlc/xp3/destruction/generic/vegetation/tree/emitters/em_dlc_destruct_tree_stem_generic_splinter_sprite",
  "PartitionGuid": "6d6fcdaa-6358-4517-92ad-d8ac83789fd1",
  "PrimaryInstanceGuid": "6e0db74a-804c-46e7-8812-a9e7bd49f799",
  "Instances": {
    "02d0d1ce-1df8-41ac-b272-af92b1f8d294": {
      "$type": "PolynomialData",
      "EmitterParameter": 0,
      "Coefficients": {
        "x": 5.714024,
        "y": -9.222603,
        "z": 5.111366,
        "w": 0.01785707
      },
      "ScaleValue": 1.0,
      "MinClamp": 0.0,
      "MaxClamp": 1.0
    },
    "1a192007-1046-4cc2-91d1-64f4f9d58b0b": {
      "$type": "PolynomialColorInterpData",
      "EmitterParameter": 0,
      "Color0": {
        "x": 1.018,
        "y": 0.874,
        "z": 0.796
      },
      "Color1": {
        "x": 1.018,
        "y": 0.874,
        "z": 0.796
      },
      "Coefficients": {
        "x": 0.0,
        "y": 0.0,
        "z": 0.0,
        "w": 0.9949999
      }
    },
    "1d157b4b-8bdb-d1af-82fc-d384175f0c07": {
      "$type": "UpdateLinearVelocityData",
      "DefaultValues": {
        "x": 1.0,
        "y": 1.0,
        "z": 1.0,
        "w": 1.0
      },
      "NextProcessor": {
        "PartitionGuid": "6d6fcdaa-6358-4517-92ad-d8ac83789fd1",
        "InstanceGuid": "4873f5df-588f-ee00-a86b-ae0167db0612"
      },
      "Pre": null,
      "EvaluatorInput": 2,
      "Enable": true
    },
    "20abe01c-3a90-43a2-9241-50de2ef6655f": {
      "$type": "PolynomialData",
      "EmitterParameter": 0,
      "Coefficients": {
        "x": 0.8929823,
        "y": -2.4655583,
        "z": 2.5877318,
        "w": -0.0030310403
      },
      "ScaleValue": 1.0,
      "MinClamp": 0.0,
      "MaxClamp": 1.0
    },
    "25f38be2-a54c-4755-850d-051c9c4facdc": {
      "$type": "RandomEvaluatorData",
      "EmitterParameter": 0,
      "Max": 1.0,
      "Min": -1.0
    },
    "28c46b76-07c3-4a4a-80ac-f97c9fcd878b": {
      "$type": "UpdateColorData",
      "DefaultValues": {
        "x": 1.0,
        "y": 1.0,
        "z": 1.0,
        "w": 1.0
      },
      "NextProcessor": {
        "PartitionGuid": "6d6fcdaa-6358-4517-92ad-d8ac83789fd1",
        "InstanceGuid": "c61fd218-1f79-4887-86ec-1b3b75355bf6"
      },
      "Pre": {
        "PartitionGuid": "6d6fcdaa-6358-4517-92ad-d8ac83789fd1",
        "InstanceGuid": "1a192007-1046-4cc2-91d1-64f4f9d58b0b"
      },
      "EvaluatorInput": 2,
      "Enable": true,
      "Color": {
        "x": 1.0,
        "y": 1.0,
        "z": 1.0
      }
    },
    "3a4ea4d5-186b-4062-adb0-311e9e5fb846": {
      "$type": "UpdateAlphaLevelScaleData",
      "DefaultValues": {
        "x": 1.0,
        "y": 1.0,
        "z": 1.0,
        "w": 1.0
      },
      "NextProcessor": {
        "PartitionGuid": "6d6fcdaa-6358-4517-92ad-d8ac83789fd1",
        "InstanceGuid": "8761a5bf-8b59-40d0-8fc1-d539146da102"
      },
      "Pre": {
        "PartitionGuid": "6d6fcdaa-6358-4517-92ad-d8ac83789fd1",
        "InstanceGuid": "02d0d1ce-1df8-41ac-b272-af92b1f8d294"
      },
      "EvaluatorInput": 2,
      "Enable": true,
      "Exponent": 1.097
    },
    "425d10c6-75da-4ba8-bb60-851f4afd9a4b": {
      "$type": "SpawnRotationData",
      "DefaultValues": {
        "x": 1.0,
        "y": 1.0,
        "z": 1.0,
        "w": 1.0
      },
      "NextProcessor": {
        "PartitionGuid": "6d6fcdaa-6358-4517-92ad-d8ac83789fd1",
        "InstanceGuid": "97ea2d50-6917-4b0f-90dd-fea8ab8edbe5"
      },
      "Pre": {
        "PartitionGuid": "6d6fcdaa-6358-4517-92ad-d8ac83789fd1",
        "InstanceGuid": "8a8acfe2-88d4-4ccf-8d2b-e4a15919ace2"
      },
      "EvaluatorInput": 1,
      "Enable": true,
      "Rotation": 1.0
    },
    "4873f5df-588f-ee00-a86b-ae0167db0612": {
      "$type": "SpawnDirectionData",
      "DefaultValues": {
        "x": 0.0,
        "y": 1.0,
        "z": 0.0,
        "w": 0.0
      },
      "NextProcessor": null,
      "Pre": null,
      "EvaluatorInput": 1,
      "Enable": true,
      "DirectionFromEmitterOrigin": 0.0,
      "InheritSpeedAndDirectionFromEmitter": false
    },
    "4a54e026-2f3a-458e-b62c-ad2b54dfd703": {
      "$type": "SpawnSizeData",
      "DefaultValues": {
        "x": 1.0,
        "y": 1.0,
        "z": 1.0,
        "w": 1.0
      },
      "NextProcessor": {
        "PartitionGuid": "6d6fcdaa-6358-4517-92ad-d8ac83789fd1",
        "InstanceGuid": "3a4ea4d5-186b-4062-adb0-311e9e5fb846"
      },
      "Pre": {
        "PartitionGuid": "6d6fcdaa-6358-4517-92ad-d8ac83789fd1",
        "InstanceGuid": "b0c3586b-197d-4148-8eda-6de2193e6449"
      },
      "EvaluatorInput": 1,
      "Enable": true,
      "Size": 2.0
    },
    "64c2140d-f273-6d87-5b5a-3a9844ef3e25": {
      "$type": "UpdateClipScaleData",
      "DefaultValues": {
        "x": 1.0,
        "y": 1.0,
        "z": 1.0,
        "w": 1.0
      },
      "NextProcessor": {
        "PartitionGuid": "6d6fcdaa-6358-4517-92ad-d8ac83789fd1",
        "InstanceGuid": "1d157b4b-8bdb-d1af-82fc-d384175f0c07"
      },
      "Pre": null,
      "EvaluatorInput": 2,
      "Enable": true,
      "Lookup": [
        32767,
        32767,
        32767,
        32767,
        32191,
        28927,
        29951,
        32703,
        32191,
        28927,
        29951,
        32703,
        32191,
        28927,
        29951,
        32703,
        32191,
        28927,
        29951,
        32703,
        32191,
        28927,
        29951,
        32703,
        32191,
        28927,
        29951,
        32703,
        32191,
        28927,
        29951,
        32703,
        32191,
        28927,
        29951,
        32703,
        32191,
        28927,
        29951,
        32703,
        32191,
        28927,
        29951,
        32703,
        32191,
        28927,
        29951,
        32703,
        32191,
        28927,
        29951,
        32703,
        32191,
        28927,
        29951,
        32703,
        32191,
        28927,
        29951,
        32703,
        32191,
        28927,
        29951,
        32703,
        32191,
        28927,
        29951,
        32703,
        32191,
        28927,
        29951,
        32703,
        32191,
        28927,
        29951,
        32703,
        32191,
        28927,
        29951,
        32703,
        32191,
        28927,
        29951,
        32703,
        32191,
        28927,
        29951,
        32703,
        32191,
        28927,
        29951,
        32703,
        32191,
        28927,
        29951,
        32703,
        32191,
        28927,
        29951,
        32703,
        32191,
        28927,
        29951,
        32703,
        32191,
        28927,
        29951,
        32703,
        32191,
        28927,
        29951,
        32703,
        32191,
        28927,
        29951,
        32703,
        32191,
        28927,
        29951,
        32703,
        32191,
        28927,
        29951,
        32703,
        32191,
        28927,
        29951,
        32703,
        32191,
        28927,
        29951,
        32703
      ]
    },
    "66459400-1190-4bca-a55f-acfa4a0ee97a": {
      "$type": "SpawnRateData",
      "DefaultValues": {
        "x": 1.0,
        "y": 1.0,
        "z": 1.0,
        "w": 1.0
      },
      "NextProcessor": {
        "PartitionGuid": "6d6fcdaa-6358-4517-92ad-d8ac83789fd1",
        "InstanceGuid": "a82d723f-805e-455a-896f-f122a2ab0872"
      },
      "Pre": null,
      "EvaluatorInput": 1,
      "Enable": true,
      "SpawnRate": 100.0,
      "TrailSegmentLength": 5.0,
      "DistributeOverTime": true,
      "DistributeOverDistance": false
    },