{
  "Name": "levels/xp5_001/xp5_001/layer7_exterior",
  "PartitionGuid": "47fa1a93-ec60-4c00-ae2f-4940711de3a3",
  "PrimaryInstanceGuid": "edcf4d88-ef1f-4d18-b885-8965c8cebe0a",
  "Instances": {
    "1ae911cd-8c64-4b51-93eb-ef4e4b12c588": {
      "$type": "LightProbeVolumeData",
      "IsEventConnectionTarget": 3,
      "IsPropertyConnectionTarget": 3,
      "IndexInBlueprint": 387,
      "Transform": {
        "right": {
          "x": 1.0,
          "y": 0.0,
          "z": 0.0
        },
        "up": {
          "x": 0.0,
          "y": 1.0,
          "z": 0.0
        },
        "forward": {
          "x": 0.0,
          "y": 0.0,
          "z": 1.0
        },
        "trans": {
          "x": 407.5242,
          "y": 128.57353,
          "z": -161.145
        }
      },
      "Xres": 3,
      "Yres": 2,
      "Zres": 2,
      "BlendDistance": 1.0,
      "Priority": 0
    },
    "8eda444b-d75e-4d87-8436-c36c420c0699": {
      "$type": "ReferenceObjectData",
      "BlueprintTransform": {
        "right": {
          "x": -0.58852553,
          "y": 1.0305314E-08,
          "z": -0.80847865
        },
        "up": {
          "x": 1.5871253E-08,
          "y": 1.0,
          "z": 1.1932084E-09
        },
        "forward": {
          "x": 0.80847865,
          "y": -1.2129341E-08,
          "z": -0.5885256
        },
        "trans": {
          "x": -32.20511,
          "y": 108.18847,
          "z": 52.60078
        }
      },
      "Blueprint": {
        "PartitionGuid": "76a9cbeb-4850-4750-8ba6-78a817c5df82",
        "InstanceGuid": "7fa3e981-67ab-4814-ac20-5a22a4b31a2c"
      },
      "ObjectVariation": null,
      "StreamRealm": 0,
      "CastSunShadowEnable": true,
      "Excluded": false,
      "IndexInBlueprint": 388,
      "IsEventConnectionTarget": 3,
      "IsPropertyConnectionTarget": 3
    },
    "a07d7056-2ccb-4694-9839-c2e18924f21d": {
      "$type": "ReferenceObjectData",
      "BlueprintTransform": {
        "right": {
          "x": -0.97673255,
          "y": 1.575786E-08,
          "z": -0.21446106
        },
        "up": {
          "x": 1.5871253E-08,
          "y": 1.0,
          "z": 1.193209E-09
        },
        "forward": {
          "x": 0.21446104,
          "y": -2.2383282E-09,
          "z": -0.97673255
        },
        "trans": {
          "x": -34.884552,
          "y": 108.77343,
          "z": 49.735195
        }
      },
      "Blueprint": {
        "PartitionGuid": "76a9cbeb-4850-4750-8ba6-78a817c5df82",
        "InstanceGuid": "7fa3e981-67ab-4814-ac20-5a22a4b31a2c"
      },
      "ObjectVariation": null,
      "StreamRealm": 0,
      "CastSunShadowEnable": true,
      "Excluded": false,
      "IndexInBlueprint": 389,
      "IsEventConnectionTarget": 3,
      "IsPropertyConnectionTarget": 3
    },
    "a3e393c9-d19f-47ee-9ed8-bf852e80720b": {
      "$type": "ReferenceObjectData",
      "BlueprintTransform": {
        "right": {
          "x": 0.69484496,
          "y": -1.1886163E-08,
          "z": 0.71915966
        },
        "up": {
          "x": 1.5871253E-08,
          "y": 1.0,
          "z": 1.193209E-09
        },
        "forward": {
          "x": -0.71915966,
          "y": 1.0584878E-08,
          "z": 0.69484496
        },
        "trans": {
          "x": -34.693024,
          "y": 108.18847,
          "z": 49.6642
        }
      },
      "Blueprint": {
        "PartitionGuid": "76a9cbeb-4850-4750-8ba6-78a817c5df82",
        "InstanceGuid": "7fa3e981-67ab-4814-ac20-5a22a4b31a2c"
      },
      "ObjectVariation": null,
      "StreamRealm": 0,
      "CastSunShadowEnable": true,
      "Excluded": false,
      "IndexInBlueprint": 390,
      "IsEventConnectionTarget": 3,
      "IsPropertyConnectionTarget": 3
    },
    "70fbfb73-1ec9-4f09-a984-8432eb80231b": {
      "$type": "ReferenceObjectData",
      "BlueprintTransform": {
        "right": {
          "x": 0.0289017,
          "y": 4.421837E-05,
          "z": -0.9995823
        },
        "up": {
          "x": -3.195018E-05,
          "y": 1.0,
          "z": 4.3313048E-05
        },
        "forward": {
          "x": 0.9995823,
          "y": 3.0685012E-05,
          "z": 0.0289017
        },
        "trans": {
          "x": -27.22095,
          "y": 108.21114,
          "z": 47.18428
        }
      },
      "Blueprint": {
        "PartitionGuid": "0ea0d9bb-fc1f-11e0-9e56-95bae7dbdabb",
        "InstanceGuid": "b7dd0d82-8be0-e297-ee13-838d53a1707d"
      },
      "ObjectVariation": null,
      "StreamRealm": 0,
      "CastSunShadowEnable": true,
      "Excluded": false,
      "IndexInBlueprint": 391,
      "IsEventConnectionTarget": 3,
      "IsPropertyConnectionTarget": 3
    },
    "94d0c639-6280-4ab2-94a2-29ea8333b49a": {
      "$type": "ReferenceObjectData",
      "BlueprintTransform": {
        "right": {
          "x": -0.26810732,
          "y": 0.24628954,
          "z": 0.9313753
        },
        "up": {
          "x": 0.49861807,
          "y": 0.8626844,
          "z": -0.084592275
        },
        "forward": {
          "x": -0.82431704,
          "y": 0.44172066,
          "z": -0.35409677
        },
        "trans": {
          "x": -8.561759,
          "y": 109.326324,
          "z": 50.242104
        }
      },
      "Blueprint": {
        "PartitionGuid": "db46f711-5546-11e0-a3ed-cdfd2f2f5318",
        "InstanceGuid": "252ba249-dd12-78f8-2193-688b0c9d1069"
      },
      "ObjectVariation": {
        "PartitionGuid": "0c53a27a-a7d1-11e0-bdeb-e4e64f382eac",
        "InstanceGuid": "f1801c51-ac18-ded0-47b5-86870dd9c597"
      },
      "StreamRealm": 0,
      "CastSunShadowEnable": true,
      "Excluded": false,
      "IndexInBlueprint": 392,
      "IsEventConnectionTarget": 3,
      "IsPropertyConnectionTarget": 3
    },
    "edcf4d88-ef1f-4d18-b885-8965c8cebe0a": {
      "$type": "WorldPartData",
      "Name": "Levels/XP5_001/Exterior",
      "PropertyConnections": [],
      "LinkConnections": [],
      "EventConnections": [],
      "Descriptor": null,
      "NeedNetworkId": false,
      "InterfaceHasConnections": false,
      "AlwaysCreateEntityBusClient": false,
      "AlwaysCreateEntityBusServer": false,
      "Objects": [
        {
          "PartitionGuid": "47fa1a93-ec60-4c00-ae2f-4940711de3a3",
          "InstanceGuid": "1ae911cd-8c64-4b51-93eb-ef4e4b12c588"
        },
        {
          "PartitionGuid": "47fa1a93-ec60-4c00-ae2f-4940711de3a3",
          "InstanceGuid": "8eda444b-d75e-4d87-8436-c36c420c0699"
        },
        {
          "PartitionGuid": "47fa1a93-ec60-4c00-ae2f-4940711de3a3",
          "InstanceGuid": "a07d7056-2ccb-4694-9839-c2e18924f21d"
        },
        {
          "PartitionGuid": "47fa1a93-ec60-4c00-ae2f-4940711de3a3",
          "InstanceGuid": "a3e393c9-d19f-47ee-9ed8-bf852e80720b"
        },
        {
          "PartitionGuid": "47fa1a93-ec60-4c00-ae2f-4940711de3a3",
          "InstanceGuid": "70fbfb73-1ec9-4f09-a984-8432eb80231b"
        },
        {
          "PartitionGuid": "47fa1a93-ec60-4c00-ae2f-4940711de3a3",
          "InstanceGuid": "94d0c639-6280-4ab2-94a2-29ea8333b49a"
        }
      ],
      "Enabled": true,
      "UseDeferredEntityCreation": false,
      "HackToSolveRealTimeTweakingIssue": "07982ba7-9689-4015-ce9d-25bd088d0c56"
    }
  }
}