{
  "Name": "levels/sp_bank/sp_bank/layer1_paths",
  "PartitionGuid": "731e33fa-5471-4522-a3ea-002736c8eec1",
  "PrimaryInstanceGuid": "905f1992-dce4-4d4b-889f-6e32ac794b5e",
  "Instances": {
    "1136766f-f218-4001-a28f-8d6457f8d7fb": {
      "$type": "PathfindingExclusionVolumeData",
      "IndexInBlueprint": 242,
      "IsEventConnectionTarget": 3,
      "IsPropertyConnectionTarget": 3,
      "Transform": {
        "right": {
          "x": 0.5287419,
          "y": 0.0,
          "z": 0.84878266
        },
        "up": {
          "x": 0.0,
          "y": 1.0,
          "z": 0.0
        },
        "forward": {
          "x": -0.8487827,
          "y": 0.0,
          "z": 0.5287418
        },
        "trans": {
          "x": 220.83969,
          "y": 152.63068,
          "z": -426.61926
        }
      },
      "HalfExtents": {
        "x": 69.361015,
        "y": 76.18073,
        "z": 181.77971
      }
    },
    "1a801fcf-5a44-49e1-8fb9-c0dbcdd7a578": {
      "$type": "PathfindingExclusionVolumeData",
      "IndexInBlueprint": 240,
      "IsEventConnectionTarget": 3,
      "IsPropertyConnectionTarget": 3,
      "Transform": {
        "right": {
          "x": -0.8487828,
          "y": 0.0,
          "z": 0.5287419
        },
        "up": {
          "x": 0.0,
          "y": 1.0,
          "z": 0.0
        },
        "forward": {
          "x": -0.5287417,
          "y": 0.0,
          "z": -0.8487828
        },
        "trans": {
          "x": 386.39352,
          "y": 152.63068,
          "z": -695.4773
        }
      },
      "HalfExtents": {
        "x": 69.361015,
        "y": 76.18073,
        "z": 181.7797
      }
    },
    "315dc324-3ec8-4f32-8610-fd0a2aacd447": {
      "$type": "PathfindingExclusionVolumeData",
      "IndexInBlueprint": 230,
      "IsEventConnectionTarget": 3,
      "IsPropertyConnectionTarget": 3,
      "Transform": {
        "right": {
          "x": 0.8402195,
          "y": 0.0,
          "z": -0.5422465
        },
        "up": {
          "x": 0.0,
          "y": 1.0,
          "z": 0.0
        },
        "forward": {
          "x": 0.5422465,
          "y": 0.0,
          "z": 0.8402195
        },
        "trans": {
          "x": 544.20135,
          "y": 164.31493,
          "z": -606.46674
        }
      },
      "HalfExtents": {
        "x": 1.0,
        "y": 1.0,
        "z": 1.0
      }
    },
    "31e99c14-68bf-4af0-bd76-de6dcdc6e444": {
      "$type": "PathfindingExclusionVolumeData",
      "IndexInBlueprint": 239,
      "IsEventConnectionTarget": 3,
      "IsPropertyConnectionTarget": 3,
      "Transform": {
        "right": {
          "x": 0.5287419,
          "y": 0.0,
          "z": 0.84878266
        },
        "up": {
          "x": 0.0,
          "y": 1.0,
          "z": 0.0
        },
        "forward": {
          "x": -0.8487827,
          "y": 0.0,
          "z": 0.5287418
        },
        "trans": {
          "x": 466.9101,
          "y": 152.63068,
          "z": -520.11127
        }
      },
      "HalfExtents": {
        "x": 69.361015,
        "y": 76.18073,
        "z": 181.77971
      }
    },
    "3f2c92a7-0057-4ef2-88a1-02a09197c960": {
      "$type": "PathfindingBuildOrderData",
      "IndexInBlueprint": 234,
      "IsEventConnectionTarget": 3,
      "IsPropertyConnectionTarget": 3,
      "Points": [
        {
          "x": -1089.0825,
          "y": 154.79585,
          "z": -351.03796
        },
        {
          "x": -1070.3265,
          "y": 154.79585,
          "z": -286.94492
        },
        {
          "x": -993.7643,
          "y": 154.79585,
          "z": -298.9516
        },
        {
          "x": -1017.6398,
          "y": 154.79585,
          "z": -374.02972
        },
        {
          "x": -1056.376,
          "y": 154.79585,
          "z": -401.59042
        },
        {
          "x": -1065.653,
          "y": 154.79585,
          "z": -393.69717
        }
      ],
      "Normals": [
        {
          "x": 0.0,
          "y": 1.0,
          "z": 0.0
        },
        {
          "x": 0.0,
          "y": 1.0,
          "z": 0.0
        },
        {
          "x": 0.0,
          "y": 1.0,
          "z": 0.0
        },
        {
          "x": 0.0,
          "y": 1.0,
          "z": 0.0
        },
        {
          "x": 0.0,
          "y": 1.0,
          "z": 0.0
        },
        {
          "x": 0.0,
          "y": 1.0,
          "z": 0.0
        }
      ],
      "Tension": 0.0,
      "IsClosed": true,
      "AllowRoll": false,
      "Height": 0.0
    },
    "6580cef4-f6d5-4cb2-b45a-e84abbfac058": {
      "$type": "PathfindingExclusionVolumeData",
      "IndexInBlueprint": 235,
      "IsEventConnectionTarget": 3,
      "IsPropertyConnectionTarget": 3,
      "Transform": {
        "right": {
          "x": 0.9530615,
          "y": 0.0,
          "z": -0.3027768
        },
        "up": {
          "x": 0.0,
          "y": 1.0,
          "z": 0.0
        },
        "forward": {
          "x": 0.30277655,
          "y": 0.0,
          "z": 0.9530616
        },
        "trans": {
          "x": -1003.558,
          "y": 171.88213,
          "z": -358.04022
        }
      },
      "HalfExtents": {
        "x": 9.78558,
        "y": 23.517427,
        "z": 59.198856
      }
    },
    "903e1247-c477-4017-82e3-f732cc542972": {
      "$type": "PathfindingExclusionVolumeData",
      "IndexInBlueprint": 241,
      "IsEventConnectionTarget": 3,
      "IsPropertyConnectionTarget": 3,
      "Transform": {
        "right": {
          "x": -0.8487828,
          "y": 0.0,
          "z": 0.5287419
        },
        "up": {
          "x": 0.0,
          "y": 1.0,
          "z": 0.0
        },
        "forward": {
          "x": -0.5287417,
          "y": 0.0,
          "z": -0.8487828
        },
        "trans": {
          "x": 181.86983,
          "y": 152.63068,
          "z": -568.071
        }
      },
      "HalfExtents": {
        "x": 69.361015,
        "y": 76.18073,
        "z": 181.7797
      }
    },
    "905f1992-dce4-4d4b-889f-6e32ac794b5e": {
      "$type": "WorldPartData",
      "Name": "Levels/SP_Bank/Paths",
      "PropertyConnections": [],
      "LinkConnections": [],
      "EventConnections": [],
      "Descriptor": null,
      "NeedNetworkId": false,
      "InterfaceHasConnections": false,
      "AlwaysCreateEntityBusClient": false,
      "AlwaysCreateEntityBusServer": false,
      "Objects": [
        {
          "PartitionGuid": "731e33fa-5471-4522-a3ea-002736c8eec1",
          "InstanceGuid": "edddcf65-1cf1-496f-8c92-f0ec75037079"
        },
        {
          "PartitionGuid": "731e33fa-5471-4522-a3ea-002736c8eec1",
          "InstanceGuid": "315dc324-3ec8-4f32-8610-fd0a2aacd447"
        },
        {
          "PartitionGuid": "731e33fa-5471-4522-a3ea-002736c8eec1",
          "InstanceGuid": "ff8a6e6f-daf2-465e-a57b-0a39d6b314c5"
        },
        {
          "PartitionGuid": "731e33fa-5471-4522-a3ea-002736c8eec1",
          "InstanceGuid": "ec9b7ec9-7bb9-4084-aa89-7945b3f3e20c"
        },
        {
          "PartitionGuid": "731e33fa-5471-4522-a3ea-002736c8eec1",
          "InstanceGuid": "f2687c19-fee3-4a69-986a-a09cecb31fc6"
        },
        {
          "PartitionGuid": "731e33fa-5471-4522-a3ea-002736c8eec1",
          "InstanceGuid": "3f2c92a7-0057-4ef2-88a1-02a09197c960"
        },
        {
          "PartitionGuid": "731e33fa-5471-4522-a3ea-002736c8eec1",
          "InstanceGuid": "6580cef4-f6d5-4cb2-b45a-e84abbfac058"
        },
        {
          "PartitionGuid": "731e33fa-5471-4522-a3ea-002736c8eec1",