{
  "Name": "levels/sp_tank/miclic/layer10_miclic_wp_ambient",
  "PartitionGuid": "5bfc1167-6576-47ad-9146-68c6963df62b",
  "PrimaryInstanceGuid": "27a2c22a-be52-42f5-925b-32b77c1f138e",
  "Instances": {
    "045c9a22-38ec-460a-9e62-83bae6b50ebc": {
      "$type": "ReferenceObjectData",
      "IndexInBlueprint": 539,
      "IsEventConnectionTarget": 2,
      "IsPropertyConnectionTarget": 3,
      "BlueprintTransform": {
        "right": {
          "x": 0.9564673,
          "y": -0.016761728,
          "z": 0.29135805
        },
        "up": {
          "x": 0.01981462,
          "y": 0.9997753,
          "z": -0.007530498
        },
        "forward": {
          "x": -0.29116648,
          "y": 0.0129758315,
          "z": 0.95658416
        },
        "trans": {
          "x": 314.27615,
          "y": 102.26313,
          "z": 241.3754
        }
      },
      "Blueprint": {
        "PartitionGuid": "e75692ad-87fc-40b2-b474-f97b6fe614d2",
        "InstanceGuid": "f0b59ac5-69e9-4c50-a997-b3def450d74b"
      },
      "ObjectVariation": null,
      "StreamRealm": 0,
      "CastSunShadowEnable": true,
      "Excluded": false
    },
    "06d8eb63-5ea1-4e21-891d-dcfef8bbe2bd": {
      "$type": "ReferenceObjectData",
      "IndexInBlueprint": 540,
      "IsEventConnectionTarget": 2,
      "IsPropertyConnectionTarget": 3,
      "BlueprintTransform": {
        "right": {
          "x": 0.9992236,
          "y": -0.016761726,
          "z": 0.03565691
        },
        "up": {
          "x": 0.017212462,
          "y": 0.99977493,
          "z": -0.012371681
        },
        "forward": {
          "x": -0.035441753,
          "y": 0.012975826,
          "z": 0.9992869
        },
        "trans": {
          "x": 309.60065,
          "y": 101.2781,
          "z": 241.87589
        }
      },
      "Blueprint": {
        "PartitionGuid": "e75692ad-87fc-40b2-b474-f97b6fe614d2",
        "InstanceGuid": "f0b59ac5-69e9-4c50-a997-b3def450d74b"
      },
      "ObjectVariation": null,
      "StreamRealm": 0,
      "CastSunShadowEnable": true,
      "Excluded": false
    },
    "09e41c51-dcbb-4b7f-8321-80252a81c13c": {
      "$type": "ReferenceObjectData",
      "IndexInBlueprint": 541,
      "IsEventConnectionTarget": 2,
      "IsPropertyConnectionTarget": 3,
      "BlueprintTransform": {
        "right": {
          "x": 0.9116006,
          "y": -0.016761726,
          "z": -0.41073537
        },
        "up": {
          "x": 0.009949731,
          "y": 0.9997753,
          "z": -0.018717112
        },
        "forward": {
          "x": 0.41095653,
          "y": 0.012975831,
          "z": 0.91156226
        },
        "trans": {
          "x": 269.49246,
          "y": 101.848045,
          "z": 241.37544
        }
      },
      "Blueprint": {
        "PartitionGuid": "e75692ad-87fc-40b2-b474-f97b6fe614d2",
        "InstanceGuid": "f0b59ac5-69e9-4c50-a997-b3def450d74b"
      },
      "ObjectVariation": null,
      "StreamRealm": 0,
      "CastSunShadowEnable": true,
      "Excluded": false
    },
    "27a2c22a-be52-42f5-925b-32b77c1f138e": {
      "$type": "WorldPartData",
      "Name": "Levels/SP_Tank/MICLIC_WP_Ambient",
      "PropertyConnections": [],
      "LinkConnections": [],
      "EventConnections": [],
      "Descriptor": null,
      "NeedNetworkId": false,
      "InterfaceHasConnections": false,
      "AlwaysCreateEntityBusClient": false,
      "AlwaysCreateEntityBusServer": false,
      "Objects": [
        {
          "PartitionGuid": "5bfc1167-6576-47ad-9146-68c6963df62b",
          "InstanceGuid": "5d867ebd-7781-4374-83ca-113fed3de60f"
        },
        {
          "PartitionGuid": "5bfc1167-6576-47ad-9146-68c6963df62b",
          "InstanceGuid": "4f7b4fbf-db6a-4d24-94d2-03626cbe53e8"
        },
        {
          "PartitionGuid": "5bfc1167-6576-47ad-9146-68c6963df62b",
          "InstanceGuid": "b49b8c9d-7fa5-4421-b7be-be071f78636b"
        },
        {
          "PartitionGuid": "5bfc1167-6576-47ad-9146-68c6963df62b",
          "InstanceGuid": "cf4d6e8a-43bf-4c09-8b49-889a4106a12e"
        },
        {
          "PartitionGuid": "5bfc1167-6576-47ad-9146-68c6963df62b",
          "InstanceGuid": "045c9a22-38ec-460a-9e62-83bae6b50ebc"
        },
        {
          "PartitionGuid": "5bfc1167-6576-47ad-9146-68c6963df62b",
          "InstanceGuid": "06d8eb63-5ea1-4e21-891d-dcfef8bbe2bd"
        },
        {
          "PartitionGuid": "5bfc1167-6576-47ad-9146-68c6963df62b",
          "InstanceGuid": "09e41c51-dcbb-4b7f-8321-80252a81c13c"
        },
        {
          "PartitionGuid": "5bfc1167-6576-47ad-9146-68c6963df62b",
          "InstanceGuid": "5d0d4c42-833f-4a2c-927b-14c1e1dd7a56"
        },
        {
          "PartitionGuid": "5bfc1167-6576-47ad-9146-68c6963df62b",
          "InstanceGuid": "286b0773-ad20-45e6-a3e7-2cebfb286801"
        }
      ],
      "HackToSolveRealTimeTweakingIssue": "3fb088e9-b7a3-1932-456c-a793e77607d4",
      "UseDeferredEntityCreation": false,
      "Enabled": true
    },
    "286b0773-ad20-45e6-a3e7-2cebfb286801": {
      "$type": "ReferenceObjectData",
      "IndexInBlueprint": 543,
      "IsEventConnectionTarget": 2,
      "IsPropertyConnectionTarget": 3,
      "BlueprintTransform": {
        "right": {
          "x": 0.98785377,
          "y": -0.0016061614,
          "z": 0.15537854
        },
        "up": {
          "x": 0.005011518,
          "y": 0.99975574,
          "z": -0.021527272
        },
        "forward": {
          "x": -0.15530601,
          "y": 0.022044491,
          "z": 0.98762023
        },
        "trans": {
          "x": 293.74344,
          "y": 101.880135,
          "z": 234.19627
        }
      },
      "Blueprint": {
        "PartitionGuid": "e75692ad-87fc-40b2-b474-f97b6fe614d2",
        "InstanceGuid": "f0b59ac5-69e9-4c50-a997-b3def450d74b"
      },
      "ObjectVariation": null,
      "StreamRealm": 0,
      "CastSunShadowEnable": true,
      "Excluded": false
    },
    "4f7b4fbf-db6a-4d24-94d2-03626cbe53e8": {
      "$type": "ReferenceObjectData",
      "IndexInBlueprint": 536,
      "IsEventConnectionTarget": 2,
      "IsPropertyConnectionTarget": 3,
      "BlueprintTransform": {
        "right": {
          "x": 0.5131022,
          "y": 0.00042143295,
          "z": -0.85832757
        },
        "up": {
          "x": 0.04186532,
          "y": 0.9987974,
          "z": 0.025517203
        },
        "forward": {
          "x": 0.85730577,
          "y": -0.049027074,
          "z": 0.51246756
        },
        "trans": {
          "x": 223.26004,
          "y": 106.26492,
          "z": 246.75652
        }
      },
      "Blueprint": {
        "PartitionGuid": "e75692ad-87fc-40b2-b474-f97b6fe614d2",
        "InstanceGuid": "f0b59ac5-69e9-4c50-a997-b3def450d74b"
      },
      "ObjectVariation": null,
      "StreamRealm": 0,
      "CastSunShadowEnable": true,
      "Excluded": false
    },
    "5d0d4c42-833f-4a2c-927b-14c1e1dd7a56": {
      "$type": "ReferenceObjectData",
      "IndexInBlueprint": 542,
      "IsEventConnectionTarget": 2,
      "IsPropertyConnectionTarget": 3,
      "BlueprintTransform": {
        "right": {
          "x": 0.9749847,
          "y": -0.007919015,
          "z": -0.22213109
        },
        "up": {
          "x": 0.012260667,
          "y": 0.9997597,
          "z": 0.018173274
        },
        "forward": {
          "x": 0.22193359,
          "y": -0.02044212,
          "z": 0.9748472
        },
        "trans": {
          "x": 267.1389,
          "y": 101.24472,
          "z": 251.05757
        }
      },
      "Blueprint": {
        "PartitionGuid": "e75692ad-87fc-40b2-b474-f97b6fe614d2",
        "InstanceGuid": "f0b59ac5-69e9-4c50-a997-b3def450d74b"
      },