{
  "Name": "levels/xp5_002/xp5_002/layer8_truckshed",
  "PartitionGuid": "52f28e7f-0f0f-47c5-a615-1b1dd607eaa4",
  "PrimaryInstanceGuid": "593d6434-6225-4b82-9c43-8bcfe7dd29ef",
  "Instances": {
    "18a5ecf7-9365-4b12-ada7-99892863088b": {
      "$type": "ReferenceObjectData",
      "IndexInBlueprint": 731,
      "IsEventConnectionTarget": 3,
      "IsPropertyConnectionTarget": 3,
      "BlueprintTransform": {
        "right": {
          "x": -0.7577564,
          "y": 0.02123484,
          "z": 0.478032
        },
        "up": {
          "x": -0.12821142,
          "y": 0.8535618,
          "z": -0.24115185
        },
        "forward": {
          "x": -0.46100685,
          "y": -0.27228934,
          "z": -0.71867335
        },
        "trans": {
          "x": -1637.896,
          "y": 64.51277,
          "z": -28.203789
        }
      },
      "Blueprint": {
        "PartitionGuid": "f2e7b93c-0206-11e0-9352-87860d52845a",
        "InstanceGuid": "2c42524f-255f-eda1-6708-9db203a437d3"
      },
      "ObjectVariation": null,
      "StreamRealm": 0,
      "CastSunShadowEnable": false,
      "Excluded": false
    },
    "4845232f-d81b-8f65-d99b-37ab32fe18f7": {
      "$type": "ReferenceObjectData",
      "IndexInBlueprint": 735,
      "IsEventConnectionTarget": 3,
      "IsPropertyConnectionTarget": 3,
      "BlueprintTransform": {
        "right": {
          "x": 0.7215641,
          "y": 0.0,
          "z": -0.6923476
        },
        "up": {
          "x": 0.0,
          "y": 1.0,
          "z": 0.0
        },
        "forward": {
          "x": 0.6923476,
          "y": 0.0,
          "z": 0.7215641
        },
        "trans": {
          "x": -2024.8986,
          "y": 48.4888,
          "z": -78.491905
        }
      },
      "Blueprint": {
        "PartitionGuid": "3d168b0b-ae67-47a9-24c4-c06661f5f9c8",
        "InstanceGuid": "3d168b0b-ae67-47a9-24c4-c06661f5f9c8"
      },
      "ObjectVariation": null,
      "StreamRealm": 0,
      "CastSunShadowEnable": true,
      "Excluded": false
    },
    "4d29dbbf-dfdf-48b1-ba3b-6dd4d3930ad0": {
      "$type": "ReferenceObjectData",
      "IndexInBlueprint": 732,
      "IsEventConnectionTarget": 3,
      "IsPropertyConnectionTarget": 3,
      "BlueprintTransform": {
        "right": {
          "x": -0.74848056,
          "y": -0.02513986,
          "z": 0.49224496
        },
        "up": {
          "x": 0.082751535,
          "y": 0.8759114,
          "z": 0.17056182
        },
        "forward": {
          "x": -0.48589024,
          "y": 0.18790199,
          "z": -0.7292213
        },
        "trans": {
          "x": -1632.7825,
          "y": 64.98184,
          "z": -19.264482
        }
      },
      "Blueprint": {
        "PartitionGuid": "f2e7b93c-0206-11e0-9352-87860d52845a",
        "InstanceGuid": "2c42524f-255f-eda1-6708-9db203a437d3"
      },
      "ObjectVariation": null,
      "StreamRealm": 0,
      "CastSunShadowEnable": false,
      "Excluded": false
    },
    "593d6434-6225-4b82-9c43-8bcfe7dd29ef": {
      "$type": "WorldPartData",
      "Name": "Levels/XP5_002/truckshed",
      "PropertyConnections": [],
      "LinkConnections": [],
      "EventConnections": [],
      "Descriptor": null,
      "NeedNetworkId": false,
      "InterfaceHasConnections": false,
      "AlwaysCreateEntityBusClient": false,
      "AlwaysCreateEntityBusServer": false,
      "Objects": [
        {
          "PartitionGuid": "52f28e7f-0f0f-47c5-a615-1b1dd607eaa4",
          "InstanceGuid": "888a8398-2331-4fad-b8c8-66f3174898f2"
        },
        {
          "PartitionGuid": "52f28e7f-0f0f-47c5-a615-1b1dd607eaa4",
          "InstanceGuid": "18a5ecf7-9365-4b12-ada7-99892863088b"
        },
        {
          "PartitionGuid": "52f28e7f-0f0f-47c5-a615-1b1dd607eaa4",
          "InstanceGuid": "4d29dbbf-dfdf-48b1-ba3b-6dd4d3930ad0"
        },
        {
          "PartitionGuid": "52f28e7f-0f0f-47c5-a615-1b1dd607eaa4",
          "InstanceGuid": "fae117e0-792a-4811-af95-8448df6c8a7e"
        },
        {
          "PartitionGuid": "52f28e7f-0f0f-47c5-a615-1b1dd607eaa4",
          "InstanceGuid": "e953b8d2-2858-41d7-bf97-4868e9cf49a5"
        },
        {
          "PartitionGuid": "52f28e7f-0f0f-47c5-a615-1b1dd607eaa4",
          "InstanceGuid": "4845232f-d81b-8f65-d99b-37ab32fe18f7"
        }
      ],
      "HackToSolveRealTimeTweakingIssue": "9017d8d3-cd32-9d0a-be92-9cdcb6fa94fd",
      "UseDeferredEntityCreation": false,
      "Enabled": true
    },
    "888a8398-2331-4fad-b8c8-66f3174898f2": {
      "$type": "ReferenceObjectData",
      "IndexInBlueprint": 730,
      "IsEventConnectionTarget": 3,
      "IsPropertyConnectionTarget": 3,
      "BlueprintTransform": {
        "right": {
          "x": 0.76220596,
          "y": 0.0139461225,
          "z": -0.47117704
        },
        "up": {
          "x": 0.103611715,
          "y": 0.8689356,
          "z": 0.1933281
        },
        "forward": {
          "x": 0.45985526,
          "y": -0.21889873,
          "z": 0.73741215
        },
        "trans": {
          "x": -1636.8491,
          "y": 64.80015,
          "z": -16.140995
        }
      },
      "Blueprint": {
        "PartitionGuid": "f2e7b93c-0206-11e0-9352-87860d52845a",
        "InstanceGuid": "2c42524f-255f-eda1-6708-9db203a437d3"
      },
      "ObjectVariation": null,
      "StreamRealm": 0,
      "CastSunShadowEnable": false,
      "Excluded": false
    },
    "e953b8d2-2858-41d7-bf97-4868e9cf49a5": {
      "$type": "ReferenceObjectData",
      "IndexInBlueprint": 734,
      "IsEventConnectionTarget": 3,
      "IsPropertyConnectionTarget": 3,
      "BlueprintTransform": {
        "right": {
          "x": 0.88809276,
          "y": -0.12828727,
          "z": -0.44139987
        },
        "up": {
          "x": 0.15148558,
          "y": 0.98830366,
          "z": 0.017549755
        },
        "forward": {
          "x": 0.43398565,
          "y": -0.082451515,
          "z": 0.89713883
        },
        "trans": {
          "x": -2057.8188,
          "y": 49.442867,
          "z": -79.1407
        }
      },
      "Blueprint": {
        "PartitionGuid": "7a72cd01-bf8b-421b-b9a6-927a600acace",
        "InstanceGuid": "3dcb1245-c508-4d5e-8876-057e2600403f"
      },
      "ObjectVariation": null,
      "StreamRealm": 0,
      "CastSunShadowEnable": true,
      "Excluded": false
    },
    "fae117e0-792a-4811-af95-8448df6c8a7e": {
      "$type": "ReferenceObjectData",
      "IndexInBlueprint": 733,
      "IsEventConnectionTarget": 3,
      "IsPropertyConnectionTarget": 3,
      "BlueprintTransform": {
        "right": {
          "x": 0.7622982,
          "y": 1.0624004E-16,
          "z": -0.47123408
        },
        "up": {
          "x": 2.0598298E-08,
          "y": 0.8961921,
          "z": 3.3321115E-08
        },
        "forward": {
          "x": 0.47123408,
          "y": -3.9173802E-08,
          "z": 0.7622982
        },
        "trans": {
          "x": -1639.584,
          "y": 65.43363,
          "z": -20.922798
        }
      },
      "Blueprint": {
        "PartitionGuid": "f2e7b93c-0206-11e0-9352-87860d52845a",
        "InstanceGuid": "2c42524f-255f-eda1-6708-9db203a437d3"
      },
      "ObjectVariation": null,
      "StreamRealm": 0,
      "CastSunShadowEnable": false,
      "Excluded": false
    }
  }
}