{
  "Name": "levels/xp4_earthquake/objects/ceilinglight_01_flicker",
  "PartitionGuid": "587981d9-4f7f-4280-a1da-ac45bf2e24eb",
  "PrimaryInstanceGuid": "7eb0578a-2854-4007-97b9-6d425beef7a9",
  "Instances": {
    "d09aca92-dfb9-4025-81bf-c19a4195d41f": {
      "$type": "EffectReferenceObjectData",
      "AutoStart": true,
      "BlueprintTransform": {
        "right": {
          "x": 0.0057436675,
          "y": -0.9999835,
          "z": 0.0
        },
        "up": {
          "x": 0.9999835,
          "y": 0.0057436675,
          "z": 0.0
        },
        "forward": {
          "x": 0.0,
          "y": 0.0,
          "z": 1.0
        },
        "trans": {
          "x": 0.9318145,
          "y": -1.1290667,
          "z": -0.011318684
        }
      },
      "Blueprint": {
        "PartitionGuid": "854bb495-1347-11e0-9fb0-a57ffcff10bf",
        "InstanceGuid": "452b0d36-8b26-392e-454a-f3ccb8625420"
      },
      "ObjectVariation": null,
      "StreamRealm": 0,
      "CastSunShadowEnable": true,
      "Excluded": false,
      "IndexInBlueprint": 3,
      "IsEventConnectionTarget": 3,
      "IsPropertyConnectionTarget": 3
    },
    "662d3460-22e0-4a16-84e4-bc850ec4bd11": {
      "$type": "FloatPropertyTrackData",
      "Values": [
        0.0,
        4.0,
        0.0,
        4.0,
        4.0,
        0.0,
        4.0,
        0.0,
        4.0,
        1.0,
        0.0,
        4.0,
        0.0,
        4.0,
        0.0,
        4.0,
        0.0,
        4.0,
        1.0,
        4.0,
        0.0,
        4.0,
        0.0,
        4.0,
        0.1,
        4.0,
        1.0,
        4.0,
        0.0,
        4.0,
        4.0
      ],
      "InterpolationType": 0,
      "Id": 622077060,
      "Times": [
        0,
        94,
        188,
        284,
        641,
        750,
        847,
        939,
        1026,
        1107,
        1218,
        1302,
        1402,
        1502,
        2291,
        2364,
        2454,
        2542,
        2630,
        2716,
        2792,
        3643,
        3729,
        3821,
        3917,
        3983,
        4030,
        4092,
        4313,
        4590,
        4997
      ]
    },
    "e1ae30d2-0ed8-478b-9b00-8168de58df20": {
      "$type": "ObjectVariationSwitchEntityData",
      "Variation1": {
        "PartitionGuid": "f987f61e-7d6e-11e1-a172-da312d074e66",
        "InstanceGuid": "cf5aa70b-404d-e5af-233d-79ea5561b905"
      },
      "Variation2": {
        "PartitionGuid": "43c48b44-7d61-11e1-aa1c-95475b3305cf",
        "InstanceGuid": "7541033d-45e5-1d45-cfce-4d1c0ce716a7"
      },
      "IndexInBlueprint": 5,
      "IsEventConnectionTarget": 0,
      "IsPropertyConnectionTarget": 3
    },
    "d2c74643-ede4-47aa-b168-8af9d012ba30": {
      "$type": "PointLightEntityData",
      "Width": 0.5,
      "TranslucencyAmbient": 0.0,
      "TranslucencyScale": 0.0,
      "TranslucencyPower": 8,
      "TranslucencyDistortion": 0.1,
      "Color": {
        "x": 0.537,
        "y": 0.618,
        "z": 0.782
      },
      "ParticleColorScale": {
        "x": 1.0,
        "y": 1.0,
        "z": 1.0
      },
      "EnlightenColorScale": {
        "x": 1.0,
        "y": 1.0,
        "z": 1.0
      },
      "Radius": 2.0,
      "Intensity": 2.0,
      "AttenuationOffset": 0.01,
      "EnlightenColorMode": 0,
      "EnlightenEnable": false,
      "Visible": true,
      "SpecularEnable": false,
      "Transform": {
        "right": {
          "x": -4.371139E-08,
          "y": 1.0,
          "z": -2.1096897E-22
        },
        "up": {
          "x": 4.371139E-08,
          "y": 1.9106855E-15,
          "z": 1.0
        },
        "forward": {
          "x": 1.0,
          "y": 4.371139E-08,
          "z": -4.371139E-08
        },
        "trans": {
          "x": 0.6006914,
          "y": -1.9396937,
          "z": -0.27865815
        }
      },
      "IndexInBlueprint": 2,
      "IsEventConnectionTarget": 0,
      "IsPropertyConnectionTarget": 2
    },
    "3490a731-8817-4c5c-8515-dddcaee3f03d": {
      "$type": "ReferenceObjectData",
      "BlueprintTransform": {
        "right": {
          "x": 1.0,
          "y": 0.0,
          "z": 0.0
        },
        "up": {
          "x": 0.0,
          "y": 1.0,
          "z": 0.0
        },
        "forward": {
          "x": 0.0,
          "y": 0.0,
          "z": 1.0
        },
        "trans": {
          "x": 0.9135349,
          "y": 0.0,
          "z": 0.0
        }
      },
      "Blueprint": {
        "PartitionGuid": "d2269ce1-ba5c-4eaf-b3bd-b0f8bb1d300c",
        "InstanceGuid": "afde029c-fa49-466a-b675-a336deaf98cf"
      },
      "ObjectVariation": {
        "PartitionGuid": "43c48b44-7d61-11e1-aa1c-95475b3305cf",
        "InstanceGuid": "7541033d-45e5-1d45-cfce-4d1c0ce716a7"
      },
      "StreamRealm": 0,
      "CastSunShadowEnable": false,
      "Excluded": false,
      "IndexInBlueprint": 0,
      "IsEventConnectionTarget": 3,
      "IsPropertyConnectionTarget": 0
    },
    "65c7c0a9-f302-4f92-98e2-20d6369bfd50": {
      "$type": "SequenceEntityData",
      "IsEventConnectionTarget": 2,
      "IsPropertyConnectionTarget": 3,
      "IndexInBlueprint": 1,
      "Events": [
        {
          "Event": {
            "Id": -117303631
          },
          "Time": 0
        },
        {
          "Event": {
            "Id": -1952177180
          },
          "Time": 90
        },
        {
          "Event": {
            "Id": -117303631
          },
          "Time": 178
        },
        {
          "Event": {
            "Id": -1952177180
          },
          "Time": 269
        },
        {
          "Event": {
            "Id": -1952177180
          },
          "Time": 638
        },
        {
          "Event": {
            "Id": -117303631
          },
          "Time": 759
        },
        {
          "Event": {
            "Id": -1952177180
          },
          "Time": 846
        },
        {
          "Event": {
            "Id": -117303631
          },
          "Time": 949
        },
        {
          "Event": {
            "Id": -1952177180
          },
          "Time": 1028
        },
        {
          "Event": {
            "Id": -1952177180
          },
          "Time": 1110
        },
        {
          "Event": {
            "Id": -117303631
          },
          "Time": 1218
        },
        {
          "Event": {
            "Id": -1952177180
          },
          "Time": 1309
        },
        {
          "Event": {
            "Id": -117303631
          },
          "Time": 1388
        },
        {
          "Event": {
            "Id": -1952177180
          },
          "Time": 1518
        },
        {
          "Event": {
            "Id": -117303631
          },
          "Time": 2280
        },
        {
          "Event": {
            "Id": -1952177180
          },
          "Time": 2380
        },
        {
          "Event": {
            "Id": -117303631
          },
          "Time": 2465
        },
        {
          "Event": {
            "Id": -1952177180
          },
          "Time": 2540
        },
        {
          "Event": {
            "Id": -117303631
          },
          "Time": 2631
        },
        {
          "Event": {
            "Id": -1952177180
          },
          "Time": 2713
        },
        {
          "Event": {
            "Id": -117303631
          },
          "Time": 2798
        },
        {
          "Event": {
            "Id": -1952177180
          },
          "Time": 3641
        },
        {
          "Event": {
            "Id": -117303631
          },