{
  "Name": "levels/xp4_earthquake/objects/ceilinglight_01_flicker_still",
  "PartitionGuid": "40c5d5f4-f2cd-454f-ac4f-e54b0a270378",
  "PrimaryInstanceGuid": "95ca638b-f11b-42cc-8242-2e8291b43bb5",
  "Instances": {
    "de9a6631-a7b9-4d78-8761-195b45768423": {
      "$type": "EffectReferenceObjectData",
      "AutoStart": true,
      "BlueprintTransform": {
        "right": {
          "x": 0.0057436675,
          "y": -0.9999835,
          "z": 0.0
        },
        "up": {
          "x": 0.9999835,
          "y": 0.0057436675,
          "z": 0.0
        },
        "forward": {
          "x": 0.0,
          "y": 0.0,
          "z": 1.0
        },
        "trans": {
          "x": 0.9318145,
          "y": -1.1290667,
          "z": -0.011318684
        }
      },
      "Blueprint": {
        "PartitionGuid": "854bb495-1347-11e0-9fb0-a57ffcff10bf",
        "InstanceGuid": "452b0d36-8b26-392e-454a-f3ccb8625420"
      },
      "ObjectVariation": null,
      "StreamRealm": 0,
      "CastSunShadowEnable": true,
      "Excluded": false,
      "IndexInBlueprint": 3,
      "IsEventConnectionTarget": 3,
      "IsPropertyConnectionTarget": 3
    },
    "0b493ca6-4aa9-4c0a-8b73-b0b519f54455": {
      "$type": "FloatPropertyTrackData",
      "Values": [
        0.0,
        4.0,
        0.0,
        4.0,
        4.0,
        0.0,
        4.0,
        0.0,
        4.0,
        1.0,
        0.0,
        4.0,
        0.0,
        4.0,
        0.0,
        4.0,
        0.0,
        4.0,
        1.0,
        4.0,
        0.0,
        4.0,
        0.0,
        4.0,
        0.1,
        4.0,
        1.0,
        4.0,
        0.0,
        4.0,
        4.0
      ],
      "InterpolationType": 0,
      "Id": 622077060,
      "Times": [
        0,
        94,
        188,
        284,
        641,
        750,
        847,
        939,
        1026,
        1107,
        1218,
        1302,
        1402,
        1502,
        2291,
        2364,
        2454,
        2542,
        2630,
        2716,
        2792,
        3643,
        3729,
        3821,
        3917,
        3983,
        4030,
        4092,
        4313,
        4590,
        4997
      ]
    },
    "3f5cd3fb-e1a2-4369-9c7e-2dec5e87ccee": {
      "$type": "ObjectVariationSwitchEntityData",
      "Variation1": {
        "PartitionGuid": "f987f61e-7d6e-11e1-a172-da312d074e66",
        "InstanceGuid": "cf5aa70b-404d-e5af-233d-79ea5561b905"
      },
      "Variation2": {
        "PartitionGuid": "43c48b44-7d61-11e1-aa1c-95475b3305cf",
        "InstanceGuid": "7541033d-45e5-1d45-cfce-4d1c0ce716a7"
      },
      "IndexInBlueprint": 2,
      "IsEventConnectionTarget": 0,
      "IsPropertyConnectionTarget": 3
    },
    "44ad8ee0-d945-4e8c-b863-14f4bb12d548": {
      "$type": "ReferenceObjectData",
      "BlueprintTransform": {
        "right": {
          "x": 1.0,
          "y": 0.0,
          "z": 0.0
        },
        "up": {
          "x": 0.0,
          "y": 1.0,
          "z": 0.0
        },
        "forward": {
          "x": 0.0,
          "y": 0.0,
          "z": 1.0
        },
        "trans": {
          "x": 0.9135349,
          "y": 0.0,
          "z": 0.0
        }
      },
      "Blueprint": {
        "PartitionGuid": "d2269ce1-ba5c-4eaf-b3bd-b0f8bb1d300c",
        "InstanceGuid": "afde029c-fa49-466a-b675-a336deaf98cf"
      },
      "ObjectVariation": {
        "PartitionGuid": "43c48b44-7d61-11e1-aa1c-95475b3305cf",
        "InstanceGuid": "7541033d-45e5-1d45-cfce-4d1c0ce716a7"
      },
      "StreamRealm": 0,
      "CastSunShadowEnable": false,
      "Excluded": false,
      "IndexInBlueprint": 0,
      "IsEventConnectionTarget": 3,
      "IsPropertyConnectionTarget": 0
    },
    "f487f7b9-401a-4a16-8360-6849d277c4e1": {
      "$type": "SequenceEntityData",
      "IsEventConnectionTarget": 2,
      "IsPropertyConnectionTarget": 3,
      "IndexInBlueprint": 1,
      "Events": [
        {
          "Event": {
            "Id": -117303631
          },
          "Time": 0
        },
        {
          "Event": {
            "Id": -1952177180
          },
          "Time": 90
        },
        {
          "Event": {
            "Id": -117303631
          },
          "Time": 178
        },
        {
          "Event": {
            "Id": -1952177180
          },
          "Time": 269
        },
        {
          "Event": {
            "Id": -1952177180
          },
          "Time": 638
        },
        {
          "Event": {
            "Id": -117303631
          },
          "Time": 759
        },
        {
          "Event": {
            "Id": -1952177180
          },
          "Time": 846
        },
        {
          "Event": {
            "Id": -117303631
          },
          "Time": 949
        },
        {
          "Event": {
            "Id": -1952177180
          },
          "Time": 1028
        },
        {
          "Event": {
            "Id": -1952177180
          },
          "Time": 1110
        },
        {
          "Event": {
            "Id": -117303631
          },
          "Time": 1218
        },
        {
          "Event": {
            "Id": -1952177180
          },
          "Time": 1309
        },
        {
          "Event": {
            "Id": -117303631
          },
          "Time": 1388
        },
        {
          "Event": {
            "Id": -1952177180
          },
          "Time": 1518
        },
        {
          "Event": {
            "Id": -117303631
          },
          "Time": 2280
        },
        {
          "Event": {
            "Id": -1952177180
          },
          "Time": 2380
        },
        {
          "Event": {
            "Id": -117303631
          },
          "Time": 2465
        },
        {
          "Event": {
            "Id": -1952177180
          },
          "Time": 2540
        },
        {
          "Event": {
            "Id": -117303631
          },
          "Time": 2631
        },
        {
          "Event": {
            "Id": -1952177180
          },
          "Time": 2713
        },
        {
          "Event": {
            "Id": -117303631
          },
          "Time": 2798
        },
        {
          "Event": {
            "Id": -1952177180
          },
          "Time": 3641
        },
        {
          "Event": {
            "Id": -117303631
          },
          "Time": 3729
        },
        {
          "Event": {
            "Id": -1952177180
          },
          "Time": 3829
        },
        {
          "Event": {
            "Id": -117303631
          },
          "Time": 3920
        },
        {
          "Event": {
            "Id": -1952177180
          },
          "Time": 3986
        },
        {
          "Event": {
            "Id": -117303631
          },
          "Time": 4035
        },
        {
          "Event": {
            "Id": -1952177180
          },
          "Time": 4098
        },
        {
          "Event": {
            "Id": -117303631
          },
          "Time": 4307
        },
        {
          "Event": {
            "Id": -1952177180
          },
          "Time": 4591
        }
      ],
      "SequenceStartTime": 0,
      "SequenceLength": 5000,
      "Looping": true,
      "AutoStart": true,
      "AutoPlayFirstFrame": false,
      "PlayInReverse": false,
      "Realm": 2,
      "PropertyTracks": [
        {
          "PartitionGuid": "40c5d5f4-f2cd-454f-ac4f-e54b0a270378",
          "InstanceGuid": "0b493ca6-4aa9-4c0a-8b73-b0b519f54455"
        }
      ],
      "CustomSequenceTracks": [],
      "ClientUpdatePass": 2,
      "ServerUpdatePass": 0,