{
  "Name": "levels/xp4_earthquake/objects/garageramp_01_prefab_nongroupable_autogen",
  "PartitionGuid": "9712e24b-6806-a16b-ab49-209115e09d09",
  "PrimaryInstanceGuid": "9712e24b-6806-a16b-ab49-209115e09d09",
  "Instances": {
    "66d3151c-d11c-4e46-a26a-45d8e6a0ac00": {
      "$type": "IrReverbEntityData",
      "ImpulseResponse": {
        "PartitionGuid": "5b4a30f4-4a5d-11e0-b61f-e04a5cbbb00f",
        "InstanceGuid": "93bda147-83ff-24f5-bd28-9b07c65b541a"
      },
      "Gain": -17.0,
      "Volume": 0.0,
      "FadeCurve": 1,
      "IndexInBlueprint": 5,
      "IsEventConnectionTarget": 3,
      "IsPropertyConnectionTarget": 0
    },
    "7055e9ec-0870-4e2b-9a60-f3d3595e9f0f": {
      "$type": "MixerEntityData",
      "Mixer": {
        "PartitionGuid": "fbfaca67-d145-40e7-b2e1-07b9c9660e96",
        "InstanceGuid": "63be4d2a-6830-45ee-be47-4c5d662e508c"
      },
      "ActivateOnCreation": true,
      "IndexInBlueprint": 6,
      "IsEventConnectionTarget": 3,
      "IsPropertyConnectionTarget": 0
    },
    "a80baa39-7863-4e1b-8a21-e77e5d4af12f": {
      "$type": "MixerEntityData",
      "Mixer": {
        "PartitionGuid": "25c2d8b9-c646-11df-b9ae-9ca04e55da18",
        "InstanceGuid": "e02aeb28-4fad-4746-aa5b-882f6a2bc4ee"
      },
      "ActivateOnCreation": true,
      "IndexInBlueprint": 7,
      "IsEventConnectionTarget": 3,
      "IsPropertyConnectionTarget": 0
    },
    "2f19eee2-0954-479f-9d65-3be02c076a69": {
      "$type": "OBBData",
      "Transform": {
        "right": {
          "x": 0.9999862,
          "y": 0.0009604644,
          "z": 0.0051537403
        },
        "up": {
          "x": -1.7180428E-10,
          "y": 0.9830741,
          "z": -0.18320835
        },
        "forward": {
          "x": -0.0052424697,
          "y": 0.18320574,
          "z": 0.9830606
        },
        "trans": {
          "x": 10.704367,
          "y": 1.2001517,
          "z": 28.569391
        }
      },
      "HalfExtents": {
        "x": 5.532298,
        "y": 2.22001,
        "z": 5.4499183
      },
      "IndexInBlueprint": 0,
      "IsEventConnectionTarget": 0,
      "IsPropertyConnectionTarget": 3
    },
    "9a2ffce0-16ca-4adf-a4fc-24f7ce7136fc": {
      "$type": "OBBData",
      "Transform": {
        "right": {
          "x": 0.9409291,
          "y": 0.0009604683,
          "z": 0.33860192
        },
        "up": {
          "x": 0.061145466,
          "y": 0.9830741,
          "z": -0.17270358
        },
        "forward": {
          "x": -0.33303672,
          "y": 0.18320575,
          "z": 0.92494446
        },
        "trans": {
          "x": 8.868249,
          "y": 3.1536295,
          "z": 37.79368
        }
      },
      "HalfExtents": {
        "x": 5.532298,
        "y": 2.22001,
        "z": 5.4499187
      },
      "IndexInBlueprint": 1,
      "IsEventConnectionTarget": 0,
      "IsPropertyConnectionTarget": 3
    },
    "93318d59-6f33-42ac-a90f-87363d8ae2e9": {
      "$type": "OBBData",
      "Transform": {
        "right": {
          "x": 0.7279283,
          "y": -0.008140454,
          "z": 0.68560505
        },
        "up": {
          "x": 0.13142687,
          "y": 0.9830446,
          "z": -0.12786792
        },
        "forward": {
          "x": -0.67293954,
          "y": 0.18318552,
          "z": 0.7166557
        },
        "trans": {
          "x": 2.430551,
          "y": 4.6163397,
          "z": 47.449745
        }
      },
      "HalfExtents": {
        "x": 5.327209,
        "y": 2.2200098,
        "z": 7.30926
      },
      "IndexInBlueprint": 2,
      "IsEventConnectionTarget": 0,
      "IsPropertyConnectionTarget": 3
    },
    "03397c28-06ca-434c-8d17-8cbce22e33a7": {
      "$type": "OBBData",
      "Transform": {
        "right": {
          "x": 0.010851233,
          "y": -0.025840184,
          "z": 0.9996071
        },
        "up": {
          "x": 0.115846105,
          "y": 0.9929672,
          "z": 0.024410972
        },
        "forward": {
          "x": -0.99320793,
          "y": 0.11553566,
          "z": 0.01376845
        },
        "trans": {
          "x": -6.365821,
          "y": 6.6239614,
          "z": 52.42798
        }
      },
      "HalfExtents": {
        "x": 5.532298,
        "y": 2.22001,
        "z": 5.449918
      },
      "IndexInBlueprint": 3,
      "IsEventConnectionTarget": 0,
      "IsPropertyConnectionTarget": 3
    },
    "9712e24b-6806-a16b-ab49-209115e09d09": {
      "$type": "PrefabBlueprint",
      "Objects": [
        {
          "PartitionGuid": "9712e24b-6806-a16b-ab49-209115e09d09",
          "InstanceGuid": "2f19eee2-0954-479f-9d65-3be02c076a69"
        },
        {
          "PartitionGuid": "9712e24b-6806-a16b-ab49-209115e09d09",
          "InstanceGuid": "9a2ffce0-16ca-4adf-a4fc-24f7ce7136fc"
        },
        {
          "PartitionGuid": "9712e24b-6806-a16b-ab49-209115e09d09",
          "InstanceGuid": "93318d59-6f33-42ac-a90f-87363d8ae2e9"
        },
        {
          "PartitionGuid": "9712e24b-6806-a16b-ab49-209115e09d09",
          "InstanceGuid": "03397c28-06ca-434c-8d17-8cbce22e33a7"
        },
        {
          "PartitionGuid": "9712e24b-6806-a16b-ab49-209115e09d09",
          "InstanceGuid": "deaf9ac2-9837-4c28-ada9-234d7b0b6b23"
        },
        {
          "PartitionGuid": "9712e24b-6806-a16b-ab49-209115e09d09",
          "InstanceGuid": "66d3151c-d11c-4e46-a26a-45d8e6a0ac00"
        },
        {
          "PartitionGuid": "9712e24b-6806-a16b-ab49-209115e09d09",
          "InstanceGuid": "7055e9ec-0870-4e2b-9a60-f3d3595e9f0f"
        },
        {
          "PartitionGuid": "9712e24b-6806-a16b-ab49-209115e09d09",
          "InstanceGuid": "a80baa39-7863-4e1b-8a21-e77e5d4af12f"
        }
      ],
      "EventConnections": [],
      "Descriptor": null,
      "NeedNetworkId": false,
      "InterfaceHasConnections": false,
      "AlwaysCreateEntityBusClient": false,
      "AlwaysCreateEntityBusServer": false,
      "PropertyConnections": [
        {
          "Source": {
            "PartitionGuid": "9712e24b-6806-a16b-ab49-209115e09d09",
            "InstanceGuid": "deaf9ac2-9837-4c28-ada9-234d7b0b6b23"
          },
          "Target": {
            "PartitionGuid": "9712e24b-6806-a16b-ab49-209115e09d09",
            "InstanceGuid": "66d3151c-d11c-4e46-a26a-45d8e6a0ac00"
          },
          "SourceFieldId": 258157264,
          "TargetFieldId": -1136955571
        },
        {
          "Source": {
            "PartitionGuid": "9712e24b-6806-a16b-ab49-209115e09d09",
            "InstanceGuid": "deaf9ac2-9837-4c28-ada9-234d7b0b6b23"
          },
          "Target": {
            "PartitionGuid": "9712e24b-6806-a16b-ab49-209115e09d09",
            "InstanceGuid": "7055e9ec-0870-4e2b-9a60-f3d3595e9f0f"
          },
          "SourceFieldId": 258157264,
          "TargetFieldId": 1579081631
        },
        {
          "Source": {
            "PartitionGuid": "9712e24b-6806-a16b-ab49-209115e09d09",
            "InstanceGuid": "deaf9ac2-9837-4c28-ada9-234d7b0b6b23"
          },
          "Target": {
            "PartitionGuid": "9712e24b-6806-a16b-ab49-209115e09d09",
            "InstanceGuid": "a80baa39-7863-4e1b-8a21-e77e5d4af12f"
          },
          "SourceFieldId": 258157264,
          "TargetFieldId": 1980168092
        }
      ],
      "LinkConnections": [
        {
          "Source": {
            "PartitionGuid": "9712e24b-6806-a16b-ab49-209115e09d09",
            "InstanceGuid": "deaf9ac2-9837-4c28-ada9-234d7b0b6b23"
          },
          "Target": {
            "PartitionGuid": "9712e24b-6806-a16b-ab49-209115e09d09",
            "InstanceGuid": "03397c28-06ca-434c-8d17-8cbce22e33a7"
          },
          "SourceFieldId": 838548383,