{
  "Name": "fx/ambient/warfare/bunkerbuster/emitters_closerange/em_ambwar_bunkerbuster_cr_mainparent",
  "PartitionGuid": "a70ba976-69c6-11e0-b887-f50a5d6ff6b2",
  "PrimaryInstanceGuid": "13d2206d-3304-776d-00d3-7ede8503f8c4",
  "Instances": {
    "13d2206d-3304-776d-00d3-7ede8503f8c4": {
      "$type": "EmitterTemplateData",
      "PointLightIntensity": {
        "x": 0.0,
        "y": 0.0,
        "z": 0.0,
        "w": 1.0
      },
      "PointLightPivot": {
        "x": 0.0,
        "y": 0.0,
        "z": 0.0
      },
      "PointLightColor": {
        "x": 1.0,
        "y": 1.0,
        "z": 1.0
      },
      "MaxCount": 5,
      "Name": "FX/Ambient/Warfare/BunkerBuster/Emitters_CloseRange/Em_AmbWar_BunkerBuster_CR_MainParent",
      "TimeScale": 0.5,
      "LifetimeFrameCount": 0,
      "Lifetime": 3.0,
      "RootProcessor": {
        "PartitionGuid": "a70ba976-69c6-11e0-b887-f50a5d6ff6b2",
        "InstanceGuid": "9a482cce-0cee-4f70-ae3d-5fadc1c7a8db"
      },
      "VisibleAfterDistance": 0.0,
      "ZOcclusionLookup": [
        0.12121582,
        0.12121582,
        0.12121582,
        0.12121582,
        0.12121582,
        0.12121582,
        0.12121582,
        0.12121582,
        0.12121582,
        0.12121582,
        0.12121582,
        0.12121582,
        0.12121582,
        0.12121582,
        0.12121582,
        0.12121582,
        0.12121582,
        0.12121582,
        0.12121582,
        0.12121582,
        0.12121582,
        0.12121582,
        0.12121582,
        0.12121582,
        0.12121582,
        0.12121582,
        0.12121582,
        0.12121582,
        0.12121582,
        0.12121582,
        0.12121582,
        0.12121582,
        0.12121582
      ],
      "EmittableType": "ScreenAlignedQuad",
      "Mesh": null,
      "DistanceScaleNearValue": 1.0,
      "PointLightRadius": 20.0,
      "VertexPixelLightingBlendFactor": 0.0,
      "GlobalLocalNormalBlendFactor": 1.0,
      "SoftParticlesFadeDistanceMultiplier": 0.0,
      "LightWrapAroundFactor": 0.0,
      "LightMultiplier": 0.0,
      "DistanceScaleFarValue": 1.0,
      "PointLightRandomIntensityMin": 1.0,
      "MeshCullingDistance": 0.0,
      "PointLightRandomIntensityMax": 1.0,
      "MaxSpawnDistance": 0.0,
      "MinScreenArea": 1.0,
      "DistanceScaleLength": 0.0,
      "PointLightMaxClamp": 1.0,
      "ParticleCullingFactor": 0.8,
      "PointLightMinClamp": 0.0,
      "FollowSpawnSource": false,
      "RepeatParticleSpawning": false,
      "Emissive": false,
      "ExclusionVolumeCullEnable": false,
      "TransparencySunShadowEnable": false,
      "ForceFullRes": false,
      "LocalSpace": false,
      "Opaque": true,
      "ActAsPointLight": false,
      "KillParticlesWithEmitter": false,
      "ForceNiceSorting": false
    },
    "15005ded-71ba-4760-966f-bc774db139ba": {
      "$type": "SpawnRateData",
      "DefaultValues": {
        "x": 1.0,
        "y": 1.0,
        "z": 1.0,
        "w": 1.0
      },
      "NextProcessor": {
        "PartitionGuid": "a70ba976-69c6-11e0-b887-f50a5d6ff6b2",
        "InstanceGuid": "a2da1505-f548-4a39-a17c-9b3f10115feb"
      },
      "Pre": null,
      "EvaluatorInput": "EfOne",
      "Enable": true,
      "SpawnRate": 1.5,
      "TrailSegmentLength": 5.0,
      "DistributeOverTime": true,
      "DistributeOverDistance": false
    },
    "2207232a-51d9-4fbc-93cc-cb85db779b78": {
      "$type": "SpawnSpeedData",
      "DefaultValues": {
        "x": 1.0,
        "y": 1.0,
        "z": 1.0,
        "w": 1.0
      },
      "NextProcessor": {
        "PartitionGuid": "a70ba976-69c6-11e0-b887-f50a5d6ff6b2",
        "InstanceGuid": "431578d6-9408-4b5c-a649-9bdc4cf81f79"
      },
      "Pre": {
        "PartitionGuid": "a70ba976-69c6-11e0-b887-f50a5d6ff6b2",
        "InstanceGuid": "35230640-771c-42d1-ba4a-9d37d006b99d"
      },
      "EvaluatorInput": "EfEmitterNormTime",
      "Enable": true,
      "Speed": 30.0
    },
    "35230640-771c-42d1-ba4a-9d37d006b99d": {
      "$type": "PolynomialData",
      "EmitterParameter": "EmitterParameterNone",
      "Coefficients": {
        "x": 0.0,
        "y": 0.0,
        "z": -1.9603952,
        "w": 1.1910393
      },
      "ScaleValue": 1.0,
      "MinClamp": 0.3,
      "MaxClamp": 1.0
    },
    "377c3266-bde6-4b80-aeee-a59d567600c5": {
      "$type": "RotateVectorData",
      "EmitterParameter": "EmitterParameterNone",
      "Angle": 10.0,
      "RotateWithinPlane": false,
      "InputAffectsPhi": true
    },
    "431578d6-9408-4b5c-a649-9bdc4cf81f79": {
      "$type": "SpawnSizeData",
      "DefaultValues": {
        "x": 1.0,
        "y": 1.0,
        "z": 1.0,
        "w": 1.0
      },
      "NextProcessor": {
        "PartitionGuid": "a70ba976-69c6-11e0-b887-f50a5d6ff6b2",
        "InstanceGuid": "4ed87493-90b9-4fe8-bc70-bac32ef50c93"
      },
      "Pre": null,
      "EvaluatorInput": "EfOne",
      "Enable": true,
      "Size": 0.001
    },
    "4ed87493-90b9-4fe8-bc70-bac32ef50c93": {
      "$type": "AirResistanceData",
      "DefaultValues": {
        "x": 1.0,
        "y": 1.0,
        "z": 1.0,
        "w": 1.0
      },
      "NextProcessor": {
        "PartitionGuid": "a70ba976-69c6-11e0-b887-f50a5d6ff6b2",
        "InstanceGuid": "ac15b496-81f3-461a-957b-865487461719"
      },
      "Pre": {
        "PartitionGuid": "a70ba976-69c6-11e0-b887-f50a5d6ff6b2",
        "InstanceGuid": "c8f36589-7455-4234-a043-0b0e2089b5e4"
      },
      "EvaluatorInput": "EfEmitterNormTime",
      "Enable": true,
      "DragFactor": 1.0
    },
    "60011801-9c75-a904-4342-47e1dc829e69": {
      "$type": "UpdateTransparencyData",
      "DefaultValues": {
        "x": 1.0,
        "y": 1.0,
        "z": 1.0,
        "w": 1.0
      },
      "NextProcessor": {
        "PartitionGuid": "a70ba976-69c6-11e0-b887-f50a5d6ff6b2",
        "InstanceGuid": "a6dabad5-c74f-2fff-782b-5ebe846d17a8"
      },
      "Pre": null,
      "EvaluatorInput": "EfNormTime",
      "Enable": true,
      "CullThreshold": 0.2
    },
    "65dedc4c-4636-cf03-0f68-0ed4b119d582": {
      "$type": "UpdateLinearVelocityData",
      "DefaultValues": {
        "x": 1.0,
        "y": 1.0,
        "z": 1.0,
        "w": 1.0
      },
      "NextProcessor": null,
      "Pre": null,
      "EvaluatorInput": "EfNormTime",
      "Enable": true
    },
    "7fe4c2c4-acca-4613-af32-7c7ec9dfd69c": {
      "$type": "LocalForceData",
      "DefaultValues": {
        "x": 1.0,
        "y": 1.0,
        "z": 1.0,
        "w": 1.0
      },
      "NextProcessor": {
        "PartitionGuid": "a70ba976-69c6-11e0-b887-f50a5d6ff6b2",
        "InstanceGuid": "e4a3ab31-8c23-d607-c6f6-7aeb9416144b"
      },
      "Pre": null,
      "EvaluatorInput": "EfNormTime",
      "Enable": true,
      "LocalForce": {
        "x": 0.5,
        "y": 0.0,
        "z": 0.0
      }
    },
    "8eb45604-d593-4894-9b40-e70970c6b255": {
      "$type": "EmitterData",
      "DefaultValues": {
        "x": 1.0,
        "y": 1.0,
        "z": 1.0,
        "w": 1.0
      },
      "NextProcessor": {
        "PartitionGuid": "a70ba976-69c6-11e0-b887-f50a5d6ff6b2",
        "InstanceGuid": "7fe4c2c4-acca-4613-af32-7c7ec9dfd69c"
      },
      "Pre": null,
      "EvaluatorInput": "EfNormTime",
      "Enable": true,
      "EmitterAssets": [
        {
          "PartitionGuid": "0ea0e69c-69c7-11e0-b887-f50a5d6ff6b2",
          "InstanceGuid": "ba5a76b9-a383-4e16-171a-29de7d7368ad"
        }
      ]
    },
    "9a482cce-0cee-4f70-ae3d-5fadc1c7a8db": {
      "$type": "UpdateAgeData",
      "DefaultValues": {
        "x": 1.0,
        "y": 1.0,
        "z": 1.0,
        "w": 1.0
      },
      "NextProcessor": {
        "PartitionGuid": "a70ba976-69c6-11e0-b887-f50a5d6ff6b2",