{
  "Name": "levels/sp_villa/halo_backdrop/layer0_halo_backdrop_art",
  "PartitionGuid": "a849fe7c-56e2-4dc9-a000-e27d3b9b0cfd",
  "PrimaryInstanceGuid": "80b28fdc-b38b-4c51-9578-bfb3cfb21cc1",
  "Instances": {
    "11b2ff44-80e9-427a-a162-3506e15f7c47": {
      "$type": "ReferenceObjectData",
      "IndexInBlueprint": 2,
      "IsEventConnectionTarget": 3,
      "IsPropertyConnectionTarget": 3,
      "BlueprintTransform": {
        "right": {
          "x": -3.0,
          "y": 2.6226834E-07,
          "z": -2.2107568E-14
        },
        "up": {
          "x": 2.6226837E-07,
          "y": 3.0,
          "z": -2.528811E-07
        },
        "forward": {
          "x": -6.360892E-21,
          "y": -2.528811E-07,
          "z": -3.0
        },
        "trans": {
          "x": 695.1769,
          "y": 1461.5298,
          "z": 267.07785
        }
      },
      "Blueprint": {
        "PartitionGuid": "7fdba18c-33a9-11e0-aa43-b920a9e91532",
        "InstanceGuid": "d394e85d-d797-d065-4075-b5334b4e3f16"
      },
      "ObjectVariation": null,
      "StreamRealm": 0,
      "CastSunShadowEnable": true,
      "Excluded": false
    },
    "4db99d19-5443-41d0-983e-607aa745d279": {
      "$type": "ReferenceObjectData",
      "IndexInBlueprint": 3,
      "IsEventConnectionTarget": 3,
      "IsPropertyConnectionTarget": 3,
      "BlueprintTransform": {
        "right": {
          "x": 0.9999998,
          "y": 8.742275E-08,
          "z": 4.214688E-08
        },
        "up": {
          "x": 8.742276E-08,
          "y": -0.9999999,
          "z": -8.742278E-08
        },
        "forward": {
          "x": 4.214687E-08,
          "y": 8.742276E-08,
          "z": -0.9999998
        },
        "trans": {
          "x": 695.1775,
          "y": 4977.2773,
          "z": -297.64844
        }
      },
      "Blueprint": {
        "PartitionGuid": "7fdba18c-33a9-11e0-aa43-b920a9e91532",
        "InstanceGuid": "d394e85d-d797-d065-4075-b5334b4e3f16"
      },
      "ObjectVariation": {
        "PartitionGuid": "fa30c0df-7bdb-11e0-bd19-954562a2d263",
        "InstanceGuid": "8a52d964-d04e-c91d-5f33-8e32be6db2c9"
      },
      "StreamRealm": 0,
      "CastSunShadowEnable": true,
      "Excluded": false
    },
    "80b28fdc-b38b-4c51-9578-bfb3cfb21cc1": {
      "$type": "WorldPartData",
      "Name": "Levels/SP_Villa/Halo_Backdrop_Art",
      "PropertyConnections": [],
      "LinkConnections": [],
      "EventConnections": [],
      "Descriptor": null,
      "NeedNetworkId": false,
      "InterfaceHasConnections": false,
      "AlwaysCreateEntityBusClient": false,
      "AlwaysCreateEntityBusServer": false,
      "Objects": [
        {
          "PartitionGuid": "a849fe7c-56e2-4dc9-a000-e27d3b9b0cfd",
          "InstanceGuid": "11b2ff44-80e9-427a-a162-3506e15f7c47"
        },
        {
          "PartitionGuid": "a849fe7c-56e2-4dc9-a000-e27d3b9b0cfd",
          "InstanceGuid": "4db99d19-5443-41d0-983e-607aa745d279"
        }
      ],
      "HackToSolveRealTimeTweakingIssue": "4bafc4e1-e3bc-cd81-c4bb-52cab08d5c4d",
      "UseDeferredEntityCreation": false,
      "Enabled": true
    }
  }
}