{
  "Name": "levels/sp_villa/poolhouse/layer5_poolhouse_areas",
  "PartitionGuid": "cc8389f7-965e-48d1-a35a-5421666d44fc",
  "PrimaryInstanceGuid": "84b7468a-7739-4aa0-b656-592dbbf8f9f8",
  "Instances": {
    "5898afe4-df40-4b88-b5df-160b9502c8b5": {
      "$type": "OBBData",
      "IndexInBlueprint": 222,
      "IsEventConnectionTarget": 1,
      "IsPropertyConnectionTarget": 3,
      "Transform": {
        "right": {
          "x": 0.930215,
          "y": 0.0,
          "z": -0.36701533
        },
        "up": {
          "x": 0.0,
          "y": 1.0,
          "z": 0.0
        },
        "forward": {
          "x": 0.36701524,
          "y": 0.0,
          "z": 0.93021494
        },
        "trans": {
          "x": -255.73215,
          "y": 274.91043,
          "z": -190.61745
        }
      },
      "HalfExtents": {
        "x": 22.57262,
        "y": 3.3849976,
        "z": 1.0
      }
    },
    "5fadb6f1-bf0d-44eb-af10-a0689601729a": {
      "$type": "OBBData",
      "IndexInBlueprint": 225,
      "IsEventConnectionTarget": 1,
      "IsPropertyConnectionTarget": 3,
      "Transform": {
        "right": {
          "x": 0.90428555,
          "y": 0.0,
          "z": -0.42692828
        },
        "up": {
          "x": 0.0,
          "y": 1.0,
          "z": 0.0
        },
        "forward": {
          "x": 0.42692813,
          "y": 0.0,
          "z": 0.90428555
        },
        "trans": {
          "x": -260.65863,
          "y": 274.67606,
          "z": -199.67555
        }
      },
      "HalfExtents": {
        "x": 26.197447,
        "y": 3.72015,
        "z": 0.99999994
      }
    },
    "800e606e-f94d-4b29-8b3c-9f3c339fa6f3": {
      "$type": "OBBData",
      "IndexInBlueprint": 223,
      "IsEventConnectionTarget": 1,
      "IsPropertyConnectionTarget": 3,
      "Transform": {
        "right": {
          "x": 0.7071068,
          "y": 0.0,
          "z": -0.7071068
        },
        "up": {
          "x": 0.0,
          "y": 1.0,
          "z": 0.0
        },
        "forward": {
          "x": 0.7071068,
          "y": 0.0,
          "z": 0.7071068
        },
        "trans": {
          "x": -279.97562,
          "y": 278.10614,
          "z": -215.40408
        }
      },
      "HalfExtents": {
        "x": 8.652279,
        "y": 1.0,
        "z": 2.9067755
      }
    },
    "84b7468a-7739-4aa0-b656-592dbbf8f9f8": {
      "$type": "WorldPartData",
      "Name": "Levels/SP_Villa/PoolHouse_Areas",
      "PropertyConnections": [],
      "LinkConnections": [],
      "EventConnections": [],
      "Descriptor": null,
      "NeedNetworkId": false,
      "InterfaceHasConnections": false,
      "AlwaysCreateEntityBusClient": false,
      "AlwaysCreateEntityBusServer": false,
      "Objects": [
        {
          "PartitionGuid": "cc8389f7-965e-48d1-a35a-5421666d44fc",
          "InstanceGuid": "d261bb9d-e7f9-4548-928a-ee4760259633"
        },
        {
          "PartitionGuid": "cc8389f7-965e-48d1-a35a-5421666d44fc",
          "InstanceGuid": "dde0f30d-9425-4601-99cc-1d04fbd204cc"
        },
        {
          "PartitionGuid": "cc8389f7-965e-48d1-a35a-5421666d44fc",
          "InstanceGuid": "5898afe4-df40-4b88-b5df-160b9502c8b5"
        },
        {
          "PartitionGuid": "cc8389f7-965e-48d1-a35a-5421666d44fc",
          "InstanceGuid": "800e606e-f94d-4b29-8b3c-9f3c339fa6f3"
        },
        {
          "PartitionGuid": "cc8389f7-965e-48d1-a35a-5421666d44fc",
          "InstanceGuid": "c4aa17e4-c845-45b7-a007-f27fc167f88f"
        },
        {
          "PartitionGuid": "cc8389f7-965e-48d1-a35a-5421666d44fc",
          "InstanceGuid": "5fadb6f1-bf0d-44eb-af10-a0689601729a"
        },
        {
          "PartitionGuid": "cc8389f7-965e-48d1-a35a-5421666d44fc",
          "InstanceGuid": "be4c8a25-d965-49f0-8132-88d5718f9064"
        }
      ],
      "HackToSolveRealTimeTweakingIssue": "e129e118-19e7-9a44-9238-eac5ddfd5fe1",
      "UseDeferredEntityCreation": false,
      "Enabled": true
    },
    "be4c8a25-d965-49f0-8132-88d5718f9064": {
      "$type": "OBBData",
      "IndexInBlueprint": 226,
      "IsEventConnectionTarget": 1,
      "IsPropertyConnectionTarget": 3,
      "Transform": {
        "right": {
          "x": 1.0,
          "y": 0.0,
          "z": 0.0
        },
        "up": {
          "x": 0.0,
          "y": 1.0,
          "z": 0.0
        },
        "forward": {
          "x": 0.0,
          "y": 0.0,
          "z": 1.0
        },
        "trans": {
          "x": -241.61768,
          "y": 271.22018,
          "z": -153.83629
        }
      },
      "HalfExtents": {
        "x": 1.0,
        "y": 2.3653295,
        "z": 2.0429995
      }
    },
    "c4aa17e4-c845-45b7-a007-f27fc167f88f": {
      "$type": "OBBData",
      "IndexInBlueprint": 224,
      "IsEventConnectionTarget": 1,
      "IsPropertyConnectionTarget": 3,
      "Transform": {
        "right": {
          "x": 0.7071068,
          "y": 0.0,
          "z": -0.7071068
        },
        "up": {
          "x": 0.0,
          "y": 1.0,
          "z": 0.0
        },
        "forward": {
          "x": 0.7071068,
          "y": 0.0,
          "z": 0.7071068
        },
        "trans": {
          "x": -283.979,
          "y": 282.64362,
          "z": -224.5152
        }
      },
      "HalfExtents": {
        "x": 11.503237,
        "y": 1.0,
        "z": 2.4270768
      }
    },
    "d261bb9d-e7f9-4548-928a-ee4760259633": {
      "$type": "OBBData",
      "IndexInBlueprint": 220,
      "IsEventConnectionTarget": 1,
      "IsPropertyConnectionTarget": 3,
      "Transform": {
        "right": {
          "x": 1.0,
          "y": 0.0,
          "z": 0.0
        },
        "up": {
          "x": 0.0,
          "y": 1.0,
          "z": 0.0
        },
        "forward": {
          "x": 0.0,
          "y": 0.0,
          "z": 1.0
        },
        "trans": {
          "x": -227.92906,
          "y": 275.9032,
          "z": -152.45348
        }
      },
      "HalfExtents": {
        "x": 1.2741114,
        "y": 2.4599,
        "z": 1.0
      }
    },
    "dde0f30d-9425-4601-99cc-1d04fbd204cc": {
      "$type": "OBBData",
      "IndexInBlueprint": 221,
      "IsEventConnectionTarget": 1,
      "IsPropertyConnectionTarget": 3,
      "Transform": {
        "right": {
          "x": 0.70387226,
          "y": 0.0,
          "z": -0.7103267
        },
        "up": {
          "x": 0.0,
          "y": 1.0,
          "z": 0.0
        },
        "forward": {
          "x": 0.7103268,
          "y": 0.0,
          "z": 0.703872
        },
        "trans": {
          "x": -268.56766,
          "y": 274.6771,
          "z": -214.15837
        }
      },
      "HalfExtents": {
        "x": 26.197449,
        "y": 3.7201607,
        "z": 1.0
      }
    }
  }
}