{
  "Name": "levels/sp_villa/sp_villa/layer7_streaming",
  "PartitionGuid": "4d1386b9-9e0b-466e-b490-9938496f0d42",
  "PrimaryInstanceGuid": "4e54157d-2433-4373-bf48-ac5b7e7f78fd",
  "Instances": {
    "ce5dc45c-1efa-457d-a577-daa514655f3b": {
      "$type": "OBBData",
      "Transform": {
        "right": {
          "x": 1.0,
          "y": 0.0,
          "z": 0.0
        },
        "up": {
          "x": 0.0,
          "y": 1.0,
          "z": 0.0
        },
        "forward": {
          "x": 0.0,
          "y": 0.0,
          "z": 1.0
        },
        "trans": {
          "x": -245.48097,
          "y": 272.47955,
          "z": -143.0461
        }
      },
      "HalfExtents": {
        "x": 1.1019146,
        "y": 1.518409,
        "z": 0.6645292
      },
      "IndexInBlueprint": 293,
      "IsEventConnectionTarget": 1,
      "IsPropertyConnectionTarget": 3
    },
    "4a9e0cee-dd66-4933-98db-99b9ea754a04": {
      "$type": "OBBData",
      "Transform": {
        "right": {
          "x": 0.7071068,
          "y": 0.0,
          "z": 0.7071068
        },
        "up": {
          "x": 0.0,
          "y": 1.0,
          "z": 0.0
        },
        "forward": {
          "x": -0.7071068,
          "y": 0.0,
          "z": 0.7071068
        },
        "trans": {
          "x": -280.86688,
          "y": 273.467,
          "z": -359.07034
        }
      },
      "HalfExtents": {
        "x": 2.511032,
        "y": 3.1867692,
        "z": 0.9999994
      },
      "IndexInBlueprint": 294,
      "IsEventConnectionTarget": 1,
      "IsPropertyConnectionTarget": 3
    },
    "7d449868-2e67-413e-8e74-590a77d37b7a": {
      "$type": "OBBData",
      "Transform": {
        "right": {
          "x": 1.0,
          "y": 0.0,
          "z": 0.0
        },
        "up": {
          "x": 0.0,
          "y": 1.0,
          "z": 0.0
        },
        "forward": {
          "x": 0.0,
          "y": 0.0,
          "z": 1.0
        },
        "trans": {
          "x": -222.64012,
          "y": 278.74014,
          "z": -444.23117
        }
      },
      "HalfExtents": {
        "x": 1.0,
        "y": 2.0580869,
        "z": 3.045569
      },
      "IndexInBlueprint": 295,
      "IsEventConnectionTarget": 1,
      "IsPropertyConnectionTarget": 3
    },
    "4f93bc6f-e4ab-4964-9736-c81123e383df": {
      "$type": "OBBData",
      "Transform": {
        "right": {
          "x": 0.7071068,
          "y": 0.0,
          "z": 0.7071068
        },
        "up": {
          "x": 0.0,
          "y": 1.0,
          "z": 0.0
        },
        "forward": {
          "x": -0.7071068,
          "y": 0.0,
          "z": 0.7071068
        },
        "trans": {
          "x": -272.17413,
          "y": 275.03546,
          "z": -220.85329
        }
      },
      "HalfExtents": {
        "x": 0.9999998,
        "y": 5.777461,
        "z": 27.201366
      },
      "IndexInBlueprint": 296,
      "IsEventConnectionTarget": 1,
      "IsPropertyConnectionTarget": 3
    },
    "d45d672a-36c7-4064-bc33-f73a8c5bb797": {
      "$type": "OBBData",
      "Transform": {
        "right": {
          "x": 0.7071068,
          "y": 0.0,
          "z": 0.7071068
        },
        "up": {
          "x": 0.0,
          "y": 1.0,
          "z": 0.0
        },
        "forward": {
          "x": -0.7071068,
          "y": 0.0,
          "z": 0.7071068
        },
        "trans": {
          "x": -314.71503,
          "y": 277.62,
          "z": -273.1409
        }
      },
      "HalfExtents": {
        "x": 0.9999998,
        "y": 3.0741208,
        "z": 2.8249543
      },
      "IndexInBlueprint": 297,
      "IsEventConnectionTarget": 1,
      "IsPropertyConnectionTarget": 3
    },
    "7c37a7dd-cff4-40a8-a2b3-735a6f5c82a1": {
      "$type": "OBBData",
      "Transform": {
        "right": {
          "x": 0.7071068,
          "y": 0.0,
          "z": 0.7071068
        },
        "up": {
          "x": 0.0,
          "y": 1.0,
          "z": 0.0
        },
        "forward": {
          "x": -0.7071068,
          "y": 0.0,
          "z": 0.7071068
        },
        "trans": {
          "x": -288.1291,
          "y": 282.10007,
          "z": -332.80518
        }
      },
      "HalfExtents": {
        "x": 2.6490052,
        "y": 3.2616644,
        "z": 0.9999999
      },
      "IndexInBlueprint": 298,
      "IsEventConnectionTarget": 1,
      "IsPropertyConnectionTarget": 3
    },
    "9238c7ab-02ef-4c5d-8cfd-51d4b7f83cbc": {
      "$type": "OBBData",
      "Transform": {
        "right": {
          "x": 0.5640261,
          "y": 0.0,
          "z": 0.82575697
        },
        "up": {
          "x": 0.0,
          "y": 1.0,
          "z": 0.0
        },
        "forward": {
          "x": -0.82575685,
          "y": 0.0,
          "z": 0.56402624
        },
        "trans": {
          "x": 591.1239,
          "y": 382.35794,
          "z": 55.942146
        }
      },
      "HalfExtents": {
        "x": 2.0,
        "y": 5.0,
        "z": 7.981995
      },
      "IndexInBlueprint": 299,
      "IsEventConnectionTarget": 1,
      "IsPropertyConnectionTarget": 3
    },
    "4e54157d-2433-4373-bf48-ac5b7e7f78fd": {
      "$type": "WorldPartData",
      "Name": "Levels/SP_Villa/Streaming",
      "PropertyConnections": [],
      "LinkConnections": [],
      "EventConnections": [],
      "Descriptor": null,
      "NeedNetworkId": false,
      "InterfaceHasConnections": false,
      "AlwaysCreateEntityBusClient": false,
      "AlwaysCreateEntityBusServer": false,
      "Objects": [
        {
          "PartitionGuid": "4d1386b9-9e0b-466e-b490-9938496f0d42",
          "InstanceGuid": "ce5dc45c-1efa-457d-a577-daa514655f3b"
        },
        {
          "PartitionGuid": "4d1386b9-9e0b-466e-b490-9938496f0d42",
          "InstanceGuid": "4a9e0cee-dd66-4933-98db-99b9ea754a04"
        },
        {
          "PartitionGuid": "4d1386b9-9e0b-466e-b490-9938496f0d42",
          "InstanceGuid": "7d449868-2e67-413e-8e74-590a77d37b7a"
        },
        {
          "PartitionGuid": "4d1386b9-9e0b-466e-b490-9938496f0d42",
          "InstanceGuid": "4f93bc6f-e4ab-4964-9736-c81123e383df"
        },
        {
          "PartitionGuid": "4d1386b9-9e0b-466e-b490-9938496f0d42",
          "InstanceGuid": "d45d672a-36c7-4064-bc33-f73a8c5bb797"
        },
        {
          "PartitionGuid": "4d1386b9-9e0b-466e-b490-9938496f0d42",
          "InstanceGuid": "7c37a7dd-cff4-40a8-a2b3-735a6f5c82a1"
        },
        {
          "PartitionGuid": "4d1386b9-9e0b-466e-b490-9938496f0d42",
          "InstanceGuid": "9238c7ab-02ef-4c5d-8cfd-51d4b7f83cbc"
        }
      ],
      "Enabled": true,
      "UseDeferredEntityCreation": false,
      "HackToSolveRealTimeTweakingIssue": "00000000-0000-0000-0000-000000000000"
    }
  }
}