{
  "Name": "levels/sp_villa/villa_pc/layer0_villa_pc_art",
  "PartitionGuid": "6b7dce1f-62dd-4e15-b920-0108578b1ddc",
  "PrimaryInstanceGuid": "cf5c79a8-666c-4570-88bf-c66d6e05718e",
  "Instances": {
    "d566b297-eb9c-436e-8237-e185dc6c29f7": {
      "$type": "ReferenceObjectData",
      "BlueprintTransform": {
        "right": {
          "x": -0.7281055,
          "y": 0.0,
          "z": -0.33145514
        },
        "up": {
          "x": 0.0,
          "y": 0.8,
          "z": 0.0
        },
        "forward": {
          "x": 0.33145514,
          "y": 0.0,
          "z": -0.7281055
        },
        "trans": {
          "x": -347.3417,
          "y": 259.1167,
          "z": -252.91364
        }
      },
      "Blueprint": {
        "PartitionGuid": "c31b92c3-a2fa-4218-ab98-fbebefef4062",
        "InstanceGuid": "537f6314-5097-4657-9540-720c43773fcf"
      },
      "ObjectVariation": {
        "PartitionGuid": "a09ccf29-d41a-11e0-8163-ad8ad7608ae6",
        "InstanceGuid": "f5176069-a50a-d3e1-3831-1f9e977a70f4"
      },
      "StreamRealm": 0,
      "CastSunShadowEnable": true,
      "Excluded": false,
      "IndexInBlueprint": 2,
      "IsEventConnectionTarget": 3,
      "IsPropertyConnectionTarget": 3
    },
    "9b5b654c-5702-43cb-8eb6-dbc94afe2e99": {
      "$type": "ReferenceObjectData",
      "BlueprintTransform": {
        "right": {
          "x": 0.17231594,
          "y": 0.0,
          "z": 0.7812216
        },
        "up": {
          "x": 0.0,
          "y": 0.8,
          "z": 0.0
        },
        "forward": {
          "x": -0.7812216,
          "y": 0.0,
          "z": 0.17231594
        },
        "trans": {
          "x": -346.374,
          "y": 256.41556,
          "z": -299.0118
        }
      },
      "Blueprint": {
        "PartitionGuid": "c31b92c3-a2fa-4218-ab98-fbebefef4062",
        "InstanceGuid": "537f6314-5097-4657-9540-720c43773fcf"
      },
      "ObjectVariation": {
        "PartitionGuid": "a09ccf29-d41a-11e0-8163-ad8ad7608ae6",
        "InstanceGuid": "f5176069-a50a-d3e1-3831-1f9e977a70f4"
      },
      "StreamRealm": 0,
      "CastSunShadowEnable": true,
      "Excluded": false,
      "IndexInBlueprint": 3,
      "IsEventConnectionTarget": 3,
      "IsPropertyConnectionTarget": 3
    },
    "1c0411bd-02c9-40ec-a698-800fb1fefdf8": {
      "$type": "ReferenceObjectData",
      "BlueprintTransform": {
        "right": {
          "x": -0.80215424,
          "y": 0.0,
          "z": 0.59711695
        },
        "up": {
          "x": 0.0,
          "y": 1.0,
          "z": 0.0
        },
        "forward": {
          "x": -0.59711695,
          "y": 0.0,
          "z": -0.80215424
        },
        "trans": {
          "x": -347.61798,
          "y": 256.33884,
          "z": -275.60333
        }
      },
      "Blueprint": {
        "PartitionGuid": "c31b92c3-a2fa-4218-ab98-fbebefef4062",
        "InstanceGuid": "537f6314-5097-4657-9540-720c43773fcf"
      },
      "ObjectVariation": {
        "PartitionGuid": "a09ccf29-d41a-11e0-8163-ad8ad7608ae6",
        "InstanceGuid": "f5176069-a50a-d3e1-3831-1f9e977a70f4"
      },
      "StreamRealm": 0,
      "CastSunShadowEnable": true,
      "Excluded": false,
      "IndexInBlueprint": 4,
      "IsEventConnectionTarget": 3,
      "IsPropertyConnectionTarget": 3
    },
    "cf5c79a8-666c-4570-88bf-c66d6e05718e": {
      "$type": "WorldPartData",
      "Name": "Levels/SP_Villa/Villa_PC_Art",
      "PropertyConnections": [],
      "LinkConnections": [],
      "EventConnections": [],
      "Descriptor": null,
      "NeedNetworkId": false,
      "InterfaceHasConnections": false,
      "AlwaysCreateEntityBusClient": false,
      "AlwaysCreateEntityBusServer": false,
      "Objects": [
        {
          "PartitionGuid": "6b7dce1f-62dd-4e15-b920-0108578b1ddc",
          "InstanceGuid": "d566b297-eb9c-436e-8237-e185dc6c29f7"
        },
        {
          "PartitionGuid": "6b7dce1f-62dd-4e15-b920-0108578b1ddc",
          "InstanceGuid": "9b5b654c-5702-43cb-8eb6-dbc94afe2e99"
        },
        {
          "PartitionGuid": "6b7dce1f-62dd-4e15-b920-0108578b1ddc",
          "InstanceGuid": "1c0411bd-02c9-40ec-a698-800fb1fefdf8"
        }
      ],
      "Enabled": true,
      "UseDeferredEntityCreation": false,
      "HackToSolveRealTimeTweakingIssue": "b65133bd-cb2d-f6af-b2a9-81cda7888d6c"
    }
  }
}