{
  "Name": "levels/sp_earthquake/parkinglot/layer1_parkinglotlighting",
  "PartitionGuid": "d2115566-cf61-41a7-b65f-470c0648f059",
  "PrimaryInstanceGuid": "dce6299f-1779-475d-8b50-8c7bfb62b022",
  "Instances": {
    "02e36b46-8af0-420f-893f-ad817f70d438": {
      "$type": "LightProbeVolumeData",
      "IndexInBlueprint": 111,
      "IsEventConnectionTarget": 3,
      "IsPropertyConnectionTarget": 3,
      "Transform": {
        "right": {
          "x": 1.910685E-15,
          "y": 8.742275E-08,
          "z": -1.0
        },
        "up": {
          "x": -1.0,
          "y": 4.37114E-08,
          "z": 1.9106855E-15
        },
        "forward": {
          "x": 4.37114E-08,
          "y": 1.0,
          "z": 8.742275E-08
        },
        "trans": {
          "x": -456.16583,
          "y": 91.68003,
          "z": -2040.5787
        }
      },
      "Xres": 5,
      "Yres": 1,
      "Zres": 2,
      "BlendDistance": 0.1,
      "Priority": 500
    },
    "03ba8743-dad6-4158-a7a1-e9c17c7e8a7d": {
      "$type": "LightProbeVolumeData",
      "IndexInBlueprint": 116,
      "IsEventConnectionTarget": 3,
      "IsPropertyConnectionTarget": 3,
      "Transform": {
        "right": {
          "x": -8.742282E-08,
          "y": 8.742279E-08,
          "z": 1.0
        },
        "up": {
          "x": 1.0,
          "y": 4.371142E-08,
          "z": 8.742281E-08
        },
        "forward": {
          "x": -4.3711413E-08,
          "y": 1.0,
          "z": -8.74228E-08
        },
        "trans": {
          "x": -495.49738,
          "y": 82.60173,
          "z": -2062.3582
        }
      },
      "Xres": 2,
      "Yres": 2,
      "Zres": 2,
      "BlendDistance": 1.0,
      "Priority": 500
    },
    "0ce4c26e-13a7-4c27-bd65-19b919126713": {
      "$type": "LightProbeVolumeData",
      "IndexInBlueprint": 110,
      "IsEventConnectionTarget": 3,
      "IsPropertyConnectionTarget": 3,
      "Transform": {
        "right": {
          "x": 1.9106838E-15,
          "y": 8.742275E-08,
          "z": -1.0
        },
        "up": {
          "x": -1.0,
          "y": 4.371139E-08,
          "z": 1.9106859E-15
        },
        "forward": {
          "x": 4.371139E-08,
          "y": 1.0,
          "z": 8.742275E-08
        },
        "trans": {
          "x": -450.71143,
          "y": 91.68003,
          "z": -2040.5787
        }
      },
      "Xres": 5,
      "Yres": 3,
      "Zres": 2,
      "BlendDistance": 0.0,
      "Priority": 500
    },
    "10a73b6a-23f7-4717-9de6-487876c6764f": {
      "$type": "LightProbeVolumeData",
      "IndexInBlueprint": 117,
      "IsEventConnectionTarget": 3,
      "IsPropertyConnectionTarget": 3,
      "Transform": {
        "right": {
          "x": -1.0,
          "y": 8.742282E-08,
          "z": -1.3113424E-07
        },
        "up": {
          "x": -1.3113424E-07,
          "y": 4.3711402E-08,
          "z": 1.0
        },
        "forward": {
          "x": 8.7422826E-08,
          "y": 1.0,
          "z": -4.3711392E-08
        },
        "trans": {
          "x": -498.01575,
          "y": 82.0809,
          "z": -2054.7734
        }
      },
      "Xres": 1,
      "Yres": 2,
      "Zres": 2,
      "BlendDistance": 1.0,
      "Priority": 500
    },
    "2be4797f-21e7-4bb1-9a7b-d8dffd7c090a": {
      "$type": "LightProbeVolumeData",
      "IndexInBlueprint": 119,
      "IsEventConnectionTarget": 3,
      "IsPropertyConnectionTarget": 3,
      "Transform": {
        "right": {
          "x": 1.0,
          "y": 8.742275E-08,
          "z": 4.371143E-08
        },
        "up": {
          "x": 4.3711427E-08,
          "y": 4.371143E-08,
          "z": -1.0
        },
        "forward": {
          "x": -8.742275E-08,
          "y": 1.0,
          "z": 4.371143E-08
        },
        "trans": {
          "x": -471.71677,
          "y": 95.18697,
          "z": -2056.964
        }
      },
      "Xres": 5,
      "Yres": 2,
      "Zres": 2,
      "BlendDistance": 1.0,
      "Priority": 500
    },
    "2fd43382-7c3a-49cb-91e5-de353eee400d": {
      "$type": "LightProbeVolumeData",
      "IndexInBlueprint": 121,
      "IsEventConnectionTarget": 3,
      "IsPropertyConnectionTarget": 3,
      "Transform": {
        "right": {
          "x": 1.0,
          "y": 8.7422784E-08,
          "z": 4.3711424E-08
        },
        "up": {
          "x": 4.371142E-08,
          "y": 4.371143E-08,
          "z": -1.0
        },
        "forward": {
          "x": -8.7422784E-08,
          "y": 1.0,
          "z": 4.3711427E-08
        },
        "trans": {
          "x": -450.0109,
          "y": 95.616776,
          "z": -2058.3625
        }
      },
      "Xres": 2,
      "Yres": 2,
      "Zres": 2,
      "BlendDistance": 1.0,
      "Priority": 100
    },
    "361e95e7-599f-4f7c-9e90-1b3cb0e47d83": {
      "$type": "LightProbeVolumeData",
      "IndexInBlueprint": 120,
      "IsEventConnectionTarget": 3,
      "IsPropertyConnectionTarget": 3,
      "Transform": {
        "right": {
          "x": 1.0,
          "y": 8.742269E-08,
          "z": 4.3711374E-08
        },
        "up": {
          "x": -8.74227E-08,
          "y": 1.0,
          "z": 8.74228E-08
        },
        "forward": {
          "x": -4.3711367E-08,
          "y": -8.7422805E-08,
          "z": 1.0
        },
        "trans": {
          "x": -446.61438,
          "y": 95.072815,
          "z": -2059.5088
        }
      },
      "Xres": 1,
      "Yres": 2,
      "Zres": 2,
      "BlendDistance": 0.0,
      "Priority": 500
    },
    "3d8047d3-72de-463b-bc01-c653da8cc628": {
      "$type": "LightProbeVolumeData",
      "IndexInBlueprint": 108,
      "IsEventConnectionTarget": 3,
      "IsPropertyConnectionTarget": 3,
      "Transform": {
        "right": {
          "x": 1.0,
          "y": 0.0,
          "z": -7.662563E-14
        },
        "up": {
          "x": 0.0,
          "y": 1.0,
          "z": 0.0
        },
        "forward": {
          "x": 7.662563E-14,
          "y": -0.0,
          "z": 1.0
        },
        "trans": {
          "x": -451.28912,
          "y": 79.30692,
          "z": -2009.4707
        }
      },
      "Xres": 4,
      "Yres": 2,
      "Zres": 1,
      "BlendDistance": 1.0,
      "Priority": 500
    },
    "41d90bf4-c656-4568-a106-4c283f8f73d0": {
      "$type": "LightProbeVolumeData",
      "IndexInBlueprint": 109,
      "IsEventConnectionTarget": 3,
      "IsPropertyConnectionTarget": 3,
      "Transform": {
        "right": {
          "x": -4.371131E-08,
          "y": 0.0,
          "z": 1.0
        },
        "up": {
          "x": 0.0,
          "y": 1.0,
          "z": 0.0
        },
        "forward": {
          "x": -1.0,
          "y": 0.0,
          "z": -4.371131E-08
        },
        "trans": {
          "x": -456.37677,
          "y": 79.30692,
          "z": -2011.9045
        }
      },
      "Xres": 3,
      "Yres": 2,
      "Zres": 1,
      "BlendDistance": 1.0,
      "Priority": 500
    },
    "5729f44f-d4f6-47bb-9293-8dff8a01e184": {
      "$type": "LightProbeVolumeData",
      "IndexInBlueprint": 114,
      "IsEventConnectionTarget": 3,
      "IsPropertyConnectionTarget": 3,
      "Transform": {
        "right": {
          "x": 1.0,
          "y": 8.742282E-08,
          "z": 4.3711434E-08
        },
        "up": {
          "x": 4.371143E-08,
          "y": 4.371144E-08,
          "z": -1.0
        },
        "forward": {
          "x": -8.742282E-08,
          "y": 1.0,
          "z": 4.3711438E-08
        },
        "trans": {
          "x": -479.0772,
          "y": 91.33905,
          "z": -2054.93
        }
      },
      "Xres": 2,
      "Yres": 2,