{
  "Name": "levels/sp_earthquake/rooftop/layer3_rooftoptriggers",
  "PartitionGuid": "47ae01c1-bbbb-47d4-b453-ee5cade81d6a",
  "PrimaryInstanceGuid": "b3fee478-3883-41e9-bc86-79b33306053a",
  "Instances": {
    "1cac2915-db0d-414b-80c4-b7f9a2276e30": {
      "$type": "OBBData",
      "IndexInBlueprint": 88,
      "IsEventConnectionTarget": 1,
      "IsPropertyConnectionTarget": 3,
      "Transform": {
        "right": {
          "x": -4.3711356E-08,
          "y": 0.0,
          "z": -1.0
        },
        "up": {
          "x": 0.0,
          "y": 1.0,
          "z": 0.0
        },
        "forward": {
          "x": 1.0,
          "y": 0.0,
          "z": -4.3711353E-08
        },
        "trans": {
          "x": -463.21646,
          "y": 75.03643,
          "z": -2036.0563
        }
      },
      "HalfExtents": {
        "x": 30.854603,
        "y": 6.4223166,
        "z": 5.47341
      }
    },
    "206f5e62-370c-4f54-91bb-ea453af9b779": {
      "$type": "OBBData",
      "IndexInBlueprint": 87,
      "IsEventConnectionTarget": 1,
      "IsPropertyConnectionTarget": 3,
      "Transform": {
        "right": {
          "x": 1.0,
          "y": 0.0,
          "z": 0.0
        },
        "up": {
          "x": 0.0,
          "y": 1.0,
          "z": 0.0
        },
        "forward": {
          "x": 0.0,
          "y": 0.0,
          "z": 1.0
        },
        "trans": {
          "x": -451.4282,
          "y": 75.03641,
          "z": -2063.5635
        }
      },
      "HalfExtents": {
        "x": 13.26562,
        "y": 6.4223156,
        "z": 3.991177
      }
    },
    "231ef20e-8fd6-40a6-9ac5-faaffe3090ee": {
      "$type": "OBBData",
      "IndexInBlueprint": 90,
      "IsEventConnectionTarget": 1,
      "IsPropertyConnectionTarget": 3,
      "Transform": {
        "right": {
          "x": -4.3711367E-08,
          "y": 0.0,
          "z": -1.0
        },
        "up": {
          "x": 0.0,
          "y": 1.0,
          "z": 0.0
        },
        "forward": {
          "x": 1.0,
          "y": 0.0,
          "z": -4.3711378E-08
        },
        "trans": {
          "x": -433.6618,
          "y": 75.03643,
          "z": -2036.0563
        }
      },
      "HalfExtents": {
        "x": 37.917385,
        "y": 6.4223156,
        "z": 9.506063
      }
    },
    "35896a52-be56-4cd8-a048-54e92bfa2a21": {
      "$type": "OBBData",
      "IndexInBlueprint": 91,
      "IsEventConnectionTarget": 1,
      "IsPropertyConnectionTarget": 3,
      "Transform": {
        "right": {
          "x": 1.0,
          "y": 0.0,
          "z": 0.0
        },
        "up": {
          "x": 0.0,
          "y": 1.0,
          "z": 0.0
        },
        "forward": {
          "x": 0.0,
          "y": 0.0,
          "z": 1.0
        },
        "trans": {
          "x": -445.15454,
          "y": 94.7513,
          "z": -2059.3843
        }
      },
      "HalfExtents": {
        "x": 1.0,
        "y": 1.5801105,
        "z": 1.4589156
      }
    },
    "466ce6f3-c498-4cc3-bc47-45a2b7a19e13": {
      "$type": "OBBData",
      "IndexInBlueprint": 89,
      "IsEventConnectionTarget": 1,
      "IsPropertyConnectionTarget": 3,
      "Transform": {
        "right": {
          "x": 1.0,
          "y": 0.0,
          "z": 0.0
        },
        "up": {
          "x": 0.0,
          "y": 1.0,
          "z": 0.0
        },
        "forward": {
          "x": 0.0,
          "y": 0.0,
          "z": 1.0
        },
        "trans": {
          "x": -451.4282,
          "y": 82.187225,
          "z": -2006.1901
        }
      },
      "HalfExtents": {
        "x": 13.26562,
        "y": 6.4223156,
        "z": 5.9728904
      }
    },
    "b3fee478-3883-41e9-bc86-79b33306053a": {
      "$type": "WorldPartData",
      "Name": "Levels/SP_Earthquake/RooftopTriggers",
      "PropertyConnections": [],
      "LinkConnections": [],
      "EventConnections": [],
      "Descriptor": null,
      "NeedNetworkId": false,
      "InterfaceHasConnections": false,
      "AlwaysCreateEntityBusClient": false,
      "AlwaysCreateEntityBusServer": false,
      "Objects": [
        {
          "PartitionGuid": "47ae01c1-bbbb-47d4-b453-ee5cade81d6a",
          "InstanceGuid": "206f5e62-370c-4f54-91bb-ea453af9b779"
        },
        {
          "PartitionGuid": "47ae01c1-bbbb-47d4-b453-ee5cade81d6a",
          "InstanceGuid": "1cac2915-db0d-414b-80c4-b7f9a2276e30"
        },
        {
          "PartitionGuid": "47ae01c1-bbbb-47d4-b453-ee5cade81d6a",
          "InstanceGuid": "466ce6f3-c498-4cc3-bc47-45a2b7a19e13"
        },
        {
          "PartitionGuid": "47ae01c1-bbbb-47d4-b453-ee5cade81d6a",
          "InstanceGuid": "231ef20e-8fd6-40a6-9ac5-faaffe3090ee"
        },
        {
          "PartitionGuid": "47ae01c1-bbbb-47d4-b453-ee5cade81d6a",
          "InstanceGuid": "35896a52-be56-4cd8-a048-54e92bfa2a21"
        }
      ],
      "HackToSolveRealTimeTweakingIssue": "3f49a381-e099-8c00-233d-25deccec5ce6",
      "UseDeferredEntityCreation": false,
      "Enabled": true
    }
  }
}