{
  "Name": "levels/sp_earthquake/schoolbuilding/layer0_schoolbuilding_art",
  "PartitionGuid": "a024da16-25f8-4e8c-827b-90748b3eb12f",
  "PrimaryInstanceGuid": "ba2294d8-1485-4d56-b492-a807d990662f",
  "Instances": {
    "1a0582da-666b-44ea-a8f0-91de9e037d5a": {
      "$type": "DecalEntityData",
      "Shader": {
        "PartitionGuid": "464f0b99-19a1-11e0-bbdd-d6330e3abbb5",
        "InstanceGuid": "45b4e764-951d-40c0-c410-21019c53d4fa"
      },
      "AtlasTile": {
        "TileIndexX": 1.0,
        "TileIndexY": 0.0,
        "TileCountX": 2.0,
        "TileCountY": 1.0,
        "FlipX": false,
        "FlipY": false
      },
      "MaterialIndex": 0,
      "SortingPriority": 2,
      "Projected": true,
      "Components": [],
      "Enabled": true,
      "RuntimeComponentCount": 0,
      "Transform": {
        "right": {
          "x": -2.197986,
          "y": -0.51243144,
          "z": -1.4327716E-08
        },
        "up": {
          "x": -1.4242127E-07,
          "y": 1.1186961E-07,
          "z": -2.256929
        },
        "forward": {
          "x": 0.5124316,
          "y": -2.197986,
          "z": -1.3251072E-07
        },
        "trans": {
          "x": -414.87256,
          "y": 78.06698,
          "z": -1951.8401
        }
      },
      "IndexInBlueprint": 2,
      "IsEventConnectionTarget": 3,
      "IsPropertyConnectionTarget": 3
    },
    "520589d4-0a09-4036-8852-7a311166f871": {
      "$type": "DecalEntityData",
      "Shader": {
        "PartitionGuid": "7affce3b-007e-11e0-a6e8-bf2387a93815",
        "InstanceGuid": "848f9c41-a9de-86d5-4af9-4c9f082b86c8"
      },
      "AtlasTile": {
        "TileIndexX": 0.0,
        "TileIndexY": 1.0,
        "TileCountX": 2.0,
        "TileCountY": 2.0,
        "FlipX": false,
        "FlipY": false
      },
      "MaterialIndex": 1,
      "SortingPriority": 0,
      "Projected": true,
      "Components": [],
      "Enabled": true,
      "RuntimeComponentCount": 0,
      "Transform": {
        "right": {
          "x": -1.4491553E-07,
          "y": 0.82882,
          "z": 3.6228784E-08
        },
        "up": {
          "x": 3.976048E-08,
          "y": 3.976044E-08,
          "z": -0.90961355
        },
        "forward": {
          "x": -0.84452546,
          "y": -1.4766151E-07,
          "z": -3.6915367E-08
        },
        "trans": {
          "x": -413.1778,
          "y": 78.42764,
          "z": -1951.5896
        }
      },
      "IndexInBlueprint": 3,
      "IsEventConnectionTarget": 3,
      "IsPropertyConnectionTarget": 3
    },
    "df4f1deb-b527-49df-8f48-4ffaff9728ff": {
      "$type": "DecalEntityData",
      "Shader": {
        "PartitionGuid": "7affce3b-007e-11e0-a6e8-bf2387a93815",
        "InstanceGuid": "848f9c41-a9de-86d5-4af9-4c9f082b86c8"
      },
      "AtlasTile": {
        "TileIndexX": 0.0,
        "TileIndexY": 0.0,
        "TileCountX": 2.0,
        "TileCountY": 2.0,
        "FlipX": false,
        "FlipY": false
      },
      "MaterialIndex": 1,
      "SortingPriority": 0,
      "Projected": true,
      "Components": [],
      "Enabled": true,
      "RuntimeComponentCount": 0,
      "Transform": {
        "right": {
          "x": 7.354654E-08,
          "y": -0.84127426,
          "z": -3.6773258E-08
        },
        "up": {
          "x": 3.976048E-08,
          "y": 3.9760437E-08,
          "z": -0.90961343
        },
        "forward": {
          "x": 0.8445253,
          "y": 7.383074E-08,
          "z": 3.691544E-08
        },
        "trans": {
          "x": -409.7949,
          "y": 78.221924,
          "z": -1951.5895
        }
      },
      "IndexInBlueprint": 4,
      "IsEventConnectionTarget": 3,
      "IsPropertyConnectionTarget": 3
    },
    "85d0239d-8118-490c-931a-a488faa1d47b": {
      "$type": "DecalEntityData",
      "Shader": {
        "PartitionGuid": "7affce3b-007e-11e0-a6e8-bf2387a93815",
        "InstanceGuid": "848f9c41-a9de-86d5-4af9-4c9f082b86c8"
      },
      "AtlasTile": {
        "TileIndexX": 0.0,
        "TileIndexY": 0.0,
        "TileCountX": 2.0,
        "TileCountY": 2.0,
        "FlipX": false,
        "FlipY": false
      },
      "MaterialIndex": 1,
      "SortingPriority": 0,
      "Projected": true,
      "Components": [],
      "Enabled": true,
      "RuntimeComponentCount": 0,
      "Transform": {
        "right": {
          "x": -0.82882,
          "y": -1.08686564E-07,
          "z": 3.62289E-08
        },
        "up": {
          "x": 3.976046E-08,
          "y": -3.9760494E-08,
          "z": 0.90961355
        },
        "forward": {
          "x": -1.1074614E-07,
          "y": 0.84452546,
          "z": 3.6915367E-08
        },
        "trans": {
          "x": -408.08356,
          "y": 78.43458,
          "z": -1956.7976
        }
      },
      "IndexInBlueprint": 5,
      "IsEventConnectionTarget": 3,
      "IsPropertyConnectionTarget": 3
    },
    "dc661716-0311-46c9-ba1c-a1e008243bac": {
      "$type": "DecalEntityData",
      "Shader": {
        "PartitionGuid": "7affce3b-007e-11e0-a6e8-bf2387a93815",
        "InstanceGuid": "848f9c41-a9de-86d5-4af9-4c9f082b86c8"
      },
      "AtlasTile": {
        "TileIndexX": 0.0,
        "TileIndexY": 0.0,
        "TileCountX": 2.0,
        "TileCountY": 2.0,
        "FlipX": false,
        "FlipY": false
      },
      "MaterialIndex": 1,
      "SortingPriority": 0,
      "Projected": true,
      "Components": [],
      "Enabled": true,
      "RuntimeComponentCount": 0,
      "Transform": {
        "right": {
          "x": 0.84129226,
          "y": 3.6774E-08,
          "z": 3.6774104E-08
        },
        "up": {
          "x": -3.9760426E-08,
          "y": 3.9760508E-08,
          "z": 0.90961343
        },
        "forward": {
          "x": 3.7302673E-08,
          "y": -0.8533858,
          "z": 3.7302616E-08
        },
        "trans": {
          "x": -401.9493,
          "y": 78.64324,
          "z": -1956.7974
        }
      },
      "IndexInBlueprint": 6,
      "IsEventConnectionTarget": 3,
      "IsPropertyConnectionTarget": 3
    },
    "4d5ff2de-288c-460d-8e28-a167eb2a7db9": {
      "$type": "DecalEntityData",
      "Shader": {
        "PartitionGuid": "7affce3b-007e-11e0-a6e8-bf2387a93815",
        "InstanceGuid": "848f9c41-a9de-86d5-4af9-4c9f082b86c8"
      },
      "AtlasTile": {
        "TileIndexX": 1.0,
        "TileIndexY": 1.0,
        "TileCountX": 2.0,
        "TileCountY": 2.0,
        "FlipX": false,
        "FlipY": false
      },
      "MaterialIndex": 1,
      "SortingPriority": 0,
      "Projected": true,
      "Components": [],
      "Enabled": true,
      "RuntimeComponentCount": 0,
      "Transform": {
        "right": {
          "x": 0.85478073,
          "y": 3.73636E-08,
          "z": 3.7363698E-08
        },
        "up": {
          "x": -3.9760444E-08,
          "y": 3.97605E-08,
          "z": 0.90961343
        },
        "forward": {
          "x": 3.7311974E-08,
          "y": -0.85359895,
          "z": 3.7311953E-08
        },
        "trans": {
          "x": -402.79288,
          "y": 79.075356,
          "z": -1956.7975
        }
      },
      "IndexInBlueprint": 7,
      "IsEventConnectionTarget": 3,
      "IsPropertyConnectionTarget": 3
    },
    "66de1403-c1ca-401b-8571-125d5cb5b046": {
      "$type": "DecalEntityData",
      "Shader": {
        "PartitionGuid": "7affce3b-007e-11e0-a6e8-bf2387a93815",
        "InstanceGuid": "848f9c41-a9de-86d5-4af9-4c9f082b86c8"
      },
      "AtlasTile": {
        "TileIndexX": 0.0,
        "TileIndexY": 1.0,
        "TileCountX": 2.0,
        "TileCountY": 2.0,
        "FlipX": false,
        "FlipY": false
      },
      "MaterialIndex": 1,