{
  "Name": "levels/sp_earthquake/stagingareasurroundings/layer1_stagingareasurroundingprops",
  "PartitionGuid": "dbcd23d0-c4b3-42a3-9a2e-699265f8a9ff",
  "PrimaryInstanceGuid": "76496017-da83-4786-8042-3bb459fbc67c",
  "Instances": {
    "99039f91-b514-48c1-b8e1-2fbdadc1b672": {
      "$type": "DecalEntityData",
      "Shader": {
        "PartitionGuid": "6dba6a30-f356-11df-b071-85e3d14c7774",
        "InstanceGuid": "8c5c3157-d371-6d48-76a1-10d583e8064a"
      },
      "AtlasTile": {
        "TileIndexX": 0.0,
        "TileIndexY": 0.0,
        "TileCountX": 1.0,
        "TileCountY": 1.0,
        "FlipX": false,
        "FlipY": false
      },
      "MaterialIndex": 0,
      "SortingPriority": 0,
      "Projected": true,
      "Components": [],
      "Enabled": true,
      "RuntimeComponentCount": 0,
      "Transform": {
        "right": {
          "x": -0.080075204,
          "y": -0.07432716,
          "z": 1.9854426
        },
        "up": {
          "x": -1.9865177,
          "y": 0.03843282,
          "z": -0.07867974
        },
        "forward": {
          "x": -0.03543374,
          "y": -1.9866856,
          "z": -0.0758027
        },
        "trans": {
          "x": -383.99744,
          "y": 74.91376,
          "z": -1953.5477
        }
      },
      "IndexInBlueprint": 50,
      "IsEventConnectionTarget": 3,
      "IsPropertyConnectionTarget": 3
    },
    "b7907819-8adf-40d7-bb00-b5ba9b45aeff": {
      "$type": "ReferenceObjectData",
      "BlueprintTransform": {
        "right": {
          "x": 0.6037565,
          "y": 0.022932122,
          "z": -0.7968389
        },
        "up": {
          "x": -0.013849059,
          "y": 0.999737,
          "z": 0.018278014
        },
        "forward": {
          "x": 0.7970485,
          "y": 1.4001655E-10,
          "z": 0.6039153
        },
        "trans": {
          "x": -365.98874,
          "y": 80.99457,
          "z": -2025.0396
        }
      },
      "Blueprint": {
        "PartitionGuid": "8a55a78d-f19d-11df-8ae1-f817253bed4a",
        "InstanceGuid": "3e3c3bcf-48b4-0eba-19cc-8fb5da91136d"
      },
      "ObjectVariation": null,
      "StreamRealm": 0,
      "CastSunShadowEnable": true,
      "Excluded": false,
      "IndexInBlueprint": 48,
      "IsEventConnectionTarget": 3,
      "IsPropertyConnectionTarget": 3
    },
    "0153739d-98e1-494d-b0ee-cc85c7fcc89e": {
      "$type": "ReferenceObjectData",
      "BlueprintTransform": {
        "right": {
          "x": -0.445639,
          "y": 0.02555344,
          "z": -0.894848
        },
        "up": {
          "x": 0.012953035,
          "y": 0.99967194,
          "z": 0.022096135
        },
        "forward": {
          "x": 0.8951191,
          "y": -0.0017440971,
          "z": -0.44582382
        },
        "trans": {
          "x": -358.39624,
          "y": 81.02409,
          "z": -2025.1206
        }
      },
      "Blueprint": {
        "PartitionGuid": "8a55a78d-f19d-11df-8ae1-f817253bed4a",
        "InstanceGuid": "3e3c3bcf-48b4-0eba-19cc-8fb5da91136d"
      },
      "ObjectVariation": null,
      "StreamRealm": 0,
      "CastSunShadowEnable": true,
      "Excluded": false,
      "IndexInBlueprint": 49,
      "IsEventConnectionTarget": 3,
      "IsPropertyConnectionTarget": 3
    },
    "76496017-da83-4786-8042-3bb459fbc67c": {
      "$type": "WorldPartData",
      "Name": "Levels/SP_Earthquake/StagingAreaSurroundingProps",
      "PropertyConnections": [],
      "LinkConnections": [],
      "EventConnections": [],
      "Descriptor": null,
      "NeedNetworkId": false,
      "InterfaceHasConnections": false,
      "AlwaysCreateEntityBusClient": false,
      "AlwaysCreateEntityBusServer": false,
      "Objects": [
        {
          "PartitionGuid": "dbcd23d0-c4b3-42a3-9a2e-699265f8a9ff",
          "InstanceGuid": "b7907819-8adf-40d7-bb00-b5ba9b45aeff"
        },
        {
          "PartitionGuid": "dbcd23d0-c4b3-42a3-9a2e-699265f8a9ff",
          "InstanceGuid": "0153739d-98e1-494d-b0ee-cc85c7fcc89e"
        },
        {
          "PartitionGuid": "dbcd23d0-c4b3-42a3-9a2e-699265f8a9ff",
          "InstanceGuid": "99039f91-b514-48c1-b8e1-2fbdadc1b672"
        }
      ],
      "Enabled": true,
      "UseDeferredEntityCreation": false,
      "HackToSolveRealTimeTweakingIssue": "aa8f39d9-1e64-2b7f-8acd-f4faa704a0d6"
    }
  }
}