{
  "Name": "fx/ambient/levelspecific/sp_newyork/emitters/em_ny_train_sparksfromwire_bouncesparks",
  "PartitionGuid": "2119b33d-a84d-4fcd-b402-930dc5891849",
  "PrimaryInstanceGuid": "435f048a-04c3-41cd-b69a-be0059451a91",
  "Instances": {
    "179afc9a-8114-4353-bd65-73f10fcfb46f": {
      "$type": "PolynomialData",
      "EmitterParameter": 0,
      "Coefficients": {
        "x": 0.0,
        "y": 0.0,
        "z": -2.050505,
        "w": 1.3023235
      },
      "ScaleValue": 1.0,
      "MinClamp": 0.0,
      "MaxClamp": 1.0
    },
    "19717207-f5fb-40f2-b18d-5dd5ca13393f": {
      "$type": "PolynomialData",
      "EmitterParameter": 0,
      "Coefficients": {
        "x": 0.0,
        "y": 0.0,
        "z": -14.91668,
        "w": 1.5312517
      },
      "ScaleValue": 1.0,
      "MinClamp": 0.0,
      "MaxClamp": 1.0
    },
    "1d1c65ad-c7f4-469e-af65-051b3085030c": {
      "$type": "PolynomialColorInterpData",
      "EmitterParameter": 0,
      "Color0": {
        "x": 476.475,
        "y": 656.685,
        "z": 750.0
      },
      "Color1": {
        "x": 25.412,
        "y": 35.023,
        "z": 40.0
      },
      "Coefficients": {
        "x": 0.0,
        "y": 0.0,
        "z": -4.8499975,
        "w": 1.3679991
      }
    },
    "25c9da5e-0597-4d9c-9256-c55d9b73938b": {
      "$type": "UpdateTransparencyData",
      "DefaultValues": {
        "x": 1.0,
        "y": 1.0,
        "z": 1.0,
        "w": 1.0
      },
      "NextProcessor": {
        "PartitionGuid": "2119b33d-a84d-4fcd-b402-930dc5891849",
        "InstanceGuid": "e5f25389-b449-598c-9057-5bb46948709f"
      },
      "Pre": {
        "PartitionGuid": "2119b33d-a84d-4fcd-b402-930dc5891849",
        "InstanceGuid": "179afc9a-8114-4353-bd65-73f10fcfb46f"
      },
      "EvaluatorInput": 2,
      "Enable": true,
      "CullThreshold": 0.2
    },
    "310997e4-6fab-412f-9666-51cc747f81a8": {
      "$type": "PolynomialData",
      "EmitterParameter": 0,
      "Coefficients": {
        "x": 0.0,
        "y": 0.0,
        "z": -3.6979163,
        "w": 0.9979164
      },
      "ScaleValue": 10.0,
      "MinClamp": 0.0,
      "MaxClamp": 1.0
    },
    "311ccc75-d078-449b-9300-ca292a4be3ac": {
      "$type": "RandomEvaluatorData",
      "EmitterParameter": 0,
      "Max": 2.0,
      "Min": 0.5
    },
    "39871d9f-034a-45ff-956c-24b6fcd1b421": {
      "$type": "EmitterDocument",
      "Name": "FX/Ambient/LevelSpecific/SP_NewYork/Emitters/Em_NY_Train_SparksFromWire_BounceSparks",
      "RootProcessor": {
        "PartitionGuid": "2119b33d-a84d-4fcd-b402-930dc5891849",
        "InstanceGuid": "bec696d1-8e2b-4ff5-acc6-99ce32f889c2"
      },
      "TemplateData": {
        "PartitionGuid": "2119b33d-a84d-4fcd-b402-930dc5891849",
        "InstanceGuid": "435f048a-04c3-41cd-b69a-be0059451a91"
      }
    },
    "435f048a-04c3-41cd-b69a-be0059451a91": {
      "$type": "EmitterTemplateData",
      "PointLightIntensity": {
        "x": 0.0,
        "y": 0.0,
        "z": -1.015957,
        "w": 1.010638
      },
      "PointLightPivot": {
        "x": 0.0,
        "y": 0.0,
        "z": 0.0
      },
      "PointLightColor": {
        "x": 7.925,
        "y": 6.67,
        "z": 20.0
      },
      "MaxCount": 40,
      "Name": "FX/Ambient/LevelSpecific/SP_NewYork/Emitters/Em_NY_Train_SparksFromWire_BounceSparks",
      "TimeScale": 1.0,
      "LifetimeFrameCount": 0,
      "Lifetime": 3.0,
      "RootProcessor": {
        "PartitionGuid": "2119b33d-a84d-4fcd-b402-930dc5891849",
        "InstanceGuid": "bec696d1-8e2b-4ff5-acc6-99ce32f889c2"
      },
      "VisibleAfterDistance": 0.0,
      "ZOcclusionLookup": [],
      "EmittableType": 3,
      "Mesh": null,
      "DistanceScaleNearValue": 1.0,
      "PointLightRadius": 0.6,
      "VertexPixelLightingBlendFactor": 0.0,
      "GlobalLocalNormalBlendFactor": 1.0,
      "SoftParticlesFadeDistanceMultiplier": 0.0,
      "LightWrapAroundFactor": 0.5,
      "LightMultiplier": 1.0,
      "DistanceScaleFarValue": 1.0,
      "PointLightRandomIntensityMin": 1.0,
      "MeshCullingDistance": 0.0,
      "PointLightRandomIntensityMax": 1.0,
      "MaxSpawnDistance": 0.0,
      "MinScreenArea": 1.0,
      "DistanceScaleLength": 0.0,
      "PointLightMaxClamp": 1.0,
      "ParticleCullingFactor": 0.8,
      "PointLightMinClamp": 0.0,
      "FollowSpawnSource": false,
      "RepeatParticleSpawning": false,
      "Emissive": true,
      "ExclusionVolumeCullEnable": false,
      "TransparencySunShadowEnable": false,
      "ForceFullRes": true,
      "LocalSpace": false,
      "Opaque": false,
      "ActAsPointLight": false,
      "KillParticlesWithEmitter": false,
      "ForceNiceSorting": false
    },
    "45187be7-1864-4f59-86ca-678d1c2c3409": {
      "$type": "UpdateColorData",
      "DefaultValues": {
        "x": 1.0,
        "y": 1.0,
        "z": 1.0,
        "w": 1.0
      },
      "NextProcessor": {
        "PartitionGuid": "2119b33d-a84d-4fcd-b402-930dc5891849",
        "InstanceGuid": "5c61711f-6e5d-4f23-a83d-d6b9680a914f"
      },
      "Pre": {
        "PartitionGuid": "2119b33d-a84d-4fcd-b402-930dc5891849",
        "InstanceGuid": "1d1c65ad-c7f4-469e-af65-051b3085030c"
      },
      "EvaluatorInput": 2,
      "Enable": true,
      "Color": {
        "x": 1.0,
        "y": 1.0,
        "z": 1.0
      }
    },
    "5c61711f-6e5d-4f23-a83d-d6b9680a914f": {
      "$type": "UpdateTextureCoordsData",
      "DefaultValues": {
        "x": 1.0,
        "y": 0.0,
        "z": 0.0,
        "w": 0.0
      },
      "NextProcessor": {
        "PartitionGuid": "2119b33d-a84d-4fcd-b402-930dc5891849",
        "InstanceGuid": "25c9da5e-0597-4d9c-9256-c55d9b73938b"
      },
      "Pre": null,
      "EvaluatorInput": 2,
      "Enable": true,
      "TextureInfo1": {
        "TextureName": "FX/Textures/Debris/Particle_01_D",
        "NormalmapName": "Systems/Emitter/DefaultNormalmap",
        "AnimationFrameCount": 4.0,
        "AnimationFrameColumnCount": 4.0,
        "EnableAnimation": false
      },
      "TextureBlendValue": 1.0
    },
    "5e7258e8-92d4-4e77-9209-e9e2d5e205f2": {
      "$type": "SpawnDirectionData",
      "DefaultValues": {
        "x": 0.0,
        "y": 1.0,
        "z": 0.0,
        "w": 0.0
      },
      "NextProcessor": {
        "PartitionGuid": "2119b33d-a84d-4fcd-b402-930dc5891849",
        "InstanceGuid": "a442bc36-c5f4-4bab-ba50-48a614f49151"
      },
      "Pre": {
        "PartitionGuid": "2119b33d-a84d-4fcd-b402-930dc5891849",
        "InstanceGuid": "e3ea1744-2ace-4202-891f-aca268116f60"
      },
      "EvaluatorInput": 1,
      "Enable": true,
      "DirectionFromEmitterOrigin": 0.0,
      "InheritSpeedAndDirectionFromEmitter": false
    },
    "600f4ebe-cdff-4dd9-a17c-94cf2a9bf6ac": {
      "$type": "SpawnRateData",
      "DefaultValues": {
        "x": 1.0,
        "y": 1.0,
        "z": 1.0,
        "w": 1.0
      },
      "NextProcessor": {
        "PartitionGuid": "2119b33d-a84d-4fcd-b402-930dc5891849",
        "InstanceGuid": "5e7258e8-92d4-4e77-9209-e9e2d5e205f2"
      },
      "Pre": {
        "PartitionGuid": "2119b33d-a84d-4fcd-b402-930dc5891849",
        "InstanceGuid": "310997e4-6fab-412f-9666-51cc747f81a8"
      },
      "EvaluatorInput": 3,
      "Enable": true,
      "SpawnRate": 40.0,
      "TrailSegmentLength": 5.0,
      "DistributeOverTime": true,
      "DistributeOverDistance": false
    },
    "68205420-bb9c-4e45-8954-2a60b510c20f": {
      "$type": "GravityData",
      "DefaultValues": {
        "x": 1.0,
        "y": 1.0,
        "z": 1.0,
        "w": 1.0
      },
      "NextProcessor": {
        "PartitionGuid": "2119b33d-a84d-4fcd-b402-930dc5891849",
        "InstanceGuid": "d54de624-d72d-44a7-afa7-daf862f34caa"
      },
      "Pre": null,