{
  "Name": "xp2/objects/office/props/ceilinglight_01_moving",
  "PartitionGuid": "ec62c589-7d5f-11e1-aa1c-95475b3305cf",
  "PrimaryInstanceGuid": "883c3251-8c67-7824-0ead-6edde484e910",
  "Instances": {
    "fbf0a629-c0ef-4de1-81dc-e682bee25355": {
      "$type": "EffectReferenceObjectData",
      "AutoStart": true,
      "BlueprintTransform": {
        "right": {
          "x": 0.0057436675,
          "y": -0.9999835,
          "z": 0.0
        },
        "up": {
          "x": 0.9999835,
          "y": 0.0057436675,
          "z": 0.0
        },
        "forward": {
          "x": 0.0,
          "y": 0.0,
          "z": 1.0
        },
        "trans": {
          "x": 0.9318145,
          "y": -1.1290667,
          "z": -0.011318684
        }
      },
      "Blueprint": {
        "PartitionGuid": "854bb495-1347-11e0-9fb0-a57ffcff10bf",
        "InstanceGuid": "452b0d36-8b26-392e-454a-f3ccb8625420"
      },
      "ObjectVariation": null,
      "StreamRealm": 0,
      "CastSunShadowEnable": true,
      "Excluded": false,
      "IndexInBlueprint": 3,
      "IsEventConnectionTarget": 3,
      "IsPropertyConnectionTarget": 3
    },
    "d731d5db-1f08-49f7-aa08-6d3ad77d983c": {
      "$type": "FloatPropertyTrackData",
      "Values": [
        0.0,
        4.0,
        0.0,
        4.0,
        4.0,
        0.0,
        4.0,
        0.0,
        4.0,
        1.0,
        0.0,
        4.0,
        0.0,
        4.0,
        0.0,
        4.0,
        0.0,
        4.0,
        1.0,
        4.0,
        0.0,
        4.0,
        0.0,
        4.0,
        0.1,
        4.0,
        1.0,
        4.0,
        0.0,
        4.0,
        4.0
      ],
      "InterpolationType": 0,
      "Id": 622077060,
      "Times": [
        0,
        94,
        188,
        284,
        641,
        750,
        847,
        939,
        1026,
        1107,
        1218,
        1302,
        1402,
        1502,
        2291,
        2364,
        2454,
        2542,
        2630,
        2716,
        2792,
        3643,
        3729,
        3821,
        3917,
        3983,
        4030,
        4092,
        4313,
        4590,
        4997
      ]
    },
    "b4410353-0a2d-42ca-91ec-bb0b054c6bbe": {
      "$type": "ObjectVariationSwitchEntityData",
      "Variation1": {
        "PartitionGuid": "f987f61e-7d6e-11e1-a172-da312d074e66",
        "InstanceGuid": "cf5aa70b-404d-e5af-233d-79ea5561b905"
      },
      "Variation2": {
        "PartitionGuid": "43c48b44-7d61-11e1-aa1c-95475b3305cf",
        "InstanceGuid": "7541033d-45e5-1d45-cfce-4d1c0ce716a7"
      },
      "IndexInBlueprint": 6,
      "IsEventConnectionTarget": 0,
      "IsPropertyConnectionTarget": 3
    },
    "ceca2e49-7050-4515-8158-2a96d1f48bf1": {
      "$type": "PointLightEntityData",
      "Width": 0.0,
      "TranslucencyAmbient": 0.0,
      "TranslucencyScale": 0.0,
      "TranslucencyPower": 8,
      "TranslucencyDistortion": 0.1,
      "Color": {
        "x": 0.296,
        "y": 0.462,
        "z": 0.723
      },
      "ParticleColorScale": {
        "x": 1.0,
        "y": 1.0,
        "z": 1.0
      },
      "EnlightenColorScale": {
        "x": 1.0,
        "y": 1.0,
        "z": 1.0
      },
      "Radius": 5.0,
      "Intensity": 3.0,
      "AttenuationOffset": 0.01,
      "EnlightenColorMode": 0,
      "EnlightenEnable": false,
      "Visible": true,
      "SpecularEnable": false,
      "Transform": {
        "right": {
          "x": -4.371139E-08,
          "y": 1.0,
          "z": -1.2445625E-23
        },
        "up": {
          "x": 4.371139E-08,
          "y": 1.9106855E-15,
          "z": 1.0
        },
        "forward": {
          "x": 1.0,
          "y": 4.371139E-08,
          "z": -4.371139E-08
        },
        "trans": {
          "x": 0.9018369,
          "y": -2.9685092,
          "z": -0.4144044
        }
      },
      "IndexInBlueprint": 2,
      "IsEventConnectionTarget": 0,
      "IsPropertyConnectionTarget": 2
    },
    "b8cd4672-94b7-4652-bb43-d2fb8d37bbd5": {
      "$type": "ReferenceObjectData",
      "BlueprintTransform": {
        "right": {
          "x": 1.0,
          "y": 0.0,
          "z": 0.0
        },
        "up": {
          "x": 0.0,
          "y": 1.0,
          "z": 0.0
        },
        "forward": {
          "x": 0.0,
          "y": 0.0,
          "z": 1.0
        },
        "trans": {
          "x": 0.9135349,
          "y": 0.0,
          "z": 0.0
        }
      },
      "Blueprint": {
        "PartitionGuid": "d2269ce1-ba5c-4eaf-b3bd-b0f8bb1d300c",
        "InstanceGuid": "afde029c-fa49-466a-b675-a336deaf98cf"
      },
      "ObjectVariation": {
        "PartitionGuid": "43c48b44-7d61-11e1-aa1c-95475b3305cf",
        "InstanceGuid": "7541033d-45e5-1d45-cfce-4d1c0ce716a7"
      },
      "StreamRealm": 0,
      "CastSunShadowEnable": false,
      "Excluded": false,
      "IndexInBlueprint": 0,
      "IsEventConnectionTarget": 3,
      "IsPropertyConnectionTarget": 0
    },
    "4b8e8233-3d3b-40c9-8d6f-f58cdd5e8004": {
      "$type": "SequenceEntityData",
      "IsEventConnectionTarget": 2,
      "IsPropertyConnectionTarget": 3,
      "IndexInBlueprint": 1,
      "Events": [
        {
          "Event": {
            "Id": -117303631
          },
          "Time": 0
        },
        {
          "Event": {
            "Id": -1952177180
          },
          "Time": 90
        },
        {
          "Event": {
            "Id": -117303631
          },
          "Time": 178
        },
        {
          "Event": {
            "Id": -1952177180
          },
          "Time": 269
        },
        {
          "Event": {
            "Id": -1952177180
          },
          "Time": 638
        },
        {
          "Event": {
            "Id": -117303631
          },
          "Time": 759
        },
        {
          "Event": {
            "Id": -1952177180
          },
          "Time": 846
        },
        {
          "Event": {
            "Id": -117303631
          },
          "Time": 949
        },
        {
          "Event": {
            "Id": -1952177180
          },
          "Time": 1028
        },
        {
          "Event": {
            "Id": -1952177180
          },
          "Time": 1110
        },
        {
          "Event": {
            "Id": -117303631
          },
          "Time": 1218
        },
        {
          "Event": {
            "Id": -1952177180
          },
          "Time": 1309
        },
        {
          "Event": {
            "Id": -117303631
          },
          "Time": 1388
        },
        {
          "Event": {
            "Id": -1952177180
          },
          "Time": 1518
        },
        {
          "Event": {
            "Id": -117303631
          },
          "Time": 2280
        },
        {
          "Event": {
            "Id": -1952177180
          },
          "Time": 2380
        },
        {
          "Event": {
            "Id": -117303631
          },
          "Time": 2465
        },
        {
          "Event": {
            "Id": -1952177180
          },
          "Time": 2540
        },
        {
          "Event": {
            "Id": -117303631
          },
          "Time": 2631
        },
        {
          "Event": {
            "Id": -1952177180
          },
          "Time": 2713
        },
        {
          "Event": {
            "Id": -117303631
          },
          "Time": 2798
        },
        {
          "Event": {
            "Id": -1952177180
          },
          "Time": 3641
        },
        {
          "Event": {
            "Id": -117303631
          },