{
  "Name": "levels/mp_017/mp_017/layer10_drydock",
  "PartitionGuid": "12c73418-2f86-4075-8c5f-89f4435143cd",
  "PrimaryInstanceGuid": "e8dcdb19-fdd8-4bd8-950f-82e2bfd7c103",
  "Instances": {
    "2e1e1bea-44d6-fe81-9983-17daf4a4c375": {
      "$type": "ReferenceObjectData",
      "IndexInBlueprint": 1259,
      "IsEventConnectionTarget": 3,
      "IsPropertyConnectionTarget": 3,
      "BlueprintTransform": {
        "right": {
          "x": -0.7071067,
          "y": 2.1569234E-10,
          "z": 0.7071068
        },
        "up": {
          "x": 5.437125E-10,
          "y": 1.0,
          "z": 8.59093E-10
        },
        "forward": {
          "x": -0.7071068,
          "y": -4.1592238E-10,
          "z": -0.7071067
        },
        "trans": {
          "x": -133.41861,
          "y": 70.43225,
          "z": 157.90945
        }
      },
      "Blueprint": {
        "PartitionGuid": "8a3f4734-70fd-136e-add9-ee3f438331c9",
        "InstanceGuid": "8a3f4734-70fd-136e-add9-ee3f438331c9"
      },
      "ObjectVariation": null,
      "StreamRealm": 0,
      "CastSunShadowEnable": true,
      "Excluded": false
    },
    "331e4dd9-5a80-4d92-a615-e26e1f3aba15": {
      "$type": "ReferenceObjectData",
      "IndexInBlueprint": 1255,
      "IsEventConnectionTarget": 2,
      "IsPropertyConnectionTarget": 3,
      "BlueprintTransform": {
        "right": {
          "x": -0.7071067,
          "y": -4.9463048E-20,
          "z": 0.7071068
        },
        "up": {
          "x": 1.1073584E-21,
          "y": 1.0,
          "z": 7.106101E-20
        },
        "forward": {
          "x": -0.7071068,
          "y": 5.102816E-20,
          "z": -0.7071067
        },
        "trans": {
          "x": -198.82666,
          "y": 71.71633,
          "z": 155.98657
        }
      },
      "Blueprint": {
        "PartitionGuid": "f32ceda1-349c-11de-b32e-c9a083679a76",
        "InstanceGuid": "f32ceda2-349c-11de-b32e-c9a083679a76"
      },
      "ObjectVariation": null,
      "StreamRealm": 0,
      "CastSunShadowEnable": true,
      "Excluded": false
    },
    "3f4ca2c6-846c-4e5c-9898-49272048ca34": {
      "$type": "ReferenceObjectData",
      "IndexInBlueprint": 1257,
      "IsEventConnectionTarget": 3,
      "IsPropertyConnectionTarget": 2,
      "BlueprintTransform": {
        "right": {
          "x": 0.70710605,
          "y": 9.5229076E-08,
          "z": 0.70710653
        },
        "up": {
          "x": 1.13646664E-07,
          "y": 1.0,
          "z": -1.02530045E-07
        },
        "forward": {
          "x": -0.7071065,
          "y": 1.4045104E-07,
          "z": 0.7071061
        },
        "trans": {
          "x": -147.59134,
          "y": 70.23015,
          "z": 204.71556
        }
      },
      "Blueprint": {
        "PartitionGuid": "81f86cbe-c704-11e0-8ba9-e7ef36a8cbd1",
        "InstanceGuid": "05764b92-6d2b-6b00-493c-bc5156c144d2"
      },
      "ObjectVariation": null,
      "StreamRealm": 0,
      "CastSunShadowEnable": true,
      "Excluded": false
    },
    "53dd5698-9236-4a63-9711-b3a80ad7cb52": {
      "$type": "ReferenceObjectData",
      "IndexInBlueprint": 1253,
      "IsEventConnectionTarget": 3,
      "IsPropertyConnectionTarget": 3,
      "BlueprintTransform": {
        "right": {
          "x": -0.95421594,
          "y": 4.4767962E-08,
          "z": -0.29911864
        },
        "up": {
          "x": -2.0517673E-08,
          "y": 1.0,
          "z": 1.5168145E-07
        },
        "forward": {
          "x": 0.2991187,
          "y": 2.983E-08,
          "z": -0.95421594
        },
        "trans": {
          "x": -151.05408,
          "y": 70.434265,
          "z": 202.05338
        }
      },
      "Blueprint": {
        "PartitionGuid": "640e1372-3be6-11de-b340-e9a3a589dd38",
        "InstanceGuid": "640e1373-3be6-11de-b340-e9a3a589dd38"
      },
      "ObjectVariation": null,
      "StreamRealm": 0,
      "CastSunShadowEnable": true,
      "Excluded": false
    },
    "59cac45f-2aed-4033-ac14-84f9e22e098b": {
      "$type": "ReferenceObjectData",
      "IndexInBlueprint": 1254,
      "IsEventConnectionTarget": 3,
      "IsPropertyConnectionTarget": 3,
      "BlueprintTransform": {
        "right": {
          "x": -0.7071067,
          "y": -4.9463048E-20,
          "z": 0.7071068
        },
        "up": {
          "x": 1.1073555E-21,
          "y": 1.0,
          "z": 7.106101E-20
        },
        "forward": {
          "x": -0.7071068,
          "y": 5.102816E-20,
          "z": -0.7071067
        },
        "trans": {
          "x": -198.9389,
          "y": 70.42934,
          "z": 155.9945
        }
      },
      "Blueprint": {
        "PartitionGuid": "f32ceda1-349c-11de-b32e-c9a083679a76",
        "InstanceGuid": "f32ceda2-349c-11de-b32e-c9a083679a76"
      },
      "ObjectVariation": null,
      "StreamRealm": 0,
      "CastSunShadowEnable": true,
      "Excluded": false
    },
    "683cca4a-02af-4535-8cc9-16f600a7904f": {
      "$type": "ReferenceObjectData",
      "IndexInBlueprint": 1258,
      "IsEventConnectionTarget": 3,
      "IsPropertyConnectionTarget": 3,
      "BlueprintTransform": {
        "right": {
          "x": 0.68908316,
          "y": -1.8468511E-18,
          "z": -0.7246823
        },
        "up": {
          "x": -2.5775657E-10,
          "y": 1.0,
          "z": -2.4509458E-10
        },
        "forward": {
          "x": 0.7246823,
          "y": 3.5568218E-10,
          "z": 0.68908316
        },
        "trans": {
          "x": -125.223976,
          "y": 69.367,
          "z": 174.32922
        }
      },
      "Blueprint": {
        "PartitionGuid": "a315cd0f-12a7-4c11-8058-33b5fd562895",
        "InstanceGuid": "a60a69c1-79dc-4f79-91fd-73c7905c04ab"
      },
      "ObjectVariation": null,
      "StreamRealm": 0,
      "CastSunShadowEnable": true,
      "Excluded": false
    },
    "9d80a6ef-18ca-4e70-b218-8cd5646b3a18": {
      "$type": "ReferenceObjectData",
      "IndexInBlueprint": 1251,
      "IsEventConnectionTarget": 3,
      "IsPropertyConnectionTarget": 3,
      "BlueprintTransform": {
        "right": {
          "x": -2.6714408E-08,
          "y": 1.0,
          "z": 1.3313164E-07
        },
        "up": {
          "x": 0.69703746,
          "y": 2.0365539E-07,
          "z": -0.7170348
        },
        "forward": {
          "x": -0.7170347,
          "y": 7.547371E-08,
          "z": -0.69703746
        },
        "trans": {
          "x": -152.60944,
          "y": 70.69693,
          "z": 202.7645
        }
      },
      "Blueprint": {
        "PartitionGuid": "640e1372-3be6-11de-b340-e9a3a589dd38",
        "InstanceGuid": "640e1373-3be6-11de-b340-e9a3a589dd38"
      },
      "ObjectVariation": null,
      "StreamRealm": 0,
      "CastSunShadowEnable": true,
      "Excluded": false
    },
    "a3513c40-8ebc-44fc-af06-156466ea1d63": {
      "$type": "ReferenceObjectData",
      "IndexInBlueprint": 1256,
      "IsEventConnectionTarget": 3,
      "IsPropertyConnectionTarget": 2,
      "BlueprintTransform": {
        "right": {
          "x": -0.7071061,
          "y": 1.1095024E-07,
          "z": -0.7071065
        },
        "up": {
          "x": 1.1364668E-07,
          "y": 1.0,
          "z": -1.0253007E-07
        },
        "forward": {
          "x": 0.7071064,
          "y": -1.652689E-07,
          "z": -0.7071062
        },
        "trans": {
          "x": -173.66827,
          "y": 70.23015,
          "z": 180.09268
        }
      },
      "Blueprint": {
        "PartitionGuid": "81f86cbe-c704-11e0-8ba9-e7ef36a8cbd1",
        "InstanceGuid": "05764b92-6d2b-6b00-493c-bc5156c144d2"
      },
      "ObjectVariation": null,