{
  "Name": "levels/mp_017/r/layer0_r_logic",
  "PartitionGuid": "8d4b2806-aac0-403d-8a0c-c3bcdbc9ae9e",
  "PrimaryInstanceGuid": "342fede3-caa4-4daf-984d-a16eebd01f7d",
  "Instances": {
    "5b1292c4-309a-46f5-bb80-f21c3dc83ddb": {
      "$type": "CameraEntityData",
      "IsEventConnectionTarget": 3,
      "IsPropertyConnectionTarget": 3,
      "IndexInBlueprint": 19,
      "Transform": {
        "right": {
          "x": -0.37561387,
          "y": -0.014481988,
          "z": 0.926663
        },
        "up": {
          "x": 0.20970209,
          "y": 0.9726175,
          "z": 0.10020086
        },
        "forward": {
          "x": -0.9027397,
          "y": 0.23196001,
          "z": -0.36229172
        },
        "trans": {
          "x": -888.1957,
          "y": 90.96703,
          "z": -63.671818
        }
      },
      "NameId": "",
      "Priority": 1,
      "Enabled": true,
      "Fov": 0.0
    },
    "c8d83fb7-008f-432d-b98d-8a896f721edd": {
      "$type": "ReferenceObjectData",
      "BlueprintTransform": {
        "right": {
          "x": 1.0,
          "y": 0.0,
          "z": -1.7484555E-07
        },
        "up": {
          "x": 0.0,
          "y": 1.0,
          "z": 0.0
        },
        "forward": {
          "x": 1.7484555E-07,
          "y": 0.0,
          "z": 1.0
        },
        "trans": {
          "x": 266.01733,
          "y": 121.01404,
          "z": 643.30475
        }
      },
      "Blueprint": {
        "PartitionGuid": "dab4f4c8-b769-11df-841c-d78d51189a7d",
        "InstanceGuid": "1f9e378e-2a3f-99c0-350d-ab7e09474cbf"
      },
      "ObjectVariation": null,
      "StreamRealm": 0,
      "CastSunShadowEnable": true,
      "Excluded": false,
      "IndexInBlueprint": 18,
      "IsEventConnectionTarget": 0,
      "IsPropertyConnectionTarget": 2
    },
    "8f8e1206-84bc-48d2-b198-a53f7af5269a": {
      "$type": "ReferenceObjectData",
      "BlueprintTransform": {
        "right": {
          "x": -0.98625714,
          "y": 0.0,
          "z": 0.16521797
        },
        "up": {
          "x": 0.0,
          "y": 1.0,
          "z": 0.0
        },
        "forward": {
          "x": -0.16521797,
          "y": 0.0,
          "z": -0.98625714
        },
        "trans": {
          "x": -231.36687,
          "y": 85.48773,
          "z": 560.4183
        }
      },
      "Blueprint": {
        "PartitionGuid": "e6d658c6-ce31-4164-9b19-e419f7bf9518",
        "InstanceGuid": "dfb22331-a752-43b8-9022-a4e7c733a4ea"
      },
      "ObjectVariation": null,
      "StreamRealm": 0,
      "CastSunShadowEnable": true,
      "Excluded": false,
      "IndexInBlueprint": 21,
      "IsEventConnectionTarget": 2,
      "IsPropertyConnectionTarget": 3
    },
    "d69245de-7805-4bd5-8e88-807440155eff": {
      "$type": "ReferenceObjectData",
      "BlueprintTransform": {
        "right": {
          "x": -1.0,
          "y": 0.0,
          "z": -4.371139E-08
        },
        "up": {
          "x": 0.0,
          "y": 1.0,
          "z": 0.0
        },
        "forward": {
          "x": 4.371139E-08,
          "y": 0.0,
          "z": -1.0
        },
        "trans": {
          "x": -199.46233,
          "y": 85.48773,
          "z": 618.4372
        }
      },
      "Blueprint": {
        "PartitionGuid": "4c752fce-c774-4e84-9331-fa149aa1756a",
        "InstanceGuid": "79506d77-4fc5-4327-95f3-ac45f0931463"
      },
      "ObjectVariation": null,
      "StreamRealm": 0,
      "CastSunShadowEnable": true,
      "Excluded": false,
      "IndexInBlueprint": 22,
      "IsEventConnectionTarget": 2,
      "IsPropertyConnectionTarget": 3
    },
    "9afec12e-a395-463c-b0d1-685839bf156a": {
      "$type": "VolumeVectorShapeData",
      "Height": 0.0,
      "Points": [
        {
          "x": 43.945274,
          "y": 64.03223,
          "z": 231.1542
        },
        {
          "x": -301.59988,
          "y": 64.03223,
          "z": 510.5972
        },
        {
          "x": -383.61136,
          "y": 64.03223,
          "z": 267.16824
        },
        {
          "x": -154.33621,
          "y": 64.03223,
          "z": 53.908287
        }
      ],
      "Normals": [
        {
          "x": 0.0,
          "y": 1.0,
          "z": 0.0
        },
        {
          "x": 0.0,
          "y": 1.0,
          "z": 0.0
        },
        {
          "x": 0.0,
          "y": 1.0,
          "z": 0.0
        },
        {
          "x": 0.0,
          "y": 1.0,
          "z": 0.0
        }
      ],
      "Tension": 0.0,
      "IsClosed": true,
      "AllowRoll": false,
      "IndexInBlueprint": 13,
      "IsEventConnectionTarget": 2,
      "IsPropertyConnectionTarget": 3
    },
    "f1c0a96a-8c7e-4159-b21a-1adbef6f83c5": {
      "$type": "VolumeVectorShapeData",
      "Height": 0.0,
      "Points": [
        {
          "x": -301.64893,
          "y": 72.07922,
          "z": 510.60446
        },
        {
          "x": -783.2804,
          "y": 72.07922,
          "z": 115.44299
        },
        {
          "x": -769.1051,
          "y": 72.07922,
          "z": -534.7614
        },
        {
          "x": 41.469776,
          "y": 72.07922,
          "z": 231.2608
        }
      ],
      "Normals": [
        {
          "x": 0.0,
          "y": 1.0,
          "z": 0.0
        },
        {
          "x": 0.0,
          "y": 1.0,
          "z": 0.0
        },
        {
          "x": 0.0,
          "y": 1.0,
          "z": 0.0
        },
        {
          "x": 0.0,
          "y": 1.0,
          "z": 0.0
        }
      ],
      "Tension": 0.0,
      "IsClosed": true,
      "AllowRoll": false,
      "IndexInBlueprint": 14,
      "IsEventConnectionTarget": 2,
      "IsPropertyConnectionTarget": 3
    },
    "da09d065-2b99-4d37-8314-cee7b7c33d72": {
      "$type": "VolumeVectorShapeData",
      "Height": 0.0,
      "Points": [
        {
          "x": 43.7564,
          "y": 91.318016,
          "z": 231.24211
        },
        {
          "x": -301.71628,
          "y": 91.318016,
          "z": 510.47662
        },
        {
          "x": -459.67456,
          "y": 91.318016,
          "z": 223.2764
        },
        {
          "x": -420.7373,
          "y": 91.318016,
          "z": 152.06516
        },
        {
          "x": -411.70447,
          "y": 91.318016,
          "z": 57.31529
        },
        {
          "x": -403.87103,
          "y": 91.318016,
          "z": -199.11739
        }
      ],
      "Normals": [
        {
          "x": 0.0,
          "y": 1.0,
          "z": 0.0
        },
        {
          "x": 0.0,
          "y": 1.0,
          "z": 0.0
        },
        {
          "x": 0.0,
          "y": 1.0,
          "z": 0.0
        },
        {
          "x": 0.0,
          "y": 1.0,
          "z": 0.0
        },
        {
          "x": 0.0,
          "y": 1.0,
          "z": 0.0
        },
        {
          "x": 0.0,
          "y": 1.0,
          "z": 0.0
        }
      ],
      "Tension": 0.0,
      "IsClosed": true,
      "AllowRoll": false,
      "IndexInBlueprint": 15,
      "IsEventConnectionTarget": 2,
      "IsPropertyConnectionTarget": 3
    },
    "7d7b57eb-adb7-42d9-b1d3-0b19ff33e681": {
      "$type": "VolumeVectorShapeData",
      "Height": 0.0,
      "Points": [
        {
          "x": -123.00491,
          "y": 64.03223,
          "z": 240.99162
        },
        {
          "x": -231.34042,
          "y": 64.03223,
          "z": 342.08777
        },
        {
          "x": -338.06174,
          "y": 64.03223,
          "z": 230.12541
        },
        {
          "x": -130.75317,
          "y": 64.03223,