{
  "Name": "levels/mp_001/rush/layer1_base1_us",
  "PartitionGuid": "7f72e116-9f0e-4203-9635-b905c76d18be",
  "PrimaryInstanceGuid": "ac961e8a-693e-4419-88fc-90f57b083384",
  "Instances": {
    "01cd4986-e693-4cb8-a1c4-72f783207bbf": {
      "$type": "AlternateSpawnEntityData",
      "Team": 1,
      "Priority": 1.0,
      "Enabled": true,
      "Transform": {
        "right": {
          "x": -0.72636604,
          "y": 0.0,
          "z": 0.68730795
        },
        "up": {
          "x": 0.0,
          "y": 1.0,
          "z": 0.0
        },
        "forward": {
          "x": -0.68730795,
          "y": 0.0,
          "z": -0.72636604
        },
        "trans": {
          "x": -122.355125,
          "y": 75.46706,
          "z": 128.05339
        }
      },
      "IndexInBlueprint": 21,
      "IsEventConnectionTarget": 2,
      "IsPropertyConnectionTarget": 3
    },
    "602271f0-b78b-4180-960a-99a4f9a30f83": {
      "$type": "AlternateSpawnEntityData",
      "Team": 1,
      "Priority": 1.0,
      "Enabled": true,
      "Transform": {
        "right": {
          "x": -0.997191,
          "y": 0.0,
          "z": 0.07490223
        },
        "up": {
          "x": 0.0,
          "y": 1.0,
          "z": 0.0
        },
        "forward": {
          "x": -0.07490223,
          "y": 0.0,
          "z": -0.997191
        },
        "trans": {
          "x": -152.6481,
          "y": 75.803375,
          "z": 140.89546
        }
      },
      "IndexInBlueprint": 22,
      "IsEventConnectionTarget": 2,
      "IsPropertyConnectionTarget": 3
    },
    "a9c2f82c-561f-436b-9e91-cc9bd43056fb": {
      "$type": "AlternateSpawnEntityData",
      "Team": 1,
      "Priority": 1.0,
      "Enabled": true,
      "Transform": {
        "right": {
          "x": -0.07132244,
          "y": 0.0,
          "z": -0.99745333
        },
        "up": {
          "x": 0.0,
          "y": 1.0,
          "z": 0.0
        },
        "forward": {
          "x": 0.99745333,
          "y": 0.0,
          "z": -0.07132244
        },
        "trans": {
          "x": -130.23024,
          "y": 75.16984,
          "z": 112.23147
        }
      },
      "IndexInBlueprint": 23,
      "IsEventConnectionTarget": 2,
      "IsPropertyConnectionTarget": 3
    },
    "f53db9f5-5f0e-489e-976a-98a430951608": {
      "$type": "AlternateSpawnEntityData",
      "Team": 1,
      "Priority": 1.0,
      "Enabled": true,
      "Transform": {
        "right": {
          "x": -0.43627352,
          "y": 0.0,
          "z": 0.8998142
        },
        "up": {
          "x": 0.0,
          "y": 1.0,
          "z": 0.0
        },
        "forward": {
          "x": -0.8998142,
          "y": 0.0,
          "z": -0.43627352
        },
        "trans": {
          "x": -118.28265,
          "y": 75.75453,
          "z": 139.38496
        }
      },
      "IndexInBlueprint": 24,
      "IsEventConnectionTarget": 2,
      "IsPropertyConnectionTarget": 3
    },
    "6bc547ed-9d90-4d9c-8b3d-ba3edddde299": {
      "$type": "AlternateSpawnEntityData",
      "Team": 1,
      "Priority": 1.0,
      "Enabled": true,
      "Transform": {
        "right": {
          "x": 0.41304204,
          "y": 0.0,
          "z": 0.91071194
        },
        "up": {
          "x": 0.0,
          "y": 1.0,
          "z": 0.0
        },
        "forward": {
          "x": -0.91071194,
          "y": 0.0,
          "z": 0.41304204
        },
        "trans": {
          "x": -123.86871,
          "y": 75.51829,
          "z": 131.24731
        }
      },
      "IndexInBlueprint": 25,
      "IsEventConnectionTarget": 2,
      "IsPropertyConnectionTarget": 3
    },
    "31318ac7-6d71-4a45-ac0c-4c90d32c84e0": {
      "$type": "AlternateSpawnEntityData",
      "Team": 1,
      "Priority": 1.0,
      "Enabled": true,
      "Transform": {
        "right": {
          "x": -0.580243,
          "y": 0.0,
          "z": -0.8144434
        },
        "up": {
          "x": 0.0,
          "y": 1.0,
          "z": 0.0
        },
        "forward": {
          "x": 0.8144434,
          "y": 0.0,
          "z": -0.580243
        },
        "trans": {
          "x": -164.71254,
          "y": 75.07927,
          "z": 116.517845
        }
      },
      "IndexInBlueprint": 26,
      "IsEventConnectionTarget": 2,
      "IsPropertyConnectionTarget": 3
    },
    "316df056-0652-4a49-9f53-4a2d52ba8204": {
      "$type": "AlternateSpawnEntityData",
      "Team": 1,
      "Priority": 1.0,
      "Enabled": true,
      "Transform": {
        "right": {
          "x": -0.040080026,
          "y": 0.0,
          "z": -0.9991965
        },
        "up": {
          "x": 0.0,
          "y": 1.0,
          "z": 0.0
        },
        "forward": {
          "x": 0.9991965,
          "y": 0.0,
          "z": -0.040080026
        },
        "trans": {
          "x": -128.78664,
          "y": 75.20642,
          "z": 111.00241
        }
      },
      "IndexInBlueprint": 27,
      "IsEventConnectionTarget": 2,
      "IsPropertyConnectionTarget": 3
    },
    "9d4be449-8014-4e18-900e-f9476e4d8dcc": {
      "$type": "AlternateSpawnEntityData",
      "Team": 1,
      "Priority": 1.0,
      "Enabled": true,
      "Transform": {
        "right": {
          "x": -0.4087619,
          "y": 0.0,
          "z": -0.91264105
        },
        "up": {
          "x": 0.0,
          "y": 1.0,
          "z": 0.0
        },
        "forward": {
          "x": 0.91264105,
          "y": 0.0,
          "z": -0.4087619
        },
        "trans": {
          "x": -164.74239,
          "y": 75.07927,
          "z": 109.55505
        }
      },
      "IndexInBlueprint": 28,
      "IsEventConnectionTarget": 3,
      "IsPropertyConnectionTarget": 3
    },
    "c89eb6f2-97f6-44f1-9ba9-fcd198d31994": {
      "$type": "AlternateSpawnEntityData",
      "Team": 1,
      "Priority": 1.0,
      "Enabled": true,
      "Transform": {
        "right": {
          "x": -0.86327744,
          "y": 0.0,
          "z": 0.5047299
        },
        "up": {
          "x": 0.0,
          "y": 1.0,
          "z": 0.0
        },
        "forward": {
          "x": -0.5047299,
          "y": 0.0,
          "z": -0.86327744
        },
        "trans": {
          "x": -128.39894,
          "y": 75.756584,
          "z": 139.34724
        }
      },
      "IndexInBlueprint": 31,
      "IsEventConnectionTarget": 2,
      "IsPropertyConnectionTarget": 3
    },
    "56a4d621-dfd3-460f-9622-a78ca2874bb8": {
      "$type": "AlternateSpawnEntityData",
      "Team": 1,
      "Priority": 1.0,
      "Enabled": true,
      "Transform": {
        "right": {
          "x": -0.9318622,
          "y": 0.0,
          "z": 0.3628128
        },
        "up": {
          "x": 0.0,
          "y": 1.0,
          "z": 0.0
        },
        "forward": {
          "x": -0.3628128,
          "y": 0.0,
          "z": -0.9318622
        },
        "trans": {
          "x": -147.74718,
          "y": 75.93653,
          "z": 140.45273
        }
      },
      "IndexInBlueprint": 32,
      "IsEventConnectionTarget": 2,
      "IsPropertyConnectionTarget": 3
    },
    "f8755a3f-7eec-40c1-8c77-e29201abc2e0": {
      "$type": "AlternateSpawnEntityData",
      "Team": 1,
      "Priority": 1.0,
      "Enabled": true,
      "Transform": {
        "right": {
          "x": 0.4763252,
          "y": 0.0,
          "z": -0.87926936
        },
        "up": {
          "x": 0.0,
          "y": 1.0,
          "z": 0.0
        },
        "forward": {
          "x": 0.87926936,
          "y": 0.0,
          "z": 0.4763252
        },
        "trans": {
          "x": -130.69432,