{
  "Name": "levels/mp_001/squad_deathmatch/layer1_sqdm_art",
  "PartitionGuid": "a7d3c9a1-8a8c-4325-91ba-e429145abf6f",
  "PrimaryInstanceGuid": "6aac7aed-37b5-4434-b16b-07210a404d87",
  "Instances": {
    "759ca001-8dfa-4183-8d4a-516445f7559e": {
      "$type": "ReferenceObjectData",
      "BlueprintTransform": {
        "right": {
          "x": 0.91463345,
          "y": -0.074963294,
          "z": 0.76549315
        },
        "up": {
          "x": 3.802847E-09,
          "y": 1.1893647,
          "z": 0.11647224
        },
        "forward": {
          "x": -0.76915497,
          "y": -0.08914192,
          "z": 0.9102794
        },
        "trans": {
          "x": -137.23305,
          "y": 75.96858,
          "z": -207.08698
        }
      },
      "Blueprint": {
        "PartitionGuid": "4b538a56-b2ac-11e0-b533-cd6b96f5b2ee",
        "InstanceGuid": "1ee22385-7657-4f04-4268-4ac60c985e9d"
      },
      "ObjectVariation": null,
      "StreamRealm": 0,
      "CastSunShadowEnable": true,
      "Excluded": false,
      "IndexInBlueprint": 125,
      "IsEventConnectionTarget": 3,
      "IsPropertyConnectionTarget": 3
    },
    "8548a8e2-a890-4561-87f3-f1eff3a1ec89": {
      "$type": "ReferenceObjectData",
      "BlueprintTransform": {
        "right": {
          "x": -1.0735515,
          "y": 1.2944043E-10,
          "z": -0.52501506
        },
        "up": {
          "x": -8.95497E-16,
          "y": 1.195054,
          "z": -1.2905137E-09
        },
        "forward": {
          "x": 0.5250152,
          "y": -2.4523108E-09,
          "z": -1.0735517
        },
        "trans": {
          "x": -140.90927,
          "y": 75.79484,
          "z": -207.02803
        }
      },
      "Blueprint": {
        "PartitionGuid": "4b538a56-b2ac-11e0-b533-cd6b96f5b2ee",
        "InstanceGuid": "1ee22385-7657-4f04-4268-4ac60c985e9d"
      },
      "ObjectVariation": null,
      "StreamRealm": 0,
      "CastSunShadowEnable": true,
      "Excluded": false,
      "IndexInBlueprint": 126,
      "IsEventConnectionTarget": 3,
      "IsPropertyConnectionTarget": 3
    },
    "7cc1e48c-7989-4812-acb3-368f134b17b7": {
      "$type": "ReferenceObjectData",
      "BlueprintTransform": {
        "right": {
          "x": 0.8574061,
          "y": 0.016374664,
          "z": -0.8323103
        },
        "up": {
          "x": 0.04345393,
          "y": 1.1923136,
          "z": 0.068221435
        },
        "forward": {
          "x": 0.83133656,
          "y": -0.07921034,
          "z": 0.8548446
        },
        "trans": {
          "x": -149.17018,
          "y": 75.815765,
          "z": -206.51201
        }
      },
      "Blueprint": {
        "PartitionGuid": "4b538a56-b2ac-11e0-b533-cd6b96f5b2ee",
        "InstanceGuid": "1ee22385-7657-4f04-4268-4ac60c985e9d"
      },
      "ObjectVariation": null,
      "StreamRealm": 0,
      "CastSunShadowEnable": true,
      "Excluded": false,
      "IndexInBlueprint": 127,
      "IsEventConnectionTarget": 3,
      "IsPropertyConnectionTarget": 3
    },
    "14b215c1-e2cf-454e-a7c4-d50a59631acd": {
      "$type": "ReferenceObjectData",
      "BlueprintTransform": {
        "right": {
          "x": 0.9708289,
          "y": 1.2944097E-10,
          "z": 0.6968821
        },
        "up": {
          "x": -2.1545841E-10,
          "y": 1.195054,
          "z": 1.2724006E-09
        },
        "forward": {
          "x": -0.69688225,
          "y": -2.4523104E-09,
          "z": 0.97082907
        },
        "trans": {
          "x": -134.69246,
          "y": 76.58614,
          "z": -207.60599
        }
      },
      "Blueprint": {
        "PartitionGuid": "4b538a56-b2ac-11e0-b533-cd6b96f5b2ee",
        "InstanceGuid": "1ee22385-7657-4f04-4268-4ac60c985e9d"
      },
      "ObjectVariation": null,
      "StreamRealm": 0,
      "CastSunShadowEnable": true,
      "Excluded": false,
      "IndexInBlueprint": 128,
      "IsEventConnectionTarget": 3,
      "IsPropertyConnectionTarget": 3
    },
    "6aac7aed-37b5-4434-b16b-07210a404d87": {
      "$type": "WorldPartData",
      "Name": "Levels/MP_001/SQDM_Art",
      "PropertyConnections": [],
      "LinkConnections": [],
      "EventConnections": [],
      "Descriptor": null,
      "NeedNetworkId": false,
      "InterfaceHasConnections": false,
      "AlwaysCreateEntityBusClient": false,
      "AlwaysCreateEntityBusServer": false,
      "Objects": [
        {
          "PartitionGuid": "a7d3c9a1-8a8c-4325-91ba-e429145abf6f",
          "InstanceGuid": "759ca001-8dfa-4183-8d4a-516445f7559e"
        },
        {
          "PartitionGuid": "a7d3c9a1-8a8c-4325-91ba-e429145abf6f",
          "InstanceGuid": "8548a8e2-a890-4561-87f3-f1eff3a1ec89"
        },
        {
          "PartitionGuid": "a7d3c9a1-8a8c-4325-91ba-e429145abf6f",
          "InstanceGuid": "7cc1e48c-7989-4812-acb3-368f134b17b7"
        },
        {
          "PartitionGuid": "a7d3c9a1-8a8c-4325-91ba-e429145abf6f",
          "InstanceGuid": "14b215c1-e2cf-454e-a7c4-d50a59631acd"
        }
      ],
      "Enabled": true,
      "UseDeferredEntityCreation": false,
      "HackToSolveRealTimeTweakingIssue": "d8d1b6f6-0eea-e3a6-52b0-dcfc3faf6a4c"
    }
  }
}