{
  "Name": "levels/mp_001/team_deathmatch/layer2_tdm0_art",
  "PartitionGuid": "c33af9f5-038d-4d05-a0f8-3e24900f500e",
  "PrimaryInstanceGuid": "d8c3514d-232b-4fbe-a82f-937d7c21d13a",
  "Instances": {
    "da3eefa2-f23c-44cd-bae9-77c501cce339": {
      "$type": "ReferenceObjectData",
      "BlueprintTransform": {
        "right": {
          "x": 0.8,
          "y": 0.0,
          "z": 0.0
        },
        "up": {
          "x": 0.0,
          "y": 0.8,
          "z": -7.873262E-10
        },
        "forward": {
          "x": 0.0,
          "y": 7.873262E-10,
          "z": 0.8
        },
        "trans": {
          "x": -50.943546,
          "y": 75.11273,
          "z": -42.999535
        }
      },
      "Blueprint": {
        "PartitionGuid": "8b71d172-8518-11e0-bb7a-dda550615caf",
        "InstanceGuid": "db773658-00fc-49e9-5603-7467a89f63e1"
      },
      "ObjectVariation": null,
      "StreamRealm": 0,
      "CastSunShadowEnable": true,
      "Excluded": false,
      "IndexInBlueprint": 54,
      "IsEventConnectionTarget": 3,
      "IsPropertyConnectionTarget": 3
    },
    "c8eab547-c5e1-4868-a817-73d0da3c733f": {
      "$type": "ReferenceObjectData",
      "BlueprintTransform": {
        "right": {
          "x": 0.047243003,
          "y": 1.1462356E-11,
          "z": -0.19434017
        },
        "up": {
          "x": -2.1821212E-10,
          "y": 0.2,
          "z": -4.1249948E-11
        },
        "forward": {
          "x": 0.19434015,
          "y": 2.2178075E-10,
          "z": 0.047243003
        },
        "trans": {
          "x": -146.82755,
          "y": 74.71855,
          "z": -12.121754
        }
      },
      "Blueprint": {
        "PartitionGuid": "a67e50a0-8225-478e-aac4-eeea3dfe369b",
        "InstanceGuid": "40ffbd73-cb2f-4284-ba77-f1b494d69912"
      },
      "ObjectVariation": null,
      "StreamRealm": 0,
      "CastSunShadowEnable": true,
      "Excluded": false,
      "IndexInBlueprint": 55,
      "IsEventConnectionTarget": 3,
      "IsPropertyConnectionTarget": 3
    },
    "27b1ae81-b77f-497c-8fab-e5ae45da8e54": {
      "$type": "ReferenceObjectData",
      "BlueprintTransform": {
        "right": {
          "x": 0.0016854068,
          "y": -1.2191045E-10,
          "z": -0.5999977
        },
        "up": {
          "x": -6.546361E-10,
          "y": 0.6,
          "z": -1.2374983E-10
        },
        "forward": {
          "x": 0.5999977,
          "y": 6.549816E-10,
          "z": 0.0016854223
        },
        "trans": {
          "x": -143.84387,
          "y": 74.71855,
          "z": -8.874896
        }
      },
      "Blueprint": {
        "PartitionGuid": "a67e50a0-8225-478e-aac4-eeea3dfe369b",
        "InstanceGuid": "40ffbd73-cb2f-4284-ba77-f1b494d69912"
      },
      "ObjectVariation": null,
      "StreamRealm": 0,
      "CastSunShadowEnable": true,
      "Excluded": false,
      "IndexInBlueprint": 56,
      "IsEventConnectionTarget": 3,
      "IsPropertyConnectionTarget": 3
    },
    "01fa2bd8-bcc4-46e5-99f2-e54f1cc19291": {
      "$type": "ReferenceObjectData",
      "BlueprintTransform": {
        "right": {
          "x": 0.047243003,
          "y": 1.1462358E-11,
          "z": -0.19434017
        },
        "up": {
          "x": -2.1821212E-10,
          "y": 0.2,
          "z": -4.1249948E-11
        },
        "forward": {
          "x": 0.19434015,
          "y": 2.2178075E-10,
          "z": 0.04724301
        },
        "trans": {
          "x": -146.84593,
          "y": 79.47787,
          "z": -12.046204
        }
      },
      "Blueprint": {
        "PartitionGuid": "a67e50a0-8225-478e-aac4-eeea3dfe369b",
        "InstanceGuid": "40ffbd73-cb2f-4284-ba77-f1b494d69912"
      },
      "ObjectVariation": null,
      "StreamRealm": 0,
      "CastSunShadowEnable": true,
      "Excluded": false,
      "IndexInBlueprint": 57,
      "IsEventConnectionTarget": 3,
      "IsPropertyConnectionTarget": 3
    },
    "af48b29a-0a34-439a-aab7-e9ac157f80d3": {
      "$type": "ReferenceObjectData",
      "BlueprintTransform": {
        "right": {
          "x": 0.070864506,
          "y": 1.7193533E-11,
          "z": -0.29151025
        },
        "up": {
          "x": -3.2731817E-10,
          "y": 0.3,
          "z": -6.187493E-11
        },
        "forward": {
          "x": 0.29151025,
          "y": 3.3267114E-10,
          "z": 0.07086452
        },
        "trans": {
          "x": -146.9582,
          "y": 84.00547,
          "z": -11.584373
        }
      },
      "Blueprint": {
        "PartitionGuid": "a67e50a0-8225-478e-aac4-eeea3dfe369b",
        "InstanceGuid": "40ffbd73-cb2f-4284-ba77-f1b494d69912"
      },
      "ObjectVariation": null,
      "StreamRealm": 0,
      "CastSunShadowEnable": true,
      "Excluded": false,
      "IndexInBlueprint": 58,
      "IsEventConnectionTarget": 3,
      "IsPropertyConnectionTarget": 3
    },
    "82b98e1e-9e94-47d7-a18d-4c7464b45cfd": {
      "$type": "ReferenceObjectData",
      "BlueprintTransform": {
        "right": {
          "x": -1.3113416E-08,
          "y": 1.5082053E-24,
          "z": -0.3
        },
        "up": {
          "x": -3.3311515E-10,
          "y": 0.3,
          "z": 1.4560931E-17
        },
        "forward": {
          "x": 0.3,
          "y": 3.3311515E-10,
          "z": -1.3113427E-08
        },
        "trans": {
          "x": -63.651592,
          "y": 76.531425,
          "z": -9.389706
        }
      },
      "Blueprint": {
        "PartitionGuid": "a67e50a0-8225-478e-aac4-eeea3dfe369b",
        "InstanceGuid": "40ffbd73-cb2f-4284-ba77-f1b494d69912"
      },
      "ObjectVariation": null,
      "StreamRealm": 0,
      "CastSunShadowEnable": true,
      "Excluded": false,
      "IndexInBlueprint": 59,
      "IsEventConnectionTarget": 3,
      "IsPropertyConnectionTarget": 3
    },
    "ec3b639c-55e7-4900-aa37-a4ed7c60890f": {
      "$type": "ReferenceObjectData",
      "BlueprintTransform": {
        "right": {
          "x": -1.3113416E-08,
          "y": 2.274038E-24,
          "z": -0.3
        },
        "up": {
          "x": -3.3311515E-10,
          "y": 0.3,
          "z": 1.4560931E-17
        },
        "forward": {
          "x": 0.3,
          "y": 3.3311515E-10,
          "z": -1.3113427E-08
        },
        "trans": {
          "x": -63.651592,
          "y": 83.53175,
          "z": -9.389706
        }
      },
      "Blueprint": {
        "PartitionGuid": "a67e50a0-8225-478e-aac4-eeea3dfe369b",
        "InstanceGuid": "40ffbd73-cb2f-4284-ba77-f1b494d69912"
      },
      "ObjectVariation": null,
      "StreamRealm": 0,
      "CastSunShadowEnable": true,
      "Excluded": false,
      "IndexInBlueprint": 60,
      "IsEventConnectionTarget": 3,
      "IsPropertyConnectionTarget": 3
    },
    "04f583fe-b658-4974-bb11-175fb253c064": {
      "$type": "ReferenceObjectData",
      "BlueprintTransform": {
        "right": {
          "x": 0.29999885,
          "y": 3.2749065E-10,
          "z": 0.0008427165
        },
        "up": {
          "x": -3.273181E-10,
          "y": 0.3,
          "z": -6.187491E-11
        },
        "forward": {
          "x": -0.0008427241,
          "y": 6.095535E-11,
          "z": 0.29999885
        },
        "trans": {
          "x": -42.174187,
          "y": 73.828735,
          "z": -90.14872
        }
      },
      "Blueprint": {
        "PartitionGuid": "a67e50a0-8225-478e-aac4-eeea3dfe369b",
        "InstanceGuid": "40ffbd73-cb2f-4284-ba77-f1b494d69912"
      },
      "ObjectVariation": null,
      "StreamRealm": 0,
      "CastSunShadowEnable": true,
      "Excluded": false,
      "IndexInBlueprint": 61,
      "IsEventConnectionTarget": 3,