{
  "Name": "levels/sp_villa/drive/layer5_drive_areas",
  "PartitionGuid": "ca060107-0cb8-4be0-80f6-6e0b9ab87da5",
  "PrimaryInstanceGuid": "d055fa54-2016-4314-938d-9d8c10a57ab7",
  "Instances": {
    "02f0293d-cf71-4b20-8395-de5c8aa0a2b1": {
      "$type": "OBBData",
      "IndexInBlueprint": 330,
      "IsEventConnectionTarget": 1,
      "IsPropertyConnectionTarget": 3,
      "Transform": {
        "right": {
          "x": 0.9999189,
          "y": 0.0,
          "z": -0.012739819
        },
        "up": {
          "x": 0.0,
          "y": 1.0,
          "z": 0.0
        },
        "forward": {
          "x": 0.012739818,
          "y": 0.0,
          "z": 0.99991894
        },
        "trans": {
          "x": -248.44557,
          "y": 269.43414,
          "z": -108.182
        }
      },
      "HalfExtents": {
        "x": 18.879986,
        "y": 4.06495,
        "z": 1.0
      }
    },
    "2dbed5c4-801e-4445-b77a-2f734a95e3fe": {
      "$type": "OBBData",
      "IndexInBlueprint": 338,
      "IsEventConnectionTarget": 1,
      "IsPropertyConnectionTarget": 3,
      "Transform": {
        "right": {
          "x": -0.5451845,
          "y": 0.0,
          "z": 0.8383162
        },
        "up": {
          "x": 0.0,
          "y": 1.0,
          "z": 0.0
        },
        "forward": {
          "x": -0.8383162,
          "y": 0.0,
          "z": -0.5451844
        },
        "trans": {
          "x": -203.35533,
          "y": 243.70685,
          "z": 19.92656
        }
      },
      "HalfExtents": {
        "x": 2.562298,
        "y": 3.4546087,
        "z": 1.0
      }
    },
    "49d41db0-8d66-45f5-be01-418800af34ce": {
      "$type": "OBBData",
      "IndexInBlueprint": 334,
      "IsEventConnectionTarget": 1,
      "IsPropertyConnectionTarget": 3,
      "Transform": {
        "right": {
          "x": 0.8781188,
          "y": 0.0,
          "z": 0.4784426
        },
        "up": {
          "x": 0.0,
          "y": 1.0,
          "z": 0.0
        },
        "forward": {
          "x": -0.4784426,
          "y": 0.0,
          "z": 0.8781188
        },
        "trans": {
          "x": -237.22256,
          "y": 262.234,
          "z": -61.520164
        }
      },
      "HalfExtents": {
        "x": 28.694517,
        "y": 6.432795,
        "z": 0.9999999
      }
    },
    "4b8ac15b-8ffe-4b88-bb89-c829e8b455bf": {
      "$type": "OBBData",
      "IndexInBlueprint": 327,
      "IsEventConnectionTarget": 1,
      "IsPropertyConnectionTarget": 3,
      "Transform": {
        "right": {
          "x": 0.88431776,
          "y": 0.0,
          "z": 0.46688563
        },
        "up": {
          "x": 0.0,
          "y": 1.0,
          "z": 0.0
        },
        "forward": {
          "x": -0.46688554,
          "y": 0.0,
          "z": 0.8843179
        },
        "trans": {
          "x": -238.6456,
          "y": 263.47278,
          "z": -78.117744
        }
      },
      "HalfExtents": {
        "x": 0.6112872,
        "y": 1.0,
        "z": 3.1006448
      }
    },
    "6f4a0b8e-0d35-4f35-8ccb-1fb7bae05796": {
      "$type": "OBBData",
      "IndexInBlueprint": 324,
      "IsEventConnectionTarget": 1,
      "IsPropertyConnectionTarget": 3,
      "Transform": {
        "right": {
          "x": 0.89326257,
          "y": 0.0,
          "z": -0.44953546
        },
        "up": {
          "x": 0.0,
          "y": 1.0,
          "z": 0.0
        },
        "forward": {
          "x": 0.44953534,
          "y": 0.0,
          "z": 0.89326257
        },
        "trans": {
          "x": -250.42656,
          "y": 267.2904,
          "z": -95.47193
        }
      },
      "HalfExtents": {
        "x": 20.16645,
        "y": 4.350089,
        "z": 0.9902628
      }
    },
    "728be841-632c-481a-8d2f-60030a391cf8": {
      "$type": "OBBData",
      "IndexInBlueprint": 336,
      "IsEventConnectionTarget": 3,
      "IsPropertyConnectionTarget": 3,
      "Transform": {
        "right": {
          "x": 1.0,
          "y": 0.0,
          "z": 0.0
        },
        "up": {
          "x": 0.0,
          "y": 1.0,
          "z": 0.0
        },
        "forward": {
          "x": 0.0,
          "y": 0.0,
          "z": 1.0
        },
        "trans": {
          "x": -245.43689,
          "y": 271.22018,
          "z": -143.00644
        }
      },
      "HalfExtents": {
        "x": 1.6611362,
        "y": 2.3435667,
        "z": 1.6690848
      }
    },
    "918b5aa3-c6d4-477f-bfc4-d5fd1634d155": {
      "$type": "OBBData",
      "IndexInBlueprint": 339,
      "IsEventConnectionTarget": 1,
      "IsPropertyConnectionTarget": 3,
      "Transform": {
        "right": {
          "x": 0.9103973,
          "y": 0.0,
          "z": -0.41373515
        },
        "up": {
          "x": 0.0,
          "y": 1.0,
          "z": 0.0
        },
        "forward": {
          "x": 0.41373515,
          "y": 0.0,
          "z": 0.9103973
        },
        "trans": {
          "x": -265.87955,
          "y": 267.5568,
          "z": -87.99299
        }
      },
      "HalfExtents": {
        "x": 4.0,
        "y": 2.0,
        "z": 2.0
      }
    },
    "91cf1d07-4f25-49ac-9f75-c6e53c140ece": {
      "$type": "OBBData",
      "IndexInBlueprint": 335,
      "IsEventConnectionTarget": 1,
      "IsPropertyConnectionTarget": 3,
      "Transform": {
        "right": {
          "x": 0.8781189,
          "y": 0.0,
          "z": 0.4784425
        },
        "up": {
          "x": 0.0,
          "y": 1.0,
          "z": 0.0
        },
        "forward": {
          "x": -0.4784426,
          "y": 0.0,
          "z": 0.8781188
        },
        "trans": {
          "x": -239.57033,
          "y": 260.4468,
          "z": -58.24418
        }
      },
      "HalfExtents": {
        "x": 27.259815,
        "y": 8.231941,
        "z": 0.99999994
      }
    },
    "99844ca6-513b-42d2-8489-e418f2fe6f6c": {
      "$type": "VolumeVectorShapeData",
      "IndexInBlueprint": 328,
      "IsEventConnectionTarget": 1,
      "IsPropertyConnectionTarget": 3,
      "Points": [
        {
          "x": -222.43817,
          "y": 248.5663,
          "z": 10.251738
        },
        {
          "x": -219.41125,
          "y": 248.60056,
          "z": 5.5353007
        },
        {
          "x": -216.69376,
          "y": 247.98601,
          "z": -0.5465
        },
        {
          "x": -218.64993,
          "y": 248.58192,
          "z": -4.03662
        },
        {
          "x": -223.89996,
          "y": 248.88562,
          "z": -5.254328
        },
        {
          "x": -226.59338,
          "y": 249.16313,
          "z": -1.6152098
        },
        {
          "x": -229.95729,
          "y": 249.2423,
          "z": 2.1884632
        },
        {
          "x": -230.8445,
          "y": 249.04282,
          "z": 5.080266
        }
      ],
      "Normals": [
        {
          "x": 0.0,
          "y": 1.0,
          "z": 0.0
        },
        {
          "x": 0.0,
          "y": 1.0,
          "z": 0.0
        },
        {
          "x": 0.0,
          "y": 1.0,
          "z": 0.0
        },
        {
          "x": 0.0,
          "y": 1.0,
          "z": 0.0
        },
        {
          "x": 0.0,
          "y": 1.0,
          "z": 0.0
        },
        {
          "x": 0.0,
          "y": 1.0,
          "z": 0.0
        },
        {
          "x": 0.0,
          "y": 1.0,
          "z": 0.0
        },
        {
          "x": 0.0,
          "y": 1.0,
          "z": 0.0
        }
      ],
      "Tension": 0.0,
      "IsClosed": true,
      "AllowRoll": false,
      "Height": 2.0
    },