{
  "Name": "levels/sp_finale/chase_sub/layer3_chase_triggers",
  "PartitionGuid": "c5574bca-a41d-4b8c-b2e2-4d692889d336",
  "PrimaryInstanceGuid": "69418f1a-72e7-4fcb-a6cb-dffd76b17825",
  "Instances": {
    "2415534d-32f9-47b7-afdd-f8944471bfb4": {
      "$type": "OBBData",
      "Transform": {
        "right": {
          "x": 1.0,
          "y": 0.0,
          "z": 1.4530748E-07
        },
        "up": {
          "x": 0.0,
          "y": 1.0,
          "z": 0.0
        },
        "forward": {
          "x": -1.4530748E-07,
          "y": 0.0,
          "z": 1.0
        },
        "trans": {
          "x": -58.4208,
          "y": 66.07232,
          "z": 1086.5924
        }
      },
      "HalfExtents": {
        "x": 1.0,
        "y": 1.0,
        "z": 1.0
      },
      "IndexInBlueprint": 258,
      "IsEventConnectionTarget": 3,
      "IsPropertyConnectionTarget": 3
    },
    "1a1aec6e-9fde-4101-9eca-19218f416b49": {
      "$type": "OBBData",
      "Transform": {
        "right": {
          "x": 1.0,
          "y": 0.0,
          "z": 1.6074455E-07
        },
        "up": {
          "x": 0.0,
          "y": 1.0,
          "z": 0.0
        },
        "forward": {
          "x": -1.09908235E-07,
          "y": 0.0,
          "z": 1.0
        },
        "trans": {
          "x": -82.816444,
          "y": 66.8635,
          "z": 933.95996
        }
      },
      "HalfExtents": {
        "x": 28.87546,
        "y": 2.8957715,
        "z": 6.1216097
      },
      "IndexInBlueprint": 259,
      "IsEventConnectionTarget": 1,
      "IsPropertyConnectionTarget": 3
    },
    "07005392-1a50-4188-b66c-20036bd9b277": {
      "$type": "OBBData",
      "Transform": {
        "right": {
          "x": 1.0,
          "y": 0.0,
          "z": 1.6074455E-07
        },
        "up": {
          "x": 0.0,
          "y": 1.0,
          "z": 0.0
        },
        "forward": {
          "x": -1.09908235E-07,
          "y": 0.0,
          "z": 1.0
        },
        "trans": {
          "x": -82.816376,
          "y": 66.8635,
          "z": 655.0742
        }
      },
      "HalfExtents": {
        "x": 28.87546,
        "y": 2.8957715,
        "z": 6.1216097
      },
      "IndexInBlueprint": 260,
      "IsEventConnectionTarget": 1,
      "IsPropertyConnectionTarget": 3
    },
    "274a612f-49cb-4d40-85c4-b46f643ef26b": {
      "$type": "OBBData",
      "Transform": {
        "right": {
          "x": 0.008924744,
          "y": 0.0,
          "z": 0.99996024
        },
        "up": {
          "x": 0.0,
          "y": 1.0,
          "z": 0.0
        },
        "forward": {
          "x": -0.99996024,
          "y": 0.0,
          "z": 0.00892476
        },
        "trans": {
          "x": -78.76942,
          "y": 66.8635,
          "z": 527.2422
        }
      },
      "HalfExtents": {
        "x": 375.09027,
        "y": 2.8957713,
        "z": 38.480053
      },
      "IndexInBlueprint": 261,
      "IsEventConnectionTarget": 1,
      "IsPropertyConnectionTarget": 3
    },
    "5579ac39-6a8c-46fc-b3e5-6a7d40198121": {
      "$type": "OBBData",
      "Transform": {
        "right": {
          "x": 1.0,
          "y": 0.0,
          "z": 1.6074455E-07
        },
        "up": {
          "x": 0.0,
          "y": 1.0,
          "z": 0.0
        },
        "forward": {
          "x": -1.09908235E-07,
          "y": 0.0,
          "z": 1.0
        },
        "trans": {
          "x": -82.81638,
          "y": 66.8635,
          "z": 528.5574
        }
      },
      "HalfExtents": {
        "x": 28.87546,
        "y": 2.8957715,
        "z": 6.1216097
      },
      "IndexInBlueprint": 262,
      "IsEventConnectionTarget": 1,
      "IsPropertyConnectionTarget": 3
    },
    "45a8c5cf-7f88-4b6b-a0ec-2659ba0bea91": {
      "$type": "OBBData",
      "Transform": {
        "right": {
          "x": 1.0,
          "y": 0.0,
          "z": 1.6074455E-07
        },
        "up": {
          "x": 0.0,
          "y": 1.0,
          "z": 0.0
        },
        "forward": {
          "x": -1.09908264E-07,
          "y": 0.0,
          "z": 1.0
        },
        "trans": {
          "x": -73.65971,
          "y": 66.8635,
          "z": 479.8147
        }
      },
      "HalfExtents": {
        "x": 33.032825,
        "y": 2.895771,
        "z": 6.1216097
      },
      "IndexInBlueprint": 263,
      "IsEventConnectionTarget": 1,
      "IsPropertyConnectionTarget": 3
    },
    "e9e20f97-8296-4a94-949c-9159fce16f37": {
      "$type": "OBBData",
      "Transform": {
        "right": {
          "x": 1.0,
          "y": 0.0,
          "z": 1.6074455E-07
        },
        "up": {
          "x": 0.0,
          "y": 1.0,
          "z": 0.0
        },
        "forward": {
          "x": -1.09908235E-07,
          "y": 0.0,
          "z": 1.0
        },
        "trans": {
          "x": -93.485115,
          "y": 66.8635,
          "z": 409.7445
        }
      },
      "HalfExtents": {
        "x": 28.87546,
        "y": 2.8957715,
        "z": 6.1216097
      },
      "IndexInBlueprint": 264,
      "IsEventConnectionTarget": 1,
      "IsPropertyConnectionTarget": 3
    },
    "bde2eea7-7d94-4080-bc7d-57bc45529fdf": {
      "$type": "OBBData",
      "Transform": {
        "right": {
          "x": 1.0,
          "y": 0.0,
          "z": 1.6074455E-07
        },
        "up": {
          "x": 0.0,
          "y": 1.0,
          "z": 0.0
        },
        "forward": {
          "x": -1.09908235E-07,
          "y": 0.0,
          "z": 1.0
        },
        "trans": {
          "x": -93.485085,
          "y": 66.8635,
          "z": 186.95322
        }
      },
      "HalfExtents": {
        "x": 28.87546,
        "y": 2.8957715,
        "z": 6.1216097
      },
      "IndexInBlueprint": 265,
      "IsEventConnectionTarget": 1,
      "IsPropertyConnectionTarget": 3
    },
    "d51eb8ee-bc64-4255-aa53-b887287eab2a": {
      "$type": "OBBData",
      "Transform": {
        "right": {
          "x": 1.0,
          "y": 0.0,
          "z": 1.6074455E-07
        },
        "up": {
          "x": 0.0,
          "y": 1.0,
          "z": 0.0
        },
        "forward": {
          "x": -1.09908235E-07,
          "y": 0.0,
          "z": 1.0
        },
        "trans": {
          "x": -93.4851,
          "y": 66.8635,
          "z": 94.824844
        }
      },
      "HalfExtents": {
        "x": 28.87546,
        "y": 2.8957715,
        "z": 6.1216097
      },
      "IndexInBlueprint": 266,
      "IsEventConnectionTarget": 1,
      "IsPropertyConnectionTarget": 3
    },
    "7c22aec0-9ca4-4aa5-8dd3-b3823125c898": {
      "$type": "OBBData",
      "Transform": {
        "right": {
          "x": 1.0,
          "y": 0.0,
          "z": 1.6074455E-07
        },
        "up": {
          "x": 0.0,
          "y": 1.0,
          "z": 0.0
        },
        "forward": {
          "x": -1.09908235E-07,
          "y": 0.0,
          "z": 1.0
        },
        "trans": {
          "x": -118.56328,
          "y": 66.8635,
          "z": -100.894
        }
      },
      "HalfExtents": {
        "x": 28.87546,
        "y": 2.8957715,
        "z": 6.1216097
      },
      "IndexInBlueprint": 267,
      "IsEventConnectionTarget": 1,
      "IsPropertyConnectionTarget": 3
    },
    "9b4ca767-3b50-4ac2-afb2-ecf2bd5a0d1a": {
      "$type": "OBBData",
      "Transform": {
        "right": {
          "x": 1.0,
          "y": 0.0,
          "z": 1.4530748E-07
        },
        "up": {
          "x": 0.0,
          "y": 1.0,
          "z": 0.0
        },
        "forward": {
          "x": -1.4530748E-07,
          "y": 0.0,