{
  "Name": "levels/sp_finale/penn_sub/layer3_penn_triggers",
  "PartitionGuid": "6d51887d-b76f-43e8-a20f-2d848b65083e",
  "PrimaryInstanceGuid": "b830037a-007e-4db1-8aa5-1e242c22f83f",
  "Instances": {
    "73a21195-d5dc-420c-92c8-78245dcf7f55": {
      "$type": "OBBData",
      "Transform": {
        "right": {
          "x": 1.0,
          "y": 0.0,
          "z": 2.935401E-16
        },
        "up": {
          "x": 0.0,
          "y": 1.0,
          "z": 0.0
        },
        "forward": {
          "x": 1.1438277E-15,
          "y": 0.0,
          "z": 1.0
        },
        "trans": {
          "x": -97.79224,
          "y": 48.250034,
          "z": 1108.8365
        }
      },
      "HalfExtents": {
        "x": 3.9310176,
        "y": 2.8077412,
        "z": 2.8344097
      },
      "IndexInBlueprint": 170,
      "IsEventConnectionTarget": 1,
      "IsPropertyConnectionTarget": 3
    },
    "589405fb-8ff6-4c90-af8a-fd2b5da638c4": {
      "$type": "OBBData",
      "Transform": {
        "right": {
          "x": 1.0,
          "y": 0.0,
          "z": -8.8134435E-16
        },
        "up": {
          "x": 0.0,
          "y": 1.0,
          "z": 0.0
        },
        "forward": {
          "x": 0.0,
          "y": 0.0,
          "z": 1.0
        },
        "trans": {
          "x": -97.94774,
          "y": 48.377514,
          "z": 1147.9592
        }
      },
      "HalfExtents": {
        "x": 11.013182,
        "y": 1.1294931,
        "z": 1.0
      },
      "IndexInBlueprint": 171,
      "IsEventConnectionTarget": 1,
      "IsPropertyConnectionTarget": 3
    },
    "27d5ba34-8057-4b21-9481-fe457667b6ba": {
      "$type": "OBBData",
      "Transform": {
        "right": {
          "x": 1.0,
          "y": 0.0,
          "z": 1.9182889E-09
        },
        "up": {
          "x": 0.0,
          "y": 1.0,
          "z": 0.0
        },
        "forward": {
          "x": -1.9182889E-09,
          "y": 0.0,
          "z": 1.0
        },
        "trans": {
          "x": -80.79697,
          "y": 50.364006,
          "z": 1179.3306
        }
      },
      "HalfExtents": {
        "x": 1.0,
        "y": 1.0,
        "z": 1.0
      },
      "IndexInBlueprint": 172,
      "IsEventConnectionTarget": 1,
      "IsPropertyConnectionTarget": 3
    },
    "112dae87-03cd-4318-b833-8e8db941806a": {
      "$type": "OBBData",
      "Transform": {
        "right": {
          "x": 1.0,
          "y": 0.0,
          "z": 2.935401E-16
        },
        "up": {
          "x": 0.0,
          "y": 1.0,
          "z": 0.0
        },
        "forward": {
          "x": 0.0,
          "y": 0.0,
          "z": 1.0
        },
        "trans": {
          "x": -97.79224,
          "y": 48.95165,
          "z": 1117.5831
        }
      },
      "HalfExtents": {
        "x": 3.9310176,
        "y": 1.2979751,
        "z": 1.0
      },
      "IndexInBlueprint": 173,
      "IsEventConnectionTarget": 1,
      "IsPropertyConnectionTarget": 3
    },
    "2c93e003-46b1-41ab-9862-c7b381c0130e": {
      "$type": "OBBData",
      "Transform": {
        "right": {
          "x": 1.0,
          "y": 0.0,
          "z": 2.935401E-16
        },
        "up": {
          "x": 0.0,
          "y": 1.0,
          "z": 0.0
        },
        "forward": {
          "x": 0.0,
          "y": 0.0,
          "z": 1.0
        },
        "trans": {
          "x": -97.79224,
          "y": 48.877583,
          "z": 1119.2418
        }
      },
      "HalfExtents": {
        "x": 3.9310176,
        "y": 1.2979751,
        "z": 1.0
      },
      "IndexInBlueprint": 174,
      "IsEventConnectionTarget": 1,
      "IsPropertyConnectionTarget": 3
    },
    "e03533e2-c56e-4aa2-8c21-21ab71d01bf1": {
      "$type": "OBBData",
      "Transform": {
        "right": {
          "x": 1.0,
          "y": 0.0,
          "z": -1.823601E-08
        },
        "up": {
          "x": 0.0,
          "y": 1.0,
          "z": 0.0
        },
        "forward": {
          "x": -6.959783E-09,
          "y": 0.0,
          "z": 1.0
        },
        "trans": {
          "x": -95.32736,
          "y": 48.864815,
          "z": 1170.2711
        }
      },
      "HalfExtents": {
        "x": 1.1653358,
        "y": 1.0,
        "z": 1.300518
      },
      "IndexInBlueprint": 175,
      "IsEventConnectionTarget": 1,
      "IsPropertyConnectionTarget": 3
    },
    "9ba9686b-0a45-4377-b79b-2293c0c70465": {
      "$type": "OBBData",
      "Transform": {
        "right": {
          "x": 1.0,
          "y": 0.0,
          "z": -1.3947539E-15
        },
        "up": {
          "x": 0.0,
          "y": 1.0,
          "z": 0.0
        },
        "forward": {
          "x": 2.0213266E-15,
          "y": 0.0,
          "z": 1.0
        },
        "trans": {
          "x": -98.03906,
          "y": 46.66553,
          "z": 1157.3298
        }
      },
      "HalfExtents": {
        "x": 4.0,
        "y": 1.5323601,
        "z": 1.5377883
      },
      "IndexInBlueprint": 176,
      "IsEventConnectionTarget": 1,
      "IsPropertyConnectionTarget": 3
    },
    "0708894d-16df-416d-9252-485cb5957b6b": {
      "$type": "OBBData",
      "Transform": {
        "right": {
          "x": 1.0,
          "y": 0.0,
          "z": -5.276087E-16
        },
        "up": {
          "x": 0.0,
          "y": 1.0,
          "z": 0.0
        },
        "forward": {
          "x": 3.0159262E-16,
          "y": 0.0,
          "z": 1.0
        },
        "trans": {
          "x": -68.12717,
          "y": 56.519962,
          "z": 1130.5745
        }
      },
      "HalfExtents": {
        "x": 3.8248973,
        "y": 1.0,
        "z": 1.0879753
      },
      "IndexInBlueprint": 177,
      "IsEventConnectionTarget": 3,
      "IsPropertyConnectionTarget": 3
    },
    "7bf500d8-7687-4858-a435-a3a79dfd9bce": {
      "$type": "OBBData",
      "Transform": {
        "right": {
          "x": 1.0,
          "y": 0.0,
          "z": 1.9182889E-09
        },
        "up": {
          "x": 0.0,
          "y": 1.0,
          "z": 0.0
        },
        "forward": {
          "x": -9.146434E-09,
          "y": 0.0,
          "z": 1.0
        },
        "trans": {
          "x": -77.28486,
          "y": 50.174248,
          "z": 1179.1876
        }
      },
      "HalfExtents": {
        "x": 1.0,
        "y": 1.5674237,
        "z": 2.34258
      },
      "IndexInBlueprint": 178,
      "IsEventConnectionTarget": 1,
      "IsPropertyConnectionTarget": 3
    },
    "7b61a8f6-460c-457b-acdf-6a01694c97bf": {
      "$type": "OBBData",
      "Transform": {
        "right": {
          "x": 1.0,
          "y": 0.0,
          "z": 9.003054E-10
        },
        "up": {
          "x": 0.0,
          "y": 1.0,
          "z": 0.0
        },
        "forward": {
          "x": -1.3806519E-09,
          "y": 0.0,
          "z": 1.0
        },
        "trans": {
          "x": -72.4221,
          "y": 50.702755,
          "z": 1173.8998
        }
      },
      "HalfExtents": {
        "x": 1.7498752,
        "y": 1.4763507,
        "z": 2.500835
      },
      "IndexInBlueprint": 179,
      "IsEventConnectionTarget": 1,
      "IsPropertyConnectionTarget": 3
    },
    "1d7b5151-cf75-4fa7-b4e2-815dc47055fe": {
      "$type": "OBBData",
      "Transform": {
        "right": {
          "x": 0.9164051,
          "y": 0.0,
          "z": 0.40025207
        },
        "up": {
          "x": 0.0,
          "y": 1.0,
          "z": 0.0
        },
        "forward": {
          "x": -0.40025213,
          "y": 0.0,
          "z": 0.9164051
        },
        "trans": {
          "x": -98.11993,