{
  "Name": "levels/coop_003/props/servicelamp_destroyable/servicelamp_destroyable_cold_01_flicker",
  "PartitionGuid": "810bfe77-79af-4cef-b533-d245f89f0e81",
  "PrimaryInstanceGuid": "dd5a52a9-94e8-40bd-8408-b5e62ed21089",
  "Instances": {
    "e7f8e40b-def8-4850-9bff-19f92468fac9": {
      "$type": "FloatPropertyTrackData",
      "Values": [
        5.0,
        5.0,
        0.0,
        5.0,
        5.0,
        5.0,
        5.0,
        4.0,
        5.0,
        5.0,
        5.0,
        0.0,
        5.0,
        5.0,
        5.0,
        2.0,
        5.0,
        5.0,
        0.0,
        5.0,
        5.0,
        0.2,
        5.0,
        5.0,
        5.0,
        5.0,
        5.0,
        1.0,
        5.0,
        5.0
      ],
      "InterpolationType": 1,
      "Id": 1904985561,
      "Times": [
        0,
        150,
        169,
        194,
        514,
        689,
        1003,
        1046,
        1089,
        1330,
        1615,
        1645,
        1694,
        1966,
        2267,
        2280,
        2311,
        2902,
        2933,
        2964,
        3073,
        3182,
        3230,
        3635,
        3731,
        3865,
        4416,
        4445,
        4476,
        5135
      ]
    },
    "a5a8519d-88e9-4c40-ab77-4291ff2997c8": {
      "$type": "InterfaceDescriptorData",
      "InputEvents": [],
      "OutputEvents": [
        {
          "Id": 331135192
        }
      ],
      "InputLinks": [],
      "OutputLinks": [],
      "Fields": []
    },
    "6dd74a8c-9b88-4149-abcb-e33de669926a": {
      "$type": "ReferenceObjectData",
      "BlueprintTransform": {
        "right": {
          "x": -0.031860296,
          "y": 0.0039017512,
          "z": 0.5991408
        },
        "up": {
          "x": -0.0001796697,
          "y": -0.5999873,
          "z": 0.0038977098
        },
        "forward": {
          "x": 0.5991535,
          "y": 2.7567077E-05,
          "z": 0.031860773
        },
        "trans": {
          "x": -0.1227417,
          "y": 0.15411758,
          "z": -0.0127773285
        }
      },
      "Blueprint": {
        "PartitionGuid": "8e0fea14-45b7-11e0-9b3e-9d1d78c18b83",
        "InstanceGuid": "f10f6567-7e82-3e9c-08ca-e3e93f1e4e43"
      },
      "ObjectVariation": null,
      "StreamRealm": 0,
      "CastSunShadowEnable": true,
      "Excluded": false,
      "IndexInBlueprint": 1,
      "IsEventConnectionTarget": 3,
      "IsPropertyConnectionTarget": 3
    },
    "3e9dde88-daaa-4de0-8aa8-00e1b046508b": {
      "$type": "SequenceEntityData",
      "IsEventConnectionTarget": 3,
      "IsPropertyConnectionTarget": 3,
      "IndexInBlueprint": 2,
      "Events": [],
      "SequenceStartTime": 0,
      "SequenceLength": 6000,
      "Looping": true,
      "AutoStart": true,
      "AutoPlayFirstFrame": false,
      "PlayInReverse": false,
      "Realm": 2,
      "PropertyTracks": [
        {
          "PartitionGuid": "810bfe77-79af-4cef-b533-d245f89f0e81",
          "InstanceGuid": "e7f8e40b-def8-4850-9bff-19f92468fac9"
        }
      ],
      "CustomSequenceTracks": [],
      "ClientUpdatePass": 2,
      "ServerUpdatePass": 0,
      "ExternalTime": 0.0
    },
    "dd5a52a9-94e8-40bd-8408-b5e62ed21089": {
      "$type": "SpatialPrefabBlueprint",
      "Name": "Levels/COOP_003/Props/ServiceLamp_Destroyable/ServiceLamp_Destroyable_Cold_01_Flicker",
      "PropertyConnections": [
        {
          "Source": {
            "PartitionGuid": "810bfe77-79af-4cef-b533-d245f89f0e81",
            "InstanceGuid": "3e9dde88-daaa-4de0-8aa8-00e1b046508b"
          },
          "Target": {
            "PartitionGuid": "810bfe77-79af-4cef-b533-d245f89f0e81",
            "InstanceGuid": "bc30422a-5e4c-4b70-9d40-bd802df746e5"
          },
          "SourceFieldId": 1904985561,
          "TargetFieldId": -458572566
        }
      ],
      "LinkConnections": [],
      "EventConnections": [
        {
          "Source": {
            "PartitionGuid": "810bfe77-79af-4cef-b533-d245f89f0e81",
            "InstanceGuid": "6dd74a8c-9b88-4149-abcb-e33de669926a"
          },
          "Target": {
            "PartitionGuid": "810bfe77-79af-4cef-b533-d245f89f0e81",
            "InstanceGuid": "bc30422a-5e4c-4b70-9d40-bd802df746e5"
          },
          "SourceEvent": {
            "Id": -1452333337
          },
          "TargetEvent": {
            "Id": -117303631
          },
          "TargetType": 2
        },
        {
          "Source": {
            "PartitionGuid": "810bfe77-79af-4cef-b533-d245f89f0e81",
            "InstanceGuid": "6dd74a8c-9b88-4149-abcb-e33de669926a"
          },
          "Target": {
            "PartitionGuid": "810bfe77-79af-4cef-b533-d245f89f0e81",
            "InstanceGuid": "a5a8519d-88e9-4c40-ab77-4291ff2997c8"
          },
          "SourceEvent": {
            "Id": -1452333337
          },
          "TargetEvent": {
            "Id": 331135192
          },
          "TargetType": 1
        }
      ],
      "Descriptor": {
        "PartitionGuid": "810bfe77-79af-4cef-b533-d245f89f0e81",
        "InstanceGuid": "a5a8519d-88e9-4c40-ab77-4291ff2997c8"
      },
      "NeedNetworkId": false,
      "InterfaceHasConnections": true,
      "AlwaysCreateEntityBusClient": false,
      "AlwaysCreateEntityBusServer": false,
      "Objects": [
        {
          "PartitionGuid": "810bfe77-79af-4cef-b533-d245f89f0e81",
          "InstanceGuid": "bc30422a-5e4c-4b70-9d40-bd802df746e5"
        },
        {
          "PartitionGuid": "810bfe77-79af-4cef-b533-d245f89f0e81",
          "InstanceGuid": "6dd74a8c-9b88-4149-abcb-e33de669926a"
        },
        {
          "PartitionGuid": "810bfe77-79af-4cef-b533-d245f89f0e81",
          "InstanceGuid": "3e9dde88-daaa-4de0-8aa8-00e1b046508b"
        }
      ]
    },
    "bc30422a-5e4c-4b70-9d40-bd802df746e5": {
      "$type": "SpotLightEntityData",
      "Shape": 0,
      "ConeInnerAngle": 0.0,
      "ConeOuterAngle": 148.05,
      "FrustumFov": 40.0,
      "FrustumAspect": 1.0,
      "OrthoWidth": 5.0,
      "OrthoHeight": 5.0,
      "Texture": null,
      "CastShadowsMinLevel": 0,
      "CastShadowsEnable": false,
      "Color": {
        "x": 0.106,
        "y": 0.466,
        "z": 1.0
      },
      "ParticleColorScale": {
        "x": 1.0,
        "y": 1.0,
        "z": 1.0
      },
      "EnlightenColorScale": {
        "x": 1.0,
        "y": 1.0,
        "z": 1.0
      },
      "Radius": 7.0,
      "Intensity": 5.0,
      "AttenuationOffset": 0.01,
      "EnlightenColorMode": 0,
      "EnlightenEnable": false,
      "Visible": true,
      "SpecularEnable": true,
      "Transform": {
        "right": {
          "x": 1.0,
          "y": 0.0,
          "z": 0.0
        },
        "up": {
          "x": -2.6202392E-15,
          "y": -0.00077871874,
          "z": -0.9999997
        },
        "forward": {
          "x": 2.0301084E-19,
          "y": 0.9999997,
          "z": -0.00077871874
        },
        "trans": {
          "x": -0.10997172,
          "y": 0.0,
          "z": 0.0
        }
      },
      "IndexInBlueprint": 0,
      "IsEventConnectionTarget": 0,
      "IsPropertyConnectionTarget": 2
    }
  }
}