{
  "Name": "levels/mp_007/mp_007/layer12_design_objects",
  "PartitionGuid": "dabf76e6-e6df-4e5f-9823-fa29619d4766",
  "PrimaryInstanceGuid": "56e1b4dd-153b-44a2-b414-3d2b9027f68f",
  "Instances": {
    "6834f922-fdee-4543-b12e-016690ecd2b9": {
      "$type": "ReferenceObjectData",
      "BlueprintTransform": {
        "right": {
          "x": 1.0,
          "y": 2.3716547E-24,
          "z": -2.561599E-09
        },
        "up": {
          "x": 1.4586521E-32,
          "y": 1.0,
          "z": 2.4651903E-32
        },
        "forward": {
          "x": 2.561599E-09,
          "y": 7.1974265E-24,
          "z": 1.0
        },
        "trans": {
          "x": 58.881695,
          "y": 132.704,
          "z": 226.62527
        }
      },
      "Blueprint": {
        "PartitionGuid": "6e77dad7-2da2-45ce-82ff-9acf3cebf4b8",
        "InstanceGuid": "c25e2cc2-9efa-45f1-9568-fa40dc7f4ae6"
      },
      "ObjectVariation": null,
      "StreamRealm": 0,
      "CastSunShadowEnable": true,
      "Excluded": false,
      "IndexInBlueprint": 1209,
      "IsEventConnectionTarget": 3,
      "IsPropertyConnectionTarget": 3
    },
    "1dc11d29-186e-4581-bace-8422e07749e4": {
      "$type": "ReferenceObjectData",
      "BlueprintTransform": {
        "right": {
          "x": 0.92084515,
          "y": -1.962546E-09,
          "z": 0.38992837
        },
        "up": {
          "x": -9.959869E-09,
          "y": 1.0,
          "z": 2.964454E-08
        },
        "forward": {
          "x": -0.38992852,
          "y": -7.772872E-08,
          "z": 0.92084515
        },
        "trans": {
          "x": 62.656796,
          "y": 131.96864,
          "z": 223.59125
        }
      },
      "Blueprint": {
        "PartitionGuid": "9ccf0dba-7d8d-4ca1-acb6-865bcbb0aa8f",
        "InstanceGuid": "42db4811-3e4f-4e4b-80a2-7304c8bac87e"
      },
      "ObjectVariation": null,
      "StreamRealm": 0,
      "CastSunShadowEnable": true,
      "Excluded": false,
      "IndexInBlueprint": 1210,
      "IsEventConnectionTarget": 3,
      "IsPropertyConnectionTarget": 3
    },
    "e4a28a08-2c03-4688-9d82-74e2458d6070": {
      "$type": "ReferenceObjectData",
      "BlueprintTransform": {
        "right": {
          "x": 0.42037734,
          "y": -2.3523537E-31,
          "z": 0.9073494
        },
        "up": {
          "x": -6.3148E-41,
          "y": 1.0,
          "z": 3.7364E-41
        },
        "forward": {
          "x": -0.9073494,
          "y": -4.7517998E-32,
          "z": 0.42037734
        },
        "trans": {
          "x": 58.284405,
          "y": 131.99734,
          "z": 217.52039
        }
      },
      "Blueprint": {
        "PartitionGuid": "9ccf0dba-7d8d-4ca1-acb6-865bcbb0aa8f",
        "InstanceGuid": "42db4811-3e4f-4e4b-80a2-7304c8bac87e"
      },
      "ObjectVariation": null,
      "StreamRealm": 0,
      "CastSunShadowEnable": true,
      "Excluded": false,
      "IndexInBlueprint": 1211,
      "IsEventConnectionTarget": 3,
      "IsPropertyConnectionTarget": 3
    },
    "32553bfd-0a4d-40fd-bdf0-874f4a9febbb": {
      "$type": "ReferenceObjectData",
      "BlueprintTransform": {
        "right": {
          "x": 0.6375866,
          "y": -2.8958388E-31,
          "z": 0.7703787
        },
        "up": {
          "x": -6.3148E-41,
          "y": 1.0,
          "z": 3.7364E-41
        },
        "forward": {
          "x": -0.7703787,
          "y": -4.0392975E-32,
          "z": 0.6375866
        },
        "trans": {
          "x": 59.317455,
          "y": 132.03326,
          "z": 220.6641
        }
      },
      "Blueprint": {
        "PartitionGuid": "9ccf0dba-7d8d-4ca1-acb6-865bcbb0aa8f",
        "InstanceGuid": "42db4811-3e4f-4e4b-80a2-7304c8bac87e"
      },
      "ObjectVariation": null,
      "StreamRealm": 0,
      "CastSunShadowEnable": true,
      "Excluded": false,
      "IndexInBlueprint": 1212,
      "IsEventConnectionTarget": 3,
      "IsPropertyConnectionTarget": 3
    },
    "d6f01a23-f82e-40c6-a83c-68f118615e4a": {
      "$type": "ReferenceObjectData",
      "BlueprintTransform": {
        "right": {
          "x": 1.0,
          "y": 2.8097387E-15,
          "z": -2.561599E-09
        },
        "up": {
          "x": 2.5055656E-17,
          "y": 1.0,
          "z": 1.459819E-17
        },
        "forward": {
          "x": 2.561599E-09,
          "y": -9.258497E-16,
          "z": 1.0
        },
        "trans": {
          "x": 55.494915,
          "y": 132.03326,
          "z": 218.88254
        }
      },
      "Blueprint": {
        "PartitionGuid": "9ccf0dba-7d8d-4ca1-acb6-865bcbb0aa8f",
        "InstanceGuid": "42db4811-3e4f-4e4b-80a2-7304c8bac87e"
      },
      "ObjectVariation": null,
      "StreamRealm": 0,
      "CastSunShadowEnable": true,
      "Excluded": false,
      "IndexInBlueprint": 1213,
      "IsEventConnectionTarget": 3,
      "IsPropertyConnectionTarget": 3
    },
    "3f1f506b-edd8-49a3-a3b6-5b3c731b1741": {
      "$type": "ReferenceObjectData",
      "BlueprintTransform": {
        "right": {
          "x": 1.0,
          "y": 2.8097387E-15,
          "z": -9.992007E-16
        },
        "up": {
          "x": 2.5055658E-17,
          "y": 1.0,
          "z": 1.459819E-17
        },
        "forward": {
          "x": -9.992007E-16,
          "y": -9.258497E-16,
          "z": 1.0
        },
        "trans": {
          "x": -148.9487,
          "y": 140.07559,
          "z": -95.25835
        }
      },
      "Blueprint": {
        "PartitionGuid": "9ccf0dba-7d8d-4ca1-acb6-865bcbb0aa8f",
        "InstanceGuid": "42db4811-3e4f-4e4b-80a2-7304c8bac87e"
      },
      "ObjectVariation": null,
      "StreamRealm": 0,
      "CastSunShadowEnable": true,
      "Excluded": false,
      "IndexInBlueprint": 1214,
      "IsEventConnectionTarget": 3,
      "IsPropertyConnectionTarget": 3
    },
    "3786ff30-a542-49d4-a993-44e59dd200bf": {
      "$type": "ReferenceObjectData",
      "BlueprintTransform": {
        "right": {
          "x": 1.0,
          "y": 2.8097387E-15,
          "z": -2.561599E-09
        },
        "up": {
          "x": 2.5055656E-17,
          "y": 1.0,
          "z": 1.459819E-17
        },
        "forward": {
          "x": 2.561599E-09,
          "y": -9.258497E-16,
          "z": 1.0
        },
        "trans": {
          "x": -151.84639,
          "y": 140.11151,
          "z": -94.9428
        }
      },
      "Blueprint": {
        "PartitionGuid": "9ccf0dba-7d8d-4ca1-acb6-865bcbb0aa8f",
        "InstanceGuid": "42db4811-3e4f-4e4b-80a2-7304c8bac87e"
      },
      "ObjectVariation": null,
      "StreamRealm": 0,
      "CastSunShadowEnable": true,
      "Excluded": false,
      "IndexInBlueprint": 1215,
      "IsEventConnectionTarget": 3,
      "IsPropertyConnectionTarget": 3
    },
    "bd95dc39-a784-42d3-ac47-a3c495b7de1c": {
      "$type": "ReferenceObjectData",
      "BlueprintTransform": {
        "right": {
          "x": 0.9394797,
          "y": -5.201433E-09,
          "z": 0.3426046
        },
        "up": {
          "x": 6.64496E-09,
          "y": 1.0,
          "z": -1.5768757E-08
        },
        "forward": {
          "x": -0.34260458,
          "y": -2.8637611E-08,
          "z": 0.93947965
        },
        "trans": {
          "x": -148.11609,
          "y": 140.11151,
          "z": -91.63368
        }
      },
      "Blueprint": {
        "PartitionGuid": "9ccf0dba-7d8d-4ca1-acb6-865bcbb0aa8f",
        "InstanceGuid": "42db4811-3e4f-4e4b-80a2-7304c8bac87e"
      },
      "ObjectVariation": null,
      "StreamRealm": 0,
      "CastSunShadowEnable": true,
      "Excluded": false,
      "IndexInBlueprint": 1216,
      "IsEventConnectionTarget": 3,