{
  "Name": "levels/mp_007/teamdeathmatch/layer2_teamdeathmatch_art",
  "PartitionGuid": "689039d5-2251-4576-8792-78d61120833f",
  "PrimaryInstanceGuid": "4c71ea23-0bc6-42ce-9c5d-fc639a5cafad",
  "Instances": {
    "9d2891eb-dc78-4576-9301-a8df2e36e809": {
      "$type": "PredestructionEntityData",
      "IsEventConnectionTarget": 3,
      "IsPropertyConnectionTarget": 3,
      "IndexInBlueprint": 74,
      "Transform": {
        "right": {
          "x": 1.0,
          "y": -1.3390861E-15,
          "z": 5.1143365E-09
        },
        "up": {
          "x": 3.0376516E-15,
          "y": 1.0,
          "z": -4.0654683E-16
        },
        "forward": {
          "x": 1.3686793E-08,
          "y": 6.6090365E-16,
          "z": 1.0
        },
        "trans": {
          "x": -174.87306,
          "y": 143.21568,
          "z": -117.3735
        }
      },
      "Enabled": true,
      "Components": [],
      "RuntimeComponentCount": 0,
      "Radius": 1.0
    },
    "8856eb5f-b6c7-436f-a203-ca6aa26646cd": {
      "$type": "PredestructionEntityData",
      "IsEventConnectionTarget": 3,
      "IsPropertyConnectionTarget": 3,
      "IndexInBlueprint": 75,
      "Transform": {
        "right": {
          "x": 0.9866617,
          "y": -4.376003E-12,
          "z": 0.16278423
        },
        "up": {
          "x": 4.37605E-12,
          "y": 1.0,
          "z": 3.5827306E-13
        },
        "forward": {
          "x": -0.16278423,
          "y": 3.588578E-13,
          "z": 0.9866617
        },
        "trans": {
          "x": -47.472736,
          "y": 137.07788,
          "z": -26.287842
        }
      },
      "Enabled": true,
      "Components": [],
      "RuntimeComponentCount": 0,
      "Radius": 1.0
    },
    "fdd048b8-ff86-4ee7-86d3-adca3c263465": {
      "$type": "PredestructionEntityData",
      "IsEventConnectionTarget": 3,
      "IsPropertyConnectionTarget": 3,
      "IndexInBlueprint": 76,
      "Transform": {
        "right": {
          "x": 0.9866617,
          "y": -4.3760026E-12,
          "z": 0.16278425
        },
        "up": {
          "x": 4.3760486E-12,
          "y": 1.0,
          "z": 3.5827548E-13
        },
        "forward": {
          "x": -0.16278425,
          "y": 3.5885685E-13,
          "z": 0.9866617
        },
        "trans": {
          "x": -43.61201,
          "y": 133.93954,
          "z": -31.63826
        }
      },
      "Enabled": true,
      "Components": [],
      "RuntimeComponentCount": 0,
      "Radius": 1.0
    },
    "d4882fb1-f6af-45f2-a9f5-8850421638fe": {
      "$type": "PredestructionEntityData",
      "IsEventConnectionTarget": 3,
      "IsPropertyConnectionTarget": 3,
      "IndexInBlueprint": 77,
      "Transform": {
        "right": {
          "x": -0.43685418,
          "y": -2.4178992E-11,
          "z": 0.8995324
        },
        "up": {
          "x": 2.4184137E-11,
          "y": 1.0,
          "z": 3.8624444E-11
        },
        "forward": {
          "x": -0.8995324,
          "y": 3.8627664E-11,
          "z": -0.43685418
        },
        "trans": {
          "x": -109.2381,
          "y": 140.52057,
          "z": -170.50343
        }
      },
      "Enabled": true,
      "Components": [],
      "RuntimeComponentCount": 0,
      "Radius": 1.0
    },
    "74de9a63-a200-44bc-8fc5-509f706e26ef": {
      "$type": "PredestructionEntityData",
      "IsEventConnectionTarget": 3,
      "IsPropertyConnectionTarget": 3,
      "IndexInBlueprint": 78,
      "Transform": {
        "right": {
          "x": -0.43685418,
          "y": -2.4178992E-11,
          "z": 0.8995324
        },
        "up": {
          "x": 2.4184139E-11,
          "y": 1.0,
          "z": 3.8624444E-11
        },
        "forward": {
          "x": -0.8995324,
          "y": 3.8627664E-11,
          "z": -0.43685418
        },
        "trans": {
          "x": -112.869446,
          "y": 139.70453,
          "z": -177.88504
        }
      },
      "Enabled": true,
      "Components": [],
      "RuntimeComponentCount": 0,
      "Radius": 1.0
    },
    "30e94454-e66e-4ce4-9542-bd37f4726aec": {
      "$type": "ReferenceObjectData",
      "BlueprintTransform": {
        "right": {
          "x": -0.42644653,
          "y": 0.00011554553,
          "z": 0.90451276
        },
        "up": {
          "x": -4.059997E-05,
          "y": 1.0,
          "z": -0.00014687875
        },
        "forward": {
          "x": -0.90451294,
          "y": -9.935975E-05,
          "z": -0.42644614
        },
        "trans": {
          "x": -166.59618,
          "y": 140.08026,
          "z": -180.11142
        }
      },
      "Blueprint": {
        "PartitionGuid": "1a707199-0364-11de-b228-d0c98d09f591",
        "InstanceGuid": "1a70719a-0364-11de-b228-d0c98d09f591"
      },
      "ObjectVariation": null,
      "StreamRealm": 0,
      "CastSunShadowEnable": true,
      "Excluded": false,
      "IndexInBlueprint": 73,
      "IsEventConnectionTarget": 3,
      "IsPropertyConnectionTarget": 3
    },
    "b013666c-5db2-4f98-88e4-c0e5f6cc6950": {
      "$type": "ReferenceObjectData",
      "BlueprintTransform": {
        "right": {
          "x": 0.99836993,
          "y": 0.032767374,
          "z": -0.0467307
        },
        "up": {
          "x": -0.030751172,
          "y": 0.9985919,
          "z": 0.04322926
        },
        "forward": {
          "x": 0.04808142,
          "y": -0.041721772,
          "z": 0.9979718
        },
        "trans": {
          "x": -169.45961,
          "y": 140.08026,
          "z": -181.76398
        }
      },
      "Blueprint": {
        "PartitionGuid": "1a707199-0364-11de-b228-d0c98d09f591",
        "InstanceGuid": "1a70719a-0364-11de-b228-d0c98d09f591"
      },
      "ObjectVariation": null,
      "StreamRealm": 0,
      "CastSunShadowEnable": true,
      "Excluded": false,
      "IndexInBlueprint": 79,
      "IsEventConnectionTarget": 3,
      "IsPropertyConnectionTarget": 3
    },
    "f92b87f3-ea55-47fb-b0ea-7378cd7a637a": {
      "$type": "ReferenceObjectData",
      "BlueprintTransform": {
        "right": {
          "x": -0.0048500923,
          "y": 0.9999285,
          "z": 0.010933285
        },
        "up": {
          "x": -0.99633807,
          "y": -0.005765449,
          "z": 0.085306846
        },
        "forward": {
          "x": 0.08536413,
          "y": -0.010479495,
          "z": 0.99629474
        },
        "trans": {
          "x": -168.28433,
          "y": 140.08026,
          "z": -181.85677
        }
      },
      "Blueprint": {
        "PartitionGuid": "1a707199-0364-11de-b228-d0c98d09f591",
        "InstanceGuid": "1a70719a-0364-11de-b228-d0c98d09f591"
      },
      "ObjectVariation": null,
      "StreamRealm": 0,
      "CastSunShadowEnable": true,
      "Excluded": false,
      "IndexInBlueprint": 80,
      "IsEventConnectionTarget": 3,
      "IsPropertyConnectionTarget": 3
    },
    "e5097ae0-51e3-41c6-837e-5ba33186ae3f": {
      "$type": "ReferenceObjectData",
      "BlueprintTransform": {
        "right": {
          "x": 0.030488966,
          "y": 0.0,
          "z": 0.9995351
        },
        "up": {
          "x": 0.0,
          "y": 1.0,
          "z": 0.0
        },
        "forward": {
          "x": -0.9995351,
          "y": 0.0,
          "z": 0.030488966
        },
        "trans": {
          "x": -128.46501,
          "y": 140.04065,
          "z": -81.43294
        }
      },
      "Blueprint": {
        "PartitionGuid": "19b26370-d83f-11df-84e1-e0066802136b",
        "InstanceGuid": "3384b6a4-2905-4c53-066b-574592cc15c2"
      },