{
  "Name": "objects/servicelamp_01/servicelamp_01_sp_sniper",
  "PartitionGuid": "20a332d7-b471-11e0-8185-b6f8f443ca81",
  "PrimaryInstanceGuid": "8b44ffa2-995a-e36d-0a5f-ffd7611941df",
  "Instances": {
    "9ec1272a-fef7-4ee8-b0bc-59443e9baacb": {
      "$type": "LensFlareEntityData",
      "Elements": [
        {
          "SizeCamDistCurve": {
            "x": 0.0,
            "y": 0.0,
            "z": -0.0860888,
            "w": 0.81492853
          },
          "SizeAngleCurve": {
            "x": 0.0,
            "y": 0.0,
            "z": 0.0,
            "w": 0.9000001
          },
          "Size": {
            "x": 1.0,
            "y": 1.0
          },
          "SizeOccluderCurve": {
            "x": 0.0,
            "y": 0.0,
            "z": -0.95145637,
            "w": 0.97145635
          },
          "SizeScreenPosCurve": {
            "x": 0.0,
            "y": 0.0,
            "z": 1.0082443,
            "w": 0.44109625
          },
          "AlphaCamDistCurve": {
            "x": 0.0,
            "y": -1.0923717,
            "z": 0.10168861,
            "w": 0.996126
          },
          "AlphaOccluderCurve": {
            "x": 0.0,
            "y": 0.0,
            "z": -4.7906995,
            "w": 4.8665133
          },
          "AlphaAngleCurve": {
            "x": 0.0,
            "y": 0.0,
            "z": 0.0,
            "w": 1.0550001
          },
          "AlphaScreenPosCurve": {
            "x": 0.0,
            "y": 0.0,
            "z": -0.9994936,
            "w": 0.969696
          },
          "SizeCamDistMax": 20.0,
          "RayDistance": 0.0,
          "Shader": {
            "PartitionGuid": "ab368ce0-b079-11e0-aeea-a13a192f2603",
            "InstanceGuid": "e19b75a6-8a9d-e920-66bd-7f731d9c1d82"
          },
          "AlphaCamDistMax": 50.0
        },
        {
          "SizeCamDistCurve": {
            "x": 0.0,
            "y": 0.0,
            "z": 0.0,
            "w": 1.0
          },
          "SizeAngleCurve": {
            "x": 0.0,
            "y": 0.0,
            "z": 0.8741723,
            "w": 0.36311248
          },
          "Size": {
            "x": 2.0,
            "y": 3.0
          },
          "SizeOccluderCurve": {
            "x": 0.0,
            "y": 0.0,
            "z": -6.8928523,
            "w": 6.9223175
          },
          "SizeScreenPosCurve": {
            "x": 0.0,
            "y": 0.0,
            "z": 0.14427859,
            "w": 0.82283586
          },
          "AlphaCamDistCurve": {
            "x": 0.0,
            "y": 0.0,
            "z": 0.0,
            "w": 1.0
          },
          "AlphaOccluderCurve": {
            "x": 0.0,
            "y": 0.0,
            "z": -1.0,
            "w": 1.0
          },
          "AlphaAngleCurve": {
            "x": 0.0,
            "y": 0.0,
            "z": 1.0,
            "w": 0.0
          },
          "AlphaScreenPosCurve": {
            "x": 0.0,
            "y": 0.0,
            "z": -0.46788985,
            "w": 0.4722476
          },
          "SizeCamDistMax": 50.0,
          "RayDistance": 1.0,
          "Shader": {
            "PartitionGuid": "5e46959b-9004-41d4-9682-f1a1bdcba40b",
            "InstanceGuid": "27e30130-39bf-4be5-aa36-10d1b4685d10"
          },
          "AlphaCamDistMax": 100.0
        }
      ],
      "OccluderSize": 1.0,
      "Visible": true,
      "HalfRes": true,
      "DebugDrawOccluder": false,
      "Transform": {
        "right": {
          "x": 0.9999999,
          "y": 5.9604638E-08,
          "z": 0.0
        },
        "up": {
          "x": -5.9604634E-08,
          "y": 0.9999998,
          "z": 0.0
        },
        "forward": {
          "x": 0.0,
          "y": 0.0,
          "z": 0.9999998
        },
        "trans": {
          "x": 0.13909045,
          "y": 0.0,
          "z": 0.0
        }
      },
      "IndexInBlueprint": 1,
      "IsEventConnectionTarget": 0,
      "IsPropertyConnectionTarget": 3
    },
    "18f47cac-a9a2-4633-bc1f-5bb4002c75ce": {
      "$type": "PointLightEntityData",
      "Width": 0.0,
      "TranslucencyAmbient": 0.0,
      "TranslucencyScale": 0.0,
      "TranslucencyPower": 8,
      "TranslucencyDistortion": 0.1,
      "Color": {
        "x": 0.222,
        "y": 0.381,
        "z": 0.415
      },
      "ParticleColorScale": {
        "x": 1.0,
        "y": 1.0,
        "z": 1.0
      },
      "EnlightenColorScale": {
        "x": 3.0,
        "y": 3.0,
        "z": 3.0
      },
      "Radius": 3.0,
      "Intensity": 8.0,
      "AttenuationOffset": 0.01,
      "EnlightenColorMode": 0,
      "EnlightenEnable": true,
      "Visible": true,
      "SpecularEnable": true,
      "Transform": {
        "right": {
          "x": -1.0,
          "y": 0.0,
          "z": -8.742278E-08
        },
        "up": {
          "x": 0.0,
          "y": 1.0,
          "z": 0.0
        },
        "forward": {
          "x": 8.742278E-08,
          "y": 0.0,
          "z": -1.0
        },
        "trans": {
          "x": 1.2301363,
          "y": -0.028430939,
          "z": 0.5120227
        }
      },
      "IndexInBlueprint": 2,
      "IsEventConnectionTarget": 0,
      "IsPropertyConnectionTarget": 3
    },
    "f5c933a3-2eec-4987-9ccc-a2e3abdce583": {
      "$type": "ReferenceObjectData",
      "BlueprintTransform": {
        "right": {
          "x": 2.3841862E-08,
          "y": -3.761289E-28,
          "z": 0.4
        },
        "up": {
          "x": 0.4,
          "y": 4.7683724E-08,
          "z": -6.4497275E-28
        },
        "forward": {
          "x": -2.3841858E-08,
          "y": 0.4,
          "z": 2.3841864E-08
        },
        "trans": {
          "x": 0.0,
          "y": 0.0,
          "z": 0.0
        }
      },
      "Blueprint": {
        "PartitionGuid": "8e0fea14-45b7-11e0-9b3e-9d1d78c18b83",
        "InstanceGuid": "f10f6567-7e82-3e9c-08ca-e3e93f1e4e43"
      },
      "ObjectVariation": null,
      "StreamRealm": 0,
      "CastSunShadowEnable": true,
      "Excluded": false,
      "IndexInBlueprint": 0,
      "IsEventConnectionTarget": 3,
      "IsPropertyConnectionTarget": 3
    },
    "8b44ffa2-995a-e36d-0a5f-ffd7611941df": {
      "$type": "SpatialPrefabBlueprint",
      "Name": "Objects/ServiceLamp_01/ServiceLamp_01_SP_Sniper",
      "PropertyConnections": [],
      "LinkConnections": [],
      "EventConnections": [
        {
          "Source": {
            "PartitionGuid": "20a332d7-b471-11e0-8185-b6f8f443ca81",
            "InstanceGuid": "f5c933a3-2eec-4987-9ccc-a2e3abdce583"
          },
          "Target": {
            "PartitionGuid": "20a332d7-b471-11e0-8185-b6f8f443ca81",
            "InstanceGuid": "9ec1272a-fef7-4ee8-b0bc-59443e9baacb"
          },
          "SourceEvent": {
            "Id": -1452333337
          },
          "TargetEvent": {
            "Id": -117303631
          },
          "TargetType": 2
        },
        {
          "Source": {
            "PartitionGuid": "20a332d7-b471-11e0-8185-b6f8f443ca81",
            "InstanceGuid": "f5c933a3-2eec-4987-9ccc-a2e3abdce583"
          },
          "Target": {
            "PartitionGuid": "20a332d7-b471-11e0-8185-b6f8f443ca81",
            "InstanceGuid": "18f47cac-a9a2-4633-bc1f-5bb4002c75ce"
          },
          "SourceEvent": {
            "Id": -1452333337
          },
          "TargetEvent": {
            "Id": -117303631
          },
          "TargetType": 2
        }
      ],
      "Descriptor": null,
      "NeedNetworkId": false,
      "InterfaceHasConnections": false,
      "AlwaysCreateEntityBusClient": false,
      "AlwaysCreateEntityBusServer": false,