{
  "Name": "fx/dlc/xp2/ambient/levelspecific/mp_skybar/emitters/em_dlc_sprinkler_floor_splash",
  "PartitionGuid": "607f1456-4674-11e1-9c81-a78bf907a297",
  "PrimaryInstanceGuid": "d4c736ef-bf26-dd1b-3258-af2b2035e79e",
  "Instances": {
    "027ef7d1-6414-4486-a736-7fd321d25561": {
      "$type": "UpdateColorData",
      "DefaultValues": {
        "x": 0.874,
        "y": 1.341,
        "z": 2.0,
        "w": 1.0
      },
      "NextProcessor": {
        "PartitionGuid": "607f1456-4674-11e1-9c81-a78bf907a297",
        "InstanceGuid": "69155a2e-a960-4951-aeae-55a4d0b9979c"
      },
      "Pre": null,
      "EvaluatorInput": 2,
      "Enable": true,
      "Color": {
        "x": 0.874,
        "y": 1.341,
        "z": 2.0
      }
    },
    "13342382-ef40-46e7-8411-dea92440c001": {
      "$type": "AirResistanceData",
      "DefaultValues": {
        "x": 1.0,
        "y": 1.0,
        "z": 1.0,
        "w": 1.0
      },
      "NextProcessor": {
        "PartitionGuid": "607f1456-4674-11e1-9c81-a78bf907a297",
        "InstanceGuid": "30bcf179-5750-476c-b535-34ca0b03427e"
      },
      "Pre": null,
      "EvaluatorInput": 2,
      "Enable": true,
      "DragFactor": 0.1
    },
    "13637581-e8ab-4c2e-865a-c7d1ea74e441": {
      "$type": "PolynomialData",
      "EmitterParameter": 0,
      "Coefficients": {
        "x": 0.0,
        "y": -0.6056389,
        "z": 1.4002618,
        "w": 0.20583387
      },
      "ScaleValue": 1.0,
      "MinClamp": 0.0,
      "MaxClamp": 1.0
    },
    "1d9140f3-140c-41a3-b38e-6214597605bf": {
      "$type": "SpawnRotationData",
      "DefaultValues": {
        "x": 1.0,
        "y": 1.0,
        "z": 1.0,
        "w": 1.0
      },
      "NextProcessor": {
        "PartitionGuid": "607f1456-4674-11e1-9c81-a78bf907a297",
        "InstanceGuid": "201cb654-d75b-425c-8844-20dc1161ed2f"
      },
      "Pre": {
        "PartitionGuid": "607f1456-4674-11e1-9c81-a78bf907a297",
        "InstanceGuid": "3f21e007-bf7a-402a-90fc-d431034b6d98"
      },
      "EvaluatorInput": 1,
      "Enable": true,
      "Rotation": 1.0
    },
    "1dfe9699-6e1d-4ddb-b0fb-35cfa0bdae78": {
      "$type": "PolynomialData",
      "EmitterParameter": 0,
      "Coefficients": {
        "x": 0.0,
        "y": 0.73185444,
        "z": 0.2337213,
        "w": 0.09615034
      },
      "ScaleValue": 1.0,
      "MinClamp": 0.0,
      "MaxClamp": 1.0
    },
    "201cb654-d75b-425c-8844-20dc1161ed2f": {
      "$type": "SpawnRotationSpeedData",
      "DefaultValues": {
        "x": 1.0,
        "y": 1.0,
        "z": 1.0,
        "w": 1.0
      },
      "NextProcessor": {
        "PartitionGuid": "607f1456-4674-11e1-9c81-a78bf907a297",
        "InstanceGuid": "b7e61991-66f2-4a33-b8a4-89a581c2e8ec"
      },
      "Pre": {
        "PartitionGuid": "607f1456-4674-11e1-9c81-a78bf907a297",
        "InstanceGuid": "36427545-80b0-452b-9cfe-3e939244e07c"
      },
      "EvaluatorInput": 1,
      "Enable": true,
      "RotationSpeed": 0.1
    },
    "273de613-aa7f-409e-9eae-56803af5a628": {
      "$type": "UpdateTextureCoordsData",
      "DefaultValues": {
        "x": 1.0,
        "y": 0.0,
        "z": 0.0,
        "w": 0.0
      },
      "NextProcessor": {
        "PartitionGuid": "607f1456-4674-11e1-9c81-a78bf907a297",
        "InstanceGuid": "7e0faeb9-dc05-4e52-b3d5-4ade4b253964"
      },
      "Pre": null,
      "EvaluatorInput": 2,
      "Enable": true,
      "TextureInfo1": {
        "TextureName": "FX/Textures/Water/Water_Splash_2x2_D",
        "NormalmapName": "Systems/Emitter/DefaultNormalmap",
        "AnimationFrameCount": 4.0,
        "AnimationFrameColumnCount": 2.0,
        "EnableAnimation": true
      },
      "TextureBlendValue": 1.0
    },
    "30bcf179-5750-476c-b535-34ca0b03427e": {
      "$type": "GravityData",
      "DefaultValues": {
        "x": 1.0,
        "y": 1.0,
        "z": 1.0,
        "w": 1.0
      },
      "NextProcessor": {
        "PartitionGuid": "607f1456-4674-11e1-9c81-a78bf907a297",
        "InstanceGuid": "925fea9d-258e-452b-a256-68ea25a12e9e"
      },
      "Pre": null,
      "EvaluatorInput": 2,
      "Enable": true,
      "Gravity": 4.0
    },
    "350847a0-8bd1-4ba3-817b-eb4cf7276745": {
      "$type": "UpdateRotationData",
      "DefaultValues": {
        "x": 1.0,
        "y": 0.0,
        "z": 0.0,
        "w": 0.0
      },
      "NextProcessor": {
        "PartitionGuid": "607f1456-4674-11e1-9c81-a78bf907a297",
        "InstanceGuid": "1d9140f3-140c-41a3-b38e-6214597605bf"
      },
      "Pre": {
        "PartitionGuid": "607f1456-4674-11e1-9c81-a78bf907a297",
        "InstanceGuid": "b75613ad-bb38-4522-bec8-72e41fd14de6"
      },
      "EvaluatorInput": 2,
      "Enable": true
    },
    "36427545-80b0-452b-9cfe-3e939244e07c": {
      "$type": "RandomEvaluatorData",
      "EmitterParameter": 0,
      "Max": 1.0,
      "Min": -1.0
    },
    "36bcc958-8d49-4d6f-88e2-21bbcd7c0024": {
      "$type": "RotateVectorData",
      "EmitterParameter": 0,
      "Angle": 30.0,
      "RotateWithinPlane": false,
      "InputAffectsPhi": true
    },
    "3ce55853-9263-458b-b3bc-81260b75e113": {
      "$type": "RandomEvaluatorData",
      "EmitterParameter": 0,
      "Max": 1.0,
      "Min": 0.25
    },
    "3f21e007-bf7a-402a-90fc-d431034b6d98": {
      "$type": "RandomEvaluatorData",
      "EmitterParameter": 0,
      "Max": 1.0,
      "Min": -1.0
    },
    "4a9c9ca9-b3ce-4820-85e5-431f87197270": {
      "$type": "SpawnSizeData",
      "DefaultValues": {
        "x": 1.0,
        "y": 1.0,
        "z": 1.0,
        "w": 1.0
      },
      "NextProcessor": {
        "PartitionGuid": "607f1456-4674-11e1-9c81-a78bf907a297",
        "InstanceGuid": "13342382-ef40-46e7-8411-dea92440c001"
      },
      "Pre": {
        "PartitionGuid": "607f1456-4674-11e1-9c81-a78bf907a297",
        "InstanceGuid": "3ce55853-9263-458b-b3bc-81260b75e113"
      },
      "EvaluatorInput": 1,
      "Enable": true,
      "Size": 1.25
    },
    "4b9678fe-e754-4dc7-a444-df844be3bdaf": {
      "$type": "SpawnPositionData",
      "DefaultValues": {
        "x": 0.0,
        "y": 0.0,
        "z": 0.0,
        "w": 1.0
      },
      "NextProcessor": {
        "PartitionGuid": "607f1456-4674-11e1-9c81-a78bf907a297",
        "InstanceGuid": "5fd7ae96-959a-4360-b322-93e2e2b9fb97"
      },
      "Pre": {
        "PartitionGuid": "607f1456-4674-11e1-9c81-a78bf907a297",
        "InstanceGuid": "6c1a77e5-9aed-41a1-814e-47677ab47dab"
      },
      "EvaluatorInput": 1,
      "Enable": true
    },
    "5ebdc4ea-4992-44d9-a9d9-2bc03bc9cd23": {
      "$type": "SpawnAnimationData",
      "DefaultValues": {
        "x": 0.0,
        "y": 0.0,
        "z": 0.0,
        "w": 0.0
      },
      "NextProcessor": {
        "PartitionGuid": "607f1456-4674-11e1-9c81-a78bf907a297",
        "InstanceGuid": "273de613-aa7f-409e-9eae-56803af5a628"
      },
      "Pre": null,
      "EvaluatorInput": 1,
      "Enable": true,
      "AnimationSpeed": 0.0
    },
    "5fd7ae96-959a-4360-b322-93e2e2b9fb97": {
      "$type": "SpawnSpeedData",
      "DefaultValues": {
        "x": 1.0,
        "y": 1.0,
        "z": 1.0,
        "w": 1.0
      },
      "NextProcessor": {
        "PartitionGuid": "607f1456-4674-11e1-9c81-a78bf907a297",
        "InstanceGuid": "350847a0-8bd1-4ba3-817b-eb4cf7276745"
      },
      "Pre": {
        "PartitionGuid": "607f1456-4674-11e1-9c81-a78bf907a297",
        "InstanceGuid": "e737aec2-0ffc-4b1b-bced-57a06b26edb6"
      },
      "EvaluatorInput": 1,
      "Enable": true,
      "Speed": 0.5
    },
    "69155a2e-a960-4951-aeae-55a4d0b9979c": {
      "$type": "SpawnAnimationFrameData",
      "DefaultValues": {
        "x": 1.0,
        "y": 0.0,
        "z": 0.0,
        "w": 0.0
      },