{
  "Name": "levels/sp_earthquake/cellar/layer9_cellareffects",
  "PartitionGuid": "d742b2e1-85ce-49ef-97cd-caf76c2e6c5b",
  "PrimaryInstanceGuid": "5f90c4ae-fcd3-4895-9077-2a5470ab6556",
  "Instances": {
    "14f27b4e-1320-4796-be99-582465c07994": {
      "$type": "LensFlareEntityData",
      "IndexInBlueprint": 180,
      "IsEventConnectionTarget": 3,
      "IsPropertyConnectionTarget": 3,
      "Transform": {
        "right": {
          "x": 1.0,
          "y": 0.0,
          "z": 0.0
        },
        "up": {
          "x": 0.0,
          "y": 5.960464E-08,
          "z": -0.9999999
        },
        "forward": {
          "x": 0.0,
          "y": 0.9999999,
          "z": 5.960464E-08
        },
        "trans": {
          "x": -578.93646,
          "y": 71.992165,
          "z": -2108.607
        }
      },
      "Elements": [
        {
          "SizeCamDistCurve": {
            "x": 0.0,
            "y": 0.0,
            "z": -0.64974636,
            "w": 1.0032488
          },
          "SizeAngleCurve": {
            "x": 0.0,
            "y": 0.0,
            "z": 0.0,
            "w": 1.0
          },
          "Size": {
            "x": 0.5,
            "y": 0.5
          },
          "SizeOccluderCurve": {
            "x": 0.0,
            "y": 0.0,
            "z": 0.0,
            "w": 1.0
          },
          "SizeScreenPosCurve": {
            "x": -1.2961416,
            "y": 1.9190154,
            "z": 0.062608555,
            "w": 0.31526494
          },
          "AlphaCamDistCurve": {
            "x": 0.0,
            "y": 0.0,
            "z": -0.32931727,
            "w": 0.35170686
          },
          "AlphaOccluderCurve": {
            "x": 0.0,
            "y": 0.0,
            "z": -1.0,
            "w": 1.0
          },
          "AlphaAngleCurve": {
            "x": 0.0,
            "y": 0.0,
            "z": 1.0168386,
            "w": 0.014780015
          },
          "AlphaScreenPosCurve": {
            "x": 0.0,
            "y": 0.0,
            "z": -0.97044337,
            "w": 1.0050001
          },
          "SizeCamDistMax": 10.0,
          "RayDistance": 0.0,
          "Shader": {
            "PartitionGuid": "3a1abb5a-3f9d-4d22-aa6e-4595960182d3",
            "InstanceGuid": "77e7e820-d2b8-4878-a4f7-c267afc30760"
          },
          "AlphaCamDistMax": 20.0
        }
      ],
      "OccluderSize": 0.25,
      "Visible": true,
      "HalfRes": true,
      "DebugDrawOccluder": false
    },
    "3d96b229-0c4b-47d3-acb4-5806c7f54dee": {
      "$type": "EffectReferenceObjectData",
      "IndexInBlueprint": 173,
      "IsEventConnectionTarget": 0,
      "IsPropertyConnectionTarget": 3,
      "BlueprintTransform": {
        "right": {
          "x": 1.0,
          "y": 0.0,
          "z": 0.0
        },
        "up": {
          "x": 0.0,
          "y": 1.0,
          "z": 0.0
        },
        "forward": {
          "x": 0.0,
          "y": 0.0,
          "z": 1.0
        },
        "trans": {
          "x": -589.8034,
          "y": 68.67034,
          "z": -2110.3125
        }
      },
      "Blueprint": {
        "PartitionGuid": "0df23977-17fa-11e0-8704-94a9533d5641",
        "InstanceGuid": "1844450a-f66c-ae76-d938-83b23adc4658"
      },
      "ObjectVariation": null,
      "StreamRealm": "StreamRealm_None",
      "CastSunShadowEnable": true,
      "Excluded": false,
      "AutoStart": false
    },
    "5920bb21-f463-45c2-900d-cbe4e159203f": {
      "$type": "EffectReferenceObjectData",
      "IndexInBlueprint": 178,
      "IsEventConnectionTarget": 3,
      "IsPropertyConnectionTarget": 3,
      "BlueprintTransform": {
        "right": {
          "x": 1.0,
          "y": 0.0,
          "z": 0.0
        },
        "up": {
          "x": 0.0,
          "y": 1.0,
          "z": 0.0
        },
        "forward": {
          "x": 0.0,
          "y": 0.0,
          "z": 1.0
        },
        "trans": {
          "x": -584.27844,
          "y": 80.06351,
          "z": -2083.7532
        }
      },
      "Blueprint": {
        "PartitionGuid": "c343af32-047d-43c8-b76d-0b77297adabf",
        "InstanceGuid": "b00360af-eaa9-45ac-b11c-cca591863f45"
      },
      "ObjectVariation": null,
      "StreamRealm": "StreamRealm_None",
      "CastSunShadowEnable": true,
      "Excluded": false,
      "AutoStart": true
    },
    "59a82af4-ff5d-414f-8476-bfc6eccc4052": {
      "$type": "EffectReferenceObjectData",
      "IndexInBlueprint": 172,
      "IsEventConnectionTarget": 0,
      "IsPropertyConnectionTarget": 3,
      "BlueprintTransform": {
        "right": {
          "x": 3.4228542E-08,
          "y": 0.0,
          "z": -0.99999994
        },
        "up": {
          "x": 0.0,
          "y": 1.0,
          "z": 0.0
        },
        "forward": {
          "x": 0.99999994,
          "y": 0.0,
          "z": 3.4228542E-08
        },
        "trans": {
          "x": -585.2576,
          "y": 73.7109,
          "z": -2108.9165
        }
      },
      "Blueprint": {
        "PartitionGuid": "1bc576bd-01f8-11e0-b675-b788200219e5",
        "InstanceGuid": "c3288bbb-1fd4-6a19-61e1-5bbcc714519b"
      },
      "ObjectVariation": null,
      "StreamRealm": "StreamRealm_None",
      "CastSunShadowEnable": true,
      "Excluded": false,
      "AutoStart": false
    },
    "5f90c4ae-fcd3-4895-9077-2a5470ab6556": {
      "$type": "WorldPartData",
      "Name": "Levels/SP_Earthquake/CellarEffects",
      "PropertyConnections": [],
      "LinkConnections": [],
      "EventConnections": [],
      "Descriptor": null,
      "NeedNetworkId": false,
      "InterfaceHasConnections": false,
      "AlwaysCreateEntityBusClient": false,
      "AlwaysCreateEntityBusServer": false,
      "Objects": [
        {
          "PartitionGuid": "d742b2e1-85ce-49ef-97cd-caf76c2e6c5b",
          "InstanceGuid": "59a82af4-ff5d-414f-8476-bfc6eccc4052"
        },
        {
          "PartitionGuid": "d742b2e1-85ce-49ef-97cd-caf76c2e6c5b",
          "InstanceGuid": "3d96b229-0c4b-47d3-acb4-5806c7f54dee"
        },
        {
          "PartitionGuid": "d742b2e1-85ce-49ef-97cd-caf76c2e6c5b",
          "InstanceGuid": "6ee4fcd9-8fba-497a-b8ef-61b545d77f4d"
        },
        {
          "PartitionGuid": "d742b2e1-85ce-49ef-97cd-caf76c2e6c5b",
          "InstanceGuid": "8599d9c2-a334-4424-b173-be38c99e5bfb"
        },
        {
          "PartitionGuid": "d742b2e1-85ce-49ef-97cd-caf76c2e6c5b",
          "InstanceGuid": "7cd23ce0-1ba1-4cb8-b600-bb8f69870b33"
        },
        {
          "PartitionGuid": "d742b2e1-85ce-49ef-97cd-caf76c2e6c5b",
          "InstanceGuid": "7e544415-2af2-4456-aac4-378fb72edc5c"
        },
        {
          "PartitionGuid": "d742b2e1-85ce-49ef-97cd-caf76c2e6c5b",
          "InstanceGuid": "5920bb21-f463-45c2-900d-cbe4e159203f"
        },
        {
          "PartitionGuid": "d742b2e1-85ce-49ef-97cd-caf76c2e6c5b",
          "InstanceGuid": "ef590246-4868-4c7b-953f-4e65f01b652b"
        },
        {
          "PartitionGuid": "d742b2e1-85ce-49ef-97cd-caf76c2e6c5b",
          "InstanceGuid": "14f27b4e-1320-4796-be99-582465c07994"
        },
        {
          "PartitionGuid": "d742b2e1-85ce-49ef-97cd-caf76c2e6c5b",
          "InstanceGuid": "dac6f940-4749-4b71-9ece-77ef7d80eb93"
        },
        {
          "PartitionGuid": "d742b2e1-85ce-49ef-97cd-caf76c2e6c5b",
          "InstanceGuid": "ceada9d5-46fe-4d22-97a6-fd73de707e1c"
        }
      ],
      "HackToSolveRealTimeTweakingIssue": "7365bba2-05be-03dd-03ac-7b45cff994ae",
      "UseDeferredEntityCreation": false,
      "Enabled": true
    },
    "6ee4fcd9-8fba-497a-b8ef-61b545d77f4d": {
      "$type": "EffectReferenceObjectData",
      "IndexInBlueprint": 174,