{
  "Name": "fx/dlc/xp1/destruction/generic/building/emitters/em_dlc_destruct_buildingwall_impact_concrete_meshp_02",
  "PartitionGuid": "191552de-49a0-4a80-bc13-8f2c7e0c37c7",
  "PrimaryInstanceGuid": "5ceb5966-3d50-4180-8f5b-be10c161ef72",
  "Instances": {
    "1133be8c-4c76-49dd-b5e9-da8cc19c133e": {
      "$type": "SpawnPositionData",
      "DefaultValues": {
        "x": 0.0,
        "y": 0.0,
        "z": 0.0,
        "w": 1.0
      },
      "NextProcessor": {
        "PartitionGuid": "191552de-49a0-4a80-bc13-8f2c7e0c37c7",
        "InstanceGuid": "2a2b6664-a4c4-407c-9c83-2ff4e2bb8f6d"
      },
      "Pre": {
        "PartitionGuid": "191552de-49a0-4a80-bc13-8f2c7e0c37c7",
        "InstanceGuid": "ffc1a633-259c-471e-bb16-9837765070ec"
      },
      "EvaluatorInput": 1,
      "Enable": true
    },
    "20720b79-8341-4861-abf0-a00fc133358a": {
      "$type": "PolynomialData",
      "EmitterParameter": 0,
      "Coefficients": {
        "x": 0.8852456,
        "y": -1.287512,
        "z": -0.2886609,
        "w": 0.9977466
      },
      "ScaleValue": 2.0,
      "MinClamp": 0.0,
      "MaxClamp": 1.0
    },
    "2a2b6664-a4c4-407c-9c83-2ff4e2bb8f6d": {
      "$type": "SpawnSpeedData",
      "DefaultValues": {
        "x": 1.0,
        "y": 1.0,
        "z": 1.0,
        "w": 1.0
      },
      "NextProcessor": {
        "PartitionGuid": "191552de-49a0-4a80-bc13-8f2c7e0c37c7",
        "InstanceGuid": "e3db5b2c-f1cb-4b31-a034-887c6028bce0"
      },
      "Pre": {
        "PartitionGuid": "191552de-49a0-4a80-bc13-8f2c7e0c37c7",
        "InstanceGuid": "8225761f-5b8e-46a8-99a2-ad26ff1005b4"
      },
      "EvaluatorInput": 1,
      "Enable": true,
      "Speed": 20.0
    },
    "466b5b05-5a9a-48c3-a416-043935f0f35a": {
      "$type": "RandomEvaluatorData",
      "EmitterParameter": 0,
      "Max": 1.0,
      "Min": -1.0
    },
    "4ef117f3-3da3-4086-8746-8094d52426c7": {
      "$type": "RandomEvaluatorData",
      "EmitterParameter": 6,
      "Max": 1.0,
      "Min": 0.6
    },
    "5ceb5966-3d50-4180-8f5b-be10c161ef72": {
      "$type": "EmitterTemplateData",
      "PointLightIntensity": {
        "x": 0.0,
        "y": 0.0,
        "z": 0.0,
        "w": 1.0
      },
      "PointLightPivot": {
        "x": 0.0,
        "y": 0.0,
        "z": 0.0
      },
      "PointLightColor": {
        "x": 1.0,
        "y": 1.0,
        "z": 1.0
      },
      "MaxCount": 6,
      "Name": "FX/DLC/XP1/Destruction/Generic/Building/Emitters/Em_DLC_Destruct_BuildingWall_Impact_Concrete_MeshP_02",
      "TimeScale": 1.0,
      "LifetimeFrameCount": 0,
      "Lifetime": 0.1,
      "RootProcessor": {
        "PartitionGuid": "191552de-49a0-4a80-bc13-8f2c7e0c37c7",
        "InstanceGuid": "e7ad4d94-692d-4b1f-bffb-faaee13099df"
      },
      "VisibleAfterDistance": 0.0,
      "ZOcclusionLookup": [],
      "EmittableType": 6,
      "Mesh": {
        "PartitionGuid": "dda34a27-d42f-9a8f-6c27-8fb62315de1d",
        "InstanceGuid": "937455ff-d18f-27c1-7bfb-c817229a9ea9"
      },
      "DistanceScaleNearValue": 1.0,
      "PointLightRadius": 20.0,
      "VertexPixelLightingBlendFactor": 0.0,
      "GlobalLocalNormalBlendFactor": 1.0,
      "SoftParticlesFadeDistanceMultiplier": 0.0,
      "LightWrapAroundFactor": 0.5,
      "LightMultiplier": 1.0,
      "DistanceScaleFarValue": 2.0,
      "PointLightRandomIntensityMin": 1.0,
      "MeshCullingDistance": 500.0,
      "PointLightRandomIntensityMax": 1.0,
      "MaxSpawnDistance": 0.0,
      "MinScreenArea": 1.0,
      "DistanceScaleLength": 100.0,
      "PointLightMaxClamp": 1.0,
      "ParticleCullingFactor": 0.8,
      "PointLightMinClamp": 0.0,
      "FollowSpawnSource": false,
      "RepeatParticleSpawning": false,
      "Emissive": false,
      "ExclusionVolumeCullEnable": false,
      "TransparencySunShadowEnable": false,
      "ForceFullRes": false,
      "LocalSpace": false,
      "Opaque": true,
      "ActAsPointLight": false,
      "KillParticlesWithEmitter": false,
      "ForceNiceSorting": false
    },
    "614e707a-59dd-4d43-a4f4-c50819e7e18c": {
      "$type": "SpawnDirectionData",
      "DefaultValues": {
        "x": 0.0,
        "y": 1.0,
        "z": 0.0,
        "w": 0.0
      },
      "NextProcessor": {
        "PartitionGuid": "191552de-49a0-4a80-bc13-8f2c7e0c37c7",
        "InstanceGuid": "1133be8c-4c76-49dd-b5e9-da8cc19c133e"
      },
      "Pre": {
        "PartitionGuid": "191552de-49a0-4a80-bc13-8f2c7e0c37c7",
        "InstanceGuid": "6865e9b7-9fed-406d-9479-e47171ba87a7"
      },
      "EvaluatorInput": 1,
      "Enable": true,
      "DirectionFromEmitterOrigin": 0.1,
      "InheritSpeedAndDirectionFromEmitter": false
    },
    "6865e9b7-9fed-406d-9479-e47171ba87a7": {
      "$type": "RotateVectorData",
      "EmitterParameter": 0,
      "Angle": 80.0,
      "RotateWithinPlane": false,
      "InputAffectsPhi": true
    },
    "69f8ee13-1695-4a7a-8e34-f92f2f7f6dfa": {
      "$type": "RandomEvaluatorData",
      "EmitterParameter": 0,
      "Max": 1.0,
      "Min": -1.0
    },
    "6cdb0ed5-3c81-4914-b2de-3250c6f82194": {
      "$type": "GravityData",
      "DefaultValues": {
        "x": 1.0,
        "y": 1.0,
        "z": 1.0,
        "w": 1.0
      },
      "NextProcessor": {
        "PartitionGuid": "191552de-49a0-4a80-bc13-8f2c7e0c37c7",
        "InstanceGuid": "c1c963e1-b01d-43d3-975f-d5d813deb5f0"
      },
      "Pre": null,
      "EvaluatorInput": 2,
      "Enable": true,
      "Gravity": 16.0
    },
    "7982cbf0-afc6-458b-acaa-b1b543b34e62": {
      "$type": "SpawnRotationData",
      "DefaultValues": {
        "x": 1.0,
        "y": 1.0,
        "z": 1.0,
        "w": 1.0
      },
      "NextProcessor": {
        "PartitionGuid": "191552de-49a0-4a80-bc13-8f2c7e0c37c7",
        "InstanceGuid": "891c7378-fc5a-4206-9903-c0fce038d3d5"
      },
      "Pre": {
        "PartitionGuid": "191552de-49a0-4a80-bc13-8f2c7e0c37c7",
        "InstanceGuid": "69f8ee13-1695-4a7a-8e34-f92f2f7f6dfa"
      },
      "EvaluatorInput": 1,
      "Enable": true,
      "Rotation": 1.0
    },
    "7e34a7f2-b41c-1b60-1cb1-345e123dd242": {
      "$type": "UpdateLinearVelocityData",
      "DefaultValues": {
        "x": 1.0,
        "y": 1.0,
        "z": 1.0,
        "w": 1.0
      },
      "NextProcessor": null,
      "Pre": null,
      "EvaluatorInput": 2,
      "Enable": true
    },
    "8225761f-5b8e-46a8-99a2-ad26ff1005b4": {
      "$type": "RandomEvaluatorData",
      "EmitterParameter": 0,
      "Max": 1.0,
      "Min": 0.5
    },
    "891c7378-fc5a-4206-9903-c0fce038d3d5": {
      "$type": "SpawnRotationSpeedData",
      "DefaultValues": {
        "x": 1.0,
        "y": 1.0,
        "z": 1.0,
        "w": 1.0
      },
      "NextProcessor": {
        "PartitionGuid": "191552de-49a0-4a80-bc13-8f2c7e0c37c7",
        "InstanceGuid": "f86adb86-2399-443c-83f0-24cc439434e9"
      },
      "Pre": {
        "PartitionGuid": "191552de-49a0-4a80-bc13-8f2c7e0c37c7",
        "InstanceGuid": "466b5b05-5a9a-48c3-a416-043935f0f35a"
      },
      "EvaluatorInput": 1,
      "Enable": true,
      "RotationSpeed": 2.0
    },
    "af5ba581-0aaf-46ca-9a4f-9a8d1251a29d": {
      "$type": "UpdateSizeData",
      "DefaultValues": {
        "x": 1.0,
        "y": 1.0,
        "z": 1.0,
        "w": 1.0
      },
      "NextProcessor": {
        "PartitionGuid": "191552de-49a0-4a80-bc13-8f2c7e0c37c7",
        "InstanceGuid": "7e34a7f2-b41c-1b60-1cb1-345e123dd242"
      },
      "Pre": {
        "PartitionGuid": "191552de-49a0-4a80-bc13-8f2c7e0c37c7",
        "InstanceGuid": "f213a9cc-387d-40d3-b937-087f83ea63a3"
      },
      "EvaluatorInput": 2,
      "Enable": true,
      "Pivot": {
        "x": 0.0,
        "y": 0.0
      }
    },