{
  "Name": "levels/sp_sniper/prefabs/props/streelight_standard",
  "PartitionGuid": "348d0e39-01fa-11e0-a624-9dd1dabc2134",
  "PrimaryInstanceGuid": "4f63bd58-2c14-b281-a4bd-01e804ea53e0",
  "Instances": {
    "37930be2-d8bb-4859-a3e7-603c07e444ab": {
      "$type": "LensFlareEntityData",
      "IndexInBlueprint": 0,
      "IsEventConnectionTarget": 0,
      "IsPropertyConnectionTarget": 3,
      "Transform": {
        "right": {
          "x": -1.0,
          "y": -5.9604645E-08,
          "z": 4.371139E-08
        },
        "up": {
          "x": -4.371139E-08,
          "y": 3.5527145E-15,
          "z": -1.0
        },
        "forward": {
          "x": 5.9604645E-08,
          "y": -1.0,
          "z": -6.1581163E-15
        },
        "trans": {
          "x": 3.8595195,
          "y": 13.802219,
          "z": 0.0
        }
      },
      "Elements": [
        {
          "SizeCamDistCurve": {
            "x": -0.29826117,
            "y": 1.4047574,
            "z": -2.002151,
            "w": 0.92953765
          },
          "SizeAngleCurve": {
            "x": 0.0,
            "y": 0.0,
            "z": -0.037143663,
            "w": 0.48611417
          },
          "Size": {
            "x": 2.0,
            "y": 2.0
          },
          "SizeOccluderCurve": {
            "x": 0.0,
            "y": 0.0,
            "z": -8.0,
            "w": 3.4500005
          },
          "SizeScreenPosCurve": {
            "x": 0.0,
            "y": 0.0,
            "z": -0.09202452,
            "w": 0.57174844
          },
          "AlphaCamDistCurve": {
            "x": 0.0,
            "y": 0.0,
            "z": -1.3894228,
            "w": 0.5637019
          },
          "AlphaOccluderCurve": {
            "x": 0.0,
            "y": 0.0,
            "z": -1.0320855,
            "w": 0.9953208
          },
          "AlphaAngleCurve": {
            "x": 0.0,
            "y": 0.0,
            "z": 0.0,
            "w": 0.9649999
          },
          "AlphaScreenPosCurve": {
            "x": 0.0,
            "y": 0.0,
            "z": 0.0,
            "w": 0.98
          },
          "SizeCamDistMax": 100.0,
          "RayDistance": 0.0,
          "Shader": {
            "PartitionGuid": "dcc20756-fc6b-11df-9b33-88784f2ab5d8",
            "InstanceGuid": "41aa666a-2dbd-987d-a7ee-5cf4fdcd6c8b"
          },
          "AlphaCamDistMax": 10.0
        },
        {
          "SizeCamDistCurve": {
            "x": 0.0,
            "y": 0.0,
            "z": -0.0860888,
            "w": 0.81492853
          },
          "SizeAngleCurve": {
            "x": 0.0,
            "y": 0.0,
            "z": 0.0,
            "w": 0.9000001
          },
          "Size": {
            "x": 1.0,
            "y": 1.0
          },
          "SizeOccluderCurve": {
            "x": 0.0,
            "y": 0.0,
            "z": -0.95145637,
            "w": 0.97145635
          },
          "SizeScreenPosCurve": {
            "x": 0.0,
            "y": 0.0,
            "z": 1.0082443,
            "w": 0.44109625
          },
          "AlphaCamDistCurve": {
            "x": 0.0,
            "y": -1.0923717,
            "z": 0.10168861,
            "w": 0.996126
          },
          "AlphaOccluderCurve": {
            "x": 0.0,
            "y": 0.0,
            "z": -4.7906995,
            "w": 4.8665133
          },
          "AlphaAngleCurve": {
            "x": 0.0,
            "y": 0.0,
            "z": 1.0,
            "w": 0.02
          },
          "AlphaScreenPosCurve": {
            "x": 0.0,
            "y": 0.0,
            "z": 0.0,
            "w": 1.0
          },
          "SizeCamDistMax": 20.0,
          "RayDistance": 0.0,
          "Shader": {
            "PartitionGuid": "ab368ce0-b079-11e0-aeea-a13a192f2603",
            "InstanceGuid": "e19b75a6-8a9d-e920-66bd-7f731d9c1d82"
          },
          "AlphaCamDistMax": 50.0
        },
        {
          "SizeCamDistCurve": {
            "x": 0.0,
            "y": 0.0,
            "z": 0.0,
            "w": 1.0
          },
          "SizeAngleCurve": {
            "x": 0.0,
            "y": 0.0,
            "z": 0.8741723,
            "w": 0.36311248
          },
          "Size": {
            "x": 2.0,
            "y": 3.0
          },
          "SizeOccluderCurve": {
            "x": 0.0,
            "y": 0.0,
            "z": -6.8928523,
            "w": 6.9223175
          },
          "SizeScreenPosCurve": {
            "x": 0.0,
            "y": 0.0,
            "z": 0.14427859,
            "w": 0.82283586
          },
          "AlphaCamDistCurve": {
            "x": 0.0,
            "y": 0.0,
            "z": 0.0,
            "w": 1.0
          },
          "AlphaOccluderCurve": {
            "x": 0.0,
            "y": 0.0,
            "z": -1.0,
            "w": 1.0
          },
          "AlphaAngleCurve": {
            "x": 0.0,
            "y": 0.0,
            "z": 1.0,
            "w": 0.0
          },
          "AlphaScreenPosCurve": {
            "x": 0.0,
            "y": 0.0,
            "z": -0.46788985,
            "w": 0.4722476
          },
          "SizeCamDistMax": 50.0,
          "RayDistance": 1.0,
          "Shader": {
            "PartitionGuid": "5e46959b-9004-41d4-9682-f1a1bdcba40b",
            "InstanceGuid": "27e30130-39bf-4be5-aa36-10d1b4685d10"
          },
          "AlphaCamDistMax": 100.0
        }
      ],
      "OccluderSize": 1.0,
      "Visible": true,
      "HalfRes": true,
      "DebugDrawOccluder": false
    },
    "486ebeb8-6abb-4c45-bed1-6304447e2040": {
      "$type": "EffectReferenceObjectData",
      "IndexInBlueprint": 2,
      "IsEventConnectionTarget": 0,
      "IsPropertyConnectionTarget": 3,
      "BlueprintTransform": {
        "right": {
          "x": 1.0,
          "y": 0.0,
          "z": 0.0
        },
        "up": {
          "x": 0.0,
          "y": 1.0,
          "z": 0.0
        },
        "forward": {
          "x": 0.0,
          "y": 0.0,
          "z": 1.0
        },
        "trans": {
          "x": 3.874515,
          "y": 12.784076,
          "z": 0.0
        }
      },
      "Blueprint": {
        "PartitionGuid": "24ede490-40c9-4737-b7ac-6489843cfebe",
        "InstanceGuid": "a0cc5229-6e30-44c3-9aca-9b71e1476289"
      },
      "ObjectVariation": null,
      "StreamRealm": 0,
      "CastSunShadowEnable": true,
      "Excluded": false,
      "AutoStart": true
    },
    "4f63bd58-2c14-b281-a4bd-01e804ea53e0": {
      "$type": "SpatialPrefabBlueprint",
      "Name": "Levels/SP_Sniper/Prefabs/Props/Streelight_Standard",
      "PropertyConnections": [],
      "LinkConnections": [],
      "EventConnections": [
        {
          "Source": {
            "PartitionGuid": "348d0e39-01fa-11e0-a624-9dd1dabc2134",
            "InstanceGuid": "d19d1f04-fa27-4031-8c38-dc7f75cc1da8"
          },
          "Target": {
            "PartitionGuid": "348d0e39-01fa-11e0-a624-9dd1dabc2134",
            "InstanceGuid": "37930be2-d8bb-4859-a3e7-603c07e444ab"
          },
          "SourceEvent": {
            "Id": -1452333337
          },
          "TargetEvent": {
            "Id": -117303631
          },
          "TargetType": 2
        },
        {
          "Source": {
            "PartitionGuid": "348d0e39-01fa-11e0-a624-9dd1dabc2134",
            "InstanceGuid": "d19d1f04-fa27-4031-8c38-dc7f75cc1da8"
          },
          "Target": {
            "PartitionGuid": "348d0e39-01fa-11e0-a624-9dd1dabc2134",
            "InstanceGuid": "486ebeb8-6abb-4c45-bed1-6304447e2040"
          },
          "SourceEvent": {
            "Id": -1452333337
          },
          "TargetEvent": {
            "Id": 2089401213
          },