{
  "Name": "fx/destruction/specific/props/flowerpot_s_01/emitters/em_destruct_props_flowerpot_s_01_smoke_stay_01",
  "PartitionGuid": "9598759b-c547-41bc-b021-406ab5de07b6",
  "PrimaryInstanceGuid": "a88806b6-6047-4cd8-b2df-7c2d104e4f5c",
  "Instances": {
    "06aa7609-8f64-4cb5-baa3-7ea59fadfe2a": {
      "$type": "SpawnAnimationData",
      "DefaultValues": {
        "x": 0.0,
        "y": 0.0,
        "z": 0.0,
        "w": 0.0
      },
      "NextProcessor": {
        "PartitionGuid": "9598759b-c547-41bc-b021-406ab5de07b6",
        "InstanceGuid": "5b352483-3843-4b39-8bc2-6a1e9f03b6d7"
      },
      "Pre": null,
      "EvaluatorInput": 1,
      "Enable": true,
      "AnimationSpeed": 25.0
    },
    "12fb85e7-6768-4141-940b-9f72791baa86": {
      "$type": "UpdateAlphaLevelMinData",
      "DefaultValues": {
        "x": 1.0,
        "y": 1.0,
        "z": 1.0,
        "w": 1.0
      },
      "NextProcessor": {
        "PartitionGuid": "9598759b-c547-41bc-b021-406ab5de07b6",
        "InstanceGuid": "3fa49638-bcfd-4e77-9a52-27fffb4557cc"
      },
      "Pre": {
        "PartitionGuid": "9598759b-c547-41bc-b021-406ab5de07b6",
        "InstanceGuid": "16259965-476c-406e-8fb7-2fcba06461bf"
      },
      "EvaluatorInput": 2,
      "Enable": true,
      "MinLevel": 1.0
    },
    "1316907e-c442-4669-85f3-b0ec938ef01f": {
      "$type": "GravityData",
      "DefaultValues": {
        "x": 1.0,
        "y": 1.0,
        "z": 1.0,
        "w": 1.0
      },
      "NextProcessor": {
        "PartitionGuid": "9598759b-c547-41bc-b021-406ab5de07b6",
        "InstanceGuid": "30a059f7-a4a8-410d-8a61-3659e4f04941"
      },
      "Pre": null,
      "EvaluatorInput": 3,
      "Enable": true,
      "Gravity": -0.1
    },
    "16259965-476c-406e-8fb7-2fcba06461bf": {
      "$type": "PolynomialData",
      "EmitterParameter": 0,
      "Coefficients": {
        "x": 0.34615844,
        "y": -0.56997633,
        "z": 0.4500499,
        "w": 0.037950855
      },
      "ScaleValue": 1.0,
      "MinClamp": 0.0,
      "MaxClamp": 1.0
    },
    "1880b5cd-d650-46ce-9de3-f55dd71ddb72": {
      "$type": "PolynomialData",
      "EmitterParameter": 0,
      "Coefficients": {
        "x": 0.621417,
        "y": 0.7886434,
        "z": 0.199322,
        "w": 0.0990644
      },
      "ScaleValue": 1.0,
      "MinClamp": 0.0,
      "MaxClamp": 1.0
    },
    "26929906-29bf-46fa-b890-dd8d8ce7adc3": {
      "$type": "SpawnRateData",
      "DefaultValues": {
        "x": 1.0,
        "y": 1.0,
        "z": 1.0,
        "w": 1.0
      },
      "NextProcessor": {
        "PartitionGuid": "9598759b-c547-41bc-b021-406ab5de07b6",
        "InstanceGuid": "465aada1-bddf-4e57-8fa5-516849108d26"
      },
      "Pre": null,
      "EvaluatorInput": 3,
      "Enable": true,
      "SpawnRate": 25.0,
      "TrailSegmentLength": 5.0,
      "DistributeOverTime": true,
      "DistributeOverDistance": false
    },
    "2a65511f-5dc8-4f3a-b2ba-e94546347e43": {
      "$type": "SpawnAnimationFrameData",
      "DefaultValues": {
        "x": 0.0,
        "y": 0.0,
        "z": 0.0,
        "w": 0.0
      },
      "NextProcessor": {
        "PartitionGuid": "9598759b-c547-41bc-b021-406ab5de07b6",
        "InstanceGuid": "06aa7609-8f64-4cb5-baa3-7ea59fadfe2a"
      },
      "Pre": {
        "PartitionGuid": "9598759b-c547-41bc-b021-406ab5de07b6",
        "InstanceGuid": "88b80f1d-4765-499a-ad2b-b5df1d488740"
      },
      "EvaluatorInput": 1,
      "Enable": true,
      "AnimationFrame": 1
    },
    "30a059f7-a4a8-410d-8a61-3659e4f04941": {
      "$type": "LocalForceData",
      "DefaultValues": {
        "x": 1.0,
        "y": 1.0,
        "z": 1.0,
        "w": 1.0
      },
      "NextProcessor": {
        "PartitionGuid": "9598759b-c547-41bc-b021-406ab5de07b6",
        "InstanceGuid": "39a86782-ea03-42ca-bea1-7dffae827ba8"
      },
      "Pre": {
        "PartitionGuid": "9598759b-c547-41bc-b021-406ab5de07b6",
        "InstanceGuid": "ee7bdada-5ec8-4750-9133-60f7f9cd4e8b"
      },
      "EvaluatorInput": 3,
      "Enable": true,
      "LocalForce": {
        "x": 0.35,
        "y": 0.0,
        "z": 0.0
      }
    },
    "39a86782-ea03-42ca-bea1-7dffae827ba8": {
      "$type": "TurbulanceData",
      "DefaultValues": {
        "x": 1.0,
        "y": 1.0,
        "z": 1.0,
        "w": 1.0
      },
      "NextProcessor": {
        "PartitionGuid": "9598759b-c547-41bc-b021-406ab5de07b6",
        "InstanceGuid": "8b951fc4-c043-41f0-a026-0f07758fc496"
      },
      "Pre": {
        "PartitionGuid": "9598759b-c547-41bc-b021-406ab5de07b6",
        "InstanceGuid": "1880b5cd-d650-46ce-9de3-f55dd71ddb72"
      },
      "EvaluatorInput": 2,
      "Enable": true,
      "Intensity": 0.3
    },
    "3fa49638-bcfd-4e77-9a52-27fffb4557cc": {
      "$type": "UpdateColorData",
      "DefaultValues": {
        "x": 0.03,
        "y": 0.025,
        "z": 0.02,
        "w": 1.0
      },
      "NextProcessor": {
        "PartitionGuid": "9598759b-c547-41bc-b021-406ab5de07b6",
        "InstanceGuid": "2a65511f-5dc8-4f3a-b2ba-e94546347e43"
      },
      "Pre": {
        "PartitionGuid": "9598759b-c547-41bc-b021-406ab5de07b6",
        "InstanceGuid": "4c674933-4ea5-4bfd-bc0b-d173d9aedc7d"
      },
      "EvaluatorInput": 2,
      "Enable": true,
      "Color": {
        "x": 0.03,
        "y": 0.025,
        "z": 0.02
      }
    },
    "465aada1-bddf-4e57-8fa5-516849108d26": {
      "$type": "SpawnSpeedData",
      "DefaultValues": {
        "x": 1.0,
        "y": 1.0,
        "z": 1.0,
        "w": 1.0
      },
      "NextProcessor": {
        "PartitionGuid": "9598759b-c547-41bc-b021-406ab5de07b6",
        "InstanceGuid": "c2b407c2-08c7-4da6-b4e3-f0502726e9bd"
      },
      "Pre": {
        "PartitionGuid": "9598759b-c547-41bc-b021-406ab5de07b6",
        "InstanceGuid": "f7d66bba-b677-4051-9d01-9b5a5c4e3ea5"
      },
      "EvaluatorInput": 1,
      "Enable": true,
      "Speed": 0.25
    },
    "4c674933-4ea5-4bfd-bc0b-d173d9aedc7d": {
      "$type": "PolynomialColorInterpData",
      "EmitterParameter": 0,
      "Color0": {
        "x": 0.293,
        "y": 0.205,
        "z": 0.166
      },
      "Color1": {
        "x": 0.293,
        "y": 0.205,
        "z": 0.166
      },
      "Coefficients": {
        "x": 0.0,
        "y": 0.0,
        "z": -8.521756,
        "w": 1.0426097
      }
    },
    "4c7d8ab9-00cd-4106-b5a8-1f12e69e7ddf": {
      "$type": "RandomXYZEvaluatorData",
      "EmitterParameter": 0,
      "MaxX": 0.5,
      "MinX": -0.5,
      "MaxY": 1.0,
      "MinY": 0.0,
      "MaxZ": 0.5,
      "MinZ": -0.5
    },
    "5b352483-3843-4b39-8bc2-6a1e9f03b6d7": {
      "$type": "UpdateTextureCoordsData",
      "DefaultValues": {
        "x": 1.0,
        "y": 0.0,
        "z": 0.0,
        "w": 0.0
      },
      "NextProcessor": {
        "PartitionGuid": "9598759b-c547-41bc-b021-406ab5de07b6",
        "InstanceGuid": "f49d5e00-e597-4f82-8594-0c9687b5e429"
      },
      "Pre": null,
      "EvaluatorInput": 1,
      "Enable": true,
      "TextureInfo1": {
        "TextureName": "FX/Textures/Smoke/Anim_TurbulentThickSmoke01_8x32_D",
        "NormalmapName": "FX/Textures/Smoke/SmokeThick_01_5x5_N",
        "AnimationFrameCount": 32.0,
        "AnimationFrameColumnCount": 8.0,
        "EnableAnimation": true
      },
      "TextureBlendValue": 1.0
    },
    "690f46fa-dc83-453c-81c6-7f0f0d7113e2": {
      "$type": "PolynomialData",
      "EmitterParameter": 0,
      "Coefficients": {
        "x": 0.0,
        "y": 0.0,
        "z": -0.36548212,
        "w": 0.5081726
      },
      "ScaleValue": 1.0,
      "MinClamp": 0.0,
      "MaxClamp": 1.0
    },
    "70f0aee0-47c4-4329-94df-7a1b542ca665": {
      "$type": "AirResistanceData",