{
  "Name": "levels/sp_earthquake/props/lightceiling_01/lightceiling_01_blue02cafe",
  "PartitionGuid": "568906cb-177f-11e0-bccf-ae2a059ac5ea",
  "PrimaryInstanceGuid": "6ebf48ac-c1f8-aebd-0cdd-055541caf3d2",
  "Instances": {
    "139857ad-778e-466d-9458-06caab94063f": {
      "$type": "FloatPropertyTrackData",
      "Id": 622077060,
      "Times": [
        0,
        94,
        188,
        284,
        641,
        750,
        847,
        939,
        1029,
        1107,
        1218,
        1305,
        1402,
        1505,
        2291,
        2367,
        2454,
        2545,
        2630,
        2719,
        2792,
        3646,
        3729,
        3824,
        3917,
        3986,
        4030,
        4095,
        4313,
        4593
      ],
      "InterpolationType": "InterpolationType_None",
      "Values": [
        0.0,
        6.0,
        0.0,
        6.0,
        6.0,
        0.0,
        6.0,
        0.0,
        6.0,
        1.0,
        0.0,
        6.0,
        0.0,
        6.0,
        0.0,
        6.0,
        0.0,
        6.0,
        0.4,
        6.0,
        0.0,
        6.0,
        0.0,
        6.0,
        0.1,
        6.0,
        0.2,
        6.0,
        0.0,
        6.0
      ]
    },
    "1db71aa4-5fb1-4fe4-befa-213abae04f89": {
      "$type": "EffectReferenceObjectData",
      "IndexInBlueprint": 3,
      "IsEventConnectionTarget": 3,
      "IsPropertyConnectionTarget": 3,
      "BlueprintTransform": {
        "right": {
          "x": 1.0,
          "y": 0.0,
          "z": 0.0
        },
        "up": {
          "x": 0.0,
          "y": 1.0,
          "z": 0.0
        },
        "forward": {
          "x": 0.0,
          "y": 0.0,
          "z": 1.0
        },
        "trans": {
          "x": -1.7933655,
          "y": 0.6078415,
          "z": -0.7479248
        }
      },
      "Blueprint": {
        "PartitionGuid": "854bb495-1347-11e0-9fb0-a57ffcff10bf",
        "InstanceGuid": "452b0d36-8b26-392e-454a-f3ccb8625420"
      },
      "ObjectVariation": null,
      "StreamRealm": "StreamRealm_None",
      "CastSunShadowEnable": true,
      "Excluded": false,
      "AutoStart": true
    },
    "22b2e9e3-dda6-4218-8501-07cf9c579801": {
      "$type": "ReferenceObjectData",
      "IndexInBlueprint": 4,
      "IsEventConnectionTarget": 1,
      "IsPropertyConnectionTarget": 0,
      "BlueprintTransform": {
        "right": {
          "x": 1.0,
          "y": 0.0,
          "z": 0.0
        },
        "up": {
          "x": 0.0,
          "y": 1.0,
          "z": 0.0
        },
        "forward": {
          "x": 0.0,
          "y": 0.0,
          "z": 1.0
        },
        "trans": {
          "x": -1.7719023,
          "y": 0.6929803,
          "z": -0.7720142
        }
      },
      "Blueprint": {
        "PartitionGuid": "9b534238-18f9-11e0-947d-9e530b7fd992",
        "InstanceGuid": "e51758b9-c692-e463-1c78-a85e82745e79"
      },
      "ObjectVariation": {
        "PartitionGuid": "63ec2725-1906-11e0-a810-efaf49a2bc35",
        "InstanceGuid": "875652ba-1554-5551-d2be-acd0677eac8e"
      },
      "StreamRealm": "StreamRealm_None",
      "CastSunShadowEnable": true,
      "Excluded": false
    },
    "428d07f5-e788-4498-aa02-46d46c3eb039": {
      "$type": "SequenceEntityData",
      "IndexInBlueprint": 5,
      "IsEventConnectionTarget": 2,
      "IsPropertyConnectionTarget": 3,
      "Events": [
        {
          "Event": {
            "Id": -117303631
          },
          "Time": 0
        },
        {
          "Event": {
            "Id": -1952177180
          },
          "Time": 90
        },
        {
          "Event": {
            "Id": -117303631
          },
          "Time": 178
        },
        {
          "Event": {
            "Id": -1952177180
          },
          "Time": 269
        },
        {
          "Event": {
            "Id": -1952177180
          },
          "Time": 638
        },
        {
          "Event": {
            "Id": -117303631
          },
          "Time": 759
        },
        {
          "Event": {
            "Id": -1952177180
          },
          "Time": 846
        },
        {
          "Event": {
            "Id": -117303631
          },
          "Time": 949
        },
        {
          "Event": {
            "Id": -1952177180
          },
          "Time": 1028
        },
        {
          "Event": {
            "Id": -1952177180
          },
          "Time": 1110
        },
        {
          "Event": {
            "Id": -117303631
          },
          "Time": 1218
        },
        {
          "Event": {
            "Id": -1952177180
          },
          "Time": 1301
        },
        {
          "Event": {
            "Id": -117303631
          },
          "Time": 1388
        },
        {
          "Event": {
            "Id": -1952177180
          },
          "Time": 1502
        },
        {
          "Event": {
            "Id": -117303631
          },
          "Time": 2280
        },
        {
          "Event": {
            "Id": -1952177180
          },
          "Time": 2367
        },
        {
          "Event": {
            "Id": -117303631
          },
          "Time": 2460
        },
        {
          "Event": {
            "Id": -1952177180
          },
          "Time": 2545
        },
        {
          "Event": {
            "Id": -117303631
          },
          "Time": 2631
        },
        {
          "Event": {
            "Id": -1952177180
          },
          "Time": 2713
        },
        {
          "Event": {
            "Id": -117303631
          },
          "Time": 2798
        },
        {
          "Event": {
            "Id": -1952177180
          },
          "Time": 3643
        },
        {
          "Event": {
            "Id": -117303631
          },
          "Time": 3729
        },
        {
          "Event": {
            "Id": -1952177180
          },
          "Time": 3829
        },
        {
          "Event": {
            "Id": -117303631
          },
          "Time": 3920
        },
        {
          "Event": {
            "Id": -1952177180
          },
          "Time": 3986
        },
        {
          "Event": {
            "Id": -117303631
          },
          "Time": 4035
        },
        {
          "Event": {
            "Id": -1952177180
          },
          "Time": 4098
        },
        {
          "Event": {
            "Id": -117303631
          },
          "Time": 4315
        },
        {
          "Event": {
            "Id": -1952177180
          },
          "Time": 4591
        }
      ],
      "SequenceStartTime": 0,
      "SequenceLength": 5000,
      "ExternalTime": 0.0,
      "PropertyTracks": [
        {
          "PartitionGuid": "568906cb-177f-11e0-bccf-ae2a059ac5ea",
          "InstanceGuid": "139857ad-778e-466d-9458-06caab94063f"
        },
        {
          "PartitionGuid": "568906cb-177f-11e0-bccf-ae2a059ac5ea",
          "InstanceGuid": "5c3af539-ddf4-42bd-8a5f-8c82c00e193b"
        }
      ],
      "Realm": "Realm_ClientAndServer",
      "ServerUpdatePass": "UpdatePass_PreSim",
      "ClientUpdatePass": "UpdatePass_PostFrame",
      "CustomSequenceTracks": [],
      "AutoPlayFirstFrame": false,
      "Looping": false,
      "AutoStart": false,
      "PlayInReverse": false
    },
    "5c3af539-ddf4-42bd-8a5f-8c82c00e193b": {
      "$type": "FloatPropertyTrackData",
      "Id": -783084871,