{
  "Name": "objects/vegetation/treebeech_l_02/treebeech_l_02_skeleton",
  "PartitionGuid": "932bb914-b1ef-11e0-9496-952ccd138082",
  "PrimaryInstanceGuid": "d3d0e1e5-304c-7c5b-38b0-cc66732bebf3",
  "Instances": {
    "d3d0e1e5-304c-7c5b-38b0-cc66732bebf3": {
      "$type": "SkeletonAsset",
      "Name": "Objects/Vegetation/TreeBeech_L_02/TreeBeech_L_02_skeleton",
      "BoneNames": [
        "skeleton",
        "joint1",
        "joint2",
        "joint3",
        "joint4",
        "joint5",
        "joint6",
        "joint7",
        "joint8",
        "joint9",
        "joint10",
        "joint11"
      ],
      "Hierarchy": [
        -1,
        0,
        1,
        2,
        3,
        4,
        5,
        6,
        7,
        8,
        9,
        10
      ],
      "LocalPose": [
        {
          "right": {
            "x": 1.0,
            "y": 0.0,
            "z": 0.0
          },
          "up": {
            "x": -0.0,
            "y": 1.0,
            "z": 0.0
          },
          "forward": {
            "x": 0.0,
            "y": -0.0,
            "z": 1.0
          },
          "trans": {
            "x": 0.0,
            "y": 0.0,
            "z": 0.0
          }
        },
        {
          "right": {
            "x": 0.028292002,
            "y": 0.9995997,
            "z": 0.0
          },
          "up": {
            "x": -0.9995997,
            "y": 0.028292002,
            "z": 0.0
          },
          "forward": {
            "x": 0.0,
            "y": -0.0,
            "z": 1.0
          },
          "trans": {
            "x": 0.0,
            "y": 0.0,
            "z": 0.0
          }
        },
        {
          "right": {
            "x": 0.9973814,
            "y": 0.07232164,
            "z": 1.540744E-33
          },
          "up": {
            "x": 0.07232164,
            "y": -0.9973814,
            "z": 1.2246469E-16
          },
          "forward": {
            "x": 8.856847E-18,
            "y": -1.2214399E-16,
            "z": -1.0
          },
          "trans": {
            "x": 2.5266263,
            "y": -3.5527137E-16,
            "z": 0.0
          }
        },
        {
          "right": {
            "x": 0.99916476,
            "y": -0.040862836,
            "z": 1.3866696E-32
          },
          "up": {
            "x": 0.040862836,
            "y": 0.99916476,
            "z": 7.395571E-32
          },
          "forward": {
            "x": -1.6877154E-32,
            "y": -7.332731E-32,
            "z": 1.0
          },
          "trans": {
            "x": 2.5615678,
            "y": 1.2079227E-15,
            "z": -0.13592727
          }
        },
        {
          "right": {
            "x": 0.9963928,
            "y": 0.08486109,
            "z": -8.6801635E-21
          },
          "up": {
            "x": -0.08486109,
            "y": 0.9963928,
            "z": -1.01917763E-19
          },
          "forward": {
            "x": -5.588206E-33,
            "y": 1.0228673E-19,
            "z": 1.0
          },
          "trans": {
            "x": 2.5477257,
            "y": -3.623768E-15,
            "z": 0.10779037
          }
        },
        {
          "right": {
            "x": 0.9926961,
            "y": 0.120641574,
            "z": -2.0616604E-21
          },
          "up": {
            "x": 0.120641574,
            "y": -0.9926961,
            "z": 1.2246469E-16
          },
          "forward": {
            "x": 1.4772284E-17,
            "y": -1.2157046E-16,
            "z": -1.0
          },
          "trans": {
            "x": 2.5765145,
            "y": 2.0250468E-15,
            "z": 0.32756218
          }
        },
        {
          "right": {
            "x": 0.9991324,
            "y": -0.04164642,
            "z": -4.314083E-32
          },
          "up": {
            "x": 0.04164642,
            "y": 0.9991324,
            "z": -9.8607613E-32
          },
          "forward": {
            "x": 4.7210057E-32,
            "y": 9.67254E-32,
            "z": 1.0
          },
          "trans": {
            "x": 2.5960429,
            "y": 1.1368684E-15,
            "z": -0.18589905
          }
        },
        {
          "right": {
            "x": 0.99990606,
            "y": 0.01370424,
            "z": 2.1570415E-32
          },
          "up": {
            "x": -0.01370424,
            "y": 0.99990606,
            "z": 9.8607613E-32
          },
          "forward": {
            "x": -2.0217047E-32,
            "y": -9.889396E-32,
            "z": 1.0
          },
          "trans": {
            "x": 2.6167839,
            "y": -4.8316907E-15,
            "z": -0.052522957
          }
        },
        {
          "right": {
            "x": 0.9984166,
            "y": 0.056252416,
            "z": 1.540744E-33
          },
          "up": {
            "x": -0.056252416,
            "y": 0.9984166,
            "z": -9.8607613E-32
          },
          "forward": {
            "x": -7.085221E-33,
            "y": 9.8364803E-32,
            "z": 1.0
          },
          "trans": {
            "x": 2.569153,
            "y": 3.1832315E-14,
            "z": 0.20862055
          }
        },
        {
          "right": {
            "x": 0.9993364,
            "y": 0.036424235,
            "z": -1.2325952E-32
          },
          "up": {
            "x": -0.036424235,
            "y": 0.9993364,
            "z": 4.9303807E-32
          },
          "forward": {
            "x": 1.4113626E-32,
            "y": -4.8822127E-32,
            "z": 1.0
          },
          "trans": {
            "x": 2.5901363,
            "y": 7.1054275E-16,
            "z": 0.384301
          }
        },
        {
          "right": {
            "x": 0.9997659,
            "y": 0.021637661,
            "z": 9.051871E-33
          },
          "up": {
            "x": -0.021637661,
            "y": 0.9997659,
            "z": -4.9303807E-32
          },
          "forward": {
            "x": -1.011657E-32,
            "y": 4.9096402E-32,
            "z": 1.0
          },
          "trans": {
            "x": 2.5455785,
            "y": -7.993606E-17,
            "z": 0.33705667
          }
        },
        {
          "right": {
            "x": 0.034529313,
            "y": -0.9994037,
            "z": -4.9303807E-32
          },
          "up": {
            "x": 0.9994037,
            "y": 0.034529313,
            "z": -1.8488927E-32
          },
          "forward": {
            "x": 2.0180329E-32,
            "y": -4.8635996E-32,
            "z": 1.0
          },
          "trans": {
            "x": 2.5457425,
            "y": -1.3500312E-15,
            "z": 0.29211578
          }
        }
      ],
      "ModelPose": [
        {
          "right": {
            "x": 1.0,
            "y": 0.0,
            "z": 0.0
          },
          "up": {
            "x": 0.0,
            "y": 1.0,
            "z": 0.0
          },
          "forward": {
            "x": 0.0,
            "y": 0.0,
            "z": 1.0
          },
          "trans": {
            "x": 0.0,
            "y": 0.0,
            "z": 0.0
          }
        },
        {
          "right": {
            "x": 0.028292002,
            "y": 0.9995997,
            "z": 0.0
          },
          "up": {
            "x": -0.9995997,
            "y": 0.028292002,
            "z": 0.0
          },
          "forward": {
            "x": 0.0,
            "y": 0.0,
            "z": 1.0
          },
          "trans": {
            "x": 0.0,
            "y": 0.0,