{
  "Name": "objects/vegetation/treeparktrees/parktree_03_skeleton",
  "PartitionGuid": "6c48cb38-dd12-11e0-b5fa-b3f961054af3",
  "PrimaryInstanceGuid": "92ddb983-b40c-b30f-f2a6-e5d0915c948b",
  "Instances": {
    "92ddb983-b40c-b30f-f2a6-e5d0915c948b": {
      "$type": "SkeletonAsset",
      "Name": "Objects/Vegetation/TreeParkTrees/ParkTree_03_Skeleton",
      "BoneNames": [
        "skeleton",
        "joint1",
        "joint2",
        "joint3",
        "joint4",
        "joint5",
        "joint6",
        "joint7",
        "joint8"
      ],
      "Hierarchy": [
        -1,
        0,
        1,
        2,
        3,
        4,
        5,
        6,
        7
      ],
      "LocalPose": [
        {
          "right": {
            "x": 1.0,
            "y": 0.0,
            "z": 0.0
          },
          "up": {
            "x": -0.0,
            "y": 1.0,
            "z": 0.0
          },
          "forward": {
            "x": 0.0,
            "y": -0.0,
            "z": 1.0
          },
          "trans": {
            "x": 0.0,
            "y": 0.0,
            "z": 0.0
          }
        },
        {
          "right": {
            "x": 6.1175783E-17,
            "y": 0.9990763,
            "z": -0.042971026
          },
          "up": {
            "x": 1.6344348E-16,
            "y": 0.042971026,
            "z": 0.9990763
          },
          "forward": {
            "x": 1.0,
            "y": -6.814261E-17,
            "z": -1.6066373E-16
          },
          "trans": {
            "x": 0.1508439,
            "y": -0.15496697,
            "z": 0.23688428
          }
        },
        {
          "right": {
            "x": 0.99558896,
            "y": 0.09382227,
            "z": -2.366897E-16
          },
          "up": {
            "x": 0.09382227,
            "y": -0.99558896,
            "z": 1.2246469E-16
          },
          "forward": {
            "x": -2.2415576E-16,
            "y": -1.4413125E-16,
            "z": -1.0
          },
          "trans": {
            "x": 2.1711066,
            "y": 9.237055E-16,
            "z": 0.21118148
          }
        },
        {
          "right": {
            "x": 0.98510396,
            "y": 0.17195968,
            "z": 2.3544938E-16
          },
          "up": {
            "x": 0.17195968,
            "y": -0.98510396,
            "z": 1.2246469E-16
          },
          "forward": {
            "x": 2.530011E-16,
            "y": -8.015264E-17,
            "z": -1.0
          },
          "trans": {
            "x": 2.2886925,
            "y": 1.4566126E-15,
            "z": 5.684342E-16
          }
        },
        {
          "right": {
            "x": 0.9911797,
            "y": -0.13252485,
            "z": -2.1246033E-16
          },
          "up": {
            "x": 0.13252485,
            "y": 0.9911797,
            "z": -3.8923053E-17
          },
          "forward": {
            "x": 2.1574464E-16,
            "y": 1.0423466E-17,
            "z": 1.0
          },
          "trans": {
            "x": 2.3027914,
            "y": 0.0,
            "z": -0.3318566
          }
        },
        {
          "right": {
            "x": 0.9947914,
            "y": 0.10193163,
            "z": -4.4253353E-16
          },
          "up": {
            "x": -0.10193163,
            "y": 0.9947914,
            "z": -6.3832965E-17
          },
          "forward": {
            "x": 4.3372195E-16,
            "y": 1.0860865E-16,
            "z": 1.0
          },
          "trans": {
            "x": 2.3137503,
            "y": -1.1368684E-15,
            "z": -0.15180022
          }
        },
        {
          "right": {
            "x": 0.99734986,
            "y": 0.072755,
            "z": -4.335119E-16
          },
          "up": {
            "x": -0.072755,
            "y": 0.99734986,
            "z": -5.651413E-17
          },
          "forward": {
            "x": 4.2825136E-16,
            "y": 8.7904523E-17,
            "z": 1.0
          },
          "trans": {
            "x": 1.8406497,
            "y": 5.684342E-16,
            "z": -0.07590011
          }
        },
        {
          "right": {
            "x": 0.99681526,
            "y": 0.079745226,
            "z": -2.1275858E-16
          },
          "up": {
            "x": -0.079745226,
            "y": 0.99681526,
            "z": -1.8013836E-17
          },
          "forward": {
            "x": 2.1064448E-16,
            "y": 3.4922947E-17,
            "z": 1.0
          },
          "trans": {
            "x": 2.3398185,
            "y": 1.563194E-15,
            "z": -0.045540065
          }
        },
        {
          "right": {
            "x": 6.123234E-17,
            "y": 0.0,
            "z": 1.0
          },
          "up": {
            "x": 1.0,
            "y": 5.0532154E-16,
            "z": -6.123234E-17
          },
          "forward": {
            "x": -5.0532154E-16,
            "y": 1.0,
            "z": 3.094202E-32
          },
          "trans": {
            "x": 2.0991302,
            "y": 1.7053025E-15,
            "z": -4.973799E-16
          }
        }
      ],
      "ModelPose": [
        {
          "right": {
            "x": 1.0,
            "y": 0.0,
            "z": 0.0
          },
          "up": {
            "x": 0.0,
            "y": 1.0,
            "z": 0.0
          },
          "forward": {
            "x": 0.0,
            "y": 0.0,
            "z": 1.0
          },
          "trans": {
            "x": 0.0,
            "y": 0.0,
            "z": 0.0
          }
        },
        {
          "right": {
            "x": 6.1175783E-17,
            "y": 0.9990763,
            "z": -0.042971026
          },
          "up": {
            "x": 1.6344348E-16,
            "y": 0.042971026,
            "z": 0.9990763
          },
          "forward": {
            "x": 1.0,
            "y": -6.814261E-17,
            "z": -1.6066373E-16
          },
          "trans": {
            "x": 0.1508439,
            "y": -0.15496697,
            "z": 0.23688428
          }
        },
        {
          "right": {
            "x": -1.6044912E-16,
            "y": 0.998701,
            "z": 0.050954126
          },
          "up": {
            "x": -3.451818E-17,
            "y": 0.050954126,
            "z": -0.998701
          },
          "forward": {
            "x": -1.0,
            "y": -1.6199958E-16,
            "z": 2.6297819E-17
          },
          "trans": {
            "x": 0.36202538,
            "y": 2.0141342,
            "z": 0.1435896
          }
        },
        {
          "right": {
            "x": -3.9944417E-16,
            "y": 0.9925864,
            "z": -0.12154119
          },
          "up": {
            "x": -1.1605147E-16,
            "y": 0.12154119,
            "z": 0.9925864
          },
          "forward": {
            "x": 1.0,
            "y": 4.1058792E-16,
            "z": 6.664216E-17
          },
          "trans": {
            "x": 0.36202538,
            "y": 4.2998533,
            "z": 0.26020792
          }
        },
        {
          "right": {
            "x": -5.9300157E-16,
            "y": 0.96772426,
            "z": -0.2520115
          },
          "up": {
            "x": -2.0688719E-16,
            "y": 0.2520115,
            "z": 0.96772426
          },
          "forward": {
            "x": 1.0,
            "y": 6.26E-16,
            "z": 5.076649E-17
          },
          "trans": {
            "x": 0.030168772,
            "y": 6.5855727,