{
  "Name": "objects/vegetation/treeparktrees/parktree_01_skeleton",
  "PartitionGuid": "1fd4f4ee-dd10-11e0-b5fa-b3f961054af3",
  "PrimaryInstanceGuid": "2532b4ed-afaa-31ee-c5ed-be281e131bff",
  "Instances": {
    "2532b4ed-afaa-31ee-c5ed-be281e131bff": {
      "$type": "SkeletonAsset",
      "Name": "Objects/Vegetation/TreeParkTrees/ParkTree_01_Skeleton",
      "BoneNames": [
        "skeleton",
        "joint1",
        "NOSKIN",
        "joint3",
        "joint4",
        "joint5",
        "NOSKIN2",
        "joint7",
        "joint8",
        "joint9",
        "NOSKIN3",
        "joint11",
        "joint12",
        "joint13",
        "joint14",
        "joint15"
      ],
      "Hierarchy": [
        -1,
        0,
        1,
        2,
        3,
        4,
        5,
        6,
        7,
        8,
        9,
        10,
        11,
        12,
        13,
        14
      ],
      "LocalPose": [
        {
          "right": {
            "x": 1.0,
            "y": 0.0,
            "z": 0.0
          },
          "up": {
            "x": -0.0,
            "y": 1.0,
            "z": 0.0
          },
          "forward": {
            "x": 0.0,
            "y": -0.0,
            "z": 1.0
          },
          "trans": {
            "x": 0.0,
            "y": 0.0,
            "z": 0.0
          }
        },
        {
          "right": {
            "x": 6.1230443E-17,
            "y": 0.999969,
            "z": 0.007873772
          },
          "up": {
            "x": -6.075021E-17,
            "y": 0.007873772,
            "z": -0.999969
          },
          "forward": {
            "x": -1.0,
            "y": 6.075021E-17,
            "z": 6.1230443E-17
          },
          "trans": {
            "x": 0.0,
            "y": -0.39468312,
            "z": 0.056072887
          }
        },
        {
          "right": {
            "x": 0.99447924,
            "y": 0.10493352,
            "z": 1.540744E-33
          },
          "up": {
            "x": 0.10493352,
            "y": -0.99447924,
            "z": 1.2246469E-16
          },
          "forward": {
            "x": 1.28506495E-17,
            "y": -1.2178858E-16,
            "z": -1.0
          },
          "trans": {
            "x": 0.5410561,
            "y": 1.1546319E-16,
            "z": -1.1832913E-32
          }
        },
        {
          "right": {
            "x": 0.997696,
            "y": -0.067843325,
            "z": 6.3875867E-18
          },
          "up": {
            "x": 0.067843325,
            "y": 0.997696,
            "z": 7.731857E-19
          },
          "forward": {
            "x": -6.4253248E-18,
            "y": -3.3804912E-19,
            "z": 1.0
          },
          "trans": {
            "x": 0.17549552,
            "y": 1.3322677E-16,
            "z": 2.0445159E-18
          }
        },
        {
          "right": {
            "x": 0.99576247,
            "y": 0.091962524,
            "z": -4.1495764E-18
          },
          "up": {
            "x": -0.091962524,
            "y": 0.99576247,
            "z": 2.4154897E-19
          },
          "forward": {
            "x": 4.1542057E-18,
            "y": 1.4108009E-19,
            "z": 1.0
          },
          "trans": {
            "x": 0.18139446,
            "y": -2.4868996E-16,
            "z": 1.960012E-18
          }
        },
        {
          "right": {
            "x": 0.9998337,
            "y": -0.018237758,
            "z": 5.634876E-18
          },
          "up": {
            "x": 0.018237758,
            "y": 0.9998337,
            "z": -1.5673249E-19
          },
          "forward": {
            "x": -5.6310804E-18,
            "y": 2.5947394E-19,
            "z": 1.0
          },
          "trans": {
            "x": 0.97503585,
            "y": 0.020707231,
            "z": 0.021834772
          }
        },
        {
          "right": {
            "x": 0.99117684,
            "y": 0.13254619,
            "z": -1.1082374E-18
          },
          "up": {
            "x": 0.13254619,
            "y": -0.99117684,
            "z": 1.2246469E-16
          },
          "forward": {
            "x": 1.5133766E-17,
            "y": -1.2153104E-16,
            "z": -1.0
          },
          "trans": {
            "x": 0.90618527,
            "y": -0.026161335,
            "z": -0.054586932
          }
        },
        {
          "right": {
            "x": 0.9973196,
            "y": -0.07316858,
            "z": -9.729273E-18
          },
          "up": {
            "x": 0.07316858,
            "y": 0.9973196,
            "z": 2.1690755E-17
          },
          "forward": {
            "x": 8.1161125E-18,
            "y": -2.2344491E-17,
            "z": 1.0
          },
          "trans": {
            "x": 0.15224913,
            "y": 3.5527136E-17,
            "z": 4.440892E-18
          }
        },
        {
          "right": {
            "x": 0.99995905,
            "y": 0.009050053,
            "z": -1.1769825E-17
          },
          "up": {
            "x": -0.009050053,
            "y": 0.99995905,
            "z": -3.2453904E-19
          },
          "forward": {
            "x": 1.1766405E-17,
            "y": 4.310433E-19,
            "z": 1.0
          },
          "trans": {
            "x": 0.16588694,
            "y": -3.5527137E-16,
            "z": -8.881784E-18
          }
        },
        {
          "right": {
            "x": 0.9935569,
            "y": 0.11333418,
            "z": 1.4452361E-18
          },
          "up": {
            "x": 0.11333418,
            "y": -0.9935569,
            "z": 1.2246469E-16
          },
          "forward": {
            "x": 1.5315358E-17,
            "y": -1.2151184E-16,
            "z": -1.0
          },
          "trans": {
            "x": 1.1214018,
            "y": 1.00897065E-14,
            "z": 0.14860785
          }
        },
        {
          "right": {
            "x": 0.99878037,
            "y": 0.04937428,
            "z": -1.8254455E-17
          },
          "up": {
            "x": 0.04937428,
            "y": -0.99878037,
            "z": 1.2246469E-16
          },
          "forward": {
            "x": -1.21855856E-17,
            "y": -1.2321661E-16,
            "z": -1.0
          },
          "trans": {
            "x": 0.8482662,
            "y": 5.861978E-16,
            "z": -0.058755394
          }
        },
        {
          "right": {
            "x": 0.99962974,
            "y": -0.02721055,
            "z": -1.4594722E-17
          },
          "up": {
            "x": 0.02721055,
            "y": 0.99962974,
            "z": 2.2150327E-17
          },
          "forward": {
            "x": 1.3986595E-17,
            "y": -2.2539256E-17,
            "z": 1.0
          },
          "trans": {
            "x": 0.15794915,
            "y": 1.0658141E-16,
            "z": 3.5527136E-17
          }
        },
        {
          "right": {
            "x": 0.9949753,
            "y": -0.100120544,
            "z": -1.03512075E-17
          },
          "up": {
            "x": 0.100120544,
            "y": 0.9949753,
            "z": -1.1840806E-18
          },
          "forward": {
            "x": 1.0417747E-17,
            "y": 1.4176256E-19,
            "z": 1.0
          },
          "trans": {
            "x": 0.19114271,
            "y": -4.973799E-16,
            "z": 0.0
          }
        },
        {
          "right": {
            "x": 0.99573666,
            "y": 0.09224185,
            "z": -3.8345863E-17
          },
          "up": {
            "x": -0.09224185,
            "y": 0.99573666,