{
  "Name": "fx/dlc/xp1/ambient/generic/debris/vegetation/emitters/em_amb_dlc_generic_flyinggrass_meshp_04",
  "PartitionGuid": "80da33f6-0c5e-42c9-b0f6-18f6a9d9d693",
  "PrimaryInstanceGuid": "9c18575c-a571-4586-874c-0a7f6af059be",
  "Instances": {
    "04a32438-f6cb-4ad5-82f4-08a9158875e1": {
      "$type": "PolynomialData",
      "EmitterParameter": 0,
      "Coefficients": {
        "x": 0.0,
        "y": -0.5743707,
        "z": 1.1732515,
        "w": 0.4008806
      },
      "ScaleValue": 1.0,
      "MinClamp": 0.0,
      "MaxClamp": 1.0
    },
    "0a3ffa15-c75e-4f73-875e-51718d93190f": {
      "$type": "PolynomialData",
      "EmitterParameter": 0,
      "Coefficients": {
        "x": -8.313519,
        "y": 11.29086,
        "z": -3.6825898,
        "w": 0.7716023
      },
      "ScaleValue": 1.0,
      "MinClamp": 0.0,
      "MaxClamp": 1.0
    },
    "11c0af8b-b591-4786-b30d-3304342f7fe4": {
      "$type": "PolynomialData",
      "EmitterParameter": 0,
      "Coefficients": {
        "x": 0.0,
        "y": -0.526042,
        "z": 1.0457892,
        "w": 0.46524215
      },
      "ScaleValue": 1.0,
      "MinClamp": 0.0,
      "MaxClamp": 1.0
    },
    "145d37c4-6f29-4946-a621-87fc7dd3bed7": {
      "$type": "SpawnRotationData",
      "DefaultValues": {
        "x": 1.0,
        "y": 1.0,
        "z": 1.0,
        "w": 1.0
      },
      "NextProcessor": {
        "PartitionGuid": "80da33f6-0c5e-42c9-b0f6-18f6a9d9d693",
        "InstanceGuid": "86b7aa2c-a507-4feb-b134-76ccfe8377ef"
      },
      "Pre": {
        "PartitionGuid": "80da33f6-0c5e-42c9-b0f6-18f6a9d9d693",
        "InstanceGuid": "4a6a6733-e387-4d38-ac85-9e07a04f003e"
      },
      "EvaluatorInput": 1,
      "Enable": true,
      "Rotation": 1.0
    },
    "20c1dd44-591c-41ae-82f5-aea610c755a4": {
      "$type": "RandomEvaluatorData",
      "EmitterParameter": 0,
      "Max": 1.0,
      "Min": 0.65
    },
    "3a1dd2e4-b0af-4550-8b32-d0347b4ad0d7": {
      "$type": "GravityData",
      "DefaultValues": {
        "x": 1.0,
        "y": 1.0,
        "z": 1.0,
        "w": 1.0
      },
      "NextProcessor": {
        "PartitionGuid": "80da33f6-0c5e-42c9-b0f6-18f6a9d9d693",
        "InstanceGuid": "729e1dac-2ca9-4fa4-afdc-6f59721aff79"
      },
      "Pre": null,
      "EvaluatorInput": 2,
      "Enable": true,
      "Gravity": -0.35
    },
    "3ee85659-36bb-9649-db68-f2e26bdc8cff": {
      "$type": "UpdateLinearVelocityData",
      "DefaultValues": {
        "x": 1.0,
        "y": 1.0,
        "z": 1.0,
        "w": 1.0
      },
      "NextProcessor": null,
      "Pre": null,
      "EvaluatorInput": 2,
      "Enable": true
    },
    "3f6b3056-bace-4105-b463-16d042147bdc": {
      "$type": "UpdateAgeData",
      "DefaultValues": {
        "x": 1.0,
        "y": 1.0,
        "z": 1.0,
        "w": 1.0
      },
      "NextProcessor": {
        "PartitionGuid": "80da33f6-0c5e-42c9-b0f6-18f6a9d9d693",
        "InstanceGuid": "db3db2fd-2bb2-4451-9e3c-8c820fb91c36"
      },
      "Pre": null,
      "EvaluatorInput": 2,
      "Enable": true,
      "Lifetime": 4.0
    },
    "4a6a6733-e387-4d38-ac85-9e07a04f003e": {
      "$type": "RandomEvaluatorData",
      "EmitterParameter": 0,
      "Max": 1.0,
      "Min": -1.0
    },
    "57e88be9-02d5-44b8-bfac-d326c0924bfb": {
      "$type": "SphereEvaluatorData",
      "EmitterParameter": 0,
      "Scale": {
        "x": 3.0,
        "y": 0.25,
        "z": 3.0
      },
      "Pivot": {
        "x": 0.0,
        "y": 0.0,
        "z": 0.0
      },
      "Radius": 1.0
    },
    "5d0cc67a-3722-4155-b1cf-a04821a71eea": {
      "$type": "PolynomialData",
      "EmitterParameter": 0,
      "Coefficients": {
        "x": 20.744251,
        "y": -43.25459,
        "z": 22.392298,
        "w": 0.113045335
      },
      "ScaleValue": 2.0,
      "MinClamp": 0.0,
      "MaxClamp": 1.0
    },
    "6c133b4f-0135-414b-b76c-3142a4def4c8": {
      "$type": "SpawnSizeData",
      "DefaultValues": {
        "x": 1.0,
        "y": 1.0,
        "z": 1.0,
        "w": 1.0
      },
      "NextProcessor": {
        "PartitionGuid": "80da33f6-0c5e-42c9-b0f6-18f6a9d9d693",
        "InstanceGuid": "c90ff4cb-7457-4184-9a4f-deff19fd5199"
      },
      "Pre": {
        "PartitionGuid": "80da33f6-0c5e-42c9-b0f6-18f6a9d9d693",
        "InstanceGuid": "20c1dd44-591c-41ae-82f5-aea610c755a4"
      },
      "EvaluatorInput": 1,
      "Enable": true,
      "Size": 1.8
    },
    "729e1dac-2ca9-4fa4-afdc-6f59721aff79": {
      "$type": "UpdateSizeData",
      "DefaultValues": {
        "x": 1.0,
        "y": 1.0,
        "z": 1.0,
        "w": 1.0
      },
      "NextProcessor": {
        "PartitionGuid": "80da33f6-0c5e-42c9-b0f6-18f6a9d9d693",
        "InstanceGuid": "9fcf1c28-6a94-4d1a-86f4-42b2a681aa68"
      },
      "Pre": {
        "PartitionGuid": "80da33f6-0c5e-42c9-b0f6-18f6a9d9d693",
        "InstanceGuid": "5d0cc67a-3722-4155-b1cf-a04821a71eea"
      },
      "EvaluatorInput": 2,
      "Enable": true,
      "Pivot": {
        "x": 1.0,
        "y": 0.5
      }
    },
    "78916738-c70f-4633-9657-c2931e8ea5ac": {
      "$type": "SpawnRotationSpeedData",
      "DefaultValues": {
        "x": 1.0,
        "y": 1.0,
        "z": 1.0,
        "w": 1.0
      },
      "NextProcessor": {
        "PartitionGuid": "80da33f6-0c5e-42c9-b0f6-18f6a9d9d693",
        "InstanceGuid": "d8b10b01-a4c7-43bc-b3c9-0b92ae28cdae"
      },
      "Pre": {
        "PartitionGuid": "80da33f6-0c5e-42c9-b0f6-18f6a9d9d693",
        "InstanceGuid": "d4001e34-e68f-45ea-a923-a8833e156aa6"
      },
      "EvaluatorInput": 1,
      "Enable": true,
      "RotationSpeed": 2.0
    },
    "81886114-459b-4a16-a4e7-751b2577cebf": {
      "$type": "PolynomialData",
      "EmitterParameter": 0,
      "Coefficients": {
        "x": -37.12389,
        "y": 63.74438,
        "z": -27.767836,
        "w": 1.2410971
      },
      "ScaleValue": 1.0,
      "MinClamp": 0.0,
      "MaxClamp": 1.0
    },
    "86b7aa2c-a507-4feb-b134-76ccfe8377ef": {
      "$type": "AirResistanceData",
      "DefaultValues": {
        "x": 1.0,
        "y": 1.0,
        "z": 1.0,
        "w": 1.0
      },
      "NextProcessor": {
        "PartitionGuid": "80da33f6-0c5e-42c9-b0f6-18f6a9d9d693",
        "InstanceGuid": "3a1dd2e4-b0af-4550-8b32-d0347b4ad0d7"
      },
      "Pre": {
        "PartitionGuid": "80da33f6-0c5e-42c9-b0f6-18f6a9d9d693",
        "InstanceGuid": "04a32438-f6cb-4ad5-82f4-08a9158875e1"
      },
      "EvaluatorInput": 2,
      "Enable": true,
      "DragFactor": 0.1
    },
    "9c18575c-a571-4586-874c-0a7f6af059be": {
      "$type": "EmitterTemplateData",
      "PointLightIntensity": {
        "x": 0.0,
        "y": 0.0,
        "z": 0.0,
        "w": 1.0
      },
      "PointLightPivot": {
        "x": 0.0,
        "y": 0.0,
        "z": 0.0
      },
      "PointLightColor": {
        "x": 1.0,
        "y": 1.0,
        "z": 1.0
      },
      "MaxCount": 25,
      "Name": "FX/DLC/XP1/Ambient/Generic/Debris/Vegetation/Emitters/Em_Amb_DLC_Generic_FlyingGrass_MeshP_04",
      "TimeScale": 1.0,
      "LifetimeFrameCount": 0,
      "Lifetime": 12.0,
      "RootProcessor": {
        "PartitionGuid": "80da33f6-0c5e-42c9-b0f6-18f6a9d9d693",
        "InstanceGuid": "a41c3e4b-c382-4963-a332-c44b0a2d24f1"
      },
      "VisibleAfterDistance": 0.0,
      "ZOcclusionLookup": [],
      "EmittableType": 6,
      "Mesh": {
        "PartitionGuid": "1cc276e3-0224-c59c-1189-43cd20105feb",
        "InstanceGuid": "93829dbd-b126-63ff-e83d-ed8e2a1f5e47"
      },
      "DistanceScaleNearValue": 1.0,
      "PointLightRadius": 20.0,
      "VertexPixelLightingBlendFactor": 0.0,
      "GlobalLocalNormalBlendFactor": 0.0,