{
  "Name": "xp_raw/vegetation/palmcluster_01/palmcluster_01_simple",
  "PartitionGuid": "0478e329-aab2-44b3-8ae4-6ca259ed0cdc",
  "PrimaryInstanceGuid": "4d30208e-c39c-4646-95d9-d767bfe741bf",
  "Instances": {
    "59c05bbc-f000-4048-9c4b-fff2932e7e97": {
      "$type": "ReferenceObjectData",
      "BlueprintTransform": {
        "right": {
          "x": -0.9901022,
          "y": 0.09029604,
          "z": -0.10744465
        },
        "up": {
          "x": 0.08145003,
          "y": 0.9931266,
          "z": 0.08405713
        },
        "forward": {
          "x": 0.11429603,
          "y": 0.07447375,
          "z": -0.99065137
        },
        "trans": {
          "x": 0.0,
          "y": 0.0,
          "z": 0.0
        }
      },
      "Blueprint": {
        "PartitionGuid": "fed73285-56dc-11e0-8eac-bb4b05653630",
        "InstanceGuid": "608517d5-b7e5-ed00-ccd6-7b1756f34bea"
      },
      "ObjectVariation": {
        "PartitionGuid": "cc63109b-feda-11e0-8f38-f0e03853883c",
        "InstanceGuid": "b31761d1-beeb-100d-2679-b65966e87de3"
      },
      "StreamRealm": 0,
      "CastSunShadowEnable": true,
      "Excluded": false,
      "IndexInBlueprint": 0,
      "IsEventConnectionTarget": 3,
      "IsPropertyConnectionTarget": 3
    },
    "b628ccc0-38c7-4971-b3b0-4cd301e98bf4": {
      "$type": "ReferenceObjectData",
      "BlueprintTransform": {
        "right": {
          "x": 0.21891157,
          "y": 0.044193283,
          "z": -0.9747434
        },
        "up": {
          "x": -0.1133554,
          "y": 0.9933616,
          "z": 0.019579576
        },
        "forward": {
          "x": 0.9691379,
          "y": 0.10620621,
          "z": 0.22246782
        },
        "trans": {
          "x": -3.7064466,
          "y": -0.558637,
          "z": -2.1534069
        }
      },
      "Blueprint": {
        "PartitionGuid": "fed73285-56dc-11e0-8eac-bb4b05653630",
        "InstanceGuid": "608517d5-b7e5-ed00-ccd6-7b1756f34bea"
      },
      "ObjectVariation": {
        "PartitionGuid": "cc63109b-feda-11e0-8f38-f0e03853883c",
        "InstanceGuid": "b31761d1-beeb-100d-2679-b65966e87de3"
      },
      "StreamRealm": 0,
      "CastSunShadowEnable": true,
      "Excluded": false,
      "IndexInBlueprint": 1,
      "IsEventConnectionTarget": 3,
      "IsPropertyConnectionTarget": 3
    },
    "890467ef-3223-4bb9-834b-fed3e6a78c3f": {
      "$type": "ReferenceObjectData",
      "BlueprintTransform": {
        "right": {
          "x": -0.76938856,
          "y": 0.08507665,
          "z": -0.63309026
        },
        "up": {
          "x": 0.032000754,
          "y": 0.9949802,
          "z": 0.09481785
        },
        "forward": {
          "x": 0.63797903,
          "y": 0.05269244,
          "z": -0.76824886
        },
        "trans": {
          "x": -1.7595915,
          "y": -0.27462068,
          "z": 0.0055841045
        }
      },
      "Blueprint": {
        "PartitionGuid": "2d06de24-a246-11e0-a72b-c376fd48000c",
        "InstanceGuid": "ab3492d7-a9b1-e319-9e29-7a81235b12ef"
      },
      "ObjectVariation": {
        "PartitionGuid": "3b831d98-00bf-11e1-8b7a-cbfbc123aeed",
        "InstanceGuid": "50a62c7c-a30e-f0c5-c527-122251f05a4a"
      },
      "StreamRealm": 0,
      "CastSunShadowEnable": true,
      "Excluded": false,
      "IndexInBlueprint": 2,
      "IsEventConnectionTarget": 3,
      "IsPropertyConnectionTarget": 3
    },
    "4d30208e-c39c-4646-95d9-d767bfe741bf": {
      "$type": "SpatialPrefabBlueprint",
      "Name": "XP_Raw/Vegetation/PalmCluster_01/PalmCluster_01_Simple",
      "PropertyConnections": [],
      "LinkConnections": [],
      "EventConnections": [],
      "Descriptor": null,
      "NeedNetworkId": true,
      "InterfaceHasConnections": false,
      "AlwaysCreateEntityBusClient": false,
      "AlwaysCreateEntityBusServer": false,
      "Objects": [
        {
          "PartitionGuid": "0478e329-aab2-44b3-8ae4-6ca259ed0cdc",
          "InstanceGuid": "59c05bbc-f000-4048-9c4b-fff2932e7e97"
        },
        {
          "PartitionGuid": "0478e329-aab2-44b3-8ae4-6ca259ed0cdc",
          "InstanceGuid": "b628ccc0-38c7-4971-b3b0-4cd301e98bf4"
        },
        {
          "PartitionGuid": "0478e329-aab2-44b3-8ae4-6ca259ed0cdc",
          "InstanceGuid": "890467ef-3223-4bb9-834b-fed3e6a78c3f"
        }
      ]
    }
  }
}