{
  "Name": "levels/sp_tank/highwayofdeath/layer11_highwayofdeath_volumes2",
  "PartitionGuid": "5c712cb9-7db8-4d33-a6c3-aebc3e23452a",
  "PrimaryInstanceGuid": "3b44e174-4136-429a-af5c-3e36acc4e24c",
  "Instances": {
    "0c5ad0bd-4619-44f3-a333-84fbdeb5f608": {
      "$type": "OBBData",
      "IndexInBlueprint": 886,
      "IsEventConnectionTarget": 1,
      "IsPropertyConnectionTarget": 3,
      "Transform": {
        "right": {
          "x": -0.34604466,
          "y": 0.012449975,
          "z": -0.93813545
        },
        "up": {
          "x": 0.0077168955,
          "y": 0.9999159,
          "z": 0.010423373
        },
        "forward": {
          "x": 0.9381863,
          "y": -0.0036325385,
          "z": -0.34611174
        },
        "trans": {
          "x": -504.7796,
          "y": 89.860756,
          "z": 1181.5023
        }
      },
      "HalfExtents": {
        "x": 225.0,
        "y": 15.000002,
        "z": 10.0
      }
    },
    "18ff1d9d-db24-4c89-8113-502b7095a630": {
      "$type": "OBBData",
      "IndexInBlueprint": 893,
      "IsEventConnectionTarget": 1,
      "IsPropertyConnectionTarget": 3,
      "Transform": {
        "right": {
          "x": -0.34604466,
          "y": 0.012449975,
          "z": -0.93813545
        },
        "up": {
          "x": 0.0077168955,
          "y": 0.9999159,
          "z": 0.010423372
        },
        "forward": {
          "x": 0.9381863,
          "y": -0.0036325387,
          "z": -0.3461117
        },
        "trans": {
          "x": -435.94058,
          "y": 90.02686,
          "z": 1204.1512
        }
      },
      "HalfExtents": {
        "x": 200.0,
        "y": 15.000002,
        "z": 10.0
      }
    },
    "2f46956b-26d4-43dc-b6b7-ca9a99a87d1b": {
      "$type": "OBBData",
      "IndexInBlueprint": 889,
      "IsEventConnectionTarget": 1,
      "IsPropertyConnectionTarget": 3,
      "Transform": {
        "right": {
          "x": 0.25638923,
          "y": 0.0,
          "z": 0.9665737
        },
        "up": {
          "x": 0.0,
          "y": 1.0,
          "z": 0.0
        },
        "forward": {
          "x": -0.9665736,
          "y": 0.0,
          "z": 0.25638923
        },
        "trans": {
          "x": -841.7094,
          "y": 89.282616,
          "z": 1241.0458
        }
      },
      "HalfExtents": {
        "x": 125.00001,
        "y": 14.999999,
        "z": 4.9999976
      }
    },
    "3b44e174-4136-429a-af5c-3e36acc4e24c": {
      "$type": "WorldPartData",
      "Name": "Levels/SP_Tank/HighwayOfDeath_Volumes2",
      "PropertyConnections": [],
      "LinkConnections": [],
      "EventConnections": [],
      "Descriptor": null,
      "NeedNetworkId": false,
      "InterfaceHasConnections": false,
      "AlwaysCreateEntityBusClient": false,
      "AlwaysCreateEntityBusServer": false,
      "Objects": [
        {
          "PartitionGuid": "5c712cb9-7db8-4d33-a6c3-aebc3e23452a",
          "InstanceGuid": "0c5ad0bd-4619-44f3-a333-84fbdeb5f608"
        },
        {
          "PartitionGuid": "5c712cb9-7db8-4d33-a6c3-aebc3e23452a",
          "InstanceGuid": "b8984357-f31f-4b87-9e06-c0a01d9eade9"
        },
        {
          "PartitionGuid": "5c712cb9-7db8-4d33-a6c3-aebc3e23452a",
          "InstanceGuid": "6542fb5d-30f0-4d09-9d10-f2026b118849"
        },
        {
          "PartitionGuid": "5c712cb9-7db8-4d33-a6c3-aebc3e23452a",
          "InstanceGuid": "2f46956b-26d4-43dc-b6b7-ca9a99a87d1b"
        },
        {
          "PartitionGuid": "5c712cb9-7db8-4d33-a6c3-aebc3e23452a",
          "InstanceGuid": "e1f79485-b570-48b2-8e8f-21eb9b559fe5"
        },
        {
          "PartitionGuid": "5c712cb9-7db8-4d33-a6c3-aebc3e23452a",
          "InstanceGuid": "dbc5b2bf-9d12-4e3c-83de-b3796ad7fce0"
        },
        {
          "PartitionGuid": "5c712cb9-7db8-4d33-a6c3-aebc3e23452a",
          "InstanceGuid": "9d0a46b9-8ae6-4c30-8a67-9c97e17b05d3"
        },
        {
          "PartitionGuid": "5c712cb9-7db8-4d33-a6c3-aebc3e23452a",
          "InstanceGuid": "18ff1d9d-db24-4c89-8113-502b7095a630"
        },
        {
          "PartitionGuid": "5c712cb9-7db8-4d33-a6c3-aebc3e23452a",
          "InstanceGuid": "f495877e-3c6b-45c7-b1be-645ae7857f6b"
        },
        {
          "PartitionGuid": "5c712cb9-7db8-4d33-a6c3-aebc3e23452a",
          "InstanceGuid": "4af05e7b-9ceb-4fe4-a1a1-049d54675592"
        },
        {
          "PartitionGuid": "5c712cb9-7db8-4d33-a6c3-aebc3e23452a",
          "InstanceGuid": "d3f842fe-9800-4e97-b1e9-4df60467a6e4"
        },
        {
          "PartitionGuid": "5c712cb9-7db8-4d33-a6c3-aebc3e23452a",
          "InstanceGuid": "b8e0495a-6423-465f-bf2e-dc3c4e8198dc"
        },
        {
          "PartitionGuid": "5c712cb9-7db8-4d33-a6c3-aebc3e23452a",
          "InstanceGuid": "832e6ff4-975b-4b59-9d48-00f726f4081e"
        },
        {
          "PartitionGuid": "5c712cb9-7db8-4d33-a6c3-aebc3e23452a",
          "InstanceGuid": "b3183a2d-7100-4709-8124-d1a766cb19a3"
        },
        {
          "PartitionGuid": "5c712cb9-7db8-4d33-a6c3-aebc3e23452a",
          "InstanceGuid": "e8cc15c6-b644-44e9-a794-60799168a43a"
        }
      ],
      "HackToSolveRealTimeTweakingIssue": "80adba3f-181a-2c53-5650-4c78606055bd",
      "UseDeferredEntityCreation": false,
      "Enabled": true
    },
    "4af05e7b-9ceb-4fe4-a1a1-049d54675592": {
      "$type": "OBBData",
      "IndexInBlueprint": 895,
      "IsEventConnectionTarget": 1,
      "IsPropertyConnectionTarget": 3,
      "Transform": {
        "right": {
          "x": -0.37721047,
          "y": 0.012449974,
          "z": -0.92604387
        },
        "up": {
          "x": 0.008061004,
          "y": 0.9999159,
          "z": 0.010159594
        },
        "forward": {
          "x": 0.92609245,
          "y": -0.0036325376,
          "z": -0.37727928
        },
        "trans": {
          "x": -89.36886,
          "y": 98.6113,
          "z": 1274.1438
        }
      },
      "HalfExtents": {
        "x": 200.00002,
        "y": 15.0,
        "z": 9.999998
      }
    },
    "6542fb5d-30f0-4d09-9d10-f2026b118849": {
      "$type": "OBBData",
      "IndexInBlueprint": 888,
      "IsEventConnectionTarget": 1,
      "IsPropertyConnectionTarget": 3,
      "Transform": {
        "right": {
          "x": 0.93340904,
          "y": 0.012449976,
          "z": -0.3585984
        },
        "up": {
          "x": -0.01031892,
          "y": 0.999916,
          "z": 0.00785603
        },
        "forward": {
          "x": 0.3586662,
          "y": -0.0036325387,
          "z": 0.9334588
        },
        "trans": {
          "x": -993.3412,
          "y": 89.282616,
          "z": 1130.043
        }
      },
      "HalfExtents": {
        "x": 124.99999,
        "y": 15.0,
        "z": 9.999999
      }
    },
    "832e6ff4-975b-4b59-9d48-00f726f4081e": {
      "$type": "OBBData",
      "IndexInBlueprint": 898,
      "IsEventConnectionTarget": 1,
      "IsPropertyConnectionTarget": 3,
      "Transform": {
        "right": {
          "x": -0.8427966,
          "y": 0.012429715,
          "z": -0.53808856
        },
        "up": {
          "x": 0.012468377,
          "y": 0.9999159,
          "z": 0.0035688665
        },
        "forward": {
          "x": 0.53808755,
          "y": -0.003701259,
          "z": -0.84288085
        },
        "trans": {
          "x": 205.00458,
          "y": 95.44832,
          "z": 1102.8364
        }
      },
      "HalfExtents": {
        "x": 100.0,
        "y": 15.0,
        "z": 10.0
      }
    },
    "9d0a46b9-8ae6-4c30-8a67-9c97e17b05d3": {
      "$type": "OBBData",
      "IndexInBlueprint": 892,
      "IsEventConnectionTarget": 1,