{
  "Name": "levels/sp_valley/valleyfield2/layer3_valley_field2covers",
  "PartitionGuid": "bf0aa9c8-5cf0-41a3-b0a8-07aa1ce770ee",
  "PrimaryInstanceGuid": "a5e60b97-c901-49a5-a2e0-f0b35aef1ef2",
  "Instances": {
    "1f18d6f7-e6ed-421c-bc0c-7604dcd3a5d0": {
      "$type": "CoverEntityData",
      "IndexInBlueprint": 91,
      "IsEventConnectionTarget": 1,
      "IsPropertyConnectionTarget": 3,
      "Transform": {
        "right": {
          "x": -0.99992985,
          "y": 0.0,
          "z": -0.011844986
        },
        "up": {
          "x": 0.0,
          "y": 1.0,
          "z": 0.0
        },
        "forward": {
          "x": 0.011844986,
          "y": 0.0,
          "z": -0.99992985
        },
        "trans": {
          "x": 1321.177,
          "y": 84.34436,
          "z": -1178.0038
        }
      },
      "Width": 5.2251,
      "CoverType": "CoverType_Crouch",
      "Slots": [
        {
          "Position": {
            "x": 1318.7604,
            "y": 84.34436,
            "z": -1177.6825
          }
        },
        {
          "Position": {
            "x": 1320.3687,
            "y": 84.34436,
            "z": -1177.6635
          }
        },
        {
          "Position": {
            "x": 1321.9769,
            "y": 84.34436,
            "z": -1177.6444
          }
        },
        {
          "Position": {
            "x": 1323.5851,
            "y": 84.34436,
            "z": -1177.6254
          }
        }
      ],
      "RightEdgeBlocked": false,
      "TopBlocked": false,
      "LeftEdgeBlocked": false
    },
    "2c28be5b-e8ac-450a-a2be-2be71de66ee6": {
      "$type": "CoverEntityData",
      "IndexInBlueprint": 92,
      "IsEventConnectionTarget": 1,
      "IsPropertyConnectionTarget": 3,
      "Transform": {
        "right": {
          "x": -0.99998397,
          "y": 0.0,
          "z": -0.0056656916
        },
        "up": {
          "x": 0.0,
          "y": 1.0,
          "z": 0.0
        },
        "forward": {
          "x": 0.0056656916,
          "y": 0.0,
          "z": -0.99998397
        },
        "trans": {
          "x": 1327.8926,
          "y": 84.38666,
          "z": -1177.8646
        }
      },
      "Width": 3.2259934,
      "CoverType": "CoverType_Crouch",
      "Slots": [
        {
          "Position": {
            "x": 1326.4777,
            "y": 84.38666,
            "z": -1177.5227
          }
        },
        {
          "Position": {
            "x": 1327.9777,
            "y": 84.38666,
            "z": -1177.5142
          }
        }
      ],
      "RightEdgeBlocked": true,
      "TopBlocked": false,
      "LeftEdgeBlocked": false
    },
    "4211fc01-9fe5-466b-ae72-0fb0aea2cf2e": {
      "$type": "CoverEntityData",
      "IndexInBlueprint": 93,
      "IsEventConnectionTarget": 1,
      "IsPropertyConnectionTarget": 3,
      "Transform": {
        "right": {
          "x": -1.0,
          "y": 0.0,
          "z": 8.742278E-08
        },
        "up": {
          "x": 0.0,
          "y": 1.0,
          "z": 0.0
        },
        "forward": {
          "x": -8.742278E-08,
          "y": 0.0,
          "z": -1.0
        },
        "trans": {
          "x": 1334.424,
          "y": 84.46913,
          "z": -1177.7596
        }
      },
      "Width": 5.4739194,
      "CoverType": "CoverType_Crouch",
      "Slots": [
        {
          "Position": {
            "x": 1331.987,
            "y": 84.46913,
            "z": -1177.4097
          }
        },
        {
          "Position": {
            "x": 1333.6117,
            "y": 84.46913,
            "z": -1177.4097
          }
        },
        {
          "Position": {
            "x": 1335.2363,
            "y": 84.46913,
            "z": -1177.4097
          }
        },
        {
          "Position": {
            "x": 1336.861,
            "y": 84.46913,
            "z": -1177.4097
          }
        }
      ],
      "RightEdgeBlocked": true,
      "TopBlocked": false,
      "LeftEdgeBlocked": true
    },
    "46ef5d8d-e81f-48e9-8592-c94bcb338002": {
      "$type": "CoverEntityData",
      "IndexInBlueprint": 90,
      "IsEventConnectionTarget": 1,
      "IsPropertyConnectionTarget": 3,
      "Transform": {
        "right": {
          "x": -0.9999971,
          "y": 0.0,
          "z": -0.0024165295
        },
        "up": {
          "x": 0.0,
          "y": 1.0,
          "z": 0.0
        },
        "forward": {
          "x": 0.0024165295,
          "y": 0.0,
          "z": -0.9999971
        },
        "trans": {
          "x": 1313.0187,
          "y": 84.363144,
          "z": -1178.099
        }
      },
      "Width": 6.8766856,
      "CoverType": "CoverType_Crouch",
      "Slots": [
        {
          "Position": {
            "x": 1310.2562,
            "y": 84.363144,
            "z": -1177.7557
          }
        },
        {
          "Position": {
            "x": 1311.7562,
            "y": 84.363144,
            "z": -1177.7521
          }
        },
        {
          "Position": {
            "x": 1313.2562,
            "y": 84.363144,
            "z": -1177.7484
          }
        },
        {
          "Position": {
            "x": 1314.7562,
            "y": 84.363144,
            "z": -1177.7449
          }
        },
        {
          "Position": {
            "x": 1316.2562,
            "y": 84.363144,
            "z": -1177.7412
          }
        }
      ],
      "RightEdgeBlocked": false,
      "TopBlocked": false,
      "LeftEdgeBlocked": true
    },
    "a5e60b97-c901-49a5-a2e0-f0b35aef1ef2": {
      "$type": "WorldPartData",
      "Name": "Levels/SP_Valley/Valley_Field2Covers",
      "PropertyConnections": [],
      "LinkConnections": [],
      "EventConnections": [],
      "Descriptor": null,
      "NeedNetworkId": false,
      "InterfaceHasConnections": false,
      "AlwaysCreateEntityBusClient": false,
      "AlwaysCreateEntityBusServer": false,
      "Objects": [
        {
          "PartitionGuid": "bf0aa9c8-5cf0-41a3-b0a8-07aa1ce770ee",
          "InstanceGuid": "46ef5d8d-e81f-48e9-8592-c94bcb338002"
        },
        {
          "PartitionGuid": "bf0aa9c8-5cf0-41a3-b0a8-07aa1ce770ee",
          "InstanceGuid": "1f18d6f7-e6ed-421c-bc0c-7604dcd3a5d0"
        },
        {
          "PartitionGuid": "bf0aa9c8-5cf0-41a3-b0a8-07aa1ce770ee",
          "InstanceGuid": "2c28be5b-e8ac-450a-a2be-2be71de66ee6"
        },
        {
          "PartitionGuid": "bf0aa9c8-5cf0-41a3-b0a8-07aa1ce770ee",
          "InstanceGuid": "4211fc01-9fe5-466b-ae72-0fb0aea2cf2e"
        },
        {
          "PartitionGuid": "bf0aa9c8-5cf0-41a3-b0a8-07aa1ce770ee",
          "InstanceGuid": "ba2fb639-d648-4a58-aa9e-cac6c97becb6"
        },
        {
          "PartitionGuid": "bf0aa9c8-5cf0-41a3-b0a8-07aa1ce770ee",
          "InstanceGuid": "badf1574-ca59-40b6-b792-aa2720e8e624"
        }
      ],
      "HackToSolveRealTimeTweakingIssue": "00000000-0000-0000-0000-000000000000",
      "UseDeferredEntityCreation": false,
      "Enabled": true
    },
    "ba2fb639-d648-4a58-aa9e-cac6c97becb6": {
      "$type": "CoverEntityData",
      "IndexInBlueprint": 94,
      "IsEventConnectionTarget": 1,
      "IsPropertyConnectionTarget": 3,
      "Transform": {
        "right": {
          "x": -0.9132888,
          "y": 0.0,
          "z": 0.40731263
        },
        "up": {
          "x": 0.0,
          "y": 1.0,
          "z": 0.0
        },
        "forward": {
          "x": -0.40731263,
          "y": 0.0,
          "z": -0.9132888
        },
        "trans": {
          "x": 1348.3855,
          "y": 84.60286,
          "z": -1178.9221
        }
      },
      "Width": 3.3863726,