{
  "Name": "levels/sp_sniper/sp_sniper/layer7_streaming_triggershapes",
  "PartitionGuid": "624ef24c-370f-4ff6-bc0f-bcb0ba89fff0",
  "PrimaryInstanceGuid": "09ae6536-e568-4619-9472-ba7b3d87d9f0",
  "Instances": {
    "6c60f5f1-7799-461b-af8d-2310c920ca4a": {
      "$type": "OBBData",
      "Transform": {
        "right": {
          "x": 1.0,
          "y": 0.0,
          "z": 0.0
        },
        "up": {
          "x": 0.0,
          "y": 1.0,
          "z": 0.0
        },
        "forward": {
          "x": 0.0,
          "y": 0.0,
          "z": 1.0
        },
        "trans": {
          "x": -23.360992,
          "y": 71.83572,
          "z": 16.964987
        }
      },
      "HalfExtents": {
        "x": 3.0851512,
        "y": 2.610558,
        "z": 1.2016025
      },
      "IndexInBlueprint": 185,
      "IsEventConnectionTarget": 1,
      "IsPropertyConnectionTarget": 3
    },
    "b290537a-32fa-461c-aef9-eb8a8731da39": {
      "$type": "OBBData",
      "Transform": {
        "right": {
          "x": -4.371139E-08,
          "y": 0.0,
          "z": -1.0
        },
        "up": {
          "x": 0.0,
          "y": 1.0,
          "z": 0.0
        },
        "forward": {
          "x": 1.0,
          "y": 0.0,
          "z": -4.37114E-08
        },
        "trans": {
          "x": 78.549614,
          "y": 61.978546,
          "z": -41.563778
        }
      },
      "HalfExtents": {
        "x": 3.547408,
        "y": 1.6014695,
        "z": 0.7131825
      },
      "IndexInBlueprint": 186,
      "IsEventConnectionTarget": 1,
      "IsPropertyConnectionTarget": 3
    },
    "5c4f6356-fca9-4d03-8999-e9a9f7cee511": {
      "$type": "OBBData",
      "Transform": {
        "right": {
          "x": -4.371138E-08,
          "y": 0.0,
          "z": 1.0
        },
        "up": {
          "x": 0.0,
          "y": 1.0,
          "z": 0.0
        },
        "forward": {
          "x": -1.0,
          "y": 0.0,
          "z": -4.371137E-08
        },
        "trans": {
          "x": 41.139957,
          "y": 73.343094,
          "z": -119.045845
        }
      },
      "HalfExtents": {
        "x": 2.53215,
        "y": 2.360433,
        "z": 9.170077
      },
      "IndexInBlueprint": 187,
      "IsEventConnectionTarget": 1,
      "IsPropertyConnectionTarget": 3
    },
    "465024e8-c819-407e-a496-8971febc24e5": {
      "$type": "OBBData",
      "Transform": {
        "right": {
          "x": 1.0,
          "y": 0.0,
          "z": 0.0
        },
        "up": {
          "x": 0.0,
          "y": 1.0,
          "z": 0.0
        },
        "forward": {
          "x": 0.0,
          "y": 0.0,
          "z": 1.0
        },
        "trans": {
          "x": 101.97487,
          "y": 63.691513,
          "z": -141.71228
        }
      },
      "HalfExtents": {
        "x": 1.1855938,
        "y": 11.39888,
        "z": 31.79839
      },
      "IndexInBlueprint": 188,
      "IsEventConnectionTarget": 1,
      "IsPropertyConnectionTarget": 3
    },
    "02c6ce64-fe0e-45cc-a4d0-20b1ad013ec1": {
      "$type": "OBBData",
      "Transform": {
        "right": {
          "x": 1.0,
          "y": 0.0,
          "z": 0.0
        },
        "up": {
          "x": 0.0,
          "y": 1.0,
          "z": 0.0
        },
        "forward": {
          "x": 0.0,
          "y": 0.0,
          "z": 1.0
        },
        "trans": {
          "x": 123.62116,
          "y": 65.93962,
          "z": -95.90664
        }
      },
      "HalfExtents": {
        "x": 3.0005093,
        "y": 2.717161,
        "z": 1.0
      },
      "IndexInBlueprint": 189,
      "IsEventConnectionTarget": 2,
      "IsPropertyConnectionTarget": 3
    },
    "0ddff836-920d-4571-b775-9036086bed75": {
      "$type": "OBBData",
      "Transform": {
        "right": {
          "x": 1.0,
          "y": 0.0,
          "z": 0.0
        },
        "up": {
          "x": 0.0,
          "y": 1.0,
          "z": 0.0
        },
        "forward": {
          "x": 0.0,
          "y": 0.0,
          "z": 1.0
        },
        "trans": {
          "x": -176.10927,
          "y": 105.55114,
          "z": 188.80527
        }
      },
      "HalfExtents": {
        "x": 1.0,
        "y": 1.0,
        "z": 1.0
      },
      "IndexInBlueprint": 190,
      "IsEventConnectionTarget": 3,
      "IsPropertyConnectionTarget": 3
    },
    "20873620-4a23-4146-a95d-ba9328bf482e": {
      "$type": "OBBData",
      "Transform": {
        "right": {
          "x": 0.00030415936,
          "y": 0.0,
          "z": 0.99999994
        },
        "up": {
          "x": 0.0,
          "y": 1.0,
          "z": 0.0
        },
        "forward": {
          "x": -0.99999994,
          "y": 0.0,
          "z": 0.00030415598
        },
        "trans": {
          "x": -178.43468,
          "y": 65.841354,
          "z": 132.4647
        }
      },
      "HalfExtents": {
        "x": 2.6879404,
        "y": 1.8937413,
        "z": 11.308184
      },
      "IndexInBlueprint": 191,
      "IsEventConnectionTarget": 1,
      "IsPropertyConnectionTarget": 3
    },
    "4b315641-f4a4-4c83-a41b-685b9057482d": {
      "$type": "OBBData",
      "Transform": {
        "right": {
          "x": 0.9998493,
          "y": -0.00029152835,
          "z": -0.017361509
        },
        "up": {
          "x": 0.00029173197,
          "y": 1.0,
          "z": 9.1870525E-06
        },
        "forward": {
          "x": 0.017361656,
          "y": -1.4250787E-05,
          "z": 0.9998493
        },
        "trans": {
          "x": -24.600224,
          "y": 70.406906,
          "z": 15.104468
        }
      },
      "HalfExtents": {
        "x": 4.047383,
        "y": 1.1883914,
        "z": 2.9490173
      },
      "IndexInBlueprint": 192,
      "IsEventConnectionTarget": 3,
      "IsPropertyConnectionTarget": 3
    },
    "16e848a2-1d4d-423f-9d7e-896d0dcc25d0": {
      "$type": "OBBData",
      "Transform": {
        "right": {
          "x": 1.0,
          "y": 0.0,
          "z": 0.0
        },
        "up": {
          "x": 0.0,
          "y": 1.0,
          "z": 0.0
        },
        "forward": {
          "x": 0.0,
          "y": 0.0,
          "z": 1.0
        },
        "trans": {
          "x": 133.03485,
          "y": 66.602585,
          "z": -85.77318
        }
      },
      "HalfExtents": {
        "x": 17.03603,
        "y": 2.563022,
        "z": 1.4377363
      },
      "IndexInBlueprint": 193,
      "IsEventConnectionTarget": 2,
      "IsPropertyConnectionTarget": 3
    },
    "7a3dd747-2b61-4138-9682-fafaf251cabe": {
      "$type": "OBBData",
      "Transform": {
        "right": {
          "x": 1.0,
          "y": 0.0,
          "z": 0.0
        },
        "up": {
          "x": 0.0,
          "y": 1.0,
          "z": 0.0
        },
        "forward": {
          "x": 0.0,
          "y": 0.0,
          "z": 1.0
        },
        "trans": {
          "x": 132.02707,
          "y": 66.87461,
          "z": -91.591385
        }
      },
      "HalfExtents": {
        "x": 17.654776,
        "y": 3.151778,
        "z": 1.0
      },
      "IndexInBlueprint": 194,
      "IsEventConnectionTarget": 2,
      "IsPropertyConnectionTarget": 3
    },
    "0e728895-c623-4bb7-937b-93f2e6f918e9": {
      "$type": "OBBData",
      "Transform": {
        "right": {
          "x": 1.0,
          "y": 0.0,
          "z": 0.0
        },
        "up": {
          "x": 0.0,
          "y": 1.0,
          "z": 0.0
        },
        "forward": {
          "x": 0.0,
          "y": 0.0,
          "z": 1.0
        },
        "trans": {
          "x": 119.69603,
          "y": 58.798073,