{
  "Name": "objects/iraqlamp_01/iraqlamp_01_sniper",
  "PartitionGuid": "73b7d40d-d429-11e0-9514-f2f82b791809",
  "PrimaryInstanceGuid": "41ad18c9-885d-9cba-cd8c-9e043b66fc37",
  "Instances": {
    "0fb62ba7-cb78-483e-9d92-da830f29fb3d": {
      "$type": "LensFlareEntityData",
      "Elements": [
        {
          "SizeCamDistCurve": {
            "x": 0.0,
            "y": 0.0,
            "z": -0.0860888,
            "w": 0.81492853
          },
          "SizeAngleCurve": {
            "x": 0.0,
            "y": 0.0,
            "z": 0.0,
            "w": 0.9000001
          },
          "Size": {
            "x": 0.6,
            "y": 0.6
          },
          "SizeOccluderCurve": {
            "x": 0.0,
            "y": 0.0,
            "z": -0.95145637,
            "w": 0.97145635
          },
          "SizeScreenPosCurve": {
            "x": 0.0,
            "y": 0.0,
            "z": 1.0082443,
            "w": 0.44109625
          },
          "AlphaCamDistCurve": {
            "x": 0.0,
            "y": -1.0923717,
            "z": 0.10168861,
            "w": 0.996126
          },
          "AlphaOccluderCurve": {
            "x": 0.0,
            "y": 0.0,
            "z": -4.7906995,
            "w": 4.8665133
          },
          "AlphaAngleCurve": {
            "x": 0.0,
            "y": 0.0,
            "z": 0.0,
            "w": 1.0550001
          },
          "AlphaScreenPosCurve": {
            "x": 0.0,
            "y": 0.0,
            "z": -0.9994936,
            "w": 0.969696
          },
          "SizeCamDistMax": 20.0,
          "RayDistance": 0.0,
          "Shader": {
            "PartitionGuid": "ab368ce0-b079-11e0-aeea-a13a192f2603",
            "InstanceGuid": "e19b75a6-8a9d-e920-66bd-7f731d9c1d82"
          },
          "AlphaCamDistMax": 50.0
        },
        {
          "SizeCamDistCurve": {
            "x": 0.0,
            "y": 0.0,
            "z": 0.0,
            "w": 1.0
          },
          "SizeAngleCurve": {
            "x": 0.0,
            "y": 0.0,
            "z": 0.8741723,
            "w": 0.36311248
          },
          "Size": {
            "x": 2.0,
            "y": 3.0
          },
          "SizeOccluderCurve": {
            "x": 0.0,
            "y": 0.0,
            "z": -6.8928523,
            "w": 6.9223175
          },
          "SizeScreenPosCurve": {
            "x": 0.0,
            "y": 0.0,
            "z": 0.14427859,
            "w": 0.82283586
          },
          "AlphaCamDistCurve": {
            "x": 0.0,
            "y": 0.0,
            "z": 0.0,
            "w": 1.0
          },
          "AlphaOccluderCurve": {
            "x": 0.0,
            "y": 0.0,
            "z": -1.0,
            "w": 1.0
          },
          "AlphaAngleCurve": {
            "x": 0.0,
            "y": 0.0,
            "z": 1.0,
            "w": 0.0
          },
          "AlphaScreenPosCurve": {
            "x": 0.0,
            "y": 0.0,
            "z": -0.46788985,
            "w": 0.4722476
          },
          "SizeCamDistMax": 50.0,
          "RayDistance": 1.0,
          "Shader": {
            "PartitionGuid": "5e46959b-9004-41d4-9682-f1a1bdcba40b",
            "InstanceGuid": "27e30130-39bf-4be5-aa36-10d1b4685d10"
          },
          "AlphaCamDistMax": 100.0
        }
      ],
      "OccluderSize": 1.0,
      "Visible": true,
      "HalfRes": true,
      "DebugDrawOccluder": false,
      "Transform": {
        "right": {
          "x": -1.0,
          "y": -5.9604645E-08,
          "z": 4.3711392E-08
        },
        "up": {
          "x": -4.3711392E-08,
          "y": 3.5527145E-15,
          "z": -1.0
        },
        "forward": {
          "x": 5.9604645E-08,
          "y": -1.0,
          "z": -6.158117E-15
        },
        "trans": {
          "x": -0.6999994,
          "y": -0.78325415,
          "z": 0.039886475
        }
      },
      "IndexInBlueprint": 3,
      "IsEventConnectionTarget": 0,
      "IsPropertyConnectionTarget": 3
    },
    "eb859de5-a1f9-4c63-b4b7-cc0f2495158e": {
      "$type": "PointLightEntityData",
      "Width": 0.0,
      "TranslucencyAmbient": 0.0,
      "TranslucencyScale": 0.0,
      "TranslucencyPower": 8,
      "TranslucencyDistortion": 0.1,
      "Color": {
        "x": 1.0,
        "y": 0.69,
        "z": 0.379
      },
      "ParticleColorScale": {
        "x": 1.0,
        "y": 1.0,
        "z": 1.0
      },
      "EnlightenColorScale": {
        "x": 1.0,
        "y": 1.0,
        "z": 1.0
      },
      "Radius": 3.0,
      "Intensity": 1.0,
      "AttenuationOffset": 0.01,
      "EnlightenColorMode": 0,
      "EnlightenEnable": true,
      "Visible": true,
      "SpecularEnable": true,
      "Transform": {
        "right": {
          "x": 1.0,
          "y": 0.0,
          "z": 0.0
        },
        "up": {
          "x": 0.0,
          "y": 1.0,
          "z": 0.0
        },
        "forward": {
          "x": 0.0,
          "y": 0.0,
          "z": 1.0
        },
        "trans": {
          "x": -0.6815033,
          "y": -0.8440933,
          "z": 0.06071472
        }
      },
      "IndexInBlueprint": 2,
      "IsEventConnectionTarget": 0,
      "IsPropertyConnectionTarget": 3
    },
    "b5d7f368-b80d-4411-98ee-38b1facc8817": {
      "$type": "ReferenceObjectData",
      "BlueprintTransform": {
        "right": {
          "x": -4.371139E-08,
          "y": 0.0,
          "z": -1.0
        },
        "up": {
          "x": 0.0,
          "y": 1.0,
          "z": 0.0
        },
        "forward": {
          "x": 1.0,
          "y": 0.0,
          "z": -4.371139E-08
        },
        "trans": {
          "x": 0.0,
          "y": 0.0,
          "z": 0.0
        }
      },
      "Blueprint": {
        "PartitionGuid": "c26a5d96-1da6-11e0-a3a7-9c95531251ef",
        "InstanceGuid": "cc0d008f-42be-c7bd-01d0-da32a4b63566"
      },
      "ObjectVariation": null,
      "StreamRealm": 0,
      "CastSunShadowEnable": true,
      "Excluded": false,
      "IndexInBlueprint": 0,
      "IsEventConnectionTarget": 3,
      "IsPropertyConnectionTarget": 3
    },
    "41ad18c9-885d-9cba-cd8c-9e043b66fc37": {
      "$type": "SpatialPrefabBlueprint",
      "Name": "Objects/IraqLamp_01/IraqLamp_01_Sniper",
      "PropertyConnections": [],
      "LinkConnections": [],
      "EventConnections": [
        {
          "Source": {
            "PartitionGuid": "73b7d40d-d429-11e0-9514-f2f82b791809",
            "InstanceGuid": "b5d7f368-b80d-4411-98ee-38b1facc8817"
          },
          "Target": {
            "PartitionGuid": "73b7d40d-d429-11e0-9514-f2f82b791809",
            "InstanceGuid": "0fb62ba7-cb78-483e-9d92-da830f29fb3d"
          },
          "SourceEvent": {
            "Id": -1452333337
          },
          "TargetEvent": {
            "Id": -117303631
          },
          "TargetType": 2
        },
        {
          "Source": {
            "PartitionGuid": "73b7d40d-d429-11e0-9514-f2f82b791809",
            "InstanceGuid": "b5d7f368-b80d-4411-98ee-38b1facc8817"
          },
          "Target": {
            "PartitionGuid": "73b7d40d-d429-11e0-9514-f2f82b791809",
            "InstanceGuid": "eb859de5-a1f9-4c63-b4b7-cc0f2495158e"
          },
          "SourceEvent": {
            "Id": -1452333337
          },
          "TargetEvent": {
            "Id": -117303631
          },
          "TargetType": 2
        },
        {
          "Source": {
            "PartitionGuid": "73b7d40d-d429-11e0-9514-f2f82b791809",
            "InstanceGuid": "b5d7f368-b80d-4411-98ee-38b1facc8817"
          },
          "Target": {
            "PartitionGuid": "73b7d40d-d429-11e0-9514-f2f82b791809",