{
  "Name": "objects/ceilinglight_02/ceilinglight_02_prefab_sp_sniper_mall",
  "PartitionGuid": "770f94e5-03d4-488b-80a3-80ee2502a5cb",
  "PrimaryInstanceGuid": "b60e74f2-0f4e-4d9f-82cd-813778e48491",
  "Instances": {
    "342fd8d3-d5a0-48e4-a107-4bdd591e0789": {
      "$type": "LensFlareEntityData",
      "IndexInBlueprint": 1,
      "IsEventConnectionTarget": 0,
      "IsPropertyConnectionTarget": 3,
      "Transform": {
        "right": {
          "x": -0.9999999,
          "y": -5.9604638E-08,
          "z": 4.371138E-08
        },
        "up": {
          "x": -4.3711378E-08,
          "y": 3.552714E-15,
          "z": -0.9999999
        },
        "forward": {
          "x": 5.960463E-08,
          "y": -0.9999999,
          "z": 4.23376E-22
        },
        "trans": {
          "x": -8.2741186E-10,
          "y": -0.19138092,
          "z": -5.094323E-24
        }
      },
      "Elements": [
        {
          "SizeCamDistCurve": {
            "x": -0.29826117,
            "y": 1.4047574,
            "z": -2.002151,
            "w": 0.92953765
          },
          "SizeAngleCurve": {
            "x": 0.0,
            "y": 0.0,
            "z": -0.037143663,
            "w": 0.48611417
          },
          "Size": {
            "x": 2.0,
            "y": 2.0
          },
          "SizeOccluderCurve": {
            "x": 0.0,
            "y": 0.0,
            "z": -8.0,
            "w": 3.4500005
          },
          "SizeScreenPosCurve": {
            "x": 0.0,
            "y": 0.0,
            "z": -0.09202452,
            "w": 0.57174844
          },
          "AlphaCamDistCurve": {
            "x": 0.0,
            "y": 0.0,
            "z": -1.0664327,
            "w": 0.1728841
          },
          "AlphaOccluderCurve": {
            "x": 0.0,
            "y": 0.0,
            "z": -0.7355756,
            "w": 0.58317196
          },
          "AlphaAngleCurve": {
            "x": 0.0,
            "y": 0.0,
            "z": 0.0,
            "w": 0.6500001
          },
          "AlphaScreenPosCurve": {
            "x": 0.0,
            "y": 0.0,
            "z": 0.0,
            "w": 0.55500007
          },
          "SizeCamDistMax": 100.0,
          "RayDistance": 0.0,
          "Shader": {
            "PartitionGuid": "dcc20756-fc6b-11df-9b33-88784f2ab5d8",
            "InstanceGuid": "41aa666a-2dbd-987d-a7ee-5cf4fdcd6c8b"
          },
          "AlphaCamDistMax": 10.0
        },
        {
          "SizeCamDistCurve": {
            "x": 0.0,
            "y": 0.0,
            "z": -0.0860888,
            "w": 0.81492853
          },
          "SizeAngleCurve": {
            "x": 0.0,
            "y": 0.0,
            "z": 0.0,
            "w": 0.9000001
          },
          "Size": {
            "x": 1.1,
            "y": 1.1
          },
          "SizeOccluderCurve": {
            "x": 0.0,
            "y": 0.0,
            "z": -0.95145637,
            "w": 0.97145635
          },
          "SizeScreenPosCurve": {
            "x": 0.0,
            "y": 0.0,
            "z": 1.0082443,
            "w": 0.44109625
          },
          "AlphaCamDistCurve": {
            "x": 0.0,
            "y": -1.0804837,
            "z": -0.055688113,
            "w": 0.6510599
          },
          "AlphaOccluderCurve": {
            "x": 0.0,
            "y": 0.0,
            "z": -4.7906995,
            "w": 4.8665133
          },
          "AlphaAngleCurve": {
            "x": 0.0,
            "y": 0.0,
            "z": 0.0,
            "w": 1.0550001
          },
          "AlphaScreenPosCurve": {
            "x": 0.0,
            "y": 0.0,
            "z": -0.9994936,
            "w": 0.969696
          },
          "SizeCamDistMax": 20.0,
          "RayDistance": 0.0,
          "Shader": {
            "PartitionGuid": "ab368ce0-b079-11e0-aeea-a13a192f2603",
            "InstanceGuid": "e19b75a6-8a9d-e920-66bd-7f731d9c1d82"
          },
          "AlphaCamDistMax": 15.0
        },
        {
          "SizeCamDistCurve": {
            "x": 0.0,
            "y": 0.0,
            "z": 0.0,
            "w": 1.0
          },
          "SizeAngleCurve": {
            "x": 0.0,
            "y": 0.0,
            "z": 0.8741723,
            "w": 0.36311248
          },
          "Size": {
            "x": 2.0,
            "y": 3.0
          },
          "SizeOccluderCurve": {
            "x": 0.0,
            "y": 0.0,
            "z": -6.8928523,
            "w": 6.9223175
          },
          "SizeScreenPosCurve": {
            "x": 0.0,
            "y": 0.0,
            "z": 0.14427859,
            "w": 0.82283586
          },
          "AlphaCamDistCurve": {
            "x": 0.0,
            "y": 0.0,
            "z": -1.0654207,
            "w": 0.7250935
          },
          "AlphaOccluderCurve": {
            "x": 0.0,
            "y": 0.0,
            "z": -1.0,
            "w": 1.0
          },
          "AlphaAngleCurve": {
            "x": 0.0,
            "y": 0.0,
            "z": 1.0,
            "w": 0.0
          },
          "AlphaScreenPosCurve": {
            "x": 0.0,
            "y": 0.0,
            "z": -0.46788985,
            "w": 0.4722476
          },
          "SizeCamDistMax": 50.0,
          "RayDistance": 1.0,
          "Shader": {
            "PartitionGuid": "5e46959b-9004-41d4-9682-f1a1bdcba40b",
            "InstanceGuid": "27e30130-39bf-4be5-aa36-10d1b4685d10"
          },
          "AlphaCamDistMax": 20.0
        }
      ],
      "OccluderSize": 1.0,
      "Visible": true,
      "HalfRes": true,
      "DebugDrawOccluder": false
    },
    "38302e63-e66e-42c4-8456-fce38a323935": {
      "$type": "ReferenceObjectData",
      "IndexInBlueprint": 0,
      "IsEventConnectionTarget": 3,
      "IsPropertyConnectionTarget": 3,
      "BlueprintTransform": {
        "right": {
          "x": 4.371139E-08,
          "y": 7.1054274E-15,
          "z": 1.0
        },
        "up": {
          "x": 8.742278E-08,
          "y": -1.0,
          "z": 4.8934418E-23
        },
        "forward": {
          "x": 1.0,
          "y": 8.742278E-08,
          "z": -4.371139E-08
        },
        "trans": {
          "x": 0.0,
          "y": 0.0,
          "z": 0.0
        }
      },
      "Blueprint": {
        "PartitionGuid": "f0653785-4b17-11e0-a58c-ebb93a3d0062",
        "InstanceGuid": "aca1effa-a751-d3ec-c1c0-4609356a37c7"
      },
      "ObjectVariation": null,
      "StreamRealm": "StreamRealm_None",
      "CastSunShadowEnable": true,
      "Excluded": false
    },
    "a4c8a0d6-819c-4dd7-b82a-9628a16d852c": {
      "$type": "PointLightEntityData",
      "IndexInBlueprint": 2,
      "IsEventConnectionTarget": 0,
      "IsPropertyConnectionTarget": 3,
      "Transform": {
        "right": {
          "x": -0.9999215,
          "y": 0.012526776,
          "z": 8.738365E-08
        },
        "up": {
          "x": 0.012526776,
          "y": 0.9999215,
          "z": 2.4764066E-09
        },
        "forward": {
          "x": -8.7345704E-08,
          "y": 3.5708367E-09,
          "z": -1.0
        },
        "trans": {
          "x": -0.008335809,
          "y": -0.66538686,
          "z": -1.6478976E-09
        }
      },
      "Color": {
        "x": 0.523,
        "y": 0.83,
        "z": 1.0
      },
      "ParticleColorScale": {
        "x": 1.0,
        "y": 1.0,
        "z": 1.0
      },
      "EnlightenColorScale": {
        "x": 1.0,
        "y": 1.0,
        "z": 1.0
      },
      "Radius": 7.0,
      "Intensity": 7.0,
      "AttenuationOffset": 0.01,
      "EnlightenColorMode": "EnlightenColorMode_Multiply",
      "EnlightenEnable": true,
      "Visible": true,
      "SpecularEnable": true,