{
  "Name": "objects/ceilinglight_02/ceilinglight_02_prefab_sp_sniper",
  "PartitionGuid": "b1bcfe8f-b12f-11e0-a56d-8da69de38b60",
  "PrimaryInstanceGuid": "ed883a49-71c2-5a53-1569-e2fa051cd521",
  "Instances": {
    "1234e76e-dbb6-4899-96c5-29af7a6ebf03": {
      "$type": "InterfaceDescriptorData",
      "InputEvents": [],
      "OutputEvents": [
        {
          "Id": 1630515206
        }
      ],
      "InputLinks": [],
      "OutputLinks": [],
      "Fields": []
    },
    "7fb66770-8933-4a0a-9836-e20e4033216b": {
      "$type": "LensFlareEntityData",
      "Elements": [
        {
          "SizeCamDistCurve": {
            "x": 0.0,
            "y": 0.0,
            "z": -0.0860888,
            "w": 0.81492853
          },
          "SizeAngleCurve": {
            "x": 0.0,
            "y": 0.0,
            "z": 0.0,
            "w": 0.9000001
          },
          "Size": {
            "x": 1.0,
            "y": 1.0
          },
          "SizeOccluderCurve": {
            "x": 0.0,
            "y": 0.0,
            "z": -0.95145637,
            "w": 0.97145635
          },
          "SizeScreenPosCurve": {
            "x": 0.0,
            "y": 0.0,
            "z": 1.0082443,
            "w": 0.44109625
          },
          "AlphaCamDistCurve": {
            "x": 0.0,
            "y": -1.0923717,
            "z": 0.10168861,
            "w": 0.996126
          },
          "AlphaOccluderCurve": {
            "x": 0.0,
            "y": 0.0,
            "z": -4.7906995,
            "w": 4.8665133
          },
          "AlphaAngleCurve": {
            "x": 0.0,
            "y": 0.0,
            "z": 0.0,
            "w": 1.0550001
          },
          "AlphaScreenPosCurve": {
            "x": 0.0,
            "y": 0.0,
            "z": -0.9994936,
            "w": 0.969696
          },
          "SizeCamDistMax": 20.0,
          "RayDistance": 0.0,
          "Shader": {
            "PartitionGuid": "ab368ce0-b079-11e0-aeea-a13a192f2603",
            "InstanceGuid": "e19b75a6-8a9d-e920-66bd-7f731d9c1d82"
          },
          "AlphaCamDistMax": 50.0
        },
        {
          "SizeCamDistCurve": {
            "x": 0.0,
            "y": 0.0,
            "z": 0.0,
            "w": 1.0
          },
          "SizeAngleCurve": {
            "x": 0.0,
            "y": 0.0,
            "z": 0.8741723,
            "w": 0.36311248
          },
          "Size": {
            "x": 2.0,
            "y": 3.0
          },
          "SizeOccluderCurve": {
            "x": 0.0,
            "y": 0.0,
            "z": -6.8928523,
            "w": 6.9223175
          },
          "SizeScreenPosCurve": {
            "x": 0.0,
            "y": 0.0,
            "z": 0.14427859,
            "w": 0.82283586
          },
          "AlphaCamDistCurve": {
            "x": 0.0,
            "y": 0.0,
            "z": 0.0,
            "w": 1.0
          },
          "AlphaOccluderCurve": {
            "x": 0.0,
            "y": 0.0,
            "z": -1.0,
            "w": 1.0
          },
          "AlphaAngleCurve": {
            "x": 0.0,
            "y": 0.0,
            "z": 1.0,
            "w": 0.0
          },
          "AlphaScreenPosCurve": {
            "x": 0.0,
            "y": 0.0,
            "z": -0.46788985,
            "w": 0.4722476
          },
          "SizeCamDistMax": 50.0,
          "RayDistance": 1.0,
          "Shader": {
            "PartitionGuid": "5e46959b-9004-41d4-9682-f1a1bdcba40b",
            "InstanceGuid": "27e30130-39bf-4be5-aa36-10d1b4685d10"
          },
          "AlphaCamDistMax": 100.0
        }
      ],
      "OccluderSize": 1.0,
      "Visible": true,
      "HalfRes": true,
      "DebugDrawOccluder": false,
      "Transform": {
        "right": {
          "x": -0.9999999,
          "y": -5.9604638E-08,
          "z": 4.371138E-08
        },
        "up": {
          "x": -4.3711378E-08,
          "y": 3.552714E-15,
          "z": -0.9999999
        },
        "forward": {
          "x": 5.960463E-08,
          "y": -0.9999999,
          "z": 3.66982E-22
        },
        "trans": {
          "x": 0.0,
          "y": -0.20526259,
          "z": 0.0
        }
      },
      "IndexInBlueprint": 1,
      "IsEventConnectionTarget": 0,
      "IsPropertyConnectionTarget": 3
    },
    "b2697922-3add-4466-ac21-19023f29a815": {
      "$type": "ReferenceObjectData",
      "BlueprintTransform": {
        "right": {
          "x": 4.371139E-08,
          "y": 7.1054274E-15,
          "z": 1.0
        },
        "up": {
          "x": 8.742278E-08,
          "y": -1.0,
          "z": 4.8934418E-23
        },
        "forward": {
          "x": 1.0,
          "y": 8.742278E-08,
          "z": -4.371139E-08
        },
        "trans": {
          "x": 0.0,
          "y": 0.0,
          "z": 0.0
        }
      },
      "Blueprint": {
        "PartitionGuid": "f0653785-4b17-11e0-a58c-ebb93a3d0062",
        "InstanceGuid": "aca1effa-a751-d3ec-c1c0-4609356a37c7"
      },
      "ObjectVariation": null,
      "StreamRealm": 0,
      "CastSunShadowEnable": true,
      "Excluded": false,
      "IndexInBlueprint": 0,
      "IsEventConnectionTarget": 3,
      "IsPropertyConnectionTarget": 3
    },
    "ed883a49-71c2-5a53-1569-e2fa051cd521": {
      "$type": "SpatialPrefabBlueprint",
      "Name": "Objects/CeilingLight_02/CeilingLight_02_Prefab_SP_Sniper",
      "PropertyConnections": [],
      "LinkConnections": [],
      "EventConnections": [
        {
          "Source": {
            "PartitionGuid": "b1bcfe8f-b12f-11e0-a56d-8da69de38b60",
            "InstanceGuid": "b2697922-3add-4466-ac21-19023f29a815"
          },
          "Target": {
            "PartitionGuid": "b1bcfe8f-b12f-11e0-a56d-8da69de38b60",
            "InstanceGuid": "1234e76e-dbb6-4899-96c5-29af7a6ebf03"
          },
          "SourceEvent": {
            "Id": 1630515206
          },
          "TargetEvent": {
            "Id": 1630515206
          },
          "TargetType": 2
        },
        {
          "Source": {
            "PartitionGuid": "b1bcfe8f-b12f-11e0-a56d-8da69de38b60",
            "InstanceGuid": "b2697922-3add-4466-ac21-19023f29a815"
          },
          "Target": {
            "PartitionGuid": "b1bcfe8f-b12f-11e0-a56d-8da69de38b60",
            "InstanceGuid": "7fb66770-8933-4a0a-9836-e20e4033216b"
          },
          "SourceEvent": {
            "Id": 1630515206
          },
          "TargetEvent": {
            "Id": -117303631
          },
          "TargetType": 2
        }
      ],
      "Descriptor": {
        "PartitionGuid": "b1bcfe8f-b12f-11e0-a56d-8da69de38b60",
        "InstanceGuid": "1234e76e-dbb6-4899-96c5-29af7a6ebf03"
      },
      "NeedNetworkId": false,
      "InterfaceHasConnections": true,
      "AlwaysCreateEntityBusClient": false,
      "AlwaysCreateEntityBusServer": false,
      "Objects": [
        {
          "PartitionGuid": "b1bcfe8f-b12f-11e0-a56d-8da69de38b60",
          "InstanceGuid": "b2697922-3add-4466-ac21-19023f29a815"
        },
        {
          "PartitionGuid": "b1bcfe8f-b12f-11e0-a56d-8da69de38b60",
          "InstanceGuid": "7fb66770-8933-4a0a-9836-e20e4033216b"
        }
      ]
    }
  }
}