{
  "Name": "levels/coop_002/ab02_parent/layer8_ab02_weaponpickups",
  "PartitionGuid": "06c42f49-2963-435b-864e-a6a663f6c209",
  "PrimaryInstanceGuid": "a0745cea-5d37-4692-ba5f-28a3c5ee1920",
  "Instances": {
    "133a7236-bfba-4bbd-8384-cf399bbfc2ac": {
      "$type": "ReferenceObjectData",
      "IndexInBlueprint": 397,
      "IsEventConnectionTarget": 3,
      "IsPropertyConnectionTarget": 3,
      "BlueprintTransform": {
        "right": {
          "x": 0.03459572,
          "y": -0.0061668414,
          "z": 0.9993824
        },
        "up": {
          "x": 0.94539404,
          "y": 0.32447782,
          "z": -0.030724572
        },
        "forward": {
          "x": -0.32408795,
          "y": 0.9458731,
          "z": 0.017055623
        },
        "trans": {
          "x": -3.8320916,
          "y": 0.8200596,
          "z": 96.79383
        }
      },
      "Blueprint": {
        "PartitionGuid": "f3534b66-b885-4aa5-a286-c2f6f32d351e",
        "InstanceGuid": "8aaeca8c-880c-40a6-bfad-ea3689c94558"
      },
      "ObjectVariation": null,
      "StreamRealm": 0,
      "CastSunShadowEnable": true,
      "Excluded": false
    },
    "343bdfd7-82d4-458c-a775-7ed866a6f2f2": {
      "$type": "ReferenceObjectData",
      "IndexInBlueprint": 394,
      "IsEventConnectionTarget": 3,
      "IsPropertyConnectionTarget": 3,
      "BlueprintTransform": {
        "right": {
          "x": -0.99681014,
          "y": -0.006423085,
          "z": -0.079550505
        },
        "up": {
          "x": -0.076976456,
          "y": -0.18583608,
          "z": 0.97956085
        },
        "forward": {
          "x": -0.021075156,
          "y": 0.98255974,
          "z": 0.18474884
        },
        "trans": {
          "x": 0.59023863,
          "y": 0.78585786,
          "z": 95.22432
        }
      },
      "Blueprint": {
        "PartitionGuid": "74796616-f5dd-420e-9d05-7fc84baa9c3e",
        "InstanceGuid": "8e6b67bb-a587-4a58-ac0c-43ccf73ea9fc"
      },
      "ObjectVariation": null,
      "StreamRealm": 0,
      "CastSunShadowEnable": true,
      "Excluded": false
    },
    "718f4ad8-1d8b-4ab0-bf11-f0bd5a978a53": {
      "$type": "ReferenceObjectData",
      "IndexInBlueprint": 395,
      "IsEventConnectionTarget": 3,
      "IsPropertyConnectionTarget": 3,
      "BlueprintTransform": {
        "right": {
          "x": 1.0,
          "y": 0.0,
          "z": 0.0
        },
        "up": {
          "x": 0.0,
          "y": -0.26406866,
          "z": -0.9645039
        },
        "forward": {
          "x": 0.0,
          "y": 0.9645039,
          "z": -0.26406866
        },
        "trans": {
          "x": -3.6848502,
          "y": 0.78585756,
          "z": 92.62941
        }
      },
      "Blueprint": {
        "PartitionGuid": "74796616-f5dd-420e-9d05-7fc84baa9c3e",
        "InstanceGuid": "8e6b67bb-a587-4a58-ac0c-43ccf73ea9fc"
      },
      "ObjectVariation": null,
      "StreamRealm": 0,
      "CastSunShadowEnable": true,
      "Excluded": false
    },
    "7ef8651f-4212-52d4-fb1a-21d010f077a9": {
      "$type": "ReferenceObjectData",
      "IndexInBlueprint": 398,
      "IsEventConnectionTarget": 3,
      "IsPropertyConnectionTarget": 3,
      "BlueprintTransform": {
        "right": {
          "x": -0.018340005,
          "y": 0.0,
          "z": -0.9998318
        },
        "up": {
          "x": 0.0,
          "y": 1.0,
          "z": 0.0
        },
        "forward": {
          "x": 0.9998318,
          "y": 0.0,
          "z": -0.018340005
        },
        "trans": {
          "x": 32.97897,
          "y": 1.4606224,
          "z": 87.83344
        }
      },
      "Blueprint": {
        "PartitionGuid": "26850f24-f860-c88f-cfb1-d816ebd9c338",
        "InstanceGuid": "26850f24-f860-c88f-cfb1-d816ebd9c338"
      },
      "ObjectVariation": null,
      "StreamRealm": 0,
      "CastSunShadowEnable": true,
      "Excluded": false
    },
    "80231bee-775c-423c-87ca-0f02f9eed252": {
      "$type": "ReferenceObjectData",
      "IndexInBlueprint": 396,
      "IsEventConnectionTarget": 3,
      "IsPropertyConnectionTarget": 3,
      "BlueprintTransform": {
        "right": {
          "x": -0.99550617,
          "y": -0.07580462,
          "z": 0.056755163
        },
        "up": {
          "x": 0.028337866,
          "y": 0.33339995,
          "z": 0.94235957
        },
        "forward": {
          "x": -0.09035736,
          "y": 0.939733,
          "z": -0.3297535
        },
        "trans": {
          "x": -1.2771162,
          "y": 0.8283812,
          "z": 92.550095
        }
      },
      "Blueprint": {
        "PartitionGuid": "f3534b66-b885-4aa5-a286-c2f6f32d351e",
        "InstanceGuid": "8aaeca8c-880c-40a6-bfad-ea3689c94558"
      },
      "ObjectVariation": null,
      "StreamRealm": 0,
      "CastSunShadowEnable": true,
      "Excluded": false
    },
    "92271e54-e274-27a4-5052-0898b046e059": {
      "$type": "ReferenceObjectData",
      "IndexInBlueprint": 400,
      "IsEventConnectionTarget": 3,
      "IsPropertyConnectionTarget": 3,
      "BlueprintTransform": {
        "right": {
          "x": -0.60860974,
          "y": 0.0,
          "z": 0.7934697
        },
        "up": {
          "x": 0.0,
          "y": 1.0,
          "z": 0.0
        },
        "forward": {
          "x": -0.7934697,
          "y": 0.0,
          "z": -0.60860974
        },
        "trans": {
          "x": -7.2571034,
          "y": 0.8169671,
          "z": 96.56527
        }
      },
      "Blueprint": {
        "PartitionGuid": "26850f24-f860-c88f-cfb1-d816ebd9c338",
        "InstanceGuid": "26850f24-f860-c88f-cfb1-d816ebd9c338"
      },
      "ObjectVariation": null,
      "StreamRealm": 0,
      "CastSunShadowEnable": true,
      "Excluded": false
    },
    "a0745cea-5d37-4692-ba5f-28a3c5ee1920": {
      "$type": "WorldPartData",
      "Name": "Levels/COOP_002/AB02_WeaponPickups",
      "PropertyConnections": [],
      "LinkConnections": [],
      "EventConnections": [],
      "Descriptor": null,
      "NeedNetworkId": false,
      "InterfaceHasConnections": false,
      "AlwaysCreateEntityBusClient": false,
      "AlwaysCreateEntityBusServer": false,
      "Objects": [
        {
          "PartitionGuid": "06c42f49-2963-435b-864e-a6a663f6c209",
          "InstanceGuid": "343bdfd7-82d4-458c-a775-7ed866a6f2f2"
        },
        {
          "PartitionGuid": "06c42f49-2963-435b-864e-a6a663f6c209",
          "InstanceGuid": "718f4ad8-1d8b-4ab0-bf11-f0bd5a978a53"
        },
        {
          "PartitionGuid": "06c42f49-2963-435b-864e-a6a663f6c209",
          "InstanceGuid": "80231bee-775c-423c-87ca-0f02f9eed252"
        },
        {
          "PartitionGuid": "06c42f49-2963-435b-864e-a6a663f6c209",
          "InstanceGuid": "133a7236-bfba-4bbd-8384-cf399bbfc2ac"
        },
        {
          "PartitionGuid": "06c42f49-2963-435b-864e-a6a663f6c209",
          "InstanceGuid": "7ef8651f-4212-52d4-fb1a-21d010f077a9"
        },
        {
          "PartitionGuid": "06c42f49-2963-435b-864e-a6a663f6c209",
          "InstanceGuid": "f727abe4-1fc4-2848-0ae5-defb54ae781a"
        },
        {
          "PartitionGuid": "06c42f49-2963-435b-864e-a6a663f6c209",
          "InstanceGuid": "92271e54-e274-27a4-5052-0898b046e059"
        }
      ],
      "HackToSolveRealTimeTweakingIssue": "0c82251f-c41b-5b60-25fa-ba13a366c975",
      "UseDeferredEntityCreation": false,
      "Enabled": true
    },
    "f727abe4-1fc4-2848-0ae5-defb54ae781a": {
      "$type": "ReferenceObjectData",
      "IndexInBlueprint": 399,
      "IsEventConnectionTarget": 3,
      "IsPropertyConnectionTarget": 3,
      "BlueprintTransform": {
        "right": {
          "x": -0.9980219,