{
  "Name": "levels/sp_bank/bank_sub/layer0_bank_art",
  "PartitionGuid": "8868b65b-b421-4987-9ca3-3a6478f7dfe6",
  "PrimaryInstanceGuid": "554d2123-7bec-4802-bd0b-baba2215a369",
  "Instances": {
    "14e4faf3-7ccb-41c4-a03d-207e689e5dc4": {
      "$type": "DecalEntityData",
      "IndexInBlueprint": 19,
      "IsEventConnectionTarget": 3,
      "IsPropertyConnectionTarget": 3,
      "Transform": {
        "right": {
          "x": -1.4457008,
          "y": 0.014277776,
          "z": 1.0499935
        },
        "up": {
          "x": -0.3612709,
          "y": -0.025409533,
          "z": -0.4970766
        },
        "forward": {
          "x": 0.03184097,
          "y": -1.7852429,
          "z": 0.06811669
        },
        "trans": {
          "x": 248.17911,
          "y": 157.99745,
          "z": -654.66846
        }
      },
      "Components": [],
      "Enabled": true,
      "RuntimeComponentCount": 0,
      "Shader": {
        "PartitionGuid": "99b3baf5-23ff-11e0-b4db-b960ce8774a6",
        "InstanceGuid": "32e0b9e4-29f4-c969-8bc7-21463e4e643d"
      },
      "AtlasTile": {
        "TileIndexX": 0.0,
        "TileIndexY": 0.0,
        "TileCountX": 1.0,
        "TileCountY": 1.0,
        "FlipX": false,
        "FlipY": false
      },
      "MaterialIndex": 0,
      "SortingPriority": 2,
      "Projected": true
    },
    "15fda0e9-a774-4e93-b7ec-bf3cd83a097e": {
      "$type": "DecalEntityData",
      "IndexInBlueprint": 18,
      "IsEventConnectionTarget": 3,
      "IsPropertyConnectionTarget": 3,
      "Transform": {
        "right": {
          "x": 0.68631583,
          "y": 0.0059105977,
          "z": 1.0717484
        },
        "up": {
          "x": 0.0009479065,
          "y": 0.4380397,
          "z": -0.0030229762
        },
        "forward": {
          "x": -1.0717621,
          "y": 0.0070552453,
          "z": 0.6862858
        },
        "trans": {
          "x": 246.6803,
          "y": 155.96233,
          "z": -654.3431
        }
      },
      "Components": [],
      "Enabled": true,
      "RuntimeComponentCount": 0,
      "Shader": {
        "PartitionGuid": "0daf2f75-df59-4336-a617-1781041a5cbb",
        "InstanceGuid": "fc0ccd62-392b-4d34-8161-992c6960c1db"
      },
      "AtlasTile": {
        "TileIndexX": 0.0,
        "TileIndexY": 0.0,
        "TileCountX": 1.0,
        "TileCountY": 1.0,
        "FlipX": false,
        "FlipY": false
      },
      "MaterialIndex": 0,
      "SortingPriority": 2,
      "Projected": true
    },
    "1d33f551-c492-45d4-8a48-7485aa67b4ae": {
      "$type": "DecalEntityData",
      "IndexInBlueprint": 17,
      "IsEventConnectionTarget": 3,
      "IsPropertyConnectionTarget": 3,
      "Transform": {
        "right": {
          "x": 0.68631583,
          "y": 0.0059105814,
          "z": 1.0717484
        },
        "up": {
          "x": -0.36889642,
          "y": 0.002433497,
          "z": 0.23621666
        },
        "forward": {
          "x": -0.0027664192,
          "y": -1.2726456,
          "z": 0.008790141
        },
        "trans": {
          "x": 246.51932,
          "y": 157.48766,
          "z": -657.7747
        }
      },
      "Components": [],
      "Enabled": true,
      "RuntimeComponentCount": 0,
      "Shader": {
        "PartitionGuid": "7427ef3f-f356-11df-b071-85e3d14c7774",
        "InstanceGuid": "01690732-d679-442c-6d0f-9c096e624ebf"
      },
      "AtlasTile": {
        "TileIndexX": 0.0,
        "TileIndexY": 0.0,
        "TileCountX": 1.0,
        "TileCountY": 1.0,
        "FlipX": false,
        "FlipY": false
      },
      "MaterialIndex": 0,
      "SortingPriority": 2,
      "Projected": true
    },
    "40a07061-728f-4e1b-a34d-5e6c5848ed69": {
      "$type": "DecalEntityData",
      "IndexInBlueprint": 24,
      "IsEventConnectionTarget": 3,
      "IsPropertyConnectionTarget": 3,
      "Transform": {
        "right": {
          "x": -0.15803076,
          "y": -2.0577369,
          "z": -0.12952068
        },
        "up": {
          "x": 0.8709241,
          "y": -0.028063737,
          "z": -0.6167669
        },
        "forward": {
          "x": 0.70205647,
          "y": -0.11665053,
          "z": 0.9966679
        },
        "trans": {
          "x": 239.89334,
          "y": 156.96414,
          "z": -656.1105
        }
      },
      "Components": [],
      "Enabled": true,
      "RuntimeComponentCount": 0,
      "Shader": {
        "PartitionGuid": "93aaaba5-3aba-4a54-92d1-5bbb31cd8450",
        "InstanceGuid": "84a65413-6736-48e8-81c1-1ff45cf5174a"
      },
      "AtlasTile": {
        "TileIndexX": 1.0,
        "TileIndexY": 1.0,
        "TileCountX": 2.0,
        "TileCountY": 2.0,
        "FlipX": false,
        "FlipY": false
      },
      "MaterialIndex": 0,
      "SortingPriority": 3,
      "Projected": true
    },
    "554d2123-7bec-4802-bd0b-baba2215a369": {
      "$type": "WorldPartData",
      "Name": "Levels/SP_Bank/Bank_ART",
      "PropertyConnections": [],
      "LinkConnections": [],
      "EventConnections": [],
      "Descriptor": null,
      "NeedNetworkId": false,
      "InterfaceHasConnections": false,
      "AlwaysCreateEntityBusClient": false,
      "AlwaysCreateEntityBusServer": false,
      "Objects": [
        {
          "PartitionGuid": "8868b65b-b421-4987-9ca3-3a6478f7dfe6",
          "InstanceGuid": "99bf3c2c-d190-4328-b970-75a95ce4bfc1"
        },
        {
          "PartitionGuid": "8868b65b-b421-4987-9ca3-3a6478f7dfe6",
          "InstanceGuid": "1d33f551-c492-45d4-8a48-7485aa67b4ae"
        },
        {
          "PartitionGuid": "8868b65b-b421-4987-9ca3-3a6478f7dfe6",
          "InstanceGuid": "15fda0e9-a774-4e93-b7ec-bf3cd83a097e"
        },
        {
          "PartitionGuid": "8868b65b-b421-4987-9ca3-3a6478f7dfe6",
          "InstanceGuid": "14e4faf3-7ccb-41c4-a03d-207e689e5dc4"
        },
        {
          "PartitionGuid": "8868b65b-b421-4987-9ca3-3a6478f7dfe6",
          "InstanceGuid": "6bbb7e0f-0cbc-4a48-ac31-2254231c35f8"
        },
        {
          "PartitionGuid": "8868b65b-b421-4987-9ca3-3a6478f7dfe6",
          "InstanceGuid": "696754d3-de10-4138-a615-0ba80bef932c"
        },
        {
          "PartitionGuid": "8868b65b-b421-4987-9ca3-3a6478f7dfe6",
          "InstanceGuid": "85e387d3-f4f3-48e9-b8ff-0fd27b4cba24"
        },
        {
          "PartitionGuid": "8868b65b-b421-4987-9ca3-3a6478f7dfe6",
          "InstanceGuid": "67eb2e47-0e42-496f-bcc6-67ec9cb69d39"
        },
        {
          "PartitionGuid": "8868b65b-b421-4987-9ca3-3a6478f7dfe6",
          "InstanceGuid": "40a07061-728f-4e1b-a34d-5e6c5848ed69"
        },
        {
          "PartitionGuid": "8868b65b-b421-4987-9ca3-3a6478f7dfe6",
          "InstanceGuid": "db5ea5dc-47c8-4e2b-bff7-7cb05919b508"
        },
        {
          "PartitionGuid": "8868b65b-b421-4987-9ca3-3a6478f7dfe6",
          "InstanceGuid": "a4a30d18-ee60-487b-b61f-c653da7e93b6"
        }
      ],
      "HackToSolveRealTimeTweakingIssue": "1a57605e-0686-9bb1-9c60-3b09987f3faa",
      "UseDeferredEntityCreation": false,
      "Enabled": true
    },
    "67eb2e47-0e42-496f-bcc6-67ec9cb69d39": {
      "$type": "SpotLightEntityData",
      "IndexInBlueprint": 23,
      "IsEventConnectionTarget": 3,
      "IsPropertyConnectionTarget": 3,
      "Transform": {
        "right": {
          "x": 0.54330724,
          "y": 0.39428267,
          "z": 0.7411872
        },
        "up": {
          "x": 0.83952624,
          "y": -0.2589584,
          "z": -0.47763628
        },
        "forward": {
          "x": 0.0036129414,
          "y": 0.8817493,
          "z": -0.4717046
        },
        "trans": {
          "x": 290.2649,
          "y": 157.51723,