{
  "Name": "weapons/accessories/flashlight/flashlight_3p",
  "PartitionGuid": "65a5bfd9-028a-4d4f-8b89-3a60b2e06f83",
  "PrimaryInstanceGuid": "84a7ed13-1595-47ae-af12-79fd67b97572",
  "Instances": {
    "d8db98e1-aeba-485e-9aa4-d5f55c5cdece": {
      "$type": "LensFlareEntityData",
      "Elements": [
        {
          "SizeCamDistCurve": {
            "x": -4.635128,
            "y": 9.100701,
            "z": -5.920998,
            "w": 1.4974097
          },
          "SizeAngleCurve": {
            "x": 3.9319675,
            "y": -4.186493,
            "z": 1.4525391,
            "w": -0.13879998
          },
          "Size": {
            "x": 0.1,
            "y": 0.1
          },
          "SizeOccluderCurve": {
            "x": 0.0,
            "y": 0.0,
            "z": -1.251572,
            "w": 1.131415
          },
          "SizeScreenPosCurve": {
            "x": 0.0,
            "y": 0.0,
            "z": 0.0,
            "w": 1.0
          },
          "AlphaCamDistCurve": {
            "x": -1.8341625,
            "y": 4.2893443,
            "z": -3.3559413,
            "w": 0.90939236
          },
          "AlphaOccluderCurve": {
            "x": 0.0,
            "y": 0.0,
            "z": -1.0,
            "w": 1.0
          },
          "AlphaAngleCurve": {
            "x": 100.67635,
            "y": -215.52814,
            "z": 153.80159,
            "w": -36.57897
          },
          "AlphaScreenPosCurve": {
            "x": 0.0,
            "y": 0.0,
            "z": 0.0,
            "w": 1.0
          },
          "SizeCamDistMax": 100.0,
          "RayDistance": 0.0,
          "Shader": {
            "PartitionGuid": "1a072ed3-f48d-4605-9489-fdd70a1a828c",
            "InstanceGuid": "3d24b198-bee3-4dba-a97b-5fa740bde8cf"
          },
          "AlphaCamDistMax": 50.0
        },
        {
          "SizeCamDistCurve": {
            "x": -0.9753863,
            "y": 2.8149848,
            "z": -3.3970265,
            "w": 1.545504
          },
          "SizeAngleCurve": {
            "x": 3.8108528,
            "y": -3.9896815,
            "z": 1.3579663,
            "w": -0.12623003
          },
          "Size": {
            "x": 2.0,
            "y": 0.05
          },
          "SizeOccluderCurve": {
            "x": 0.0,
            "y": 0.0,
            "z": -1.2641507,
            "w": 1.1327358
          },
          "SizeScreenPosCurve": {
            "x": 0.0,
            "y": 0.0,
            "z": -0.34,
            "w": 1.0
          },
          "AlphaCamDistCurve": {
            "x": -2.4526837,
            "y": 6.089238,
            "z": -5.0077577,
            "w": 1.382643
          },
          "AlphaOccluderCurve": {
            "x": 0.0,
            "y": 0.0,
            "z": -1.0,
            "w": 1.0
          },
          "AlphaAngleCurve": {
            "x": 100.67635,
            "y": -215.52814,
            "z": 153.80159,
            "w": -36.57897
          },
          "AlphaScreenPosCurve": {
            "x": 0.0,
            "y": 0.0,
            "z": 0.0,
            "w": 1.0
          },
          "SizeCamDistMax": 25.0,
          "RayDistance": 0.0,
          "Shader": {
            "PartitionGuid": "24570900-8d9e-402c-8774-c3b6cbb30cd9",
            "InstanceGuid": "d8e41890-619c-4963-b650-fc53526fc030"
          },
          "AlphaCamDistMax": 25.0
        },
        {
          "SizeCamDistCurve": {
            "x": -3.056115,
            "y": 7.5544195,
            "z": -6.2282896,
            "w": 1.7585877
          },
          "SizeAngleCurve": {
            "x": 36.448257,
            "y": -61.447727,
            "z": 32.10809,
            "w": -4.7998505
          },
          "Size": {
            "x": 1.0,
            "y": 1.0
          },
          "SizeOccluderCurve": {
            "x": 0.0,
            "y": 0.0,
            "z": -1.2181817,
            "w": 1.0913637
          },
          "SizeScreenPosCurve": {
            "x": 0.0,
            "y": 0.0,
            "z": -0.34,
            "w": 1.0
          },
          "AlphaCamDistCurve": {
            "x": -3.056115,
            "y": 7.5544195,
            "z": -6.2282896,
            "w": 1.7585877
          },
          "AlphaOccluderCurve": {
            "x": 0.0,
            "y": 0.0,
            "z": -1.0,
            "w": 0.25
          },
          "AlphaAngleCurve": {
            "x": 100.67635,
            "y": -215.52814,
            "z": 153.80159,
            "w": -36.57897
          },
          "AlphaScreenPosCurve": {
            "x": 0.0,
            "y": 0.0,
            "z": -0.75,
            "w": 1.0
          },
          "SizeCamDistMax": 25.0,
          "RayDistance": 0.0,
          "Shader": {
            "PartitionGuid": "1cb6b8b1-0e19-11de-b378-fe48eb489c28",
            "InstanceGuid": "1cb6b8b2-0e19-11de-b378-fe48eb489c28"
          },
          "AlphaCamDistMax": 25.0
        },
        {
          "SizeCamDistCurve": {
            "x": -3.056115,
            "y": 7.5544195,
            "z": -6.2282896,
            "w": 1.7585877
          },
          "SizeAngleCurve": {
            "x": 36.448257,
            "y": -61.447727,
            "z": 32.10809,
            "w": -4.7998505
          },
          "Size": {
            "x": 1.5,
            "y": 1.5
          },
          "SizeOccluderCurve": {
            "x": 0.0,
            "y": 0.0,
            "z": -1.2181817,
            "w": 1.0913637
          },
          "SizeScreenPosCurve": {
            "x": 0.0,
            "y": 0.0,
            "z": -0.34,
            "w": 1.0
          },
          "AlphaCamDistCurve": {
            "x": -3.056115,
            "y": 7.5544195,
            "z": -6.2282896,
            "w": 1.7585877
          },
          "AlphaOccluderCurve": {
            "x": 0.0,
            "y": 0.0,
            "z": -1.0,
            "w": 1.0
          },
          "AlphaAngleCurve": {
            "x": 100.67635,
            "y": -215.52814,
            "z": 153.80159,
            "w": -36.57897
          },
          "AlphaScreenPosCurve": {
            "x": 0.0,
            "y": 0.0,
            "z": -0.75,
            "w": 1.0
          },
          "SizeCamDistMax": 25.0,
          "RayDistance": 0.0,
          "Shader": {
            "PartitionGuid": "ba02fbde-0636-445f-84ae-73fdd2f9fd96",
            "InstanceGuid": "fd7dabf5-ab3a-495b-899b-1d96d350c2ca"
          },
          "AlphaCamDistMax": 25.0
        }
      ],
      "OccluderSize": 0.25,
      "Visible": true,
      "HalfRes": true,
      "DebugDrawOccluder": false,
      "Transform": {
        "right": {
          "x": -1.0,
          "y": 0.0,
          "z": 8.742278E-08
        },
        "up": {
          "x": 0.0,
          "y": 1.0,
          "z": 0.0
        },
        "forward": {
          "x": -8.742278E-08,
          "y": 0.0,
          "z": -1.0
        },
        "trans": {
          "x": 0.0,
          "y": 0.0,
          "z": 0.0
        }
      },
      "IndexInBlueprint": 0,
      "IsEventConnectionTarget": 3,
      "IsPropertyConnectionTarget": 3
    },
    "84a7ed13-1595-47ae-af12-79fd67b97572": {
      "$type": "PrefabBlueprint",
      "Objects": [
        {
          "PartitionGuid": "65a5bfd9-028a-4d4f-8b89-3a60b2e06f83",
          "InstanceGuid": "d8db98e1-aeba-485e-9aa4-d5f55c5cdece"
        },
        {
          "PartitionGuid": "65a5bfd9-028a-4d4f-8b89-3a60b2e06f83",
          "InstanceGuid": "5fba51d6-059f-4284-b5bb-6e20f145c064"
        }
      ],
      "EventConnections": [],
      "Descriptor": null,
      "NeedNetworkId": false,
      "InterfaceHasConnections": false,
      "AlwaysCreateEntityBusClient": false,