{
  "Name": "fx/ambient/levelspecific/sp_sniper/emitters/em_amb_spsniper_rain_middle_lowend",
  "PartitionGuid": "e3964aa9-ea00-489b-955e-645997946b35",
  "PrimaryInstanceGuid": "bb4c890d-7383-431f-ab70-a832d650eed0",
  "Instances": {
    "136cd7ac-919e-d095-f74b-2df11be5b653": {
      "$type": "UpdateColorData",
      "DefaultValues": {
        "x": 2.0,
        "y": 2.0,
        "z": 2.0,
        "w": 1.0
      },
      "NextProcessor": {
        "PartitionGuid": "e3964aa9-ea00-489b-955e-645997946b35",
        "InstanceGuid": "b6c6af0e-97b5-9736-9b33-b340893d170d"
      },
      "Pre": null,
      "EvaluatorInput": 2,
      "Enable": true,
      "Color": {
        "x": 2.0,
        "y": 2.0,
        "z": 2.0
      }
    },
    "2398242f-5be0-4917-8df0-999adc38c167": {
      "$type": "UpdateAgeData",
      "DefaultValues": {
        "x": 1.0,
        "y": 1.0,
        "z": 1.0,
        "w": 1.0
      },
      "NextProcessor": {
        "PartitionGuid": "e3964aa9-ea00-489b-955e-645997946b35",
        "InstanceGuid": "616744da-612a-45f0-8872-051280d6a810"
      },
      "Pre": null,
      "EvaluatorInput": 2,
      "Enable": true,
      "Lifetime": 1.0
    },
    "2493cf43-b82d-21ba-1602-fc509e60d921": {
      "$type": "RandomEvaluatorData",
      "EmitterParameter": 0,
      "Max": 25.0,
      "Min": 0.0
    },
    "333721c3-d9a3-ef18-2f93-9a4d3009fd33": {
      "$type": "SpawnSpeedData",
      "DefaultValues": {
        "x": 1.0,
        "y": 1.0,
        "z": 1.0,
        "w": 1.0
      },
      "NextProcessor": {
        "PartitionGuid": "e3964aa9-ea00-489b-955e-645997946b35",
        "InstanceGuid": "136cd7ac-919e-d095-f74b-2df11be5b653"
      },
      "Pre": null,
      "EvaluatorInput": 1,
      "Enable": true,
      "Speed": 25.0
    },
    "394ceb21-f5b1-d4a5-0780-380f4b0070c4": {
      "$type": "PolynomialData",
      "EmitterParameter": 0,
      "Coefficients": {
        "x": 7.0341096,
        "y": -10.892583,
        "z": 5.803105,
        "w": -0.013137128
      },
      "ScaleValue": 0.5,
      "MinClamp": 0.0,
      "MaxClamp": 1.0
    },
    "3e027102-8196-5c28-fd16-6957216d4edb": {
      "$type": "CameraProximityEvaluatorData",
      "EmitterParameter": 0,
      "Size": {
        "x": 15.0,
        "y": 15.0,
        "z": 15.0
      },
      "Offset": {
        "x": 0.0,
        "y": 15.0,
        "z": 0.0
      },
      "InnerRadiusDirection": {
        "x": 0.2,
        "y": -1.0,
        "z": 0.0
      },
      "InnerRadius": 10.0,
      "ForwardOffset": 15.0
    },
    "4af1e3ab-2c14-45f2-b628-fc18b778fce6": {
      "$type": "EmitterDocument",
      "Name": "FX/Ambient/LevelSpecific/SP_Sniper/Emitters/Em_Amb_SPSniper_Rain_Middle_LowEnd",
      "RootProcessor": {
        "PartitionGuid": "e3964aa9-ea00-489b-955e-645997946b35",
        "InstanceGuid": "2398242f-5be0-4917-8df0-999adc38c167"
      },
      "TemplateData": {
        "PartitionGuid": "e3964aa9-ea00-489b-955e-645997946b35",
        "InstanceGuid": "bb4c890d-7383-431f-ab70-a832d650eed0"
      }
    },
    "616744da-612a-45f0-8872-051280d6a810": {
      "$type": "SpawnRateData",
      "DefaultValues": {
        "x": 1.0,
        "y": 1.0,
        "z": 1.0,
        "w": 1.0
      },
      "NextProcessor": {
        "PartitionGuid": "e3964aa9-ea00-489b-955e-645997946b35",
        "InstanceGuid": "7f124e8e-ac48-4059-be2b-21b68b63bbc3"
      },
      "Pre": null,
      "EvaluatorInput": 1,
      "Enable": true,
      "SpawnRate": 250.0,
      "TrailSegmentLength": 5.0,
      "DistributeOverTime": true,
      "DistributeOverDistance": false
    },
    "7370fd08-d3af-47c7-b507-16118725e01f": {
      "$type": "SpawnAnimationData",
      "DefaultValues": {
        "x": 0.0,
        "y": 0.0,
        "z": 0.0,
        "w": 0.0
      },
      "NextProcessor": {
        "PartitionGuid": "e3964aa9-ea00-489b-955e-645997946b35",
        "InstanceGuid": "c87e2ef2-d1db-45c5-6da1-a1597b7fd275"
      },
      "Pre": null,
      "EvaluatorInput": 1,
      "Enable": true,
      "AnimationSpeed": 0.0
    },
    "7f124e8e-ac48-4059-be2b-21b68b63bbc3": {
      "$type": "UpdateSizeXData",
      "DefaultValues": {
        "x": 3.0,
        "y": 3.0,
        "z": 3.0,
        "w": 3.0
      },
      "NextProcessor": {
        "PartitionGuid": "e3964aa9-ea00-489b-955e-645997946b35",
        "InstanceGuid": "d43a105a-6a04-4d43-83ca-e235ae2afa67"
      },
      "Pre": null,
      "EvaluatorInput": 2,
      "Enable": true
    },
    "82953a01-4adf-46bb-3226-90e028cd5a14": {
      "$type": "UpdateLinearVelocityData",
      "DefaultValues": {
        "x": 1.0,
        "y": 1.0,
        "z": 1.0,
        "w": 1.0
      },
      "NextProcessor": null,
      "Pre": null,
      "EvaluatorInput": 2,
      "Enable": true
    },
    "83ed2ea2-dba5-ef5f-e9b9-faea3c7a7e80": {
      "$type": "TextureAsset",
      "Name": "FX/Textures/Water/rain_4x1"
    },
    "8b32e6d8-2da0-8ef0-2461-1d85bdca2258": {
      "$type": "UpdateSizeData",
      "DefaultValues": {
        "x": 1.0,
        "y": 1.0,
        "z": 1.0,
        "w": 1.0
      },
      "NextProcessor": {
        "PartitionGuid": "e3964aa9-ea00-489b-955e-645997946b35",
        "InstanceGuid": "f9965a0f-e00d-d5c2-f8b5-f5c63ec803e3"
      },
      "Pre": null,
      "EvaluatorInput": 2,
      "Enable": true,
      "Pivot": {
        "x": 0.0,
        "y": 0.0
      }
    },
    "a472c381-b9e7-cf76-82f4-15a7878561ae": {
      "$type": "SpawnPositionData",
      "DefaultValues": {
        "x": 0.0,
        "y": 0.0,
        "z": 0.0,
        "w": 1.0
      },
      "NextProcessor": {
        "PartitionGuid": "e3964aa9-ea00-489b-955e-645997946b35",
        "InstanceGuid": "333721c3-d9a3-ef18-2f93-9a4d3009fd33"
      },
      "Pre": {
        "PartitionGuid": "e3964aa9-ea00-489b-955e-645997946b35",
        "InstanceGuid": "3e027102-8196-5c28-fd16-6957216d4edb"
      },
      "EvaluatorInput": 1,
      "Enable": true
    },
    "b6c6af0e-97b5-9736-9b33-b340893d170d": {
      "$type": "SpawnAnimationFrameData",
      "DefaultValues": {
        "x": 1.0,
        "y": 0.0,
        "z": 0.0,
        "w": 0.0
      },
      "NextProcessor": {
        "PartitionGuid": "e3964aa9-ea00-489b-955e-645997946b35",
        "InstanceGuid": "7370fd08-d3af-47c7-b507-16118725e01f"
      },
      "Pre": {
        "PartitionGuid": "e3964aa9-ea00-489b-955e-645997946b35",
        "InstanceGuid": "2493cf43-b82d-21ba-1602-fc509e60d921"
      },
      "EvaluatorInput": 1,
      "Enable": true,
      "AnimationFrame": 1
    },
    "bb4c890d-7383-431f-ab70-a832d650eed0": {
      "$type": "EmitterTemplateData",
      "PointLightIntensity": {
        "x": 0.0,
        "y": 0.0,
        "z": 0.0,
        "w": 1.0
      },
      "PointLightPivot": {
        "x": 0.0,
        "y": 0.0,
        "z": 0.0
      },
      "PointLightColor": {
        "x": 1.0,
        "y": 1.0,
        "z": 1.0
      },
      "MaxCount": 150,
      "Name": "FX/Ambient/LevelSpecific/SP_Sniper/Emitters/Em_Amb_SPSniper_Rain_Middle_LowEnd",
      "TimeScale": 1.0,
      "LifetimeFrameCount": 0,
      "Lifetime": 0.0,
      "RootProcessor": {
        "PartitionGuid": "e3964aa9-ea00-489b-955e-645997946b35",
        "InstanceGuid": "2398242f-5be0-4917-8df0-999adc38c167"
      },
      "VisibleAfterDistance": 0.0,
      "ZOcclusionLookup": [],
      "EmittableType": 3,
      "Mesh": null,
      "DistanceScaleNearValue": 10.0,
      "PointLightRadius": 20.0,
      "VertexPixelLightingBlendFactor": 0.0,
      "GlobalLocalNormalBlendFactor": 1.0,
      "SoftParticlesFadeDistanceMultiplier": 0.0,
      "LightWrapAroundFactor": 0.5,
      "LightMultiplier": 0.5,
      "DistanceScaleFarValue": 10.0,
      "PointLightRandomIntensityMin": 1.0,