{
  "Name": "fx/dlc/xp2/impact/generic/emitters/em_dlc_generic_me_spritesparks",
  "PartitionGuid": "c45111d3-3155-401f-b5ab-08d3d60351b3",
  "PrimaryInstanceGuid": "52bc84a8-97dc-4b3b-8f09-732003a9542b",
  "Instances": {
    "03b0e47d-ce9d-4a31-8f94-118412a4f2bd": {
      "$type": "AirResistanceData",
      "DefaultValues": {
        "x": 1.0,
        "y": 1.0,
        "z": 1.0,
        "w": 1.0
      },
      "NextProcessor": {
        "PartitionGuid": "c45111d3-3155-401f-b5ab-08d3d60351b3",
        "InstanceGuid": "3fc5b322-8419-4212-ac8b-a7717495bb17"
      },
      "Pre": {
        "PartitionGuid": "c45111d3-3155-401f-b5ab-08d3d60351b3",
        "InstanceGuid": "830afee0-5ed3-4899-b48e-5b70798274d0"
      },
      "EvaluatorInput": 2,
      "Enable": true,
      "DragFactor": 10.0
    },
    "07e3fbe7-ecad-4227-acb2-bf3ba1ff4962": {
      "$type": "BoxEvaluatorData",
      "EmitterParameter": 0,
      "Dimensions": {
        "x": 0.2,
        "y": 0.0,
        "z": 0.2
      },
      "Pivot": {
        "x": 0.0,
        "y": 0.0,
        "z": 0.0
      }
    },
    "08948e2b-51e3-490a-8568-4c56d94227df": {
      "$type": "RandomEvaluatorData",
      "EmitterParameter": 0,
      "Max": 1.0,
      "Min": 0.5
    },
    "08fbd15d-dd81-4c77-8ab8-b947c422a340": {
      "$type": "UpdateAlphaLevelMinData",
      "DefaultValues": {
        "x": 1.0,
        "y": 1.0,
        "z": 1.0,
        "w": 1.0
      },
      "NextProcessor": {
        "PartitionGuid": "c45111d3-3155-401f-b5ab-08d3d60351b3",
        "InstanceGuid": "914d7d4a-2cbf-7df6-7816-81bca02a511a"
      },
      "Pre": {
        "PartitionGuid": "c45111d3-3155-401f-b5ab-08d3d60351b3",
        "InstanceGuid": "88d62e92-a11a-45ae-bea9-05d4a3d44fbe"
      },
      "EvaluatorInput": 2,
      "Enable": true,
      "MinLevel": 1.0
    },
    "09dce188-ff94-4d2f-a6d8-218dea2e24f2": {
      "$type": "PolynomialColorInterpData",
      "EmitterParameter": 0,
      "Color0": {
        "x": 500.0,
        "y": 112.801,
        "z": 11.552
      },
      "Color1": {
        "x": 100.0,
        "y": 22.56,
        "z": 2.31
      },
      "Coefficients": {
        "x": 0.0,
        "y": 0.0,
        "z": -1.2134143,
        "w": 1.2094815
      }
    },
    "1d471511-ef6f-4298-b07d-bb9437f6f6db": {
      "$type": "SpawnRotationData",
      "DefaultValues": {
        "x": 1.0,
        "y": 1.0,
        "z": 1.0,
        "w": 1.0
      },
      "NextProcessor": {
        "PartitionGuid": "c45111d3-3155-401f-b5ab-08d3d60351b3",
        "InstanceGuid": "2e78d3ef-ed00-49ef-a067-a4c832bd9b2f"
      },
      "Pre": {
        "PartitionGuid": "c45111d3-3155-401f-b5ab-08d3d60351b3",
        "InstanceGuid": "fb6b84b7-6ccf-4adb-a737-cf5c46463e91"
      },
      "EvaluatorInput": 1,
      "Enable": true,
      "Rotation": 1.0
    },
    "24c20509-4178-4cee-b8e4-28ebae264bb7": {
      "$type": "RandomEvaluatorData",
      "EmitterParameter": 0,
      "Max": 1.0,
      "Min": 0.6
    },
    "286aabae-7118-40b2-89f7-e7c82542c43f": {
      "$type": "UpdateColorData",
      "DefaultValues": {
        "x": 1.0,
        "y": 1.0,
        "z": 1.0,
        "w": 1.0
      },
      "NextProcessor": {
        "PartitionGuid": "c45111d3-3155-401f-b5ab-08d3d60351b3",
        "InstanceGuid": "823ab5ed-cc20-4b11-a65b-433b6d6daed7"
      },
      "Pre": {
        "PartitionGuid": "c45111d3-3155-401f-b5ab-08d3d60351b3",
        "InstanceGuid": "09dce188-ff94-4d2f-a6d8-218dea2e24f2"
      },
      "EvaluatorInput": 3,
      "Enable": true,
      "Color": {
        "x": 1.0,
        "y": 1.0,
        "z": 1.0
      }
    },
    "2e78d3ef-ed00-49ef-a067-a4c832bd9b2f": {
      "$type": "SpawnRotationSpeedData",
      "DefaultValues": {
        "x": 1.0,
        "y": 1.0,
        "z": 1.0,
        "w": 1.0
      },
      "NextProcessor": {
        "PartitionGuid": "c45111d3-3155-401f-b5ab-08d3d60351b3",
        "InstanceGuid": "73b5e849-c21f-48e6-88e3-e74319a06c35"
      },
      "Pre": {
        "PartitionGuid": "c45111d3-3155-401f-b5ab-08d3d60351b3",
        "InstanceGuid": "dce80d5e-3866-4578-aa61-e40ba6c359d0"
      },
      "EvaluatorInput": 1,
      "Enable": true,
      "RotationSpeed": 0.0
    },
    "3fc5b322-8419-4212-ac8b-a7717495bb17": {
      "$type": "GravityData",
      "DefaultValues": {
        "x": 1.0,
        "y": 1.0,
        "z": 1.0,
        "w": 1.0
      },
      "NextProcessor": {
        "PartitionGuid": "c45111d3-3155-401f-b5ab-08d3d60351b3",
        "InstanceGuid": "bfac0a60-094d-4036-a506-1e5a2fbdc812"
      },
      "Pre": null,
      "EvaluatorInput": 2,
      "Enable": true,
      "Gravity": 9.0
    },
    "44f6a8ad-acd7-4fac-b19e-296c05368f69": {
      "$type": "SpawnPositionData",
      "DefaultValues": {
        "x": 0.0,
        "y": 0.0,
        "z": 0.0,
        "w": 1.0
      },
      "NextProcessor": {
        "PartitionGuid": "c45111d3-3155-401f-b5ab-08d3d60351b3",
        "InstanceGuid": "b8010e3f-cbaf-4485-8346-dab8056ecad6"
      },
      "Pre": {
        "PartitionGuid": "c45111d3-3155-401f-b5ab-08d3d60351b3",
        "InstanceGuid": "07e3fbe7-ecad-4227-acb2-bf3ba1ff4962"
      },
      "EvaluatorInput": 1,
      "Enable": true
    },
    "52bc84a8-97dc-4b3b-8f09-732003a9542b": {
      "$type": "EmitterTemplateData",
      "PointLightIntensity": {
        "x": 0.0,
        "y": 0.0,
        "z": 0.0,
        "w": 1.0
      },
      "PointLightPivot": {
        "x": 0.0,
        "y": 0.0,
        "z": 0.0
      },
      "PointLightColor": {
        "x": 1.0,
        "y": 1.0,
        "z": 1.0
      },
      "MaxCount": 5,
      "Name": "FX/DLC/XP2/Impact/Generic/Emitters/Em_DLC_Generic_ME_SpriteSparks",
      "TimeScale": 1.0,
      "LifetimeFrameCount": 0,
      "Lifetime": 0.1,
      "RootProcessor": {
        "PartitionGuid": "c45111d3-3155-401f-b5ab-08d3d60351b3",
        "InstanceGuid": "f5990ea5-b3b3-49c1-acb0-54be725c87c7"
      },
      "VisibleAfterDistance": 0.0,
      "ZOcclusionLookup": [],
      "EmittableType": 2,
      "Mesh": null,
      "DistanceScaleNearValue": 1.0,
      "PointLightRadius": 20.0,
      "VertexPixelLightingBlendFactor": 0.0,
      "GlobalLocalNormalBlendFactor": 0.5,
      "SoftParticlesFadeDistanceMultiplier": -0.25,
      "LightWrapAroundFactor": 0.3,
      "LightMultiplier": 0.3,
      "DistanceScaleFarValue": 1.0,
      "PointLightRandomIntensityMin": 1.0,
      "MeshCullingDistance": 0.0,
      "PointLightRandomIntensityMax": 1.0,
      "MaxSpawnDistance": 30.0,
      "MinScreenArea": 1.0,
      "DistanceScaleLength": 0.0,
      "PointLightMaxClamp": 1.0,
      "ParticleCullingFactor": 0.8,
      "PointLightMinClamp": 0.0,
      "FollowSpawnSource": false,
      "RepeatParticleSpawning": false,
      "Emissive": false,
      "ExclusionVolumeCullEnable": false,
      "TransparencySunShadowEnable": false,
      "ForceFullRes": false,
      "LocalSpace": false,
      "Opaque": false,
      "ActAsPointLight": false,
      "KillParticlesWithEmitter": false,
      "ForceNiceSorting": false
    },
    "5af0e293-f6be-28be-5871-48e78c65f172": {
      "$type": "UpdateLinearVelocityData",
      "DefaultValues": {
        "x": 1.0,
        "y": 1.0,
        "z": 1.0,
        "w": 1.0
      },
      "NextProcessor": null,
      "Pre": null,
      "EvaluatorInput": 2,
      "Enable": true
    },
    "5ff15b3a-145c-4287-ab79-c4b5c70a600e": {
      "$type": "PolynomialData",
      "EmitterParameter": 0,
      "Coefficients": {
        "x": 0.0,
        "y": 0.0,
        "z": 2.0,
        "w": 0.0
      },
      "ScaleValue": 1.0,
      "MinClamp": 0.0,
      "MaxClamp": 1.0
    },
    "73b5e849-c21f-48e6-88e3-e74319a06c35": {
      "$type": "UpdateSizeData",