{
  "Name": "fx/impacts/sand/emitter_l/em_impact_sand_l_smokearms_01",
  "PartitionGuid": "160d1027-bc71-484c-b704-cc60084e4c70",
  "PrimaryInstanceGuid": "bd8c8372-b7c5-43ef-aba9-da9c39420c14",
  "Instances": {
    "033b46c7-63c0-bda7-e16a-391e23484368": {
      "$type": "UpdateOrientationData",
      "DefaultValues": {
        "x": 1.0,
        "y": 1.0,
        "z": 1.0,
        "w": 1.0
      },
      "NextProcessor": {
        "PartitionGuid": "160d1027-bc71-484c-b704-cc60084e4c70",
        "InstanceGuid": "ebec6539-5397-6019-84bd-e98884cefa8f"
      },
      "Pre": null,
      "EvaluatorInput": 2,
      "Enable": true
    },
    "0e03bce4-34d2-4f29-82f0-1f97a3d2fd18": {
      "$type": "SpawnRotationSpeedData",
      "DefaultValues": {
        "x": 1.0,
        "y": 1.0,
        "z": 1.0,
        "w": 1.0
      },
      "NextProcessor": {
        "PartitionGuid": "160d1027-bc71-484c-b704-cc60084e4c70",
        "InstanceGuid": "1f98d0b0-0084-4870-a71a-87e76bfd1569"
      },
      "Pre": {
        "PartitionGuid": "160d1027-bc71-484c-b704-cc60084e4c70",
        "InstanceGuid": "20197c26-bd38-4e30-9a5d-4eab81669c26"
      },
      "EvaluatorInput": 1,
      "Enable": true,
      "RotationSpeed": 0.0
    },
    "1f98d0b0-0084-4870-a71a-87e76bfd1569": {
      "$type": "UpdateSizeData",
      "DefaultValues": {
        "x": 1.0,
        "y": 1.0,
        "z": 1.0,
        "w": 1.0
      },
      "NextProcessor": {
        "PartitionGuid": "160d1027-bc71-484c-b704-cc60084e4c70",
        "InstanceGuid": "f3a2f594-bab2-4453-95f3-2b74b5d82613"
      },
      "Pre": null,
      "EvaluatorInput": 2,
      "Enable": true,
      "Pivot": {
        "x": 0.0,
        "y": -1.0
      }
    },
    "20197c26-bd38-4e30-9a5d-4eab81669c26": {
      "$type": "RandomEvaluatorData",
      "EmitterParameter": 0,
      "Max": 1.0,
      "Min": -1.0
    },
    "20c116a5-8304-4f77-b536-88761ad2f51b": {
      "$type": "PolynomialData",
      "EmitterParameter": 0,
      "Coefficients": {
        "x": 0.0,
        "y": -0.7280898,
        "z": 1.0915623,
        "w": 0.70547605
      },
      "ScaleValue": 1.0,
      "MinClamp": 0.0,
      "MaxClamp": 1.0
    },
    "2b5a7327-76e3-4b9c-b3bf-3773c680c171": {
      "$type": "PolynomialData",
      "EmitterParameter": 0,
      "Coefficients": {
        "x": 1.0764977,
        "y": -2.343995,
        "z": 1.6853383,
        "w": 0.61465293
      },
      "ScaleValue": 2.0,
      "MinClamp": 0.0,
      "MaxClamp": 1.0
    },
    "2e80acc5-c486-4218-bfc5-5c6287a18fef": {
      "$type": "PolynomialData",
      "EmitterParameter": 0,
      "Coefficients": {
        "x": 0.0,
        "y": 0.0,
        "z": 9.050009,
        "w": 0.09500003
      },
      "ScaleValue": 1.0,
      "MinClamp": 0.1,
      "MaxClamp": 1.0
    },
    "349ad4a8-4c83-48c7-8b28-e97b63ad7659": {
      "$type": "UpdateSizeXData",
      "DefaultValues": {
        "x": 1.0,
        "y": 1.0,
        "z": 1.0,
        "w": 1.0
      },
      "NextProcessor": {
        "PartitionGuid": "160d1027-bc71-484c-b704-cc60084e4c70",
        "InstanceGuid": "af5ec42c-6a32-485d-94d7-3f3c5e2bdc5e"
      },
      "Pre": {
        "PartitionGuid": "160d1027-bc71-484c-b704-cc60084e4c70",
        "InstanceGuid": "20c116a5-8304-4f77-b536-88761ad2f51b"
      },
      "EvaluatorInput": 2,
      "Enable": true
    },
    "3cb524ff-d26b-4a1d-98ab-485806ef2bf9": {
      "$type": "UpdateColorData",
      "DefaultValues": {
        "x": 0.53,
        "y": 0.463,
        "z": 0.387,
        "w": 1.0
      },
      "NextProcessor": {
        "PartitionGuid": "160d1027-bc71-484c-b704-cc60084e4c70",
        "InstanceGuid": "f2eeed6e-3df1-47a8-97b5-097121cd3371"
      },
      "Pre": null,
      "EvaluatorInput": 2,
      "Enable": true,
      "Color": {
        "x": 0.53,
        "y": 0.463,
        "z": 0.387
      }
    },
    "4418cf7a-34ee-4318-9881-8a53c61feab1": {
      "$type": "PolynomialData",
      "EmitterParameter": 0,
      "Coefficients": {
        "x": 0.0,
        "y": 1.083197,
        "z": -2.052563,
        "w": 0.97436595
      },
      "ScaleValue": 1.0,
      "MinClamp": 0.0,
      "MaxClamp": 1.0
    },
    "451c8697-18a6-4f47-b38e-1267b328e107": {
      "$type": "EmitterDocument",
      "Name": "FX/Impacts/Sand/Emitter_L/Em_Impact_Sand_L_SmokeArms_01",
      "RootProcessor": {
        "PartitionGuid": "160d1027-bc71-484c-b704-cc60084e4c70",
        "InstanceGuid": "78a45dc5-1825-4aa5-ac7a-174b221dba47"
      },
      "TemplateData": {
        "PartitionGuid": "160d1027-bc71-484c-b704-cc60084e4c70",
        "InstanceGuid": "bd8c8372-b7c5-43ef-aba9-da9c39420c14"
      }
    },
    "52310f81-997b-4138-bde6-fca6ce42992d": {
      "$type": "UpdateTextureCoordsData",
      "DefaultValues": {
        "x": 1.0,
        "y": 0.0,
        "z": 0.0,
        "w": 0.0
      },
      "NextProcessor": {
        "PartitionGuid": "160d1027-bc71-484c-b704-cc60084e4c70",
        "InstanceGuid": "033b46c7-63c0-bda7-e16a-391e23484368"
      },
      "Pre": null,
      "EvaluatorInput": 2,
      "Enable": true,
      "TextureInfo1": {
        "TextureName": "FX/Textures/Smoke/Smoke_Arm_Thick_2x1_D",
        "NormalmapName": "Systems/Emitter/DefaultNormalmap",
        "AnimationFrameCount": 2.0,
        "AnimationFrameColumnCount": 1.0,
        "EnableAnimation": true
      },
      "TextureBlendValue": 1.0
    },
    "599b8fe4-2fd7-4c27-a673-d2f43bb59ef4": {
      "$type": "SpawnRateData",
      "DefaultValues": {
        "x": 1.0,
        "y": 1.0,
        "z": 1.0,
        "w": 1.0
      },
      "NextProcessor": {
        "PartitionGuid": "160d1027-bc71-484c-b704-cc60084e4c70",
        "InstanceGuid": "e245b2b2-ccb3-4de9-afaa-12d2c1dbfd1c"
      },
      "Pre": null,
      "EvaluatorInput": 1,
      "Enable": true,
      "SpawnRate": 1000.0,
      "TrailSegmentLength": 5.0,
      "DistributeOverTime": true,
      "DistributeOverDistance": false
    },
    "78a45dc5-1825-4aa5-ac7a-174b221dba47": {
      "$type": "UpdateAgeData",
      "DefaultValues": {
        "x": 1.0,
        "y": 1.0,
        "z": 1.0,
        "w": 1.0
      },
      "NextProcessor": {
        "PartitionGuid": "160d1027-bc71-484c-b704-cc60084e4c70",
        "InstanceGuid": "599b8fe4-2fd7-4c27-a673-d2f43bb59ef4"
      },
      "Pre": null,
      "EvaluatorInput": 2,
      "Enable": true,
      "Lifetime": 0.5
    },
    "7a231cd6-cc62-4e6a-8a64-118b96fbc9a8": {
      "$type": "RandomEvaluatorData",
      "EmitterParameter": 6,
      "Max": 0.9,
      "Min": 0.25
    },
    "7aedfd16-3b92-4cc2-8e32-af01bf290eca": {
      "$type": "SpawnRotationData",
      "DefaultValues": {
        "x": 1.0,
        "y": 1.0,
        "z": 1.0,
        "w": 1.0
      },
      "NextProcessor": {
        "PartitionGuid": "160d1027-bc71-484c-b704-cc60084e4c70",
        "InstanceGuid": "0e03bce4-34d2-4f29-82f0-1f97a3d2fd18"
      },
      "Pre": {
        "PartitionGuid": "160d1027-bc71-484c-b704-cc60084e4c70",
        "InstanceGuid": "a9df1baa-20a4-464c-9ffd-a8d0e7d7b283"
      },
      "EvaluatorInput": 1,
      "Enable": true,
      "Rotation": 0.75
    },
    "87710224-00b7-4a9f-9779-fd1828617eeb": {
      "$type": "UpdateAlphaLevelMaxData",
      "DefaultValues": {
        "x": 1.0,
        "y": 1.0,
        "z": 1.0,
        "w": 1.0
      },
      "NextProcessor": {
        "PartitionGuid": "160d1027-bc71-484c-b704-cc60084e4c70",
        "InstanceGuid": "3cb524ff-d26b-4a1d-98ab-485806ef2bf9"
      },
      "Pre": {
        "PartitionGuid": "160d1027-bc71-484c-b704-cc60084e4c70",
        "InstanceGuid": "2e80acc5-c486-4218-bfc5-5c6287a18fef"
      },
      "EvaluatorInput": 2,
      "Enable": true,
      "MaxLevel": 1.0
    },