{
  "Name": "fx/dlc/xp2/destruction/specific/props/factoryoilbarrel/emitters/em_dlc2_prop_factoryoilbarrel_groundfire_fire",
  "PartitionGuid": "2273f031-8495-11e1-bcf6-f2ac8cbb16a6",
  "PrimaryInstanceGuid": "430a958a-71c4-ae53-9da9-633b1e5fcab2",
  "Instances": {
    "00cd730b-81e6-ec5d-a311-d4e5fc1820a9": {
      "$type": "UpdateOrientationData",
      "DefaultValues": {
        "x": 1.0,
        "y": 1.0,
        "z": 1.0,
        "w": 1.0
      },
      "NextProcessor": {
        "PartitionGuid": "2273f031-8495-11e1-bcf6-f2ac8cbb16a6",
        "InstanceGuid": "292046be-1ea4-13d8-be7b-e54e85d07e10"
      },
      "Pre": null,
      "EvaluatorInput": 2,
      "Enable": true
    },
    "13c4c409-7bb6-4097-b400-81c07e7d2f59": {
      "$type": "PolynomialData",
      "EmitterParameter": 0,
      "Coefficients": {
        "x": 6.3644657,
        "y": -9.771512,
        "z": 5.1923404,
        "w": 0.026206762
      },
      "ScaleValue": 1.0,
      "MinClamp": 0.0,
      "MaxClamp": 1.0
    },
    "2365b4a1-b6a0-4e14-a675-baad74cfb0db": {
      "$type": "RandomEvaluatorData",
      "EmitterParameter": 0,
      "Max": 1.0,
      "Min": -1.0
    },
    "23c951f1-a5f1-4837-98dc-6c4915e79f6f": {
      "$type": "RandomEvaluatorData",
      "EmitterParameter": 0,
      "Max": 1.0,
      "Min": 0.1
    },
    "28d502ce-24eb-4748-99af-79844b0ac070": {
      "$type": "PolynomialData",
      "EmitterParameter": 0,
      "Coefficients": {
        "x": 1.8867358,
        "y": -1.2261225,
        "z": 0.27061173,
        "w": -0.0075853844
      },
      "ScaleValue": 1.0,
      "MinClamp": 0.65,
      "MaxClamp": 1.0
    },
    "292046be-1ea4-13d8-be7b-e54e85d07e10": {
      "$type": "UpdateClipScaleData",
      "DefaultValues": {
        "x": 1.0,
        "y": 1.0,
        "z": 1.0,
        "w": 1.0
      },
      "NextProcessor": {
        "PartitionGuid": "2273f031-8495-11e1-bcf6-f2ac8cbb16a6",
        "InstanceGuid": "78993289-5155-5cd0-e596-cf27fdec2f09"
      },
      "Pre": null,
      "EvaluatorInput": 2,
      "Enable": true,
      "Lookup": [
        32767,
        32767,
        32767,
        32767,
        20607,
        25471,
        25599,
        27391,
        20607,
        25471,
        25599,
        27391,
        20607,
        25471,
        25599,
        27391,
        20607,
        25471,
        25599,
        27391,
        20607,
        25471,
        25599,
        27391,
        20607,
        25471,
        25599,
        27391,
        20607,
        25471,
        25599,
        27391,
        20607,
        25471,
        25599,
        27391,
        20607,
        25471,
        25599,
        27391,
        20607,
        25471,
        25599,
        27391,
        20607,
        25471,
        25599,
        27391,
        20607,
        25471,
        25599,
        27391,
        20607,
        25471,
        25599,
        27391,
        20607,
        25471,
        25599,
        27391,
        20607,
        25471,
        25599,
        27391,
        20607,
        25471,
        25599,
        27391,
        20607,
        25471,
        25599,
        27391,
        20607,
        25471,
        25599,
        27391,
        20607,
        25471,
        25599,
        27391,
        20607,
        25471,
        25599,
        27391,
        20607,
        25471,
        25599,
        27391,
        20223,
        25471,
        25599,
        27391,
        20223,
        25471,
        25599,
        27391,
        20223,
        25471,
        25599,
        27391,
        20223,
        25471,
        25599,
        27391,
        20095,
        25471,
        25599,
        27391,
        20095,
        25471,
        25343,
        27391,
        20095,
        25471,
        25087,
        27135,
        19711,
        25471,
        24831,
        26367,
        0,
        0,
        0,
        0,
        0,
        0,
        0,
        0,
        0,
        0,
        0,
        0
      ]
    },
    "2a403d15-ea82-4512-aac3-c7af23ecf6f9": {
      "$type": "UpdateAlphaLevelMaxData",
      "DefaultValues": {
        "x": 1.0,
        "y": 1.0,
        "z": 1.0,
        "w": 1.0
      },
      "NextProcessor": {
        "PartitionGuid": "2273f031-8495-11e1-bcf6-f2ac8cbb16a6",
        "InstanceGuid": "6d440741-aa24-4d6f-8f18-4d351f423087"
      },
      "Pre": {
        "PartitionGuid": "2273f031-8495-11e1-bcf6-f2ac8cbb16a6",
        "InstanceGuid": "f4bdad61-138b-484f-b987-49a4b3e65491"
      },
      "EvaluatorInput": 2,
      "Enable": true,
      "MaxLevel": 1.0
    },
    "2caaf18a-9b84-4359-94d8-bc70bb7530c7": {
      "$type": "SpawnSpeedData",
      "DefaultValues": {
        "x": 1.0,
        "y": 1.0,
        "z": 1.0,
        "w": 1.0
      },
      "NextProcessor": {
        "PartitionGuid": "2273f031-8495-11e1-bcf6-f2ac8cbb16a6",
        "InstanceGuid": "7e884230-7c54-4494-a429-60186c6742ae"
      },
      "Pre": {
        "PartitionGuid": "2273f031-8495-11e1-bcf6-f2ac8cbb16a6",
        "InstanceGuid": "23c951f1-a5f1-4837-98dc-6c4915e79f6f"
      },
      "EvaluatorInput": 1,
      "Enable": true,
      "Speed": 0.1
    },
    "2e49f726-1f8e-4509-b6bb-39e39d51ca6f": {
      "$type": "UpdateColorData",
      "DefaultValues": {
        "x": 1.0,
        "y": 1.0,
        "z": 1.0,
        "w": 1.0
      },
      "NextProcessor": {
        "PartitionGuid": "2273f031-8495-11e1-bcf6-f2ac8cbb16a6",
        "InstanceGuid": "a2680169-f6c9-44aa-89b3-cb3777e5aa17"
      },
      "Pre": {
        "PartitionGuid": "2273f031-8495-11e1-bcf6-f2ac8cbb16a6",
        "InstanceGuid": "c3e5bd60-8b85-4381-8344-126a4a4ee8f4"
      },
      "EvaluatorInput": 2,
      "Enable": true,
      "Color": {
        "x": 1.0,
        "y": 1.0,
        "z": 1.0
      }
    },
    "2f982fbe-d4fb-461f-a353-3fe35369dfab": {
      "$type": "SpawnSizeData",
      "DefaultValues": {
        "x": 1.0,
        "y": 1.0,
        "z": 1.0,
        "w": 1.0
      },
      "NextProcessor": {
        "PartitionGuid": "2273f031-8495-11e1-bcf6-f2ac8cbb16a6",
        "InstanceGuid": "60a94998-4c5e-4eb7-be3a-73fa138b5dcf"
      },
      "Pre": {
        "PartitionGuid": "2273f031-8495-11e1-bcf6-f2ac8cbb16a6",
        "InstanceGuid": "d1860f4b-794a-44a6-b2c8-c7873c7a7671"
      },
      "EvaluatorInput": 1,
      "Enable": true,
      "Size": 1.0
    },
    "31ab9ef5-024c-fd68-0067-edb25c20fe4a": {
      "$type": "EmitterDocument",
      "Name": "FX/DLC/XP2/Destruction/Specific/Props/FactoryOilBarrel/Emitters/Em_DLC2_Prop_FactoryOilBarrel_GroundFire_Fire",
      "RootProcessor": {
        "PartitionGuid": "2273f031-8495-11e1-bcf6-f2ac8cbb16a6",
        "InstanceGuid": "da7664b6-ad3f-4269-b1f4-0aa0c404163d"
      },
      "TemplateData": {
        "PartitionGuid": "2273f031-8495-11e1-bcf6-f2ac8cbb16a6",
        "InstanceGuid": "430a958a-71c4-ae53-9da9-633b1e5fcab2"
      }
    },
    "3aacc962-c4fb-4afe-951f-d16f17833b12": {
      "$type": "SpawnRotationSpeedData",
      "DefaultValues": {
        "x": 1.0,
        "y": 1.0,
        "z": 1.0,
        "w": 1.0
      },
      "NextProcessor": {
        "PartitionGuid": "2273f031-8495-11e1-bcf6-f2ac8cbb16a6",
        "InstanceGuid": "87f44368-5bc9-4072-be32-a0517ea342f2"
      },
      "Pre": null,
      "EvaluatorInput": 1,
      "Enable": true,
      "RotationSpeed": 0.11
    },
    "430a958a-71c4-ae53-9da9-633b1e5fcab2": {
      "$type": "EmitterTemplateData",
      "PointLightIntensity": {
        "x": 0.0,
        "y": -49.84496,
        "z": 29.55138,
        "w": -3.397939
      },
      "PointLightPivot": {
        "x": 0.0,
        "y": 0.5,