{
  "Name": "animations/characters/sp/sp_sniper/wirelights/wirelights_skeleton",
  "PartitionGuid": "4d689fa2-ac8d-11e0-86ee-cfc3db77e1e5",
  "PrimaryInstanceGuid": "3cf218cf-1c85-50f4-4ec7-f023ca974400",
  "Instances": {
    "3cf218cf-1c85-50f4-4ec7-f023ca974400": {
      "$type": "SkeletonAsset",
      "Name": "Animations/Characters/SP/SP_Sniper/WireLights/WireLights_Skeleton",
      "BoneNames": [
        "skeleton",
        "AITrajectory",
        "wire01",
        "wire02",
        "light02",
        "wire03",
        "wire04",
        "light01",
        "wire05"
      ],
      "Hierarchy": [
        -1,
        0,
        1,
        1,
        3,
        1,
        1,
        6,
        1
      ],
      "LocalPose": [
        {
          "right": {
            "x": 1.0,
            "y": 0.0,
            "z": 0.0
          },
          "up": {
            "x": -0.0,
            "y": 1.0,
            "z": 0.0
          },
          "forward": {
            "x": 0.0,
            "y": -0.0,
            "z": 1.0
          },
          "trans": {
            "x": 0.0,
            "y": 0.0,
            "z": 0.0
          }
        },
        {
          "right": {
            "x": 1.0,
            "y": 0.0,
            "z": 0.0
          },
          "up": {
            "x": -0.0,
            "y": 1.0,
            "z": 0.0
          },
          "forward": {
            "x": 0.0,
            "y": -0.0,
            "z": 1.0
          },
          "trans": {
            "x": 0.0,
            "y": 0.0,
            "z": 0.0
          }
        },
        {
          "right": {
            "x": 0.996042,
            "y": 0.0,
            "z": 0.08888359
          },
          "up": {
            "x": 0.08855991,
            "y": 0.08526408,
            "z": -0.99241483
          },
          "forward": {
            "x": -0.0075785774,
            "y": 0.9963584,
            "z": 0.084926605
          },
          "trans": {
            "x": 0.009639076,
            "y": 0.013359627,
            "z": -0.011635769
          }
        },
        {
          "right": {
            "x": 0.999404,
            "y": 2.9524842E-20,
            "z": -0.03451968
          },
          "up": {
            "x": -0.034496456,
            "y": 0.03667535,
            "z": -0.9987317
          },
          "forward": {
            "x": 0.0012660213,
            "y": 0.99932724,
            "z": 0.03665349
          },
          "trans": {
            "x": 0.20704514,
            "y": -1.0552338,
            "z": 11.309621
          }
        },
        {
          "right": {
            "x": 0.885947,
            "y": 0.12366893,
            "z": 0.44699427
          },
          "up": {
            "x": -0.46091563,
            "y": 0.12770516,
            "z": 0.8782074
          },
          "forward": {
            "x": 0.051523495,
            "y": -0.98407185,
            "z": 0.17014094
          },
          "trans": {
            "x": 0.034729276,
            "y": 0.004296882,
            "z": 0.004636725
          }
        },
        {
          "right": {
            "x": 0.99981964,
            "y": -4.2345757E-20,
            "z": -0.018992262
          },
          "up": {
            "x": -0.018989619,
            "y": -0.01667863,
            "z": -0.9996806
          },
          "forward": {
            "x": -0.0003167649,
            "y": 0.9998609,
            "z": -0.016675621
          },
          "trans": {
            "x": 0.21920541,
            "y": -1.165222,
            "z": 21.747444
          }
        },
        {
          "right": {
            "x": 0.9974265,
            "y": -6.120559E-19,
            "z": 0.07169626
          },
          "up": {
            "x": 0.07158193,
            "y": -0.056452192,
            "z": -0.9958359
          },
          "forward": {
            "x": 0.004047411,
            "y": 0.9984053,
            "z": -0.056306913
          },
          "trans": {
            "x": 0.16170114,
            "y": -0.88330626,
            "z": 27.493755
          }
        },
        {
          "right": {
            "x": 0.8898761,
            "y": -0.19718052,
            "z": 0.41138834
          },
          "up": {
            "x": -0.45578504,
            "y": -0.3457118,
            "z": 0.8202093
          },
          "forward": {
            "x": -0.019507507,
            "y": -0.91738933,
            "z": -0.3975126
          },
          "trans": {
            "x": 0.031620324,
            "y": -0.0021902309,
            "z": 0.0074524046
          }
        },
        {
          "right": {
            "x": 0.9968604,
            "y": 6.7561864E-19,
            "z": 0.07917972
          },
          "up": {
            "x": 0.078945115,
            "y": -0.07692214,
            "z": -0.99390674
          },
          "forward": {
            "x": 0.006090673,
            "y": 0.9970371,
            "z": -0.07668063
          },
          "trans": {
            "x": -0.01301309,
            "y": -0.0009913121,
            "z": 36.463825
          }
        }
      ],
      "ModelPose": [
        {
          "right": {
            "x": 1.0,
            "y": 0.0,
            "z": 0.0
          },
          "up": {
            "x": 0.0,
            "y": 1.0,
            "z": 0.0
          },
          "forward": {
            "x": 0.0,
            "y": 0.0,
            "z": 1.0
          },
          "trans": {
            "x": 0.0,
            "y": 0.0,
            "z": 0.0
          }
        },
        {
          "right": {
            "x": 1.0,
            "y": 0.0,
            "z": 0.0
          },
          "up": {
            "x": 0.0,
            "y": 1.0,
            "z": 0.0
          },
          "forward": {
            "x": 0.0,
            "y": 0.0,
            "z": 1.0
          },
          "trans": {
            "x": 0.0,
            "y": 0.0,
            "z": 0.0
          }
        },
        {
          "right": {
            "x": 0.996042,
            "y": 0.0,
            "z": 0.08888359
          },
          "up": {
            "x": 0.08855991,
            "y": 0.08526408,
            "z": -0.99241483
          },
          "forward": {
            "x": -0.0075785774,
            "y": 0.9963584,
            "z": 0.084926605
          },
          "trans": {
            "x": 0.009639076,
            "y": 0.013359627,
            "z": -0.011635769
          }
        },
        {
          "right": {
            "x": 0.999404,
            "y": 2.9524842E-20,
            "z": -0.03451968
          },
          "up": {
            "x": -0.034496456,
            "y": 0.03667535,
            "z": -0.9987317
          },
          "forward": {
            "x": 0.0012660213,
            "y": 0.99932724,
            "z": 0.03665349
          },
          "trans": {
            "x": 0.20704514,
            "y": -1.0552338,
            "z": 11.309621
          }
        },
        {
          "right": {
            "x": 0.8817187,
            "y": 0.45122918,
            "z": -0.1377108
          },
          "up": {
            "x": -0.46393448,
            "y": 0.8823002,
            "z": -0.07944316
          },
          "forward": {
            "x": 0.08565518,
            "y": 0.13393529,
            "z": 0.9872814
          },
          "trans": {
            "x": 0.24161136,
            "y": -1.0504427,
            "z": 11.3043
          }
        },
        {
          "right": {
            "x": 0.99981964,
            "y": -4.2345757E-20,
            "z": -0.018992262
          },
          "up": {
            "x": -0.018989619,