{
  "Name": "objects/radiotower_01/radiotower_01_prefab_nongroupable_autogen",
  "PartitionGuid": "0d4a260f-b545-af64-3f16-e16f41d73a71",
  "PrimaryInstanceGuid": "0d4a260f-b545-af64-3f16-e16f41d73a71",
  "Instances": {
    "dfb3fc3f-a0c3-4f5e-b750-923f99c5c47b": {
      "$type": "LightProbeVolumeData",
      "IsEventConnectionTarget": 3,
      "IsPropertyConnectionTarget": 3,
      "IndexInBlueprint": 1,
      "Transform": {
        "right": {
          "x": 1.0,
          "y": 0.0,
          "z": 0.0
        },
        "up": {
          "x": 0.0,
          "y": 1.0,
          "z": 0.0
        },
        "forward": {
          "x": 0.0,
          "y": 0.0,
          "z": 1.0
        },
        "trans": {
          "x": -0.09220907,
          "y": 17.509762,
          "z": -0.023438253
        }
      },
      "Xres": 1,
      "Yres": 6,
      "Zres": 1,
      "BlendDistance": 1.0,
      "Priority": 0
    },
    "f54dda3e-13e8-4f4f-88d1-3a6fb9714c0e": {
      "$type": "LocatorEntityData",
      "IsEventConnectionTarget": 3,
      "IsPropertyConnectionTarget": 3,
      "IndexInBlueprint": 2,
      "Transform": {
        "right": {
          "x": 1.0,
          "y": 0.0,
          "z": 0.0
        },
        "up": {
          "x": 0.0,
          "y": 1.0,
          "z": 0.0
        },
        "forward": {
          "x": 0.0,
          "y": 0.0,
          "z": 1.0
        },
        "trans": {
          "x": 0.05271721,
          "y": 16.235712,
          "z": -0.03972912
        }
      },
      "Realm": 2
    },
    "0d4a260f-b545-af64-3f16-e16f41d73a71": {
      "$type": "PrefabBlueprint",
      "Objects": [
        {
          "PartitionGuid": "0d4a260f-b545-af64-3f16-e16f41d73a71",
          "InstanceGuid": "b9dc5935-ce7e-40b4-9e70-7fa028f7620f"
        },
        {
          "PartitionGuid": "0d4a260f-b545-af64-3f16-e16f41d73a71",
          "InstanceGuid": "dfb3fc3f-a0c3-4f5e-b750-923f99c5c47b"
        },
        {
          "PartitionGuid": "0d4a260f-b545-af64-3f16-e16f41d73a71",
          "InstanceGuid": "f54dda3e-13e8-4f4f-88d1-3a6fb9714c0e"
        },
        {
          "PartitionGuid": "0d4a260f-b545-af64-3f16-e16f41d73a71",
          "InstanceGuid": "7f3202ee-4e3f-4b14-9e69-e0176950f7b6"
        }
      ],
      "EventConnections": [
        {
          "Source": {
            "PartitionGuid": "0d4a260f-b545-af64-3f16-e16f41d73a71",
            "InstanceGuid": "b9dc5935-ce7e-40b4-9e70-7fa028f7620f"
          },
          "Target": {
            "PartitionGuid": "0d4a260f-b545-af64-3f16-e16f41d73a71",
            "InstanceGuid": "7f3202ee-4e3f-4b14-9e69-e0176950f7b6"
          },
          "SourceEvent": {
            "Id": -1452333337
          },
          "TargetEvent": {
            "Id": 2089401213
          },
          "TargetType": 2
        }
      ],
      "Descriptor": null,
      "NeedNetworkId": false,
      "InterfaceHasConnections": false,
      "AlwaysCreateEntityBusClient": false,
      "AlwaysCreateEntityBusServer": false,
      "PropertyConnections": [
        {
          "Source": {
            "PartitionGuid": "0d4a260f-b545-af64-3f16-e16f41d73a71",
            "InstanceGuid": "f54dda3e-13e8-4f4f-88d1-3a6fb9714c0e"
          },
          "Target": {
            "PartitionGuid": "0d4a260f-b545-af64-3f16-e16f41d73a71",
            "InstanceGuid": "7f3202ee-4e3f-4b14-9e69-e0176950f7b6"
          },
          "SourceFieldId": 1925266716,
          "TargetFieldId": -2024647575
        }
      ],
      "LinkConnections": [],
      "Name": "objects/radiotower_01/radiotower_01_prefab_nongroupable_autogen"
    },
    "b9dc5935-ce7e-40b4-9e70-7fa028f7620f": {
      "$type": "ReferenceObjectData",
      "BlueprintTransform": {
        "right": {
          "x": 1.0,
          "y": 0.0,
          "z": 0.0
        },
        "up": {
          "x": 0.0,
          "y": 1.0,
          "z": 0.0
        },
        "forward": {
          "x": 0.0,
          "y": 0.0,
          "z": 1.0
        },
        "trans": {
          "x": 0.0,
          "y": 0.0,
          "z": 0.0
        }
      },
      "Blueprint": {
        "PartitionGuid": "461a6dbe-1257-43ba-8d6d-48001617a7f5",
        "InstanceGuid": "1e0723ea-842e-45ee-a76e-de66210fcb23"
      },
      "ObjectVariation": null,
      "StreamRealm": 0,
      "CastSunShadowEnable": true,
      "Excluded": false,
      "IndexInBlueprint": 0,
      "IsEventConnectionTarget": 3,
      "IsPropertyConnectionTarget": 3
    },
    "7f3202ee-4e3f-4b14-9e69-e0176950f7b6": {
      "$type": "SoundEntityData",
      "Transform": {
        "right": {
          "x": 1.0,
          "y": 0.0,
          "z": 0.0
        },
        "up": {
          "x": 0.0,
          "y": 1.0,
          "z": 0.0
        },
        "forward": {
          "x": 0.0,
          "y": 0.0,
          "z": 1.0
        },
        "trans": {
          "x": 0.0,
          "y": 0.0,
          "z": 0.0
        }
      },
      "Sound": {
        "PartitionGuid": "5929fe8e-11b6-464d-a236-9ed10a78edf7",
        "InstanceGuid": "12b717b7-becf-41e1-a9c3-0716a4bf5cd6"
      },
      "ObstructionHandle": -1,
      "PlayOnCreation": true,
      "IndexInBlueprint": 3,
      "IsEventConnectionTarget": 0,
      "IsPropertyConnectionTarget": 2
    }
  }
}