{
  "Name": "levels/sp_paris/chase/layer2_chase_squad",
  "PartitionGuid": "d345132e-3662-4583-89ab-c2080a5056c3",
  "PrimaryInstanceGuid": "90d67621-43c5-439c-b95d-a0813402b05c",
  "Instances": {
    "c2b2fe43-88cc-46ff-9541-f7e5f53fce1a": {
      "$type": "CoverEntityData",
      "IsEventConnectionTarget": 3,
      "IsPropertyConnectionTarget": 3,
      "IndexInBlueprint": 120,
      "Transform": {
        "right": {
          "x": -0.99999994,
          "y": 0.0,
          "z": 0.0
        },
        "up": {
          "x": 0.0,
          "y": 1.0,
          "z": 0.0
        },
        "forward": {
          "x": 0.0,
          "y": 0.0,
          "z": -0.99999994
        },
        "trans": {
          "x": -83.54468,
          "y": -7.8400335,
          "z": -196.50949
        }
      },
      "Width": 1.6712632,
      "CoverType": 2,
      "LeftEdgeBlocked": false,
      "RightEdgeBlocked": false,
      "TopBlocked": true,
      "Slots": [
        {
          "Position": {
            "x": -84.18031,
            "y": -7.8400335,
            "z": -196.15948
          }
        },
        {
          "Position": {
            "x": -82.90905,
            "y": -7.8400335,
            "z": -196.15948
          }
        }
      ]
    },
    "09ecc666-d004-4ed6-90f0-f84ae55d11b5": {
      "$type": "CoverEntityData",
      "IsEventConnectionTarget": 3,
      "IsPropertyConnectionTarget": 3,
      "IndexInBlueprint": 121,
      "Transform": {
        "right": {
          "x": 0.99930793,
          "y": 0.0,
          "z": 0.03719635
        },
        "up": {
          "x": 0.0,
          "y": 1.0,
          "z": 0.0
        },
        "forward": {
          "x": -0.03719635,
          "y": 0.0,
          "z": 0.99930793
        },
        "trans": {
          "x": -82.21137,
          "y": -7.8400335,
          "z": -193.80135
        }
      },
      "Width": 1.2465816,
      "CoverType": 1,
      "LeftEdgeBlocked": false,
      "RightEdgeBlocked": false,
      "TopBlocked": false,
      "Slots": [
        {
          "Position": {
            "x": -81.77536,
            "y": -7.8400335,
            "z": -194.13538
          }
        },
        {
          "Position": {
            "x": -82.62135,
            "y": -7.8400335,
            "z": -194.16687
          }
        }
      ]
    },
    "cea4369c-b5ee-4cc2-b970-dc1af447967b": {
      "$type": "CoverWaypointData",
      "CoverTask": {
        "WantedPos": {
          "x": -44444.0,
          "y": -44444.0,
          "z": -44444.0
        },
        "ThreatPosition": {
          "x": 0.0,
          "y": 0.0,
          "z": 0.0
        },
        "CoverPose": 1,
        "WaitTime": -1.0,
        "PeekOut": 2,
        "WorldAngle": -0.037204936,
        "OffsetLength": 2.0,
        "ExitPose": 3,
        "ExitAngle": -44.0,
        "DistanceToNextWaypoint": 0.0,
        "CoverType": 4,
        "EnterStrategy": 0,
        "ExitStyle": 0,
        "PrepareFireType": 7,
        "ForceExitCover": false,
        "UseClientPosition": false
      },
      "BaseTask": {
        "PoseChangeMovingTowards": 3,
        "AttentionChangeMovingTowards": 5,
        "SpeedChangeMovingTowards": 13,
        "PoseChange": 3,
        "AttentionStateChange": 5,
        "SpeedLevelChange": 13,
        "Radius": 0.5,
        "IsScripted": false
      },
      "SchematicsNameHash": 0,
      "WaypointId": 0,
      "UseClientsPosition": false
    },
    "c2d223ca-ee62-447c-ba1e-0a8df5e8d9be": {
      "$type": "StandardMoveWaypointData",
      "MoveTask": {
        "WantedPos": {
          "x": -44444.0,
          "y": -44444.0,
          "z": -44444.0
        },
        "WorldAngle": -44.0,
        "WaitTime": 0.0,
        "EnterPose": 3,
        "ExitPose": 3,
        "OverrideAngle": false,
        "UseClientPosition": false
      },
      "BaseTask": {
        "PoseChangeMovingTowards": 3,
        "AttentionChangeMovingTowards": 5,
        "SpeedChangeMovingTowards": 13,
        "PoseChange": 3,
        "AttentionStateChange": 5,
        "SpeedLevelChange": 5,
        "Radius": 0.5,
        "IsScripted": false
      },
      "SchematicsNameHash": 0,
      "WaypointId": 0,
      "UseClientsPosition": false
    },
    "91fdaf0c-e985-4d7e-9dd4-ae328d76abd4": {
      "$type": "StandardMoveWaypointData",
      "MoveTask": {
        "WantedPos": {
          "x": -44444.0,
          "y": -44444.0,
          "z": -44444.0
        },
        "WorldAngle": -44.0,
        "WaitTime": 0.0,
        "EnterPose": 3,
        "ExitPose": 3,
        "OverrideAngle": false,
        "UseClientPosition": false
      },
      "BaseTask": {
        "PoseChangeMovingTowards": 3,
        "AttentionChangeMovingTowards": 5,
        "SpeedChangeMovingTowards": 13,
        "PoseChange": 3,
        "AttentionStateChange": 5,
        "SpeedLevelChange": 5,
        "Radius": 0.5,
        "IsScripted": false
      },
      "SchematicsNameHash": 0,
      "WaypointId": 0,
      "UseClientsPosition": false
    },
    "c4b27108-3dae-472e-9458-141e2f5b85fc": {
      "$type": "WaypointsShapeData",
      "Waypoints": [
        {
          "PartitionGuid": "d345132e-3662-4583-89ab-c2080a5056c3",
          "InstanceGuid": "c2d223ca-ee62-447c-ba1e-0a8df5e8d9be"
        },
        {
          "PartitionGuid": "d345132e-3662-4583-89ab-c2080a5056c3",
          "InstanceGuid": "91fdaf0c-e985-4d7e-9dd4-ae328d76abd4"
        },
        {
          "PartitionGuid": "d345132e-3662-4583-89ab-c2080a5056c3",
          "InstanceGuid": "cea4369c-b5ee-4cc2-b970-dc1af447967b"
        }
      ],
      "Points": [
        {
          "x": -107.77775,
          "y": -3.8400004,
          "z": -194.65077
        },
        {
          "x": -99.829384,
          "y": -7.679999,
          "z": -194.55206
        },
        {
          "x": -82.62135,
          "y": -7.8400335,
          "z": -194.16687
        }
      ],
      "Normals": [
        {
          "x": 0.0,
          "y": 1.0,
          "z": 0.0
        },
        {
          "x": 0.0,
          "y": 1.0,
          "z": 0.0
        },
        {
          "x": 0.0,
          "y": 1.0,
          "z": 0.0
        }
      ],
      "Tension": 0.0,
      "IsClosed": false,
      "AllowRoll": false,
      "IndexInBlueprint": 122,
      "IsEventConnectionTarget": 1,
      "IsPropertyConnectionTarget": 3
    },
    "90d67621-43c5-439c-b95d-a0813402b05c": {
      "$type": "WorldPartData",
      "Name": "Levels/SP_Paris/Chase_Squad",
      "PropertyConnections": [],
      "LinkConnections": [],
      "EventConnections": [],
      "Descriptor": null,
      "NeedNetworkId": false,
      "InterfaceHasConnections": false,
      "AlwaysCreateEntityBusClient": false,
      "AlwaysCreateEntityBusServer": false,
      "Objects": [
        {
          "PartitionGuid": "d345132e-3662-4583-89ab-c2080a5056c3",
          "InstanceGuid": "c2b2fe43-88cc-46ff-9541-f7e5f53fce1a"
        },
        {
          "PartitionGuid": "d345132e-3662-4583-89ab-c2080a5056c3",
          "InstanceGuid": "09ecc666-d004-4ed6-90f0-f84ae55d11b5"
        },
        {
          "PartitionGuid": "d345132e-3662-4583-89ab-c2080a5056c3",
          "InstanceGuid": "c4b27108-3dae-472e-9458-141e2f5b85fc"
        }
      ],
      "Enabled": true,
      "UseDeferredEntityCreation": false,
      "HackToSolveRealTimeTweakingIssue": "5eec9752-35fd-face-883a-187f65827616"
    }
  }
}