{
  "Name": "levels/sp_paris/heat/layer4_heat_triggershapes",
  "PartitionGuid": "9abdb4fd-c52b-433a-9443-47d5ccb8e3a2",
  "PrimaryInstanceGuid": "048ebf37-1ac4-465c-aac3-f6f301376d1d",
  "Instances": {
    "f7fa30c5-1ded-4213-88a7-6e66f53d845d": {
      "$type": "OBBData",
      "Transform": {
        "right": {
          "x": 0.999987,
          "y": 0.0,
          "z": -0.0051122443
        },
        "up": {
          "x": 0.0,
          "y": 1.0,
          "z": 0.0
        },
        "forward": {
          "x": 0.0051122415,
          "y": 0.0,
          "z": 0.99998695
        },
        "trans": {
          "x": -270.2227,
          "y": 1.4908099,
          "z": -34.055202
        }
      },
      "HalfExtents": {
        "x": 27.81534,
        "y": 1.8632207,
        "z": 1.5637944
      },
      "IndexInBlueprint": 302,
      "IsEventConnectionTarget": 3,
      "IsPropertyConnectionTarget": 3
    },
    "957189fc-7187-499d-82c2-798dd2df8c99": {
      "$type": "OBBData",
      "Transform": {
        "right": {
          "x": 1.0,
          "y": 0.0,
          "z": 0.0
        },
        "up": {
          "x": 0.0,
          "y": 1.0,
          "z": 0.0
        },
        "forward": {
          "x": 0.0,
          "y": 0.0,
          "z": 1.0
        },
        "trans": {
          "x": -261.90298,
          "y": 3.49602,
          "z": -175.34352
        }
      },
      "HalfExtents": {
        "x": 1.0786924,
        "y": 2.8094618,
        "z": 1.3598913
      },
      "IndexInBlueprint": 303,
      "IsEventConnectionTarget": 1,
      "IsPropertyConnectionTarget": 3
    },
    "b49fbc22-5cc1-48eb-81b1-0850acf5de04": {
      "$type": "OBBData",
      "Transform": {
        "right": {
          "x": 0.71712244,
          "y": 0.0,
          "z": -0.6969472
        },
        "up": {
          "x": 0.0,
          "y": 1.0,
          "z": 0.0
        },
        "forward": {
          "x": 0.6969473,
          "y": 0.0,
          "z": 0.71712244
        },
        "trans": {
          "x": -234.70566,
          "y": 4.3163614,
          "z": 2.551178
        }
      },
      "HalfExtents": {
        "x": 14.287408,
        "y": 2.3065343,
        "z": 0.66672957
      },
      "IndexInBlueprint": 304,
      "IsEventConnectionTarget": 1,
      "IsPropertyConnectionTarget": 3
    },
    "5b24fc02-d643-411b-b569-64602c958512": {
      "$type": "OBBData",
      "Transform": {
        "right": {
          "x": 1.0,
          "y": 0.0,
          "z": 0.0
        },
        "up": {
          "x": 0.0,
          "y": 1.0,
          "z": 0.0
        },
        "forward": {
          "x": 0.0,
          "y": 0.0,
          "z": 1.0
        },
        "trans": {
          "x": -281.27945,
          "y": 1.4425943,
          "z": -109.96567
        }
      },
      "HalfExtents": {
        "x": 13.486341,
        "y": 1.7557254,
        "z": 3.082384
      },
      "IndexInBlueprint": 306,
      "IsEventConnectionTarget": 1,
      "IsPropertyConnectionTarget": 3
    },
    "33c0d214-2d36-4689-82d5-7cd308ffce0a": {
      "$type": "OBBData",
      "Transform": {
        "right": {
          "x": 1.0,
          "y": 0.0,
          "z": 0.0
        },
        "up": {
          "x": 0.0,
          "y": 1.0,
          "z": 0.0
        },
        "forward": {
          "x": 0.0,
          "y": 0.0,
          "z": 1.0
        },
        "trans": {
          "x": -273.8729,
          "y": 1.0294148,
          "z": -80.59748
        }
      },
      "HalfExtents": {
        "x": 24.34171,
        "y": 1.3103023,
        "z": 1.062407
      },
      "IndexInBlueprint": 307,
      "IsEventConnectionTarget": 1,
      "IsPropertyConnectionTarget": 3
    },
    "806a17cb-2d39-43ab-8d48-2675beb185a5": {
      "$type": "OBBData",
      "Transform": {
        "right": {
          "x": 0.99986166,
          "y": 0.0,
          "z": -0.016639452
        },
        "up": {
          "x": 0.0,
          "y": 1.0,
          "z": 0.0
        },
        "forward": {
          "x": 0.01663944,
          "y": 0.0,
          "z": 0.9998616
        },
        "trans": {
          "x": -269.8862,
          "y": 1.9737417,
          "z": -29.356169
        }
      },
      "HalfExtents": {
        "x": 28.075745,
        "y": 2.4895017,
        "z": 1.4297783
      },
      "IndexInBlueprint": 308,
      "IsEventConnectionTarget": 1,
      "IsPropertyConnectionTarget": 3
    },
    "2c620fd9-f51d-4976-ad63-2f94dda6fc51": {
      "$type": "OBBData",
      "Transform": {
        "right": {
          "x": 1.0,
          "y": 0.0,
          "z": 0.0
        },
        "up": {
          "x": 0.0,
          "y": 1.0,
          "z": 0.0
        },
        "forward": {
          "x": 0.0,
          "y": 0.0,
          "z": 1.0
        },
        "trans": {
          "x": -258.97153,
          "y": 1.9696581,
          "z": -113.57076
        }
      },
      "HalfExtents": {
        "x": 5.9566636,
        "y": 1.4818193,
        "z": 6.8588924
      },
      "IndexInBlueprint": 309,
      "IsEventConnectionTarget": 1,
      "IsPropertyConnectionTarget": 3
    },
    "137d16b8-5cef-402d-9848-3b800735b2ac": {
      "$type": "OBBData",
      "Transform": {
        "right": {
          "x": 1.0,
          "y": 0.0,
          "z": 0.0
        },
        "up": {
          "x": 0.0,
          "y": 1.0,
          "z": 0.0
        },
        "forward": {
          "x": 0.0,
          "y": 0.0,
          "z": 1.0
        },
        "trans": {
          "x": -292.06317,
          "y": 13.199695,
          "z": -83.19156
        }
      },
      "HalfExtents": {
        "x": 1.8986673,
        "y": 9.235152,
        "z": 5.2223845
      },
      "IndexInBlueprint": 310,
      "IsEventConnectionTarget": 1,
      "IsPropertyConnectionTarget": 3
    },
    "93bcdd7d-9416-41b4-ad65-f68d2d38d7cd": {
      "$type": "VolumeVectorShapeData",
      "Height": 4.0,
      "Points": [
        {
          "x": -254.24397,
          "y": -1.074229E-06,
          "z": 12.10214
        },
        {
          "x": -255.99234,
          "y": -1.074229E-06,
          "z": -14.898933
        },
        {
          "x": -256.06982,
          "y": -1.074229E-06,
          "z": -27.236729
        },
        {
          "x": -259.04498,
          "y": -1.074229E-06,
          "z": -27.080233
        },
        {
          "x": -259.15414,
          "y": -1.074229E-06,
          "z": -18.93878
        },
        {
          "x": -259.5647,
          "y": -1.074229E-06,
          "z": 11.852655
        }
      ],
      "Normals": [
        {
          "x": 0.0,
          "y": 1.0,
          "z": 0.0
        },
        {
          "x": 0.0,
          "y": 1.0,
          "z": 0.0
        },
        {
          "x": 0.0,
          "y": 1.0,
          "z": 0.0
        },
        {
          "x": 0.0,
          "y": 1.0,
          "z": 0.0
        },
        {
          "x": 0.0,
          "y": 1.0,
          "z": 0.0
        },
        {
          "x": 0.0,
          "y": 1.0,
          "z": 0.0
        }
      ],
      "Tension": 0.0,
      "IsClosed": true,
      "AllowRoll": false,
      "IndexInBlueprint": 305,
      "IsEventConnectionTarget": 1,
      "IsPropertyConnectionTarget": 3
    },
    "048ebf37-1ac4-465c-aac3-f6f301376d1d": {
      "$type": "WorldPartData",
      "Name": "Levels/SP_Paris/Heat_Triggershapes",
      "PropertyConnections": [],
      "LinkConnections": [],
      "EventConnections": [],
      "Descriptor": null,
      "NeedNetworkId": false,
      "InterfaceHasConnections": false,
      "AlwaysCreateEntityBusClient": false,