{
  "Name": "levels/coop_010/props/financeinstitute01_prefab_coop_010_nongroupable_autogen",
  "PartitionGuid": "f3c2f712-2c7c-70d4-f212-52c608f409ac",
  "PrimaryInstanceGuid": "f3c2f712-2c7c-70d4-f212-52c608f409ac",
  "Instances": {
    "375583e6-a4f3-4df3-b10e-d1863aeef4bc": {
      "$type": "ReferenceObjectData",
      "IndexInBlueprint": 1,
      "IsEventConnectionTarget": 3,
      "IsPropertyConnectionTarget": 3,
      "BlueprintTransform": {
        "right": {
          "x": 0.75609463,
          "y": -2.408914E-11,
          "z": -0.6544621
        },
        "up": {
          "x": 4.734687E-14,
          "y": 1.0,
          "z": -3.6755352E-11
        },
        "forward": {
          "x": 0.65446216,
          "y": 2.7755154E-11,
          "z": 0.7560947
        },
        "trans": {
          "x": 31.34977,
          "y": -2.519207,
          "z": -43.35517
        }
      },
      "Blueprint": {
        "PartitionGuid": "f2e7b93c-0206-11e0-9352-87860d52845a",
        "InstanceGuid": "2c42524f-255f-eda1-6708-9db203a437d3"
      },
      "ObjectVariation": null,
      "StreamRealm": 0,
      "CastSunShadowEnable": true,
      "Excluded": false
    },
    "47c29c9d-d35c-4ef8-98d3-3da6975c4139": {
      "$type": "ReferenceObjectData",
      "IndexInBlueprint": 2,
      "IsEventConnectionTarget": 3,
      "IsPropertyConnectionTarget": 3,
      "BlueprintTransform": {
        "right": {
          "x": 0.75609463,
          "y": -2.408914E-11,
          "z": -0.6544621
        },
        "up": {
          "x": 4.7345442E-14,
          "y": 1.0,
          "z": -3.6755352E-11
        },
        "forward": {
          "x": 0.65446216,
          "y": 2.7755154E-11,
          "z": 0.7560947
        },
        "trans": {
          "x": 16.60717,
          "y": -2.519207,
          "z": -57.056374
        }
      },
      "Blueprint": {
        "PartitionGuid": "f2e7b93c-0206-11e0-9352-87860d52845a",
        "InstanceGuid": "2c42524f-255f-eda1-6708-9db203a437d3"
      },
      "ObjectVariation": null,
      "StreamRealm": 0,
      "CastSunShadowEnable": true,
      "Excluded": false
    },
    "b5ece75a-6d8d-433a-93b6-76286140ea4f": {
      "$type": "DecalEntityData",
      "IndexInBlueprint": 3,
      "IsEventConnectionTarget": 3,
      "IsPropertyConnectionTarget": 3,
      "Transform": {
        "right": {
          "x": -1.6222571,
          "y": -0.03445121,
          "z": -0.50745964
        },
        "up": {
          "x": 0.44131792,
          "y": 0.020670015,
          "z": -1.4122174
        },
        "forward": {
          "x": 0.03081966,
          "y": -1.3105682,
          "z": -0.00955107
        },
        "trans": {
          "x": 33.318474,
          "y": -1.1142527,
          "z": -46.68695
        }
      },
      "Components": [],
      "Enabled": true,
      "RuntimeComponentCount": 0,
      "Shader": {
        "PartitionGuid": "22cda3a4-3db6-11e0-9208-f656ba7219d1",
        "InstanceGuid": "1eb37dcb-7957-dd0d-76b4-74d35ee6a908"
      },
      "AtlasTile": {
        "TileIndexX": 0.0,
        "TileIndexY": 1.0,
        "TileCountX": 1.0,
        "TileCountY": 2.0,
        "FlipX": false,
        "FlipY": false
      },
      "MaterialIndex": 0,
      "SortingPriority": 30,
      "Projected": true
    },
    "c271b4d5-bb9d-4996-8d04-209ce2e4c6a2": {
      "$type": "ReferenceObjectData",
      "IndexInBlueprint": 7,
      "IsEventConnectionTarget": 3,
      "IsPropertyConnectionTarget": 3,
      "BlueprintTransform": {
        "right": {
          "x": 0.7094859,
          "y": 0.0,
          "z": 0.70471966
        },
        "up": {
          "x": 0.0,
          "y": 1.0,
          "z": 0.0
        },
        "forward": {
          "x": -0.70471966,
          "y": 0.0,
          "z": 0.7094859
        },
        "trans": {
          "x": 35.83542,
          "y": 13.642573,
          "z": -45.797142
        }
      },
      "Blueprint": {
        "PartitionGuid": "ca155aa1-bd12-11e0-b7ba-a0095776c4b6",
        "InstanceGuid": "7a42d68b-42a1-6796-e04d-f30604a701db"
      },
      "ObjectVariation": null,
      "StreamRealm": 0,
      "CastSunShadowEnable": true,
      "Excluded": false
    },
    "ca10f6b8-33b4-4914-bea2-0c326cd80f6a": {
      "$type": "ReferenceObjectData",
      "IndexInBlueprint": 6,
      "IsEventConnectionTarget": 3,
      "IsPropertyConnectionTarget": 3,
      "BlueprintTransform": {
        "right": {
          "x": 0.7292205,
          "y": 0.0,
          "z": 0.6842788
        },
        "up": {
          "x": 0.0,
          "y": 1.0,
          "z": 0.0
        },
        "forward": {
          "x": -0.6842788,
          "y": 0.0,
          "z": 0.7292205
        },
        "trans": {
          "x": 24.31312,
          "y": 13.642573,
          "z": -57.258114
        }
      },
      "Blueprint": {
        "PartitionGuid": "ca155aa1-bd12-11e0-b7ba-a0095776c4b6",
        "InstanceGuid": "7a42d68b-42a1-6796-e04d-f30604a701db"
      },
      "ObjectVariation": null,
      "StreamRealm": 0,
      "CastSunShadowEnable": true,
      "Excluded": false
    },
    "d3aec535-eef5-46f7-9007-45debbd4febf": {
      "$type": "ReferenceObjectData",
      "IndexInBlueprint": 0,
      "IsEventConnectionTarget": 3,
      "IsPropertyConnectionTarget": 3,
      "BlueprintTransform": {
        "right": {
          "x": 1.0,
          "y": 0.0,
          "z": 0.0
        },
        "up": {
          "x": 0.0,
          "y": 1.0,
          "z": 0.0
        },
        "forward": {
          "x": 0.0,
          "y": 0.0,
          "z": 1.0
        },
        "trans": {
          "x": 36.46479,
          "y": -2.775175,
          "z": -59.50782
        }
      },
      "Blueprint": {
        "PartitionGuid": "9663903a-8089-11e0-8ae8-93203aeb1d5c",
        "InstanceGuid": "44410966-dcaa-b27d-f49a-cf0e9e7cc451"
      },
      "ObjectVariation": null,
      "StreamRealm": 0,
      "CastSunShadowEnable": true,
      "Excluded": false
    },
    "dab7cd4a-8726-44b4-928a-a701ee73afac": {
      "$type": "DecalEntityData",
      "IndexInBlueprint": 5,
      "IsEventConnectionTarget": 3,
      "IsPropertyConnectionTarget": 3,
      "Transform": {
        "right": {
          "x": -2.2484245,
          "y": -0.057349913,
          "z": 0.6140952
        },
        "up": {
          "x": -0.3898921,
          "y": 0.0012338641,
          "z": -1.4274206
        },
        "forward": {
          "x": 0.030819656,
          "y": -1.3105682,
          "z": -0.00955107
        },
        "trans": {
          "x": 28.038315,
          "y": 0.6832567,
          "z": -44.66517
        }
      },
      "Components": [],
      "Enabled": true,
      "RuntimeComponentCount": 0,
      "Shader": {
        "PartitionGuid": "22cda3a4-3db6-11e0-9208-f656ba7219d1",
        "InstanceGuid": "1eb37dcb-7957-dd0d-76b4-74d35ee6a908"
      },
      "AtlasTile": {
        "TileIndexX": 0.0,
        "TileIndexY": 1.0,
        "TileCountX": 1.0,
        "TileCountY": 2.0,
        "FlipX": false,
        "FlipY": false
      },
      "MaterialIndex": 0,
      "SortingPriority": 30,
      "Projected": true
    },
    "dd985b1d-ed93-4282-b888-1c0bec89ae82": {
      "$type": "DecalEntityData",
      "IndexInBlueprint": 4,
      "IsEventConnectionTarget": 3,
      "IsPropertyConnectionTarget": 3,
      "Transform": {
        "right": {
          "x": -1.6444938,
          "y": -0.034923438,
          "z": -0.51441556
        },
        "up": {
          "x": 0.44131795,
          "y": 0.020670017,
          "z": -1.4122174
        },
        "forward": {
          "x": 0.030819656,
          "y": -1.3105682,
          "z": -0.009551069
        },