{
  "Name": "levels/coop_010/props/lightceiling_01_subway",
  "PartitionGuid": "12f2472a-fcc5-4956-a1be-02bc5a12ecec",
  "PrimaryInstanceGuid": "631740fb-57a2-4769-aa19-3bb91c4f4814",
  "Instances": {
    "030ca307-7ef9-4662-b098-be462eafecbb": {
      "$type": "PointLightEntityData",
      "IndexInBlueprint": 1,
      "IsEventConnectionTarget": 3,
      "IsPropertyConnectionTarget": 2,
      "Transform": {
        "right": {
          "x": 1.0,
          "y": 0.0,
          "z": 0.0
        },
        "up": {
          "x": 0.0,
          "y": 1.0,
          "z": 0.0
        },
        "forward": {
          "x": 0.0,
          "y": 0.0,
          "z": 1.0
        },
        "trans": {
          "x": -0.014129639,
          "y": -0.15781403,
          "z": -0.0017089844
        }
      },
      "Color": {
        "x": 0.453,
        "y": 0.399,
        "z": 0.296
      },
      "ParticleColorScale": {
        "x": 1.0,
        "y": 1.0,
        "z": 1.0
      },
      "EnlightenColorScale": {
        "x": 8.0,
        "y": 8.0,
        "z": 8.0
      },
      "Radius": 2.0,
      "Intensity": 3.0,
      "AttenuationOffset": 0.7,
      "EnlightenColorMode": "EnlightenColorMode_Multiply",
      "EnlightenEnable": false,
      "Visible": true,
      "SpecularEnable": true,
      "Width": 1.7,
      "TranslucencyAmbient": 0.0,
      "TranslucencyScale": 0.0,
      "TranslucencyPower": 8,
      "TranslucencyDistortion": 0.1
    },
    "14a42f70-4577-4819-a244-a915f3d23da1": {
      "$type": "FloatPropertyTrackData",
      "Id": -783084871,
      "Times": [
        0,
        94,
        188,
        284,
        641,
        750,
        847,
        939,
        1029,
        1107,
        1218,
        1304,
        1403,
        1504,
        2291,
        2367,
        2454,
        2545,
        2627,
        2715,
        2792,
        3646,
        3729,
        3827,
        3917,
        3986,
        4030,
        4095,
        4313,
        4593
      ],
      "InterpolationType": "InterpolationType_None",
      "Values": [
        0.0,
        3.0,
        0.0,
        3.0,
        1.0,
        0.0,
        3.0,
        0.0,
        3.0,
        3.0,
        0.0,
        3.0,
        0.0,
        3.0,
        0.0,
        3.0,
        0.0,
        3.0,
        0.1,
        3.0,
        0.0,
        3.0,
        0.0,
        3.0,
        0.0,
        3.0,
        0.0,
        3.0,
        0.0,
        3.0
      ]
    },
    "29d4668e-c00b-4912-b1ff-3bcedeb20488": {
      "$type": "FloatPropertyTrackData",
      "Id": 622077060,
      "Times": [
        0,
        94,
        188,
        284,
        641,
        750,
        847,
        939,
        1029,
        1107,
        1218,
        1305,
        1402,
        1505,
        2291,
        2367,
        2454,
        2545,
        2630,
        2719,
        2792,
        3646,
        3729,
        3824,
        3917,
        3986,
        4030,
        4095,
        4313,
        4593
      ],
      "InterpolationType": "InterpolationType_None",
      "Values": [
        0.0,
        7.0,
        0.0,
        7.0,
        7.0,
        0.0,
        7.0,
        0.0,
        7.0,
        1.0,
        0.0,
        7.0,
        0.0,
        7.0,
        0.0,
        7.0,
        0.0,
        7.0,
        0.4,
        7.0,
        0.0,
        7.0,
        0.0,
        7.0,
        0.1,
        7.0,
        0.2,
        7.0,
        0.0,
        7.0
      ]
    },
    "631740fb-57a2-4769-aa19-3bb91c4f4814": {
      "$type": "SpatialPrefabBlueprint",
      "Name": "Levels/COOP_010/props/LightCeiling_01_Subway",
      "PropertyConnections": [
        {
          "Source": {
            "PartitionGuid": "12f2472a-fcc5-4956-a1be-02bc5a12ecec",
            "InstanceGuid": "aa09f51e-bc54-47d7-99b0-e2d0d0a9e95a"
          },
          "Target": {
            "PartitionGuid": "12f2472a-fcc5-4956-a1be-02bc5a12ecec",
            "InstanceGuid": "030ca307-7ef9-4662-b098-be462eafecbb"
          },
          "SourceFieldId": -783084871,
          "TargetFieldId": -458572566
        },
        {
          "Source": {
            "PartitionGuid": "12f2472a-fcc5-4956-a1be-02bc5a12ecec",
            "InstanceGuid": "aa09f51e-bc54-47d7-99b0-e2d0d0a9e95a"
          },
          "Target": {
            "PartitionGuid": "12f2472a-fcc5-4956-a1be-02bc5a12ecec",
            "InstanceGuid": "d54d6cf9-9988-4c3d-bf25-e41eeb0eaaae"
          },
          "SourceFieldId": 622077060,
          "TargetFieldId": -458572566
        },
        {
          "Source": {
            "PartitionGuid": "12f2472a-fcc5-4956-a1be-02bc5a12ecec",
            "InstanceGuid": "8dc1d151-3682-4fd2-a763-34a54d163e64"
          },
          "Target": {
            "PartitionGuid": "12f2472a-fcc5-4956-a1be-02bc5a12ecec",
            "InstanceGuid": "9061aa98-27eb-4dcf-a42b-d2c9818f96f6"
          },
          "SourceFieldId": 1564494525,
          "TargetFieldId": -670630719
        }
      ],
      "LinkConnections": [],
      "EventConnections": [
        {
          "Source": {
            "PartitionGuid": "12f2472a-fcc5-4956-a1be-02bc5a12ecec",
            "InstanceGuid": "aa09f51e-bc54-47d7-99b0-e2d0d0a9e95a"
          },
          "Target": {
            "PartitionGuid": "12f2472a-fcc5-4956-a1be-02bc5a12ecec",
            "InstanceGuid": "8dc1d151-3682-4fd2-a763-34a54d163e64"
          },
          "SourceEvent": {
            "Id": -1952177180
          },
          "TargetEvent": {
            "Id": 1489724583
          },
          "TargetType": "EventConnectionTargetType_Client"
        },
        {
          "Source": {
            "PartitionGuid": "12f2472a-fcc5-4956-a1be-02bc5a12ecec",
            "InstanceGuid": "aa09f51e-bc54-47d7-99b0-e2d0d0a9e95a"
          },
          "Target": {
            "PartitionGuid": "12f2472a-fcc5-4956-a1be-02bc5a12ecec",
            "InstanceGuid": "8dc1d151-3682-4fd2-a763-34a54d163e64"
          },
          "SourceEvent": {
            "Id": -117303631
          },
          "TargetEvent": {
            "Id": 1489724580
          },
          "TargetType": "EventConnectionTargetType_Client"
        },
        {
          "Source": {
            "PartitionGuid": "12f2472a-fcc5-4956-a1be-02bc5a12ecec",
            "InstanceGuid": "9061aa98-27eb-4dcf-a42b-d2c9818f96f6"
          },
          "Target": {
            "PartitionGuid": "12f2472a-fcc5-4956-a1be-02bc5a12ecec",
            "InstanceGuid": "aa09f51e-bc54-47d7-99b0-e2d0d0a9e95a"
          },
          "SourceEvent": {
            "Id": -2120949218
          },
          "TargetEvent": {
            "Id": 230748069
          },
          "TargetType": "EventConnectionTargetType_ClientAndServer"
        },
        {
          "Source": {
            "PartitionGuid": "12f2472a-fcc5-4956-a1be-02bc5a12ecec",
            "InstanceGuid": "aa09f51e-bc54-47d7-99b0-e2d0d0a9e95a"
          },
          "Target": {
            "PartitionGuid": "12f2472a-fcc5-4956-a1be-02bc5a12ecec",
            "InstanceGuid": "9061aa98-27eb-4dcf-a42b-d2c9818f96f6"
          },
          "SourceEvent": {
            "Id": 650265526
          },
          "TargetEvent": {
            "Id": 229946160
          },
          "TargetType": "EventConnectionTargetType_Server"
        }
      ],
      "Descriptor": null,
      "NeedNetworkId": false,
      "InterfaceHasConnections": false,
      "AlwaysCreateEntityBusClient": false,
      "AlwaysCreateEntityBusServer": false,
      "Objects": [
        {
          "PartitionGuid": "12f2472a-fcc5-4956-a1be-02bc5a12ecec",