{
  "Name": "animations/characters/sp/sp_newyork/traincloth02_ske",
  "PartitionGuid": "c742652c-d868-11e0-8bf5-95597f48dc59",
  "PrimaryInstanceGuid": "8d617f74-2bc5-6ac2-1572-4dfebeb9061d",
  "Instances": {
    "8d617f74-2bc5-6ac2-1572-4dfebeb9061d": {
      "$type": "SkeletonAsset",
      "Name": "Animations/Characters/SP/SP_NewYork/TrainCloth02_Ske",
      "BoneNames": [
        "Reference",
        "AITrajectory",
        "joint69",
        "joint68",
        "joint67",
        "joint66",
        "joint65",
        "joint64",
        "joint63"
      ],
      "Hierarchy": [
        -1,
        0,
        1,
        2,
        3,
        4,
        5,
        6,
        7
      ],
      "LocalPose": [
        {
          "right": {
            "x": 1.0,
            "y": 0.0,
            "z": 0.0
          },
          "up": {
            "x": -0.0,
            "y": 1.0,
            "z": 0.0
          },
          "forward": {
            "x": 0.0,
            "y": -0.0,
            "z": 1.0
          },
          "trans": {
            "x": 0.0,
            "y": 0.0,
            "z": 0.0
          }
        },
        {
          "right": {
            "x": 1.0,
            "y": 0.0,
            "z": 0.0
          },
          "up": {
            "x": -0.0,
            "y": 1.0,
            "z": 0.0
          },
          "forward": {
            "x": 0.0,
            "y": -0.0,
            "z": 1.0
          },
          "trans": {
            "x": 0.0,
            "y": 0.0,
            "z": 0.0
          }
        },
        {
          "right": {
            "x": -1.1984225E-06,
            "y": -1.0,
            "z": 5.551115E-17
          },
          "up": {
            "x": -1.1984225E-06,
            "y": 1.436272E-12,
            "z": 1.0
          },
          "forward": {
            "x": -1.0,
            "y": 1.1984225E-06,
            "z": -1.1984225E-06
          },
          "trans": {
            "x": 4.3750035E-11,
            "y": -1.8164059E-10,
            "z": 1.0546899E-10
          }
        },
        {
          "right": {
            "x": 0.9999998,
            "y": 0.00062458176,
            "z": -7.705824E-06
          },
          "up": {
            "x": -0.00062457507,
            "y": 0.99999946,
            "z": 0.0008449514
          },
          "forward": {
            "x": 8.233561E-06,
            "y": -0.0008449464,
            "z": 0.99999964
          },
          "trans": {
            "x": 0.0054708477,
            "y": -0.353447,
            "z": -4.336856E-07
          }
        },
        {
          "right": {
            "x": 1.0,
            "y": 0.0002260955,
            "z": -1.0102558E-05
          },
          "up": {
            "x": -0.0002260906,
            "y": 0.9999999,
            "z": 0.0004813437
          },
          "forward": {
            "x": 1.0211386E-05,
            "y": -0.0004813414,
            "z": 0.9999999
          },
          "trans": {
            "x": 0.0012869686,
            "y": -0.3522448,
            "z": -0.00029787616
          }
        },
        {
          "right": {
            "x": 0.9999999,
            "y": -0.00049873494,
            "z": 5.2504665E-06
          },
          "up": {
            "x": 0.00049873645,
            "y": 0.9999998,
            "z": -0.00029011408
          },
          "forward": {
            "x": -5.1057755E-06,
            "y": 0.00029011664,
            "z": 0.99999994
          },
          "trans": {
            "x": -0.00012225403,
            "y": -0.35176373,
            "z": 0.0001285674
          }
        },
        {
          "right": {
            "x": 0.99999994,
            "y": -0.0003049829,
            "z": 8.828053E-06
          },
          "up": {
            "x": 0.00030498236,
            "y": 0.99999994,
            "z": 6.3365784E-05
          },
          "forward": {
            "x": -8.847378E-06,
            "y": -6.336309E-05,
            "z": 1.0
          },
          "trans": {
            "x": -0.00014841862,
            "y": -0.3515214,
            "z": -2.5836152E-05
          }
        },
        {
          "right": {
            "x": 1.0,
            "y": -8.483673E-05,
            "z": 1.4922848E-06
          },
          "up": {
            "x": 8.483674E-05,
            "y": 1.0,
            "z": -9.9090885E-06
          },
          "forward": {
            "x": -1.4914441E-06,
            "y": 9.909216E-06,
            "z": 1.0
          },
          "trans": {
            "x": -4.942542E-05,
            "y": -0.351418,
            "z": 3.5604185E-06
          }
        },
        {
          "right": {
            "x": 1.0,
            "y": -2.3962684E-05,
            "z": 2.8213017E-07
          },
          "up": {
            "x": 2.3962684E-05,
            "y": 1.0,
            "z": 2.8213694E-07
          },
          "forward": {
            "x": -2.8213694E-07,
            "y": -2.8213017E-07,
            "z": 1.0
          },
          "trans": {
            "x": -1.1982114E-05,
            "y": -0.35138556,
            "z": -7.076721E-08
          }
        }
      ],
      "ModelPose": [
        {
          "right": {
            "x": 1.0,
            "y": 0.0,
            "z": 0.0
          },
          "up": {
            "x": 0.0,
            "y": 1.0,
            "z": 0.0
          },
          "forward": {
            "x": 0.0,
            "y": 0.0,
            "z": 1.0
          },
          "trans": {
            "x": 0.0,
            "y": 0.0,
            "z": 0.0
          }
        },
        {
          "right": {
            "x": 1.0,
            "y": 0.0,
            "z": 0.0
          },
          "up": {
            "x": 0.0,
            "y": 1.0,
            "z": 0.0
          },
          "forward": {
            "x": 0.0,
            "y": 0.0,
            "z": 1.0
          },
          "trans": {
            "x": 0.0,
            "y": 0.0,
            "z": 0.0
          }
        },
        {
          "right": {
            "x": -1.1984225E-06,
            "y": -1.0,
            "z": 5.551115E-17
          },
          "up": {
            "x": -1.1984225E-06,
            "y": 1.436272E-12,
            "z": 1.0
          },
          "forward": {
            "x": -1.0,
            "y": 1.1984225E-06,
            "z": -1.1984225E-06
          },
          "trans": {
            "x": 4.3750035E-11,
            "y": -1.8164059E-10,
            "z": 1.0546899E-10
          }
        },
        {
          "right": {
            "x": 6.5066533E-06,
            "y": -0.9999998,
            "z": 0.00062458176
          },
          "up": {
            "x": -0.0008461491,
            "y": 0.00062457606,
            "z": 0.99999946
          },
          "forward": {
            "x": -0.99999964,
            "y": -7.035139E-06,
            "z": -0.00084614486
          },
          "trans": {
            "x": 8.507518E-07,
            "y": -0.0054708477,
            "z": -0.353447
          }
        },
        {
          "right": {
            "x": 1.6417896E-05,
            "y": -0.9999997,
            "z": 0.0008506857
          },
          "up": {
            "x": -0.0013274939,
            "y": 0.0008506632,
            "z": 0.9999988
          },
          "forward": {
            "x": -0.9999991,
            "y": -1.7547158E-05,
            "z": -0.0013274795
          },
          "trans": {
            "x": 0.0005967868,
            "y": -0.0069778175,
            "z": -0.70569056
          }
        },
        {
          "right": {
            "x": 1.1829499E-05,
            "y": -1.0,