{
  "Name": "xp_raw/architecture/interiors/low_03_d2_interior_01_nongroupable_autogen",
  "PartitionGuid": "baeb4579-205b-f74a-f02d-a22564ffdc2e",
  "PrimaryInstanceGuid": "baeb4579-205b-f74a-f02d-a22564ffdc2e",
  "Instances": {
    "0610607a-c7f1-45b2-b10d-b071965de6c5": {
      "$type": "ReferenceObjectData",
      "IndexInBlueprint": 2,
      "IsEventConnectionTarget": 3,
      "IsPropertyConnectionTarget": 3,
      "BlueprintTransform": {
        "right": {
          "x": -0.8278725,
          "y": -0.0010705475,
          "z": -0.5609153
        },
        "up": {
          "x": 0.0035209672,
          "y": 0.9999686,
          "z": -0.007105343
        },
        "forward": {
          "x": 0.5609054,
          "y": -0.007857166,
          "z": -0.82784265
        },
        "trans": {
          "x": 2.8237753,
          "y": -2.8760376,
          "z": -6.6849575
        }
      },
      "Blueprint": {
        "PartitionGuid": "01d5ae88-f1a2-11df-b37f-e48a656ce5d9",
        "InstanceGuid": "0a32df19-f3df-3b36-d838-6427b54e5813"
      },
      "ObjectVariation": null,
      "StreamRealm": 0,
      "CastSunShadowEnable": false,
      "Excluded": false
    },
    "2d66ee96-c026-46cf-993d-af3f85371580": {
      "$type": "ReferenceObjectData",
      "IndexInBlueprint": 7,
      "IsEventConnectionTarget": 2,
      "IsPropertyConnectionTarget": 3,
      "BlueprintTransform": {
        "right": {
          "x": 0.9998006,
          "y": 2.0074676E-08,
          "z": -0.019968046
        },
        "up": {
          "x": -1.4901264E-07,
          "y": 1.0,
          "z": 6.737837E-08
        },
        "forward": {
          "x": 0.019968051,
          "y": -7.356702E-08,
          "z": 0.9998006
        },
        "trans": {
          "x": 7.462509,
          "y": -2.870926,
          "z": 2.5281355
        }
      },
      "Blueprint": {
        "PartitionGuid": "1cf42de3-fa78-4d76-8665-e828fc7a6b79",
        "InstanceGuid": "707743b9-0e85-4b6f-8905-0e5e2b9124c2"
      },
      "ObjectVariation": null,
      "StreamRealm": 0,
      "CastSunShadowEnable": false,
      "Excluded": false
    },
    "321080ba-7881-4700-bbe6-39d21eb49b9b": {
      "$type": "ReferenceObjectData",
      "IndexInBlueprint": 5,
      "IsEventConnectionTarget": 2,
      "IsPropertyConnectionTarget": 3,
      "BlueprintTransform": {
        "right": {
          "x": -0.019968094,
          "y": -2.0177813E-08,
          "z": -0.9998006
        },
        "up": {
          "x": 2.1144105E-08,
          "y": 1.0,
          "z": -1.5496516E-07
        },
        "forward": {
          "x": 0.9998006,
          "y": -1.4955459E-08,
          "z": -0.01996809
        },
        "trans": {
          "x": 2.6754751,
          "y": -2.8711548,
          "z": -9.011674
        }
      },
      "Blueprint": {
        "PartitionGuid": "1cf42de3-fa78-4d76-8665-e828fc7a6b79",
        "InstanceGuid": "707743b9-0e85-4b6f-8905-0e5e2b9124c2"
      },
      "ObjectVariation": null,
      "StreamRealm": 0,
      "CastSunShadowEnable": false,
      "Excluded": false
    },
    "35f8d20c-0145-46fc-86e8-041d23f6eceb": {
      "$type": "ReferenceObjectData",
      "IndexInBlueprint": 4,
      "IsEventConnectionTarget": 2,
      "IsPropertyConnectionTarget": 3,
      "BlueprintTransform": {
        "right": {
          "x": 0.019968001,
          "y": 2.0074676E-08,
          "z": 0.9998006
        },
        "up": {
          "x": -6.7378366E-08,
          "y": 1.0,
          "z": -1.4901264E-07
        },
        "forward": {
          "x": -0.9998006,
          "y": -7.356702E-08,
          "z": 0.019968007
        },
        "trans": {
          "x": 4.2688136,
          "y": -2.8712616,
          "z": -2.2498417
        }
      },
      "Blueprint": {
        "PartitionGuid": "1cf42de3-fa78-4d76-8665-e828fc7a6b79",
        "InstanceGuid": "707743b9-0e85-4b6f-8905-0e5e2b9124c2"
      },
      "ObjectVariation": null,
      "StreamRealm": 0,
      "CastSunShadowEnable": false,
      "Excluded": false
    },
    "3e47c0bf-3ea1-4a26-86a6-b61b64202c60": {
      "$type": "InterfaceDescriptorData",
      "Fields": [],
      "InputEvents": [
        {
          "Id": 916707177
        }
      ],
      "OutputEvents": [],
      "InputLinks": [],
      "OutputLinks": []
    },
    "55fe3045-df07-47b1-8f18-85fcb556c87b": {
      "$type": "ReferenceObjectData",
      "IndexInBlueprint": 0,
      "IsEventConnectionTarget": 3,
      "IsPropertyConnectionTarget": 3,
      "BlueprintTransform": {
        "right": {
          "x": 0.6811682,
          "y": -2.9858434E-08,
          "z": -0.732127
        },
        "up": {
          "x": 1.3640935E-07,
          "y": 1.0,
          "z": 7.1587614E-08
        },
        "forward": {
          "x": 0.7321269,
          "y": -3.911554E-08,
          "z": 0.68116826
        },
        "trans": {
          "x": 7.5829163,
          "y": -2.8808594,
          "z": 0.9404813
        }
      },
      "Blueprint": {
        "PartitionGuid": "01d5ae88-f1a2-11df-b37f-e48a656ce5d9",
        "InstanceGuid": "0a32df19-f3df-3b36-d838-6427b54e5813"
      },
      "ObjectVariation": null,
      "StreamRealm": 0,
      "CastSunShadowEnable": false,
      "Excluded": false
    },
    "7a626c8a-435d-4150-a4bc-7f55f6941539": {
      "$type": "ReferenceObjectData",
      "IndexInBlueprint": 6,
      "IsEventConnectionTarget": 2,
      "IsPropertyConnectionTarget": 3,
      "BlueprintTransform": {
        "right": {
          "x": -0.019967915,
          "y": 2.0074676E-08,
          "z": -0.9998006
        },
        "up": {
          "x": 6.737835E-08,
          "y": 1.0,
          "z": 1.4901264E-07
        },
        "forward": {
          "x": 0.9998006,
          "y": -7.356702E-08,
          "z": -0.019967921
        },
        "trans": {
          "x": 2.7264402,
          "y": -2.871338,
          "z": -0.5342197
        }
      },
      "Blueprint": {
        "PartitionGuid": "1cf42de3-fa78-4d76-8665-e828fc7a6b79",
        "InstanceGuid": "707743b9-0e85-4b6f-8905-0e5e2b9124c2"
      },
      "ObjectVariation": null,
      "StreamRealm": 0,
      "CastSunShadowEnable": false,
      "Excluded": false
    },
    "b448d6d9-5325-4852-b9b7-a42f23098418": {
      "$type": "ReferenceObjectData",
      "IndexInBlueprint": 8,
      "IsEventConnectionTarget": 2,
      "IsPropertyConnectionTarget": 3,
      "BlueprintTransform": {
        "right": {
          "x": 0.019968001,
          "y": 2.0074676E-08,
          "z": 0.9998006
        },
        "up": {
          "x": -6.7378366E-08,
          "y": 1.0,
          "z": -1.4901264E-07
        },
        "forward": {
          "x": -0.9998006,
          "y": -7.356702E-08,
          "z": 0.019968007
        },
        "trans": {
          "x": 10.698273,
          "y": -2.8785553,
          "z": -1.8417987
        }
      },
      "Blueprint": {
        "PartitionGuid": "1cf42de3-fa78-4d76-8665-e828fc7a6b79",
        "InstanceGuid": "707743b9-0e85-4b6f-8905-0e5e2b9124c2"
      },
      "ObjectVariation": null,
      "StreamRealm": 0,
      "CastSunShadowEnable": false,
      "Excluded": false
    },
    "baeb4579-205b-f74a-f02d-a22564ffdc2e": {
      "$type": "PrefabBlueprint",
      "Name": "xp_raw/architecture/interiors/low_03_d2_interior_01_nongroupable_autogen",
      "PropertyConnections": [],
      "LinkConnections": [],
      "EventConnections": [
        {
          "Source": {
            "PartitionGuid": "baeb4579-205b-f74a-f02d-a22564ffdc2e",
            "InstanceGuid": "3e47c0bf-3ea1-4a26-86a6-b61b64202c60"
          },
          "Target": {
            "PartitionGuid": "baeb4579-205b-f74a-f02d-a22564ffdc2e",