{
  "Name": "xp_raw/architecture/interiors/low_03_d2_interior_01_xp4_nongroupable_autogen",
  "PartitionGuid": "b14d1a9a-34b2-21e4-e4c4-fdf55c8d2160",
  "PrimaryInstanceGuid": "b14d1a9a-34b2-21e4-e4c4-fdf55c8d2160",
  "Instances": {
    "05a54cdd-860a-4b64-ba77-1fcefc987189": {
      "$type": "ReferenceObjectData",
      "IndexInBlueprint": 10,
      "IsEventConnectionTarget": 1,
      "IsPropertyConnectionTarget": 3,
      "BlueprintTransform": {
        "right": {
          "x": -0.019967915,
          "y": 2.0074676E-08,
          "z": -0.9998006
        },
        "up": {
          "x": 6.737835E-08,
          "y": 1.0,
          "z": 1.4901264E-07
        },
        "forward": {
          "x": 0.9998006,
          "y": -7.356702E-08,
          "z": -0.019967921
        },
        "trans": {
          "x": 2.7264404,
          "y": -2.871338,
          "z": -0.5174083
        }
      },
      "Blueprint": {
        "PartitionGuid": "4bb36746-c384-4a1b-b794-126373050751",
        "InstanceGuid": "b8d9803c-c3f9-4547-892b-85a4826c0a45"
      },
      "ObjectVariation": null,
      "StreamRealm": 0,
      "CastSunShadowEnable": false,
      "Excluded": false
    },
    "0dc15b81-4472-42f5-945d-dfd2182c2efe": {
      "$type": "ReferenceObjectData",
      "IndexInBlueprint": 9,
      "IsEventConnectionTarget": 1,
      "IsPropertyConnectionTarget": 3,
      "BlueprintTransform": {
        "right": {
          "x": 0.019968001,
          "y": 2.0074676E-08,
          "z": 0.9998006
        },
        "up": {
          "x": -6.7378366E-08,
          "y": 1.0,
          "z": -1.4901264E-07
        },
        "forward": {
          "x": -0.9998006,
          "y": -7.356702E-08,
          "z": 0.019968007
        },
        "trans": {
          "x": 4.2688136,
          "y": -2.8712616,
          "z": -2.2953434
        }
      },
      "Blueprint": {
        "PartitionGuid": "4bb36746-c384-4a1b-b794-126373050751",
        "InstanceGuid": "b8d9803c-c3f9-4547-892b-85a4826c0a45"
      },
      "ObjectVariation": null,
      "StreamRealm": 0,
      "CastSunShadowEnable": false,
      "Excluded": false
    },
    "1246e6d1-ab3c-4e10-b329-c4083f89e02e": {
      "$type": "ReferenceObjectData",
      "IndexInBlueprint": 2,
      "IsEventConnectionTarget": 3,
      "IsPropertyConnectionTarget": 3,
      "BlueprintTransform": {
        "right": {
          "x": -0.8278725,
          "y": -0.0010705475,
          "z": -0.5609153
        },
        "up": {
          "x": 0.0035209672,
          "y": 0.9999686,
          "z": -0.007105343
        },
        "forward": {
          "x": 0.5609054,
          "y": -0.007857166,
          "z": -0.82784265
        },
        "trans": {
          "x": 2.8237753,
          "y": -2.8760376,
          "z": -6.6849575
        }
      },
      "Blueprint": {
        "PartitionGuid": "01d5ae88-f1a2-11df-b37f-e48a656ce5d9",
        "InstanceGuid": "0a32df19-f3df-3b36-d838-6427b54e5813"
      },
      "ObjectVariation": null,
      "StreamRealm": 0,
      "CastSunShadowEnable": false,
      "Excluded": false
    },
    "2a121693-d917-4c98-ad72-e80f2b04d551": {
      "$type": "ReferenceObjectData",
      "IndexInBlueprint": 4,
      "IsEventConnectionTarget": 2,
      "IsPropertyConnectionTarget": 3,
      "BlueprintTransform": {
        "right": {
          "x": 0.019968001,
          "y": 2.0074676E-08,
          "z": 0.9998006
        },
        "up": {
          "x": -6.7378366E-08,
          "y": 1.0,
          "z": -1.4901264E-07
        },
        "forward": {
          "x": -0.9998006,
          "y": -7.356702E-08,
          "z": 0.019968007
        },
        "trans": {
          "x": 4.2688136,
          "y": -2.8712616,
          "z": -2.2498417
        }
      },
      "Blueprint": {
        "PartitionGuid": "398b79bf-6e44-4d2a-9d12-d27578a4b800",
        "InstanceGuid": "5d3fbdb7-861c-4d46-b4e8-bfc399eae38b"
      },
      "ObjectVariation": null,
      "StreamRealm": 0,
      "CastSunShadowEnable": false,
      "Excluded": false
    },
    "3c43b893-f7af-484d-9670-c5e5b08ce6e4": {
      "$type": "ReferenceObjectData",
      "IndexInBlueprint": 1,
      "IsEventConnectionTarget": 3,
      "IsPropertyConnectionTarget": 3,
      "BlueprintTransform": {
        "right": {
          "x": 0.52497214,
          "y": 0.0066645527,
          "z": -0.85109335
        },
        "up": {
          "x": 0.00015830847,
          "y": 0.9999686,
          "z": 0.007928
        },
        "forward": {
          "x": 0.8511194,
          "y": -0.004296831,
          "z": 0.52495456
        },
        "trans": {
          "x": 2.334503,
          "y": -2.9141388,
          "z": -1.8964785
        }
      },
      "Blueprint": {
        "PartitionGuid": "01d5ae88-f1a2-11df-b37f-e48a656ce5d9",
        "InstanceGuid": "0a32df19-f3df-3b36-d838-6427b54e5813"
      },
      "ObjectVariation": null,
      "StreamRealm": 0,
      "CastSunShadowEnable": false,
      "Excluded": false
    },
    "474cb0f4-9570-43e3-8e25-10c7e212f6dc": {
      "$type": "ReferenceObjectData",
      "IndexInBlueprint": 7,
      "IsEventConnectionTarget": 2,
      "IsPropertyConnectionTarget": 3,
      "BlueprintTransform": {
        "right": {
          "x": 0.9998006,
          "y": 2.0074676E-08,
          "z": -0.019968046
        },
        "up": {
          "x": -1.4901264E-07,
          "y": 1.0,
          "z": 6.737837E-08
        },
        "forward": {
          "x": 0.019968051,
          "y": -7.356702E-08,
          "z": 0.9998006
        },
        "trans": {
          "x": 7.462509,
          "y": -2.870926,
          "z": 2.5281355
        }
      },
      "Blueprint": {
        "PartitionGuid": "398b79bf-6e44-4d2a-9d12-d27578a4b800",
        "InstanceGuid": "5d3fbdb7-861c-4d46-b4e8-bfc399eae38b"
      },
      "ObjectVariation": null,
      "StreamRealm": 0,
      "CastSunShadowEnable": false,
      "Excluded": false
    },
    "64b5b693-11fd-410b-8049-079cc3fc32ee": {
      "$type": "ReferenceObjectData",
      "IndexInBlueprint": 0,
      "IsEventConnectionTarget": 3,
      "IsPropertyConnectionTarget": 3,
      "BlueprintTransform": {
        "right": {
          "x": 0.6811682,
          "y": -2.9858434E-08,
          "z": -0.732127
        },
        "up": {
          "x": 1.3640935E-07,
          "y": 1.0,
          "z": 7.1587614E-08
        },
        "forward": {
          "x": 0.7321269,
          "y": -3.911554E-08,
          "z": 0.68116826
        },
        "trans": {
          "x": 7.5829163,
          "y": -2.8808594,
          "z": 0.9404813
        }
      },
      "Blueprint": {
        "PartitionGuid": "01d5ae88-f1a2-11df-b37f-e48a656ce5d9",
        "InstanceGuid": "0a32df19-f3df-3b36-d838-6427b54e5813"
      },
      "ObjectVariation": null,
      "StreamRealm": 0,
      "CastSunShadowEnable": false,
      "Excluded": false
    },
    "66256492-d4bf-482c-a15b-5c35b901943b": {
      "$type": "ReferenceObjectData",
      "IndexInBlueprint": 11,
      "IsEventConnectionTarget": 1,
      "IsPropertyConnectionTarget": 3,
      "BlueprintTransform": {
        "right": {
          "x": 0.019968001,
          "y": 2.0074676E-08,
          "z": 0.9998006
        },
        "up": {
          "x": -6.7378366E-08,
          "y": 1.0,
          "z": -1.4901264E-07
        },
        "forward": {
          "x": -0.9998006,
          "y": -7.356702E-08,
          "z": 0.019968007
        },
        "trans": {
          "x": 10.698242,
          "y": -2.8787231,
          "z": -1.8872927
        }
      },
      "Blueprint": {
        "PartitionGuid": "4bb36746-c384-4a1b-b794-126373050751",
        "InstanceGuid": "b8d9803c-c3f9-4547-892b-85a4826c0a45"
      },