{
  "Name": "fx/destruction/specific/props/flowerpot_s_02/emitters/em_destruct_props_flowerpot_s_02_dirt_01",
  "PartitionGuid": "db0d1e2e-7a22-49bd-89ac-51a26658793a",
  "PrimaryInstanceGuid": "ccb07809-c154-4bdf-a9a1-72ce140fd710",
  "Instances": {
    "108e976c-4c63-4e3f-90fe-80de999cc82c": {
      "$type": "AirResistanceData",
      "DefaultValues": {
        "x": 1.0,
        "y": 1.0,
        "z": 1.0,
        "w": 1.0
      },
      "NextProcessor": {
        "PartitionGuid": "db0d1e2e-7a22-49bd-89ac-51a26658793a",
        "InstanceGuid": "69d2b3e8-a4b6-48f1-9c9c-531fa1b76b98"
      },
      "Pre": {
        "PartitionGuid": "db0d1e2e-7a22-49bd-89ac-51a26658793a",
        "InstanceGuid": "121e5dbb-2532-470c-b684-37971c94e0fe"
      },
      "EvaluatorInput": 2,
      "Enable": true,
      "DragFactor": 1.0
    },
    "11e60f6a-385f-437d-9bd8-c1d47f3483e8": {
      "$type": "PolynomialData",
      "EmitterParameter": 0,
      "Coefficients": {
        "x": 1.776401,
        "y": -1.5424824,
        "z": 0.4303136,
        "w": 0.027190503
      },
      "ScaleValue": 1.0,
      "MinClamp": 0.05,
      "MaxClamp": 0.99
    },
    "121e5dbb-2532-470c-b684-37971c94e0fe": {
      "$type": "PolynomialData",
      "EmitterParameter": 0,
      "Coefficients": {
        "x": 0.0,
        "y": -65.7791,
        "z": 16.144901,
        "w": -0.01999998
      },
      "ScaleValue": 1.0,
      "MinClamp": 0.0,
      "MaxClamp": 1.0
    },
    "1bb029cc-c90d-4411-8b9a-a7896afb25d6": {
      "$type": "PolynomialData",
      "EmitterParameter": 6,
      "Coefficients": {
        "x": 0.15492721,
        "y": -0.63146096,
        "z": -0.5564997,
        "w": 0.9895042
      },
      "ScaleValue": 1.0,
      "MinClamp": 0.0,
      "MaxClamp": 1.0
    },
    "24f6b200-d1fa-4169-5e2e-a18fecb502bd": {
      "$type": "UpdateLinearVelocityData",
      "DefaultValues": {
        "x": 1.0,
        "y": 1.0,
        "z": 1.0,
        "w": 1.0
      },
      "NextProcessor": null,
      "Pre": null,
      "EvaluatorInput": 2,
      "Enable": true
    },
    "2910c89d-aac4-4ed8-9853-6112327f8ce5": {
      "$type": "UpdateAlphaLevelScaleData",
      "DefaultValues": {
        "x": 1.0,
        "y": 1.0,
        "z": 1.0,
        "w": 1.0
      },
      "NextProcessor": {
        "PartitionGuid": "db0d1e2e-7a22-49bd-89ac-51a26658793a",
        "InstanceGuid": "c7e182f2-b806-4186-8aac-883430003400"
      },
      "Pre": {
        "PartitionGuid": "db0d1e2e-7a22-49bd-89ac-51a26658793a",
        "InstanceGuid": "11e60f6a-385f-437d-9bd8-c1d47f3483e8"
      },
      "EvaluatorInput": 2,
      "Enable": true,
      "Exponent": 2.245
    },
    "34c0a835-4838-4c4d-aea5-e890d3e2864c": {
      "$type": "RandomEvaluatorData",
      "EmitterParameter": 0,
      "Max": 1.0,
      "Min": 1.0
    },
    "3684ae0d-1c2d-4f03-8869-0ea7bd4383b9": {
      "$type": "SpawnSizeData",
      "DefaultValues": {
        "x": 1.0,
        "y": 1.0,
        "z": 1.0,
        "w": 1.0
      },
      "NextProcessor": {
        "PartitionGuid": "db0d1e2e-7a22-49bd-89ac-51a26658793a",
        "InstanceGuid": "108e976c-4c63-4e3f-90fe-80de999cc82c"
      },
      "Pre": {
        "PartitionGuid": "db0d1e2e-7a22-49bd-89ac-51a26658793a",
        "InstanceGuid": "ecbc3f4b-5a85-4b60-8665-b9ddb500b584"
      },
      "EvaluatorInput": 1,
      "Enable": true,
      "Size": 0.5
    },
    "377a4300-4207-474f-b9eb-26da7dfa31f2": {
      "$type": "UpdateRotationData",
      "DefaultValues": {
        "x": 1.0,
        "y": 0.0,
        "z": 0.0,
        "w": 0.0
      },
      "NextProcessor": {
        "PartitionGuid": "db0d1e2e-7a22-49bd-89ac-51a26658793a",
        "InstanceGuid": "be45646d-c8b1-4950-b477-cb807c449df0"
      },
      "Pre": {
        "PartitionGuid": "db0d1e2e-7a22-49bd-89ac-51a26658793a",
        "InstanceGuid": "3e572a9c-471f-4980-8d2a-a8abb77ace44"
      },
      "EvaluatorInput": 2,
      "Enable": true
    },
    "3a437960-a158-bc3c-d84a-d1e73c770c25": {
      "$type": "UpdateOrientationData",
      "DefaultValues": {
        "x": 1.0,
        "y": 1.0,
        "z": 1.0,
        "w": 1.0
      },
      "NextProcessor": {
        "PartitionGuid": "db0d1e2e-7a22-49bd-89ac-51a26658793a",
        "InstanceGuid": "24f6b200-d1fa-4169-5e2e-a18fecb502bd"
      },
      "Pre": null,
      "EvaluatorInput": 2,
      "Enable": true
    },
    "3e572a9c-471f-4980-8d2a-a8abb77ace44": {
      "$type": "PolynomialData",
      "EmitterParameter": 0,
      "Coefficients": {
        "x": -2.3052385,
        "y": 5.26119,
        "z": -4.0142984,
        "w": 1.0546192
      },
      "ScaleValue": 1.0,
      "MinClamp": 0.0,
      "MaxClamp": 1.0
    },
    "509795c4-d2d3-494c-9af0-1ac18eff8d31": {
      "$type": "SpawnRateData",
      "DefaultValues": {
        "x": 1.0,
        "y": 1.0,
        "z": 1.0,
        "w": 1.0
      },
      "NextProcessor": {
        "PartitionGuid": "db0d1e2e-7a22-49bd-89ac-51a26658793a",
        "InstanceGuid": "d878d1b1-6fb0-4e1e-84a6-5d89cd66ce3c"
      },
      "Pre": null,
      "EvaluatorInput": 3,
      "Enable": true,
      "SpawnRate": 500.0,
      "TrailSegmentLength": 5.0,
      "DistributeOverTime": false,
      "DistributeOverDistance": false
    },
    "564127d1-2d68-4690-b166-bddc25ac4839": {
      "$type": "PolynomialData",
      "EmitterParameter": 0,
      "Coefficients": {
        "x": 0.88996196,
        "y": -2.3703327,
        "z": 2.1592233,
        "w": 0.3392627
      },
      "ScaleValue": 1.0,
      "MinClamp": 0.0,
      "MaxClamp": 1.0
    },
    "5d6af4f7-e923-4ec2-a2da-6bfa932c028b": {
      "$type": "EmitterDocument",
      "Name": "FX/Destruction/Specific/Props/Flowerpot_S_02/Emitters/Em_Destruct_Props_Flowerpot_S_02_Dirt_01",
      "RootProcessor": {
        "PartitionGuid": "db0d1e2e-7a22-49bd-89ac-51a26658793a",
        "InstanceGuid": "f3c356ab-4a9a-4fd9-8a0b-b074b364b459"
      },
      "TemplateData": {
        "PartitionGuid": "db0d1e2e-7a22-49bd-89ac-51a26658793a",
        "InstanceGuid": "ccb07809-c154-4bdf-a9a1-72ce140fd710"
      }
    },
    "618ea431-b5a2-4e42-b243-6c8a80ca6d97": {
      "$type": "RandomEvaluatorData",
      "EmitterParameter": 0,
      "Max": 1.0,
      "Min": -1.0
    },
    "62efbf82-c6ba-41ab-8631-17b4c35a305f": {
      "$type": "UpdateTransparencyData",
      "DefaultValues": {
        "x": 1.0,
        "y": 1.0,
        "z": 1.0,
        "w": 1.0
      },
      "NextProcessor": {
        "PartitionGuid": "db0d1e2e-7a22-49bd-89ac-51a26658793a",
        "InstanceGuid": "3a437960-a158-bc3c-d84a-d1e73c770c25"
      },
      "Pre": {
        "PartitionGuid": "db0d1e2e-7a22-49bd-89ac-51a26658793a",
        "InstanceGuid": "1bb029cc-c90d-4411-8b9a-a7896afb25d6"
      },
      "EvaluatorInput": 2,
      "Enable": true,
      "CullThreshold": 0.2
    },
    "69d2b3e8-a4b6-48f1-9c9c-531fa1b76b98": {
      "$type": "GravityData",
      "DefaultValues": {
        "x": 1.0,
        "y": 1.0,
        "z": 1.0,
        "w": 1.0
      },
      "NextProcessor": {
        "PartitionGuid": "db0d1e2e-7a22-49bd-89ac-51a26658793a",
        "InstanceGuid": "2910c89d-aac4-4ed8-9853-6112327f8ce5"
      },
      "Pre": null,
      "EvaluatorInput": 3,
      "Enable": true,
      "Gravity": 8.0
    },
    "8375b73f-97a3-454b-9f59-4b8e21ba3d9e": {
      "$type": "BoxEvaluatorData",
      "EmitterParameter": 0,
      "Dimensions": {
        "x": 0.1,
        "y": 0.1,
        "z": 0.1
      },
      "Pivot": {
        "x": 0.0,
        "y": 0.1,
        "z": 0.0
      }
    },
    "90169fcf-37d8-489f-a38a-cef73ed62fe8": {
      "$type": "PolynomialColorInterpData",
      "EmitterParameter": 0,
      "Color0": {
        "x": 0.616,
        "y": 0.407,