{
  "Name": "levels/xp4_rubble/conquest/layer2_courtyard",
  "PartitionGuid": "3aafceea-6b12-4c34-8c8e-fa9cb9343fd9",
  "PrimaryInstanceGuid": "07a62d73-e44b-4e5b-a776-fa96a1b58246",
  "Instances": {
    "04596ef8-2251-466c-9e4a-014cec0ae90c": {
      "$type": "AlternateSpawnEntityData",
      "Team": 1,
      "Priority": 1.0,
      "Enabled": true,
      "Transform": {
        "right": {
          "x": -0.8382816,
          "y": 3.391579E-14,
          "z": 0.5452373
        },
        "up": {
          "x": 1.6496365E-13,
          "y": 1.0,
          "z": 1.9142149E-13
        },
        "forward": {
          "x": -0.54523724,
          "y": 2.5040942E-13,
          "z": -0.8382814
        },
        "trans": {
          "x": -39.277687,
          "y": 64.36588,
          "z": 108.940056
        }
      },
      "IndexInBlueprint": 24,
      "IsEventConnectionTarget": 2,
      "IsPropertyConnectionTarget": 3
    },
    "523d4e75-9203-4685-9870-cfa8eb800e76": {
      "$type": "AlternateSpawnEntityData",
      "Team": 1,
      "Priority": 1.0,
      "Enabled": true,
      "Transform": {
        "right": {
          "x": -0.48387837,
          "y": 1.2772348E-11,
          "z": -0.8751352
        },
        "up": {
          "x": 1.366958E-11,
          "y": 1.0,
          "z": 7.036551E-12
        },
        "forward": {
          "x": 0.8751352,
          "y": -8.557897E-12,
          "z": -0.48387825
        },
        "trans": {
          "x": -3.3012662,
          "y": 64.407234,
          "z": 106.75329
        }
      },
      "IndexInBlueprint": 25,
      "IsEventConnectionTarget": 2,
      "IsPropertyConnectionTarget": 3
    },
    "1c15b8a0-78aa-4293-bafe-4d6685d3a321": {
      "$type": "AlternateSpawnEntityData",
      "Team": 1,
      "Priority": 1.0,
      "Enabled": true,
      "Transform": {
        "right": {
          "x": -0.98376954,
          "y": -2.1338424E-11,
          "z": 0.17943545
        },
        "up": {
          "x": -2.0357866E-11,
          "y": 1.0,
          "z": 7.306114E-12
        },
        "forward": {
          "x": -0.17943542,
          "y": 3.5346112E-12,
          "z": -0.9837694
        },
        "trans": {
          "x": 34.34143,
          "y": 64.250984,
          "z": 100.26971
        }
      },
      "IndexInBlueprint": 26,
      "IsEventConnectionTarget": 2,
      "IsPropertyConnectionTarget": 3
    },
    "04fdc893-d6f1-4fc4-9b41-61f95011a9e6": {
      "$type": "AlternateSpawnEntityData",
      "Team": 0,
      "Priority": 1.0,
      "Enabled": true,
      "Transform": {
        "right": {
          "x": 0.8403437,
          "y": -2.344647E-15,
          "z": -0.54205364
        },
        "up": {
          "x": 1.9843373E-14,
          "y": 1.0,
          "z": 2.643762E-14
        },
        "forward": {
          "x": 0.5420536,
          "y": -3.2972858E-14,
          "z": 0.8403437
        },
        "trans": {
          "x": -35.55307,
          "y": 64.43611,
          "z": 53.612816
        }
      },
      "IndexInBlueprint": 27,
      "IsEventConnectionTarget": 2,
      "IsPropertyConnectionTarget": 3
    },
    "4292cf4b-4042-4ef9-801a-d08b10a36620": {
      "$type": "AlternateSpawnEntityData",
      "Team": 0,
      "Priority": 1.0,
      "Enabled": true,
      "Transform": {
        "right": {
          "x": -0.7194005,
          "y": 2.0217562E-12,
          "z": 0.6945954
        },
        "up": {
          "x": 6.009368E-12,
          "y": 1.0,
          "z": 3.3132765E-12
        },
        "forward": {
          "x": -0.6945951,
          "y": 6.5576507E-12,
          "z": -0.7194002
        },
        "trans": {
          "x": 23.209742,
          "y": 64.407234,
          "z": 75.59012
        }
      },
      "IndexInBlueprint": 28,
      "IsEventConnectionTarget": 2,
      "IsPropertyConnectionTarget": 3
    },
    "fcc63864-2dfc-4501-b6d4-624da77ede44": {
      "$type": "AlternateSpawnEntityData",
      "Team": 0,
      "Priority": 1.0,
      "Enabled": true,
      "Transform": {
        "right": {
          "x": 0.83924305,
          "y": -1.4546759E-12,
          "z": -0.5437561
        },
        "up": {
          "x": 1.3849413E-12,
          "y": 1.0,
          "z": -5.376924E-13
        },
        "forward": {
          "x": 0.543756,
          "y": -3.0181567E-13,
          "z": 0.8392429
        },
        "trans": {
          "x": -20.028954,
          "y": 64.41102,
          "z": 46.8725
        }
      },
      "IndexInBlueprint": 29,
      "IsEventConnectionTarget": 2,
      "IsPropertyConnectionTarget": 3
    },
    "95bf4931-4349-48cf-8e6a-ca52e7e28407": {
      "$type": "AlternateSpawnEntityData",
      "Team": 0,
      "Priority": 1.0,
      "Enabled": true,
      "Transform": {
        "right": {
          "x": 0.88670206,
          "y": 8.100358E-12,
          "z": 0.46234146
        },
        "up": {
          "x": -1.1987804E-11,
          "y": 1.0,
          "z": 5.470527E-12
        },
        "forward": {
          "x": -0.46234143,
          "y": -1.03931854E-11,
          "z": 0.88670194
        },
        "trans": {
          "x": 21.817219,
          "y": 64.44873,
          "z": 35.299503
        }
      },
      "IndexInBlueprint": 30,
      "IsEventConnectionTarget": 2,
      "IsPropertyConnectionTarget": 3
    },
    "5ae09dc8-dcc3-4c16-bfd7-b666f0d10874": {
      "$type": "AlternateSpawnEntityData",
      "Team": 0,
      "Priority": 1.0,
      "Enabled": true,
      "Transform": {
        "right": {
          "x": -0.6753088,
          "y": 7.273014E-13,
          "z": 0.73753506
        },
        "up": {
          "x": 4.269704E-12,
          "y": 1.0,
          "z": 2.9233421E-12
        },
        "forward": {
          "x": -0.73753506,
          "y": 5.123215E-12,
          "z": -0.6753088
        },
        "trans": {
          "x": 33.315342,
          "y": 64.47263,
          "z": 53.641026
        }
      },
      "IndexInBlueprint": 31,
      "IsEventConnectionTarget": 2,
      "IsPropertyConnectionTarget": 3
    },
    "ea3bbede-49ae-43d3-94c3-739c6d596f12": {
      "$type": "AlternateSpawnEntityData",
      "Team": 0,
      "Priority": 1.0,
      "Enabled": true,
      "Transform": {
        "right": {
          "x": 0.9962162,
          "y": 1.14669975E-11,
          "z": 0.08691038
        },
        "up": {
          "x": -1.1987801E-11,
          "y": 1.0,
          "z": 5.4705272E-12
        },
        "forward": {
          "x": -0.0869104,
          "y": -6.4916926E-12,
          "z": 0.99621606
        },
        "trans": {
          "x": -5.8036366,
          "y": 64.94923,
          "z": 26.501041
        }
      },
      "IndexInBlueprint": 33,
      "IsEventConnectionTarget": 2,
      "IsPropertyConnectionTarget": 3
    },
    "1796c874-ff72-4a58-8392-56f623257f88": {
      "$type": "AlternateSpawnEntityData",
      "Team": 0,
      "Priority": 1.0,
      "Enabled": true,
      "Transform": {
        "right": {
          "x": -0.79526883,
          "y": 6.7877587E-12,
          "z": -0.60625684
        },
        "up": {
          "x": 6.0093684E-12,
          "y": 1.0,
          "z": 3.3132757E-12
        },
        "forward": {
          "x": 0.6062566,
          "y": -1.0082734E-12,
          "z": -0.7952685
        },
        "trans": {
          "x": -25.782343,
          "y": 64.25849,
          "z": 91.03927
        }
      },
      "IndexInBlueprint": 34,
      "IsEventConnectionTarget": 2,
      "IsPropertyConnectionTarget": 3
    },
    "c3f14c66-e6b3-40d2-a5a6-361b3167bbd6": {
      "$type": "ReferenceObjectData",