{
  "Name": "levels/xp4_rubble/conquest/layer3_park",
  "PartitionGuid": "59f8caed-f1cc-470c-9809-f01b25d5cf14",
  "PrimaryInstanceGuid": "eefe95f8-e69a-4750-8037-bb171d0a76bc",
  "Instances": {
    "17194249-1989-4de4-98c8-8d814b2a2d17": {
      "$type": "ReferenceObjectData",
      "IndexInBlueprint": 35,
      "IsEventConnectionTarget": 3,
      "IsPropertyConnectionTarget": 2,
      "BlueprintTransform": {
        "right": {
          "x": 8.742277E-08,
          "y": 0.0,
          "z": 0.99999994
        },
        "up": {
          "x": 0.0,
          "y": 1.0,
          "z": 0.0
        },
        "forward": {
          "x": -0.99999994,
          "y": 0.0,
          "z": 8.742277E-08
        },
        "trans": {
          "x": 86.18649,
          "y": 75.1509,
          "z": -0.29386902
        }
      },
      "Blueprint": {
        "PartitionGuid": "ba46eadc-4b1b-44ba-8770-92c9676009d3",
        "InstanceGuid": "25db79cd-5163-4be1-ae38-21443c7fc355"
      },
      "ObjectVariation": null,
      "StreamRealm": 0,
      "CastSunShadowEnable": true,
      "Excluded": false
    },
    "515f7648-02b1-47d2-a268-dea251c9355c": {
      "$type": "AlternateSpawnEntityData",
      "IndexInBlueprint": 37,
      "IsEventConnectionTarget": 2,
      "IsPropertyConnectionTarget": 3,
      "Transform": {
        "right": {
          "x": -0.7745104,
          "y": -3.3643024E-13,
          "z": -0.63256145
        },
        "up": {
          "x": -7.12244E-13,
          "y": 1.0,
          "z": 3.402201E-13
        },
        "forward": {
          "x": 0.6325612,
          "y": 7.140417E-13,
          "z": -0.7745101
        },
        "trans": {
          "x": 80.80774,
          "y": 69.70809,
          "z": 39.679893
        }
      },
      "Team": 0,
      "Priority": 1.0,
      "Enabled": true
    },
    "57beb3d7-9c02-428e-be00-8fa7ef120029": {
      "$type": "AlternateSpawnEntityData",
      "IndexInBlueprint": 44,
      "IsEventConnectionTarget": 2,
      "IsPropertyConnectionTarget": 3,
      "Transform": {
        "right": {
          "x": -0.98850816,
          "y": -2.2877427E-13,
          "z": -0.15116821
        },
        "up": {
          "x": -1.7720122E-13,
          "y": 1.0,
          "z": -3.5463426E-13
        },
        "forward": {
          "x": 0.15116817,
          "y": -3.2377155E-13,
          "z": -0.98850775
        },
        "trans": {
          "x": 100.388916,
          "y": 69.70809,
          "z": 59.189175
        }
      },
      "Team": 0,
      "Priority": 1.0,
      "Enabled": true
    },
    "595ca7c9-1473-42eb-a638-dc92bf0c3ca7": {
      "$type": "AlternateSpawnEntityData",
      "IndexInBlueprint": 41,
      "IsEventConnectionTarget": 2,
      "IsPropertyConnectionTarget": 3,
      "Transform": {
        "right": {
          "x": -0.33731312,
          "y": -7.4740907E-14,
          "z": -0.9413925
        },
        "up": {
          "x": -7.2095964E-13,
          "y": 1.0,
          "z": 1.7893513E-13
        },
        "forward": {
          "x": 0.94139224,
          "y": 7.390629E-13,
          "z": -0.33731306
        },
        "trans": {
          "x": 74.582825,
          "y": 69.53139,
          "z": -43.41567
        }
      },
      "Team": 0,
      "Priority": 1.0,
      "Enabled": true
    },
    "91470330-0263-4c98-9667-c03fd65b3ee8": {
      "$type": "VolumeVectorShapeData",
      "IndexInBlueprint": 43,
      "IsEventConnectionTarget": 2,
      "IsPropertyConnectionTarget": 3,
      "Points": [
        {
          "x": 100.34451,
          "y": 71.904884,
          "z": 5.024887
        },
        {
          "x": 95.345825,
          "y": 71.904884,
          "z": 8.809191
        },
        {
          "x": 95.343735,
          "y": 71.904884,
          "z": 14.971842
        },
        {
          "x": 73.060265,
          "y": 71.904884,
          "z": 14.748241
        },
        {
          "x": 72.96236,
          "y": 71.904884,
          "z": 6.3667936
        },
        {
          "x": 73.21676,
          "y": 71.904884,
          "z": -6.645482
        },
        {
          "x": 73.25204,
          "y": 71.904884,
          "z": -14.831486
        },
        {
          "x": 95.43724,
          "y": 71.904884,
          "z": -14.660482
        },
        {
          "x": 95.4504,
          "y": 71.904884,
          "z": -9.020674
        },
        {
          "x": 100.369286,
          "y": 71.904884,
          "z": -4.450783
        },
        {
          "x": 100.274216,
          "y": 71.904884,
          "z": 2.8883095
        }
      ],
      "Normals": [
        {
          "x": 0.0,
          "y": 1.0,
          "z": 0.0
        },
        {
          "x": 0.0,
          "y": 1.0,
          "z": 0.0
        },
        {
          "x": 0.0,
          "y": 1.0,
          "z": 0.0
        },
        {
          "x": 0.0,
          "y": 1.0,
          "z": 0.0
        },
        {
          "x": 0.0,
          "y": 1.0,
          "z": 0.0
        },
        {
          "x": 0.0,
          "y": 1.0,
          "z": 0.0
        },
        {
          "x": 0.0,
          "y": 1.0,
          "z": 0.0
        },
        {
          "x": 0.0,
          "y": 1.0,
          "z": 0.0
        },
        {
          "x": 0.0,
          "y": 1.0,
          "z": 0.0
        },
        {
          "x": 0.0,
          "y": 1.0,
          "z": 0.0
        },
        {
          "x": 0.0,
          "y": 1.0,
          "z": 0.0
        }
      ],
      "Tension": 0.0,
      "IsClosed": true,
      "AllowRoll": false,
      "Height": 14.0
    },
    "a9c24d75-4bc7-47ff-8910-e2c97974b30b": {
      "$type": "AlternateSpawnEntityData",
      "IndexInBlueprint": 36,
      "IsEventConnectionTarget": 2,
      "IsPropertyConnectionTarget": 3,
      "Transform": {
        "right": {
          "x": -0.79598683,
          "y": -3.0502373E-22,
          "z": 0.6053133
        },
        "up": {
          "x": -3.593764E-14,
          "y": 1.0,
          "z": -4.7257987E-14
        },
        "forward": {
          "x": -0.60531336,
          "y": -5.9370274E-14,
          "z": -0.7959869
        },
        "trans": {
          "x": 143.35535,
          "y": 76.461815,
          "z": 9.797006
        }
      },
      "Team": 0,
      "Priority": 1.0,
      "Enabled": true
    },
    "b9489248-5dd1-4461-9c56-c329b7d34f1a": {
      "$type": "AlternateSpawnEntityData",
      "IndexInBlueprint": 38,
      "IsEventConnectionTarget": 2,
      "IsPropertyConnectionTarget": 3,
      "Transform": {
        "right": {
          "x": -0.62218606,
          "y": 2.8196813E-13,
          "z": 0.78286916
        },
        "up": {
          "x": -6.615892E-13,
          "y": 1.0,
          "z": -8.859713E-13
        },
        "forward": {
          "x": -0.78286916,
          "y": -1.0691768E-12,
          "z": -0.622186
        },
        "trans": {
          "x": 147.32333,
          "y": 76.289734,
          "z": 34.55001
        }
      },
      "Team": 0,
      "Priority": 1.0,
      "Enabled": true
    },
    "cecce6c2-a44b-470e-9ba8-4dd811a516da": {
      "$type": "AlternateSpawnEntityData",
      "IndexInBlueprint": 42,
      "IsEventConnectionTarget": 2,
      "IsPropertyConnectionTarget": 3,
      "Transform": {
        "right": {
          "x": 0.5649281,
          "y": 1.8444901E-14,
          "z": 0.8251401
        },
        "up": {
          "x": 4.1825003E-14,
          "y": 1.0,
          "z": -5.0988944E-14
        },
        "forward": {
          "x": -0.8251399,
          "y": 6.3316546E-14,
          "z": 0.56492794
        },