{
  "Name": "levels/xp4_rubble/scavenger/layer2_scavenger_block_art",
  "PartitionGuid": "bd7f6e29-62be-40ca-a365-168421f85d82",
  "PrimaryInstanceGuid": "a8b29475-0513-494c-a43e-2df856a714cc",
  "Instances": {
    "af9d4a7d-f504-4943-bc18-fbb06396001c": {
      "$type": "ReferenceObjectData",
      "BlueprintTransform": {
        "right": {
          "x": -0.9918578,
          "y": -0.03811508,
          "z": -0.1215127
        },
        "up": {
          "x": -0.037832223,
          "y": 0.99927336,
          "z": -0.0046348223
        },
        "forward": {
          "x": 0.121601045,
          "y": 1.09916165E-08,
          "z": -0.9925791
        },
        "trans": {
          "x": 81.48243,
          "y": 68.95882,
          "z": -75.04349
        }
      },
      "Blueprint": {
        "PartitionGuid": "998d7efa-ec0f-11e0-87c0-a62367a4fd67",
        "InstanceGuid": "483f16f1-f03e-1978-2e7a-737dd647daa3"
      },
      "ObjectVariation": null,
      "StreamRealm": 0,
      "CastSunShadowEnable": true,
      "Excluded": false,
      "IndexInBlueprint": 56,
      "IsEventConnectionTarget": 3,
      "IsPropertyConnectionTarget": 3
    },
    "5bc98373-e89f-4830-878d-2f85984806e5": {
      "$type": "ReferenceObjectData",
      "BlueprintTransform": {
        "right": {
          "x": -0.9901424,
          "y": -0.03811167,
          "z": -0.13478023
        },
        "up": {
          "x": -0.037832215,
          "y": 0.99927336,
          "z": -0.0046348213
        },
        "forward": {
          "x": 0.13485888,
          "y": 0.00050990185,
          "z": -0.9908647
        },
        "trans": {
          "x": 78.78645,
          "y": 68.881584,
          "z": -75.40714
        }
      },
      "Blueprint": {
        "PartitionGuid": "774e82b3-b9dc-40b1-aa38-b2c71940767f",
        "InstanceGuid": "90f066e5-db28-4f40-91df-2b447316b16e"
      },
      "ObjectVariation": null,
      "StreamRealm": 0,
      "CastSunShadowEnable": true,
      "Excluded": false,
      "IndexInBlueprint": 57,
      "IsEventConnectionTarget": 3,
      "IsPropertyConnectionTarget": 3
    },
    "a8b29475-0513-494c-a43e-2df856a714cc": {
      "$type": "WorldPartData",
      "Name": "Levels/XP4_Rubble/Scavenger_Block_Art",
      "PropertyConnections": [],
      "LinkConnections": [],
      "EventConnections": [],
      "Descriptor": null,
      "NeedNetworkId": false,
      "InterfaceHasConnections": false,
      "AlwaysCreateEntityBusClient": false,
      "AlwaysCreateEntityBusServer": false,
      "Objects": [
        {
          "PartitionGuid": "bd7f6e29-62be-40ca-a365-168421f85d82",
          "InstanceGuid": "af9d4a7d-f504-4943-bc18-fbb06396001c"
        },
        {
          "PartitionGuid": "bd7f6e29-62be-40ca-a365-168421f85d82",
          "InstanceGuid": "5bc98373-e89f-4830-878d-2f85984806e5"
        }
      ],
      "Enabled": true,
      "UseDeferredEntityCreation": false,
      "HackToSolveRealTimeTweakingIssue": "9ef7af55-62bb-0dc8-60e2-51dbb6c344f7"
    }
  }
}