{
  "Name": "levels/xp4_rubble/conquest/layer4_square",
  "PartitionGuid": "f34ebdf2-748a-4c77-9584-19f6b3c08962",
  "PrimaryInstanceGuid": "1d4a0ca2-b882-49dd-8710-5f5e549cdc5d",
  "Instances": {
    "d341e063-9130-4dcc-a031-cd94086f6fcf": {
      "$type": "AlternateSpawnEntityData",
      "Team": 0,
      "Priority": 1.0,
      "Enabled": true,
      "Transform": {
        "right": {
          "x": -0.4048945,
          "y": -3.3345112E-13,
          "z": 0.9143632
        },
        "up": {
          "x": 1.0437203E-12,
          "y": 1.0,
          "z": 8.2685714E-13
        },
        "forward": {
          "x": -0.9143632,
          "y": 1.2891295E-12,
          "z": -0.40489444
        },
        "trans": {
          "x": 34.436203,
          "y": 65.723656,
          "z": 31.508806
        }
      },
      "IndexInBlueprint": 46,
      "IsEventConnectionTarget": 2,
      "IsPropertyConnectionTarget": 3
    },
    "243caa71-1ed3-4a08-a54c-900905bb7be0": {
      "$type": "AlternateSpawnEntityData",
      "Team": 0,
      "Priority": 1.0,
      "Enabled": true,
      "Transform": {
        "right": {
          "x": -0.49766168,
          "y": -2.98334E-13,
          "z": -0.8673711
        },
        "up": {
          "x": 6.2205465E-13,
          "y": 1.0,
          "z": -7.008612E-13
        },
        "forward": {
          "x": 0.86737096,
          "y": -8.88344E-13,
          "z": -0.49766162
        },
        "trans": {
          "x": -11.626961,
          "y": 65.723656,
          "z": 22.154778
        }
      },
      "IndexInBlueprint": 47,
      "IsEventConnectionTarget": 2,
      "IsPropertyConnectionTarget": 3
    },
    "d18bd5c8-bb45-4f0c-80a2-ca5c03508f9f": {
      "$type": "AlternateSpawnEntityData",
      "Team": 0,
      "Priority": 1.0,
      "Enabled": true,
      "Transform": {
        "right": {
          "x": 0.98468965,
          "y": -1.10547346E-14,
          "z": 0.17431656
        },
        "up": {
          "x": 2.245664E-14,
          "y": 1.0,
          "z": -6.343677E-14
        },
        "forward": {
          "x": -0.17431653,
          "y": 6.638008E-14,
          "z": 0.9846894
        },
        "trans": {
          "x": 35.163605,
          "y": 65.723656,
          "z": 15.34907
        }
      },
      "IndexInBlueprint": 48,
      "IsEventConnectionTarget": 2,
      "IsPropertyConnectionTarget": 3
    },
    "ab0ed3f1-a295-4903-ab97-aefbdb290f63": {
      "$type": "AlternateSpawnEntityData",
      "Team": 0,
      "Priority": 1.0,
      "Enabled": true,
      "Transform": {
        "right": {
          "x": 0.25373626,
          "y": 2.1154687E-11,
          "z": -0.96727335
        },
        "up": {
          "x": -3.8305484E-11,
          "y": 1.0,
          "z": 1.18221015E-11
        },
        "forward": {
          "x": 0.96727306,
          "y": 3.4052164E-11,
          "z": 0.25373617
        },
        "trans": {
          "x": 1.6141317,
          "y": 64.330986,
          "z": -45.22628
        }
      },
      "IndexInBlueprint": 49,
      "IsEventConnectionTarget": 2,
      "IsPropertyConnectionTarget": 3
    },
    "047b4f74-e814-4c97-9d71-8d276f0e8552": {
      "$type": "AlternateSpawnEntityData",
      "Team": 0,
      "Priority": 1.0,
      "Enabled": true,
      "Transform": {
        "right": {
          "x": -0.035629764,
          "y": -1.1673878E-12,
          "z": 0.9993651
        },
        "up": {
          "x": 6.2734293E-12,
          "y": 1.0,
          "z": 1.3917917E-12
        },
        "forward": {
          "x": -0.99936473,
          "y": 6.3190334E-12,
          "z": -0.03562974
        },
        "trans": {
          "x": 35.006905,
          "y": 65.723656,
          "z": -28.106794
        }
      },
      "IndexInBlueprint": 50,
      "IsEventConnectionTarget": 2,
      "IsPropertyConnectionTarget": 3
    },
    "6792c551-0d03-49fe-8570-0d72d7fdee9f": {
      "$type": "AlternateSpawnEntityData",
      "Team": 0,
      "Priority": 1.0,
      "Enabled": true,
      "Transform": {
        "right": {
          "x": -0.943421,
          "y": -2.9632206E-16,
          "z": 0.33159712
        },
        "up": {
          "x": 2.8930786E-16,
          "y": 1.0,
          "z": 1.7167255E-15
        },
        "forward": {
          "x": -0.331597,
          "y": 1.7155281E-15,
          "z": -0.94342065
        },
        "trans": {
          "x": 36.062103,
          "y": 65.723656,
          "z": -14.224137
        }
      },
      "IndexInBlueprint": 51,
      "IsEventConnectionTarget": 2,
      "IsPropertyConnectionTarget": 3
    },
    "82d1db32-bfe2-488d-864d-697eee61a7ee": {
      "$type": "AlternateSpawnEntityData",
      "Team": 0,
      "Priority": 1.0,
      "Enabled": true,
      "Transform": {
        "right": {
          "x": 0.59877926,
          "y": 1.205491E-13,
          "z": -0.8009139
        },
        "up": {
          "x": 3.977077E-13,
          "y": 1.0,
          "z": 4.478486E-13
        },
        "forward": {
          "x": 0.8009138,
          "y": -5.866919E-13,
          "z": 0.59877914
        },
        "trans": {
          "x": -19.943104,
          "y": 65.723656,
          "z": -21.982077
        }
      },
      "IndexInBlueprint": 52,
      "IsEventConnectionTarget": 2,
      "IsPropertyConnectionTarget": 3
    },
    "c54c9b9e-9235-4047-8e52-c2e974593bba": {
      "$type": "AlternateSpawnEntityData",
      "Team": 0,
      "Priority": 1.0,
      "Enabled": true,
      "Transform": {
        "right": {
          "x": 0.67095584,
          "y": 1.6935228E-11,
          "z": 0.7414972
        },
        "up": {
          "x": -3.8305484E-11,
          "y": 1.0,
          "z": 1.1822098E-11
        },
        "forward": {
          "x": -0.741497,
          "y": -3.633551E-11,
          "z": 0.67095566
        },
        "trans": {
          "x": 29.578167,
          "y": 64.36999,
          "z": -51.39596
        }
      },
      "IndexInBlueprint": 54,
      "IsEventConnectionTarget": 2,
      "IsPropertyConnectionTarget": 3
    },
    "2bc581d0-9cd4-464a-866b-10a1c7958346": {
      "$type": "ReferenceObjectData",
      "BlueprintTransform": {
        "right": {
          "x": 0.9957863,
          "y": 0.0,
          "z": -0.09170397
        },
        "up": {
          "x": 0.0,
          "y": 1.0,
          "z": 0.0
        },
        "forward": {
          "x": 0.09170397,
          "y": 0.0,
          "z": 0.9957863
        },
        "trans": {
          "x": 16.469164,
          "y": 67.51343,
          "z": 0.30929613
        }
      },
      "Blueprint": {
        "PartitionGuid": "bd0616bc-06f0-4cba-8798-000fbc9d3c19",
        "InstanceGuid": "38a5c119-e9f0-4f7f-8e3c-51a8d8c88d58"
      },
      "ObjectVariation": null,
      "StreamRealm": 0,
      "CastSunShadowEnable": true,
      "Excluded": false,
      "IndexInBlueprint": 45,
      "IsEventConnectionTarget": 3,
      "IsPropertyConnectionTarget": 2
    },
    "b127e19e-1753-42a3-9f98-119f25a4c994": {
      "$type": "VolumeVectorShapeData",
      "Height": 8.0,
      "Points": [
        {
          "x": 7.98685,
          "y": 64.05225,
          "z": -8.654566
        },
        {
          "x": 7.963718,
          "y": 64.05225,
          "z": -22.79024
        },
        {
          "x": 18.417444,
          "y": 64.05225,
          "z": -22.812174
        },
        {
          "x": 28.389204,
          "y": 64.05225,
          "z": -22.62948
        },
        {
          "x": 28.748856,
          "y": 64.05225,
          "z": -7.403727
        },
        {
          "x": 35.600403,
          "y": 64.05225,