{
  "Name": "levels/sp_earthquake/architecture/eq_pieces/eq_piecedoubleshort_prefab_01",
  "PartitionGuid": "06ae34bf-7054-47c8-ac3b-13bf4ed564bd",
  "PrimaryInstanceGuid": "e37af25b-224b-4d27-9a71-ce23905eb2d5",
  "Instances": {
    "0ab35038-bdeb-4623-901c-3749c2ecbb82": {
      "$type": "ReferenceObjectData",
      "IndexInBlueprint": 13,
      "IsEventConnectionTarget": 3,
      "IsPropertyConnectionTarget": 3,
      "BlueprintTransform": {
        "right": {
          "x": 0.9664744,
          "y": 0.0022144748,
          "z": 0.25675356
        },
        "up": {
          "x": 0.028354662,
          "y": 0.99292636,
          "z": -0.11529675
        },
        "forward": {
          "x": -0.2551927,
          "y": 0.11871158,
          "z": 0.95957506
        },
        "trans": {
          "x": -7.827821,
          "y": -0.15174171,
          "z": 0.27776718
        }
      },
      "Blueprint": {
        "PartitionGuid": "38eca50a-96a5-11e0-87f5-835747ad54ad",
        "InstanceGuid": "d084de71-5048-8916-e0cd-7b80fcf69178"
      },
      "ObjectVariation": null,
      "StreamRealm": "StreamRealm_None",
      "CastSunShadowEnable": true,
      "Excluded": false
    },
    "38c65ff3-217f-44a5-9a76-53a7f4eecab6": {
      "$type": "ReferenceObjectData",
      "IndexInBlueprint": 10,
      "IsEventConnectionTarget": 3,
      "IsPropertyConnectionTarget": 3,
      "BlueprintTransform": {
        "right": {
          "x": 0.034670472,
          "y": -0.0036722333,
          "z": -0.99939215
        },
        "up": {
          "x": -0.10479515,
          "y": 0.99446714,
          "z": -0.007289642
        },
        "forward": {
          "x": 0.9938894,
          "y": 0.104984276,
          "z": 0.03409386
        },
        "trans": {
          "x": 10.625823,
          "y": -0.09556736,
          "z": -7.3658657
        }
      },
      "Blueprint": {
        "PartitionGuid": "38eca50a-96a5-11e0-87f5-835747ad54ad",
        "InstanceGuid": "d084de71-5048-8916-e0cd-7b80fcf69178"
      },
      "ObjectVariation": null,
      "StreamRealm": "StreamRealm_None",
      "CastSunShadowEnable": true,
      "Excluded": false
    },
    "48c14c28-6d22-449a-a736-a0ddf71e9c02": {
      "$type": "ReferenceObjectData",
      "IndexInBlueprint": 3,
      "IsEventConnectionTarget": 3,
      "IsPropertyConnectionTarget": 3,
      "BlueprintTransform": {
        "right": {
          "x": 0.9866609,
          "y": -0.036740575,
          "z": 0.15858945
        },
        "up": {
          "x": 0.019992298,
          "y": 0.9941716,
          "z": 0.10593896
        },
        "forward": {
          "x": -0.16155739,
          "y": -0.10135527,
          "z": 0.9816447
        },
        "trans": {
          "x": -5.199551,
          "y": -0.32045704,
          "z": 0.75983566
        }
      },
      "Blueprint": {
        "PartitionGuid": "38eca50a-96a5-11e0-87f5-835747ad54ad",
        "InstanceGuid": "d084de71-5048-8916-e0cd-7b80fcf69178"
      },
      "ObjectVariation": null,
      "StreamRealm": "StreamRealm_None",
      "CastSunShadowEnable": true,
      "Excluded": false
    },
    "66d4ba08-b241-4b22-863f-0f3ff316db6d": {
      "$type": "ReferenceObjectData",
      "IndexInBlueprint": 8,
      "IsEventConnectionTarget": 3,
      "IsPropertyConnectionTarget": 3,
      "BlueprintTransform": {
        "right": {
          "x": -0.9851439,
          "y": -0.012224121,
          "z": -0.1712955
        },
        "up": {
          "x": 0.020586764,
          "y": 0.981864,
          "z": -0.18846582
        },
        "forward": {
          "x": 0.17049257,
          "y": -0.18919246,
          "z": -0.96702564
        },
        "trans": {
          "x": 1.2998219,
          "y": -0.40149638,
          "z": -10.525678
        }
      },
      "Blueprint": {
        "PartitionGuid": "38eca50a-96a5-11e0-87f5-835747ad54ad",
        "InstanceGuid": "d084de71-5048-8916-e0cd-7b80fcf69178"
      },
      "ObjectVariation": null,
      "StreamRealm": "StreamRealm_None",
      "CastSunShadowEnable": true,
      "Excluded": false
    },
    "7a262fae-eda4-4531-8f76-534db4ea5109": {
      "$type": "ReferenceObjectData",
      "IndexInBlueprint": 14,
      "IsEventConnectionTarget": 3,
      "IsPropertyConnectionTarget": 3,
      "BlueprintTransform": {
        "right": {
          "x": -0.9086147,
          "y": -0.039605238,
          "z": -0.41575354
        },
        "up": {
          "x": -0.043270864,
          "y": 0.9990632,
          "z": -0.0006051129
        },
        "forward": {
          "x": 0.41538787,
          "y": 0.017440138,
          "z": -0.90947723
        },
        "trans": {
          "x": -3.825385,
          "y": -0.1875175,
          "z": -10.814285
        }
      },
      "Blueprint": {
        "PartitionGuid": "38eca50a-96a5-11e0-87f5-835747ad54ad",
        "InstanceGuid": "d084de71-5048-8916-e0cd-7b80fcf69178"
      },
      "ObjectVariation": null,
      "StreamRealm": "StreamRealm_None",
      "CastSunShadowEnable": true,
      "Excluded": false
    },
    "8a4d7b9a-f848-4bb1-9bde-e8a0fe82b4cc": {
      "$type": "ReferenceObjectData",
      "IndexInBlueprint": 9,
      "IsEventConnectionTarget": 3,
      "IsPropertyConnectionTarget": 3,
      "BlueprintTransform": {
        "right": {
          "x": 0.3045572,
          "y": 0.032486815,
          "z": -0.9519399
        },
        "up": {
          "x": -0.096644245,
          "y": 0.99531436,
          "z": 0.0030473506
        },
        "forward": {
          "x": 0.9475785,
          "y": 0.091071405,
          "z": 0.30626982
        },
        "trans": {
          "x": 10.452783,
          "y": -0.107158765,
          "z": -2.3728886
        }
      },
      "Blueprint": {
        "PartitionGuid": "38eca50a-96a5-11e0-87f5-835747ad54ad",
        "InstanceGuid": "d084de71-5048-8916-e0cd-7b80fcf69178"
      },
      "ObjectVariation": null,
      "StreamRealm": "StreamRealm_None",
      "CastSunShadowEnable": true,
      "Excluded": false
    },
    "91c4ddb7-9436-4c98-832d-61005e74f421": {
      "$type": "ReferenceObjectData",
      "IndexInBlueprint": 11,
      "IsEventConnectionTarget": 3,
      "IsPropertyConnectionTarget": 3,
      "BlueprintTransform": {
        "right": {
          "x": -0.3740335,
          "y": 0.055209916,
          "z": 0.9257704
        },
        "up": {
          "x": 0.15343732,
          "y": 0.98815376,
          "z": 0.003062124
        },
        "forward": {
          "x": -0.9146343,
          "y": 0.14319314,
          "z": -0.3780739
        },
        "trans": {
          "x": -10.354088,
          "y": -0.09114251,
          "z": -8.472044
        }
      },
      "Blueprint": {
        "PartitionGuid": "38eca50a-96a5-11e0-87f5-835747ad54ad",
        "InstanceGuid": "d084de71-5048-8916-e0cd-7b80fcf69178"
      },
      "ObjectVariation": null,
      "StreamRealm": "StreamRealm_None",
      "CastSunShadowEnable": true,
      "Excluded": false
    },
    "926b7159-b08f-48a8-a6a5-34531f4621b5": {
      "$type": "ReferenceObjectData",
      "IndexInBlueprint": 2,
      "IsEventConnectionTarget": 3,
      "IsPropertyConnectionTarget": 3,
      "BlueprintTransform": {
        "right": {
          "x": 0.98596627,
          "y": 0.04045674,
          "z": 0.16196859
        },
        "up": {
          "x": -0.030121827,
          "y": 0.9973805,
          "z": -0.06576374
        },
        "forward": {
          "x": -0.16420494,
          "y": 0.05996204,
          "z": 0.9846021
        },
        "trans": {
          "x": -1.9983271,
          "y": -0.08904064,
          "z": 0.30165178
        }
      },