{
  "Name": "levels/xp1_004/tdm/layer3_tdm_objects",
  "PartitionGuid": "dd241954-b6e7-434c-ba64-ddbffe2c842a",
  "PrimaryInstanceGuid": "e17109c2-8483-4e16-9881-376e768193ff",
  "Instances": {
    "60c768a3-406e-4462-a149-309e303403dc": {
      "$type": "ReferenceObjectData",
      "BlueprintTransform": {
        "right": {
          "x": 0.43967625,
          "y": 0.051185902,
          "z": -1.1153766
        },
        "up": {
          "x": -0.0849949,
          "y": 1.1967946,
          "z": 0.021417666
        },
        "forward": {
          "x": 1.1133107,
          "y": 0.07115372,
          "z": 0.44212726
        },
        "trans": {
          "x": 241.44972,
          "y": 97.90167,
          "z": -138.36
        }
      },
      "Blueprint": {
        "PartitionGuid": "e223a737-5092-11e0-bb07-f56cf2453635",
        "InstanceGuid": "b5d3981c-e50d-c58e-d3ef-eb8688f27c13"
      },
      "ObjectVariation": {
        "PartitionGuid": "abe5db29-2a76-41a6-aea6-3f35342631ca",
        "InstanceGuid": "94752446-258d-4f2a-9ed3-5b909fa0e85a"
      },
      "StreamRealm": 0,
      "CastSunShadowEnable": true,
      "Excluded": false,
      "IndexInBlueprint": 33,
      "IsEventConnectionTarget": 3,
      "IsPropertyConnectionTarget": 3
    },
    "92fd4659-3970-4aeb-80d9-0eca559cd9cd": {
      "$type": "ReferenceObjectData",
      "BlueprintTransform": {
        "right": {
          "x": -0.636505,
          "y": -0.014645676,
          "z": -0.77113336
        },
        "up": {
          "x": 0.06270658,
          "y": 0.9955271,
          "z": -0.07066641
        },
        "forward": {
          "x": 0.76871884,
          "y": -0.093334615,
          "z": -0.6327394
        },
        "trans": {
          "x": 334.9159,
          "y": 96.866035,
          "z": -214.51523
        }
      },
      "Blueprint": {
        "PartitionGuid": "f2e7b93c-0206-11e0-9352-87860d52845a",
        "InstanceGuid": "2c42524f-255f-eda1-6708-9db203a437d3"
      },
      "ObjectVariation": null,
      "StreamRealm": 0,
      "CastSunShadowEnable": true,
      "Excluded": false,
      "IndexInBlueprint": 34,
      "IsEventConnectionTarget": 3,
      "IsPropertyConnectionTarget": 3
    },
    "d19fe26f-774d-4039-87f3-a0a9e4c34786": {
      "$type": "ReferenceObjectData",
      "BlueprintTransform": {
        "right": {
          "x": 0.7232322,
          "y": -0.006828795,
          "z": 0.69057107
        },
        "up": {
          "x": 0.08957528,
          "y": 0.99243176,
          "z": -0.08399802
        },
        "forward": {
          "x": -0.6847707,
          "y": 0.122608095,
          "z": 0.7183698
        },
        "trans": {
          "x": 334.14542,
          "y": 97.13607,
          "z": -211.92311
        }
      },
      "Blueprint": {
        "PartitionGuid": "f2e7b93c-0206-11e0-9352-87860d52845a",
        "InstanceGuid": "2c42524f-255f-eda1-6708-9db203a437d3"
      },
      "ObjectVariation": null,
      "StreamRealm": 0,
      "CastSunShadowEnable": true,
      "Excluded": false,
      "IndexInBlueprint": 35,
      "IsEventConnectionTarget": 3,
      "IsPropertyConnectionTarget": 3
    },
    "bb9d3511-59dd-4586-833f-78c4beed8bd3": {
      "$type": "ReferenceObjectData",
      "BlueprintTransform": {
        "right": {
          "x": -0.12844267,
          "y": -0.012856825,
          "z": -0.9916336
        },
        "up": {
          "x": 0.0094591165,
          "y": 0.9998546,
          "z": -0.014188618
        },
        "forward": {
          "x": 0.99167186,
          "y": -0.011202402,
          "z": -0.1283024
        },
        "trans": {
          "x": 289.4363,
          "y": 99.284996,
          "z": -156.82707
        }
      },
      "Blueprint": {
        "PartitionGuid": "3a4c6965-5489-11e0-925d-9af42ff370f9",
        "InstanceGuid": "9eaca7be-dd1e-c3e3-8943-b1cbd321df4d"
      },
      "ObjectVariation": null,
      "StreamRealm": 0,
      "CastSunShadowEnable": true,
      "Excluded": false,
      "IndexInBlueprint": 36,
      "IsEventConnectionTarget": 3,
      "IsPropertyConnectionTarget": 3
    },
    "1e8da865-7869-489b-b20e-72205147e341": {
      "$type": "ReferenceObjectData",
      "BlueprintTransform": {
        "right": {
          "x": 0.9736125,
          "y": -0.001775542,
          "z": 0.2282004
        },
        "up": {
          "x": 0.028204601,
          "y": 0.99323946,
          "z": -0.11260631
        },
        "forward": {
          "x": -0.22645761,
          "y": 0.116071135,
          "z": 0.9670797
        },
        "trans": {
          "x": 311.47165,
          "y": 97.65899,
          "z": -219.25592
        }
      },
      "Blueprint": {
        "PartitionGuid": "f2e7b93c-0206-11e0-9352-87860d52845a",
        "InstanceGuid": "2c42524f-255f-eda1-6708-9db203a437d3"
      },
      "ObjectVariation": null,
      "StreamRealm": 0,
      "CastSunShadowEnable": true,
      "Excluded": false,
      "IndexInBlueprint": 37,
      "IsEventConnectionTarget": 3,
      "IsPropertyConnectionTarget": 3
    },
    "1ae186a6-6ef0-a401-394a-18725b6174fd": {
      "$type": "ReferenceObjectData",
      "BlueprintTransform": {
        "right": {
          "x": 0.98931277,
          "y": -0.04653099,
          "z": 0.13818519
        },
        "up": {
          "x": 0.056648925,
          "y": 0.99592227,
          "z": -0.07021194
        },
        "forward": {
          "x": -0.1343547,
          "y": 0.07728962,
          "z": 0.98791456
        },
        "trans": {
          "x": 323.1937,
          "y": 95.53345,
          "z": -236.08871
        }
      },
      "Blueprint": {
        "PartitionGuid": "92758845-a882-69ce-777b-2b23c42de3d9",
        "InstanceGuid": "92758845-a882-69ce-777b-2b23c42de3d9"
      },
      "ObjectVariation": null,
      "StreamRealm": 0,
      "CastSunShadowEnable": true,
      "Excluded": false,
      "IndexInBlueprint": 38,
      "IsEventConnectionTarget": 3,
      "IsPropertyConnectionTarget": 3
    },
    "e17109c2-8483-4e16-9881-376e768193ff": {
      "$type": "WorldPartData",
      "Name": "Levels/XP1_004/TDM_Objects",
      "PropertyConnections": [],
      "LinkConnections": [],
      "EventConnections": [],
      "Descriptor": null,
      "NeedNetworkId": false,
      "InterfaceHasConnections": false,
      "AlwaysCreateEntityBusClient": false,
      "AlwaysCreateEntityBusServer": false,
      "Objects": [
        {
          "PartitionGuid": "dd241954-b6e7-434c-ba64-ddbffe2c842a",
          "InstanceGuid": "60c768a3-406e-4462-a149-309e303403dc"
        },
        {
          "PartitionGuid": "dd241954-b6e7-434c-ba64-ddbffe2c842a",
          "InstanceGuid": "92fd4659-3970-4aeb-80d9-0eca559cd9cd"
        },
        {
          "PartitionGuid": "dd241954-b6e7-434c-ba64-ddbffe2c842a",
          "InstanceGuid": "d19fe26f-774d-4039-87f3-a0a9e4c34786"
        },
        {
          "PartitionGuid": "dd241954-b6e7-434c-ba64-ddbffe2c842a",
          "InstanceGuid": "bb9d3511-59dd-4586-833f-78c4beed8bd3"
        },
        {
          "PartitionGuid": "dd241954-b6e7-434c-ba64-ddbffe2c842a",
          "InstanceGuid": "1e8da865-7869-489b-b20e-72205147e341"
        },
        {
          "PartitionGuid": "dd241954-b6e7-434c-ba64-ddbffe2c842a",
          "InstanceGuid": "1ae186a6-6ef0-a401-394a-18725b6174fd"
        }
      ],
      "Enabled": true,
      "UseDeferredEntityCreation": false,
      "HackToSolveRealTimeTweakingIssue": "d27c5f15-b3b6-3d4f-c679-79122d396e4a"
    }
  }
}