{
  "Name": "levels/xp1_004/tdm/layer0_tdm_logic",
  "PartitionGuid": "a5deda1f-a5c3-433d-8bab-043e4fde6d45",
  "PrimaryInstanceGuid": "a84a3a58-767b-48ed-a15a-de53a16534c8",
  "Instances": {
    "031bc46b-caf4-4d5f-8101-b49332b374e1": {
      "$type": "AlternateSpawnEntityData",
      "IndexInBlueprint": 12,
      "IsEventConnectionTarget": 2,
      "IsPropertyConnectionTarget": 3,
      "Transform": {
        "right": {
          "x": 0.34269065,
          "y": 0.0,
          "z": 0.9394483
        },
        "up": {
          "x": 0.0,
          "y": 1.0,
          "z": 0.0
        },
        "forward": {
          "x": -0.9394483,
          "y": 0.0,
          "z": 0.34269065
        },
        "trans": {
          "x": 337.04346,
          "y": 103.393486,
          "z": -132.85692
        }
      },
      "Team": 0,
      "Priority": 1.0,
      "Enabled": true
    },
    "124aab5d-6d2c-4d44-8ee9-27c0db72e22a": {
      "$type": "AlternateSpawnEntityData",
      "IndexInBlueprint": 18,
      "IsEventConnectionTarget": 2,
      "IsPropertyConnectionTarget": 3,
      "Transform": {
        "right": {
          "x": 0.8344819,
          "y": -0.06451527,
          "z": -0.5472456
        },
        "up": {
          "x": 0.08015421,
          "y": 0.9967713,
          "z": 0.004714994
        },
        "forward": {
          "x": 0.54517454,
          "y": -0.047798622,
          "z": 0.83695877
        },
        "trans": {
          "x": 232.30708,
          "y": 104.50919,
          "z": -189.60634
        }
      },
      "Team": 0,
      "Priority": 1.0,
      "Enabled": true
    },
    "1460cd85-aef7-4bfb-8c18-69a808024a06": {
      "$type": "AlternateSpawnEntityData",
      "IndexInBlueprint": 25,
      "IsEventConnectionTarget": 2,
      "IsPropertyConnectionTarget": 3,
      "Transform": {
        "right": {
          "x": 0.9138587,
          "y": 0.0,
          "z": 0.4060324
        },
        "up": {
          "x": 0.0,
          "y": 1.0,
          "z": 0.0
        },
        "forward": {
          "x": -0.4060324,
          "y": 0.0,
          "z": 0.9138587
        },
        "trans": {
          "x": 359.02722,
          "y": 97.246445,
          "z": -170.69301
        }
      },
      "Team": 0,
      "Priority": 1.0,
      "Enabled": true
    },
    "36bf8c7f-39a0-4803-a5fa-99f4d0510201": {
      "$type": "AlternateSpawnEntityData",
      "IndexInBlueprint": 10,
      "IsEventConnectionTarget": 2,
      "IsPropertyConnectionTarget": 3,
      "Transform": {
        "right": {
          "x": 0.85138124,
          "y": 0.0,
          "z": 0.5245472
        },
        "up": {
          "x": 0.0,
          "y": 1.0,
          "z": 0.0
        },
        "forward": {
          "x": -0.5245472,
          "y": 0.0,
          "z": 0.85138124
        },
        "trans": {
          "x": 324.12955,
          "y": 95.6463,
          "z": -238.57451
        }
      },
      "Team": 0,
      "Priority": 1.0,
      "Enabled": true
    },
    "3e557efb-8ffe-4e0f-acbe-6a6b3a8fc837": {
      "$type": "AlternateSpawnEntityData",
      "IndexInBlueprint": 19,
      "IsEventConnectionTarget": 2,
      "IsPropertyConnectionTarget": 3,
      "Transform": {
        "right": {
          "x": 0.7832726,
          "y": -1.7724649E-17,
          "z": -0.6216784
        },
        "up": {
          "x": -2.932664E-10,
          "y": 1.0000001,
          "z": -3.694957E-10
        },
        "forward": {
          "x": 0.6216784,
          "y": 4.717332E-10,
          "z": 0.78327256
        },
        "trans": {
          "x": 276.38257,
          "y": 97.106865,
          "z": -235.85884
        }
      },
      "Team": 0,
      "Priority": 1.0,
      "Enabled": true
    },
    "4a776587-940b-4942-84a4-ce857fc1f17b": {
      "$type": "AlternateSpawnEntityData",
      "IndexInBlueprint": 7,
      "IsEventConnectionTarget": 2,
      "IsPropertyConnectionTarget": 3,
      "Transform": {
        "right": {
          "x": -0.8442442,
          "y": 0.0,
          "z": -0.5359587
        },
        "up": {
          "x": 0.0,
          "y": 1.0,
          "z": 0.0
        },
        "forward": {
          "x": 0.5359587,
          "y": 0.0,
          "z": -0.8442442
        },
        "trans": {
          "x": 235.05122,
          "y": 102.579865,
          "z": -158.34598
        }
      },
      "Team": 0,
      "Priority": 1.0,
      "Enabled": true
    },
    "58d76f36-3fcc-4dc1-836e-ebc0664d20e1": {
      "$type": "AlternateSpawnEntityData",
      "IndexInBlueprint": 23,
      "IsEventConnectionTarget": 2,
      "IsPropertyConnectionTarget": 3,
      "Transform": {
        "right": {
          "x": -0.8360497,
          "y": 0.0,
          "z": -0.5486535
        },
        "up": {
          "x": 0.0,
          "y": 1.0,
          "z": 0.0
        },
        "forward": {
          "x": 0.5486535,
          "y": 0.0,
          "z": -0.8360497
        },
        "trans": {
          "x": 326.178,
          "y": 101.41853,
          "z": -122.77137
        }
      },
      "Team": 0,
      "Priority": 1.0,
      "Enabled": true
    },
    "5e3d3759-a38b-4ecc-8021-39a5a51d2a63": {
      "$type": "AlternateSpawnEntityData",
      "IndexInBlueprint": 13,
      "IsEventConnectionTarget": 2,
      "IsPropertyConnectionTarget": 3,
      "Transform": {
        "right": {
          "x": 0.113092296,
          "y": 0.0,
          "z": 0.9935843
        },
        "up": {
          "x": 0.0,
          "y": 1.0,
          "z": 0.0
        },
        "forward": {
          "x": -0.9935843,
          "y": 0.0,
          "z": 0.113092296
        },
        "trans": {
          "x": 306.86108,
          "y": 99.81853,
          "z": -121.73083
        }
      },
      "Team": 0,
      "Priority": 1.0,
      "Enabled": true
    },
    "705904ed-c530-4921-b4be-e5798d901acd": {
      "$type": "AlternateSpawnEntityData",
      "IndexInBlueprint": 5,
      "IsEventConnectionTarget": 2,
      "IsPropertyConnectionTarget": 3,
      "Transform": {
        "right": {
          "x": 0.19274876,
          "y": 0.0,
          "z": 0.981248
        },
        "up": {
          "x": 0.0,
          "y": 1.0,
          "z": 0.0
        },
        "forward": {
          "x": -0.981248,
          "y": 0.0,
          "z": 0.19274876
        },
        "trans": {
          "x": 260.99283,
          "y": 97.08934,
          "z": -123.28936
        }
      },
      "Team": 0,
      "Priority": 1.0,
      "Enabled": true
    },
    "76d5af1b-d5cf-4a76-a617-03b0e477775b": {
      "$type": "AlternateSpawnEntityData",
      "IndexInBlueprint": 15,
      "IsEventConnectionTarget": 2,
      "IsPropertyConnectionTarget": 3,
      "Transform": {
        "right": {
          "x": 0.8705478,
          "y": 0.0,
          "z": -0.49208358
        },
        "up": {
          "x": 0.0,
          "y": 1.0,
          "z": 0.0
        },
        "forward": {
          "x": 0.49208358,
          "y": 0.0,
          "z": 0.8705478
        },
        "trans": {
          "x": 234.61974,
          "y": 102.02249,
          "z": -154.9456
        }
      },
      "Team": 0,
      "Priority": 1.0,
      "Enabled": true
    },
    "96bca32b-8054-470d-8da0-680eb2caefaf": {
      "$type": "AlternateSpawnEntityData",
      "IndexInBlueprint": 17,
      "IsEventConnectionTarget": 2,
      "IsPropertyConnectionTarget": 3,
      "Transform": {
        "right": {
          "x": -0.21029133,
          "y": -0.018089486,
          "z": -0.97747123
        },
        "up": {
          "x": 0.08945001,
          "y": 0.99527895,
          "z": -0.03766315
        },