{
  "Name": "xp5/objects/jumps/003/trainyardjump_xp5",
  "PartitionGuid": "2e354f6a-4b71-11e2-a7b3-8a171fc375d5",
  "PrimaryInstanceGuid": "76d72839-e7e2-4471-f07f-fd373071249f",
  "Instances": {
    "0218fdda-633f-4acd-ab81-b57dc1c11fc4": {
      "$type": "ReferenceObjectData",
      "IndexInBlueprint": 1,
      "IsEventConnectionTarget": 3,
      "IsPropertyConnectionTarget": 3,
      "BlueprintTransform": {
        "right": {
          "x": -0.9685082,
          "y": 0.08398021,
          "z": -0.23439115
        },
        "up": {
          "x": 0.0035924423,
          "y": 0.9460145,
          "z": 0.32410443
        },
        "forward": {
          "x": 0.24895589,
          "y": 0.31305578,
          "z": -0.91652447
        },
        "trans": {
          "x": -1.4931641,
          "y": 0.479599,
          "z": -1.6686401
        }
      },
      "Blueprint": {
        "PartitionGuid": "9b84aff7-6a00-11e1-b3ec-92a5dceb4711",
        "InstanceGuid": "953eac4f-09a0-0d4f-dc83-6083161af5d4"
      },
      "ObjectVariation": null,
      "StreamRealm": "StreamRealm_None",
      "CastSunShadowEnable": true,
      "Excluded": false
    },
    "049f4b97-479d-4bda-85db-50cf6635774b": {
      "$type": "ReferenceObjectData",
      "IndexInBlueprint": 4,
      "IsEventConnectionTarget": 3,
      "IsPropertyConnectionTarget": 3,
      "BlueprintTransform": {
        "right": {
          "x": 0.9944407,
          "y": -0.08973187,
          "z": 0.05509977
        },
        "up": {
          "x": 0.06099455,
          "y": 0.91741925,
          "z": 0.39321947
        },
        "forward": {
          "x": -0.08583392,
          "y": -0.38767263,
          "z": 0.9177922
        },
        "trans": {
          "x": 0.68426514,
          "y": 0.9820099,
          "z": -3.5299072
        }
      },
      "Blueprint": {
        "PartitionGuid": "9b84aff7-6a00-11e1-b3ec-92a5dceb4711",
        "InstanceGuid": "953eac4f-09a0-0d4f-dc83-6083161af5d4"
      },
      "ObjectVariation": null,
      "StreamRealm": "StreamRealm_None",
      "CastSunShadowEnable": true,
      "Excluded": false
    },
    "17cf2104-f279-457b-ad1f-19e698443df5": {
      "$type": "ReferenceObjectData",
      "IndexInBlueprint": 6,
      "IsEventConnectionTarget": 3,
      "IsPropertyConnectionTarget": 3,
      "BlueprintTransform": {
        "right": {
          "x": 0.9754704,
          "y": -0.13826984,
          "z": 0.17128617
        },
        "up": {
          "x": 0.060994547,
          "y": 0.91741925,
          "z": 0.39321947
        },
        "forward": {
          "x": -0.21151163,
          "y": -0.3731264,
          "z": 0.90334904
        },
        "trans": {
          "x": 0.8822632,
          "y": 1.6035767,
          "z": -5.2852173
        }
      },
      "Blueprint": {
        "PartitionGuid": "9b84aff7-6a00-11e1-b3ec-92a5dceb4711",
        "InstanceGuid": "953eac4f-09a0-0d4f-dc83-6083161af5d4"
      },
      "ObjectVariation": null,
      "StreamRealm": "StreamRealm_None",
      "CastSunShadowEnable": true,
      "Excluded": false
    },
    "2d19833f-675b-47c3-8b57-2ea51ff2f3d9": {
      "$type": "ReferenceObjectData",
      "IndexInBlueprint": 5,
      "IsEventConnectionTarget": 3,
      "IsPropertyConnectionTarget": 3,
      "BlueprintTransform": {
        "right": {
          "x": -0.9807806,
          "y": 0.11751193,
          "z": -0.15575804
        },
        "up": {
          "x": 0.0590651,
          "y": 0.93965054,
          "z": 0.33699876
        },
        "forward": {
          "x": 0.18595952,
          "y": 0.321322,
          "z": -0.92853177
        },
        "trans": {
          "x": -1.1376038,
          "y": 1.5308075,
          "z": -4.722595
        }
      },
      "Blueprint": {
        "PartitionGuid": "9b84aff7-6a00-11e1-b3ec-92a5dceb4711",
        "InstanceGuid": "953eac4f-09a0-0d4f-dc83-6083161af5d4"
      },
      "ObjectVariation": null,
      "StreamRealm": "StreamRealm_None",
      "CastSunShadowEnable": true,
      "Excluded": false
    },
    "3b529aa5-0b9d-4364-b953-13ceea0cd14c": {
      "$type": "ReferenceObjectData",
      "IndexInBlueprint": 0,
      "IsEventConnectionTarget": 3,
      "IsPropertyConnectionTarget": 3,
      "BlueprintTransform": {
        "right": {
          "x": 0.9909618,
          "y": -0.09726885,
          "z": 0.09237764
        },
        "up": {
          "x": 0.084335625,
          "y": 0.9872703,
          "z": 0.13485157
        },
        "forward": {
          "x": -0.104318544,
          "y": -0.125842,
          "z": 0.9865503
        },
        "trans": {
          "x": 0.0,
          "y": 0.0,
          "z": 0.0
        }
      },
      "Blueprint": {
        "PartitionGuid": "9b84aff7-6a00-11e1-b3ec-92a5dceb4711",
        "InstanceGuid": "953eac4f-09a0-0d4f-dc83-6083161af5d4"
      },
      "ObjectVariation": null,
      "StreamRealm": "StreamRealm_None",
      "CastSunShadowEnable": true,
      "Excluded": false
    },
    "4dee3d28-113a-4cb4-8e11-19d60f24ed84": {
      "$type": "ReferenceObjectData",
      "IndexInBlueprint": 9,
      "IsEventConnectionTarget": 3,
      "IsPropertyConnectionTarget": 3,
      "BlueprintTransform": {
        "right": {
          "x": -0.98177516,
          "y": 0.09677151,
          "z": -0.1635629
        },
        "up": {
          "x": 0.02573666,
          "y": 0.92042065,
          "z": 0.39008155
        },
        "forward": {
          "x": 0.18829545,
          "y": 0.37876284,
          "z": -0.90613663
        },
        "trans": {
          "x": -0.6630554,
          "y": 2.7608795,
          "z": -7.897217
        }
      },
      "Blueprint": {
        "PartitionGuid": "9b84aff7-6a00-11e1-b3ec-92a5dceb4711",
        "InstanceGuid": "953eac4f-09a0-0d4f-dc83-6083161af5d4"
      },
      "ObjectVariation": null,
      "StreamRealm": "StreamRealm_None",
      "CastSunShadowEnable": true,
      "Excluded": false
    },
    "76d72839-e7e2-4471-f07f-fd373071249f": {
      "$type": "SpatialPrefabBlueprint",
      "Name": "XP5/Objects/Jumps/003/TrainyardJump_XP5",
      "PropertyConnections": [],
      "LinkConnections": [],
      "EventConnections": [],
      "Descriptor": null,
      "NeedNetworkId": false,
      "InterfaceHasConnections": false,
      "AlwaysCreateEntityBusClient": false,
      "AlwaysCreateEntityBusServer": false,
      "Objects": [
        {
          "PartitionGuid": "2e354f6a-4b71-11e2-a7b3-8a171fc375d5",
          "InstanceGuid": "3b529aa5-0b9d-4364-b953-13ceea0cd14c"
        },
        {
          "PartitionGuid": "2e354f6a-4b71-11e2-a7b3-8a171fc375d5",
          "InstanceGuid": "0218fdda-633f-4acd-ab81-b57dc1c11fc4"
        },
        {
          "PartitionGuid": "2e354f6a-4b71-11e2-a7b3-8a171fc375d5",
          "InstanceGuid": "e321b9c2-9d88-4c42-996b-315432d68edd"
        },
        {
          "PartitionGuid": "2e354f6a-4b71-11e2-a7b3-8a171fc375d5",
          "InstanceGuid": "fd303de0-7eb3-4045-b032-1f19660fc28d"
        },
        {
          "PartitionGuid": "2e354f6a-4b71-11e2-a7b3-8a171fc375d5",
          "InstanceGuid": "049f4b97-479d-4bda-85db-50cf6635774b"
        },
        {
          "PartitionGuid": "2e354f6a-4b71-11e2-a7b3-8a171fc375d5",
          "InstanceGuid": "2d19833f-675b-47c3-8b57-2ea51ff2f3d9"
        },
        {
          "PartitionGuid": "2e354f6a-4b71-11e2-a7b3-8a171fc375d5",
          "InstanceGuid": "17cf2104-f279-457b-ad1f-19e698443df5"
        },
        {
          "PartitionGuid": "2e354f6a-4b71-11e2-a7b3-8a171fc375d5",
          "InstanceGuid": "f91705bb-77ee-4cad-9644-e23226438bce"
        },
        {
          "PartitionGuid": "2e354f6a-4b71-11e2-a7b3-8a171fc375d5",