{
  "Name": "levels/mp_001/mp_001/layer22_polesandwires",
  "PartitionGuid": "c4690045-41dc-43fb-a470-5452e48f76de",
  "PrimaryInstanceGuid": "95c32bdd-5167-48f7-ba89-a428712dfb70",
  "Instances": {
    "0b044ae5-90db-453d-88ab-0f967bc1a735": {
      "$type": "ReferenceObjectData",
      "IndexInBlueprint": 1883,
      "IsEventConnectionTarget": 2,
      "IsPropertyConnectionTarget": 3,
      "BlueprintTransform": {
        "right": {
          "x": -0.16328067,
          "y": 0.009583974,
          "z": -1.9933007
        },
        "up": {
          "x": -0.3343526,
          "y": 1.9715095,
          "z": 0.036867537
        },
        "forward": {
          "x": 1.9650822,
          "y": 0.33624253,
          "z": -0.15935248
        },
        "trans": {
          "x": -56.727146,
          "y": 92.55312,
          "z": -58.01975
        }
      },
      "Blueprint": {
        "PartitionGuid": "9a02c30d-0897-11de-b748-c8a8ceabc6c8",
        "InstanceGuid": "9a02c30e-0897-11de-b748-c8a8ceabc6c8"
      },
      "ObjectVariation": null,
      "StreamRealm": "StreamRealm_None",
      "CastSunShadowEnable": true,
      "Excluded": false
    },
    "3743354a-5e9c-464d-a589-cd57943f6e4f": {
      "$type": "ReferenceObjectData",
      "IndexInBlueprint": 1879,
      "IsEventConnectionTarget": 2,
      "IsPropertyConnectionTarget": 3,
      "BlueprintTransform": {
        "right": {
          "x": -0.16328067,
          "y": 0.009583974,
          "z": -1.9933007
        },
        "up": {
          "x": -0.3343526,
          "y": 1.9715095,
          "z": 0.036867537
        },
        "forward": {
          "x": 1.9650822,
          "y": 0.33624253,
          "z": -0.15935248
        },
        "trans": {
          "x": -56.58993,
          "y": 91.098045,
          "z": -57.783424
        }
      },
      "Blueprint": {
        "PartitionGuid": "9a02c30d-0897-11de-b748-c8a8ceabc6c8",
        "InstanceGuid": "9a02c30e-0897-11de-b748-c8a8ceabc6c8"
      },
      "ObjectVariation": null,
      "StreamRealm": "StreamRealm_None",
      "CastSunShadowEnable": true,
      "Excluded": false
    },
    "7fb014d0-f73b-4317-8697-a6379455509a": {
      "$type": "ReferenceObjectData",
      "IndexInBlueprint": 1878,
      "IsEventConnectionTarget": 2,
      "IsPropertyConnectionTarget": 3,
      "BlueprintTransform": {
        "right": {
          "x": -0.16328067,
          "y": 0.009583974,
          "z": -1.9933007
        },
        "up": {
          "x": -0.3343526,
          "y": 1.9715095,
          "z": 0.036867537
        },
        "forward": {
          "x": 1.9650822,
          "y": 0.33624253,
          "z": -0.15935248
        },
        "trans": {
          "x": -57.1417,
          "y": 92.56484,
          "z": -60.092022
        }
      },
      "Blueprint": {
        "PartitionGuid": "9a02c30d-0897-11de-b748-c8a8ceabc6c8",
        "InstanceGuid": "9a02c30e-0897-11de-b748-c8a8ceabc6c8"
      },
      "ObjectVariation": null,
      "StreamRealm": "StreamRealm_None",
      "CastSunShadowEnable": true,
      "Excluded": false
    },
    "908e591d-68e0-4b37-852f-5f5cd2417343": {
      "$type": "ReferenceObjectData",
      "IndexInBlueprint": 1884,
      "IsEventConnectionTarget": 2,
      "IsPropertyConnectionTarget": 3,
      "BlueprintTransform": {
        "right": {
          "x": -0.018010074,
          "y": 0.005541302,
          "z": -1.9999112
        },
        "up": {
          "x": -0.522969,
          "y": 1.9303888,
          "z": 0.010058167
        },
        "forward": {
          "x": 0.9347354,
          "y": 0.25327292,
          "z": -0.007715952
        },
        "trans": {
          "x": -109.778114,
          "y": 89.401115,
          "z": -148.2594
        }
      },
      "Blueprint": {
        "PartitionGuid": "9a02c30d-0897-11de-b748-c8a8ceabc6c8",
        "InstanceGuid": "9a02c30e-0897-11de-b748-c8a8ceabc6c8"
      },
      "ObjectVariation": null,
      "StreamRealm": "StreamRealm_None",
      "CastSunShadowEnable": true,
      "Excluded": false
    },
    "95c32bdd-5167-48f7-ba89-a428712dfb70": {
      "$type": "WorldPartData",
      "Name": "Levels/MP_001/PolesAndWires",
      "PropertyConnections": [],
      "LinkConnections": [],
      "EventConnections": [],
      "Descriptor": null,
      "NeedNetworkId": false,
      "InterfaceHasConnections": false,
      "AlwaysCreateEntityBusClient": false,
      "AlwaysCreateEntityBusServer": false,
      "Objects": [
        {
          "PartitionGuid": "c4690045-41dc-43fb-a470-5452e48f76de",
          "InstanceGuid": "eb08efb5-de57-4815-a951-9397305f4d16"
        },
        {
          "PartitionGuid": "c4690045-41dc-43fb-a470-5452e48f76de",
          "InstanceGuid": "e2956d50-0621-45e6-b3e3-9d9a247d9756"
        },
        {
          "PartitionGuid": "c4690045-41dc-43fb-a470-5452e48f76de",
          "InstanceGuid": "7fb014d0-f73b-4317-8697-a6379455509a"
        },
        {
          "PartitionGuid": "c4690045-41dc-43fb-a470-5452e48f76de",
          "InstanceGuid": "3743354a-5e9c-464d-a589-cd57943f6e4f"
        },
        {
          "PartitionGuid": "c4690045-41dc-43fb-a470-5452e48f76de",
          "InstanceGuid": "aafae3d2-ce98-40c8-b1f3-c526b5c1a46e"
        },
        {
          "PartitionGuid": "c4690045-41dc-43fb-a470-5452e48f76de",
          "InstanceGuid": "eee3e329-b727-4958-81e3-de08cb97cf1b"
        },
        {
          "PartitionGuid": "c4690045-41dc-43fb-a470-5452e48f76de",
          "InstanceGuid": "ef7f287d-dc3b-4d34-8b38-bdda8c259e98"
        },
        {
          "PartitionGuid": "c4690045-41dc-43fb-a470-5452e48f76de",
          "InstanceGuid": "0b044ae5-90db-453d-88ab-0f967bc1a735"
        },
        {
          "PartitionGuid": "c4690045-41dc-43fb-a470-5452e48f76de",
          "InstanceGuid": "908e591d-68e0-4b37-852f-5f5cd2417343"
        }
      ],
      "HackToSolveRealTimeTweakingIssue": "039f20f8-73f2-0748-086f-adb176a53e6a",
      "UseDeferredEntityCreation": false,
      "Enabled": true
    },
    "aafae3d2-ce98-40c8-b1f3-c526b5c1a46e": {
      "$type": "ReferenceObjectData",
      "IndexInBlueprint": 1880,
      "IsEventConnectionTarget": 2,
      "IsPropertyConnectionTarget": 3,
      "BlueprintTransform": {
        "right": {
          "x": -0.16328067,
          "y": 0.009583974,
          "z": -1.9933007
        },
        "up": {
          "x": -0.3343526,
          "y": 1.9715095,
          "z": 0.036867537
        },
        "forward": {
          "x": 1.9650822,
          "y": 0.33624253,
          "z": -0.15935248
        },
        "trans": {
          "x": -56.560635,
          "y": 91.126366,
          "z": -57.433815
        }
      },
      "Blueprint": {
        "PartitionGuid": "9a02c30d-0897-11de-b748-c8a8ceabc6c8",
        "InstanceGuid": "9a02c30e-0897-11de-b748-c8a8ceabc6c8"
      },
      "ObjectVariation": null,
      "StreamRealm": "StreamRealm_None",
      "CastSunShadowEnable": true,
      "Excluded": false
    },
    "e2956d50-0621-45e6-b3e3-9d9a247d9756": {
      "$type": "ReferenceObjectData",
      "IndexInBlueprint": 1877,
      "IsEventConnectionTarget": 2,
      "IsPropertyConnectionTarget": 3,
      "BlueprintTransform": {
        "right": {
          "x": -0.16328067,
          "y": 0.009583974,
          "z": -1.9933007
        },
        "up": {
          "x": -0.3343526,
          "y": 1.9715095,
          "z": 0.036867537
        },
        "forward": {
          "x": 1.9650822,
          "y": 0.33624253,
          "z": -0.15935248
        },
        "trans": {
          "x": -56.691498,
          "y": 91.922264,
          "z": -59.241306
        }
      },
      "Blueprint": {
        "PartitionGuid": "9a02c30d-0897-11de-b748-c8a8ceabc6c8",