{
  "Name": "levels/mp_001/mp_001/layer13_art_temp",
  "PartitionGuid": "2384fb89-9a92-4b72-a7ed-6c51caa80f8d",
  "PrimaryInstanceGuid": "fe622396-9e1a-4200-a770-c31eca04a182",
  "Instances": {
    "074d02b5-8179-47e9-9841-52d328b776cf": {
      "$type": "ReferenceObjectData",
      "IndexInBlueprint": 513,
      "IsEventConnectionTarget": 3,
      "IsPropertyConnectionTarget": 3,
      "BlueprintTransform": {
        "right": {
          "x": -1.0735515,
          "y": 1.2944043E-10,
          "z": -0.52501506
        },
        "up": {
          "x": -8.95497E-16,
          "y": 1.195054,
          "z": -1.2905137E-09
        },
        "forward": {
          "x": 0.5250152,
          "y": -2.4523108E-09,
          "z": -1.0735517
        },
        "trans": {
          "x": -140.90927,
          "y": 75.79484,
          "z": -207.02803
        }
      },
      "Blueprint": {
        "PartitionGuid": "4b538a56-b2ac-11e0-b533-cd6b96f5b2ee",
        "InstanceGuid": "1ee22385-7657-4f04-4268-4ac60c985e9d"
      },
      "ObjectVariation": null,
      "StreamRealm": "StreamRealm_None",
      "CastSunShadowEnable": true,
      "Excluded": false
    },
    "18b6dcc3-7b8a-4a25-b217-4707fd3fdcdc": {
      "$type": "ReferenceObjectData",
      "IndexInBlueprint": 515,
      "IsEventConnectionTarget": 3,
      "IsPropertyConnectionTarget": 3,
      "BlueprintTransform": {
        "right": {
          "x": 0.9708289,
          "y": 1.2944097E-10,
          "z": 0.6968821
        },
        "up": {
          "x": -2.1545841E-10,
          "y": 1.195054,
          "z": 1.2724006E-09
        },
        "forward": {
          "x": -0.69688225,
          "y": -2.4523104E-09,
          "z": 0.97082907
        },
        "trans": {
          "x": -134.69246,
          "y": 76.58614,
          "z": -207.60599
        }
      },
      "Blueprint": {
        "PartitionGuid": "4b538a56-b2ac-11e0-b533-cd6b96f5b2ee",
        "InstanceGuid": "1ee22385-7657-4f04-4268-4ac60c985e9d"
      },
      "ObjectVariation": null,
      "StreamRealm": "StreamRealm_None",
      "CastSunShadowEnable": false,
      "Excluded": false
    },
    "3257d138-515d-4487-80f8-0e21f9c61dfa": {
      "$type": "ReferenceObjectData",
      "IndexInBlueprint": 514,
      "IsEventConnectionTarget": 3,
      "IsPropertyConnectionTarget": 3,
      "BlueprintTransform": {
        "right": {
          "x": 0.8574061,
          "y": 0.016374664,
          "z": -0.8323103
        },
        "up": {
          "x": 0.04345393,
          "y": 1.1923136,
          "z": 0.068221435
        },
        "forward": {
          "x": 0.83133656,
          "y": -0.07921034,
          "z": 0.8548446
        },
        "trans": {
          "x": -149.17018,
          "y": 75.815765,
          "z": -206.51201
        }
      },
      "Blueprint": {
        "PartitionGuid": "4b538a56-b2ac-11e0-b533-cd6b96f5b2ee",
        "InstanceGuid": "1ee22385-7657-4f04-4268-4ac60c985e9d"
      },
      "ObjectVariation": null,
      "StreamRealm": "StreamRealm_None",
      "CastSunShadowEnable": true,
      "Excluded": false
    },
    "ad6c7cee-a214-4373-a284-63ad28ab997c": {
      "$type": "ReferenceObjectData",
      "IndexInBlueprint": 512,
      "IsEventConnectionTarget": 3,
      "IsPropertyConnectionTarget": 3,
      "BlueprintTransform": {
        "right": {
          "x": 0.91463345,
          "y": -0.074963294,
          "z": 0.76549315
        },
        "up": {
          "x": 3.802847E-09,
          "y": 1.1893647,
          "z": 0.11647224
        },
        "forward": {
          "x": -0.76915497,
          "y": -0.08914192,
          "z": 0.9102794
        },
        "trans": {
          "x": -137.23305,
          "y": 75.96858,
          "z": -207.08698
        }
      },
      "Blueprint": {
        "PartitionGuid": "4b538a56-b2ac-11e0-b533-cd6b96f5b2ee",
        "InstanceGuid": "1ee22385-7657-4f04-4268-4ac60c985e9d"
      },
      "ObjectVariation": null,
      "StreamRealm": "StreamRealm_None",
      "CastSunShadowEnable": false,
      "Excluded": false
    },
    "c11097f0-45d0-4df4-8947-d38a4c7c9aaa": {
      "$type": "ReferenceObjectData",
      "IndexInBlueprint": 517,
      "IsEventConnectionTarget": 3,
      "IsPropertyConnectionTarget": 3,
      "BlueprintTransform": {
        "right": {
          "x": -0.9881278,
          "y": -0.0024450193,
          "z": 0.6721242
        },
        "up": {
          "x": 0.016413765,
          "y": 1.194602,
          "z": 0.028476456
        },
        "forward": {
          "x": -0.6719282,
          "y": 0.032777164,
          "z": -0.98772055
        },
        "trans": {
          "x": -140.85101,
          "y": 75.610405,
          "z": 142.15982
        }
      },
      "Blueprint": {
        "PartitionGuid": "4b538a56-b2ac-11e0-b533-cd6b96f5b2ee",
        "InstanceGuid": "1ee22385-7657-4f04-4268-4ac60c985e9d"
      },
      "ObjectVariation": null,
      "StreamRealm": "StreamRealm_None",
      "CastSunShadowEnable": true,
      "Excluded": false
    },
    "c9462bbb-e55b-4dff-9a22-f4728c9a5166": {
      "$type": "ReferenceObjectData",
      "IndexInBlueprint": 516,
      "IsEventConnectionTarget": 3,
      "IsPropertyConnectionTarget": 3,
      "BlueprintTransform": {
        "right": {
          "x": -0.8299645,
          "y": 0.018562112,
          "z": -0.85963255
        },
        "up": {
          "x": 0.001276816,
          "y": 1.1948009,
          "z": 0.024566684
        },
        "forward": {
          "x": 0.8598321,
          "y": 0.016143095,
          "z": -0.82980853
        },
        "trans": {
          "x": -149.66675,
          "y": 75.60501,
          "z": 142.42705
        }
      },
      "Blueprint": {
        "PartitionGuid": "4b538a56-b2ac-11e0-b533-cd6b96f5b2ee",
        "InstanceGuid": "1ee22385-7657-4f04-4268-4ac60c985e9d"
      },
      "ObjectVariation": null,
      "StreamRealm": "StreamRealm_None",
      "CastSunShadowEnable": true,
      "Excluded": false
    },
    "d4c68d1d-0f16-486b-b4fb-fc63a2e94a78": {
      "$type": "ReferenceObjectData",
      "IndexInBlueprint": 518,
      "IsEventConnectionTarget": 3,
      "IsPropertyConnectionTarget": 3,
      "BlueprintTransform": {
        "right": {
          "x": -1.0465238,
          "y": 0.0,
          "z": -0.577011
        },
        "up": {
          "x": 0.0,
          "y": 1.195054,
          "z": 0.0
        },
        "forward": {
          "x": 0.5770109,
          "y": 0.0,
          "z": -1.0465237
        },
        "trans": {
          "x": 90.56888,
          "y": 74.02333,
          "z": 133.78885
        }
      },
      "Blueprint": {
        "PartitionGuid": "4b538a56-b2ac-11e0-b533-cd6b96f5b2ee",
        "InstanceGuid": "1ee22385-7657-4f04-4268-4ac60c985e9d"
      },
      "ObjectVariation": null,
      "StreamRealm": "StreamRealm_None",
      "CastSunShadowEnable": true,
      "Excluded": false
    },
    "fe622396-9e1a-4200-a770-c31eca04a182": {
      "$type": "WorldPartData",
      "Name": "Levels/MP_001/ART_temp",
      "PropertyConnections": [],
      "LinkConnections": [],
      "EventConnections": [],
      "Descriptor": null,
      "NeedNetworkId": false,
      "InterfaceHasConnections": false,
      "AlwaysCreateEntityBusClient": false,
      "AlwaysCreateEntityBusServer": false,
      "Objects": [
        {
          "PartitionGuid": "2384fb89-9a92-4b72-a7ed-6c51caa80f8d",
          "InstanceGuid": "ad6c7cee-a214-4373-a284-63ad28ab997c"
        },
        {
          "PartitionGuid": "2384fb89-9a92-4b72-a7ed-6c51caa80f8d",
          "InstanceGuid": "074d02b5-8179-47e9-9841-52d328b776cf"
        },
        {
          "PartitionGuid": "2384fb89-9a92-4b72-a7ed-6c51caa80f8d",