{
  "Name": "fx/vehicles/vehiclesdestruction/emitterjet/em_vdest_lowend_jet_mainparent",
  "PartitionGuid": "ff6061d4-385d-4d68-832d-0198c0619050",
  "PrimaryInstanceGuid": "1206d549-e7fb-4ce0-b902-b0d0a5884278",
  "Instances": {
    "04f41486-ace4-46ac-902f-d8555aafda81": {
      "$type": "SpawnRateData",
      "DefaultValues": {
        "x": 1.0,
        "y": 1.0,
        "z": 1.0,
        "w": 1.0
      },
      "NextProcessor": {
        "PartitionGuid": "ff6061d4-385d-4d68-832d-0198c0619050",
        "InstanceGuid": "63e13857-be32-4a04-bc4d-b25637b1fa09"
      },
      "Pre": null,
      "EvaluatorInput": "EfOne",
      "Enable": true,
      "SpawnRate": 50000.0,
      "TrailSegmentLength": 5.0,
      "DistributeOverTime": true,
      "DistributeOverDistance": false
    },
    "1206d549-e7fb-4ce0-b902-b0d0a5884278": {
      "$type": "EmitterTemplateData",
      "PointLightIntensity": {
        "x": 0.0,
        "y": 0.8862693,
        "z": -1.8847846,
        "w": 0.99
      },
      "PointLightPivot": {
        "x": 0.0,
        "y": 0.0,
        "z": 0.0
      },
      "PointLightColor": {
        "x": 400.0,
        "y": 74.892,
        "z": 5.724
      },
      "MaxCount": 8,
      "Name": "FX/Vehicles/VehiclesDestruction/EmitterJet/Em_VDest_LowEnd_Jet_MainParent",
      "TimeScale": 1.0,
      "LifetimeFrameCount": 0,
      "Lifetime": 1.0,
      "RootProcessor": {
        "PartitionGuid": "ff6061d4-385d-4d68-832d-0198c0619050",
        "InstanceGuid": "5428bcc9-7042-47d9-b89c-e04dd77ee1a8"
      },
      "VisibleAfterDistance": 0.0,
      "ZOcclusionLookup": [
        0.12121582,
        0.12121582,
        0.12121582,
        0.12121582,
        0.12121582,
        0.12121582,
        0.12121582,
        0.12121582,
        0.12121582,
        0.12121582,
        0.12121582,
        0.12121582,
        0.12121582,
        0.12121582,
        0.12121582,
        0.12121582,
        0.12121582,
        0.12121582,
        0.12121582,
        0.12121582,
        0.12121582,
        0.12121582,
        0.12121582,
        0.12121582,
        0.12121582,
        0.12121582,
        0.12121582,
        0.12121582,
        0.12121582,
        0.12121582,
        0.12121582,
        0.12121582,
        0.12121582
      ],
      "EmittableType": "ScreenAlignedQuad",
      "Mesh": null,
      "DistanceScaleNearValue": 1.0,
      "PointLightRadius": 40.0,
      "VertexPixelLightingBlendFactor": 0.0,
      "GlobalLocalNormalBlendFactor": 1.0,
      "SoftParticlesFadeDistanceMultiplier": 0.0,
      "LightWrapAroundFactor": 0.5,
      "LightMultiplier": 1.0,
      "DistanceScaleFarValue": 3.0,
      "PointLightRandomIntensityMin": 1.0,
      "MeshCullingDistance": 0.0,
      "PointLightRandomIntensityMax": 1.0,
      "MaxSpawnDistance": 0.0,
      "MinScreenArea": 1.0,
      "DistanceScaleLength": 500.0,
      "PointLightMaxClamp": 1.0,
      "ParticleCullingFactor": 0.8,
      "PointLightMinClamp": 0.0,
      "FollowSpawnSource": false,
      "RepeatParticleSpawning": false,
      "Emissive": false,
      "ExclusionVolumeCullEnable": false,
      "TransparencySunShadowEnable": false,
      "ForceFullRes": false,
      "LocalSpace": false,
      "Opaque": true,
      "ActAsPointLight": true,
      "KillParticlesWithEmitter": false,
      "ForceNiceSorting": false
    },
    "1d0f9327-ab27-3f9a-41fd-4295a6d2ec22": {
      "$type": "UpdateTransparencyData",
      "DefaultValues": {
        "x": 1.0,
        "y": 1.0,
        "z": 1.0,
        "w": 1.0
      },
      "NextProcessor": {
        "PartitionGuid": "ff6061d4-385d-4d68-832d-0198c0619050",
        "InstanceGuid": "eace818a-aa77-8eda-dcf1-d1b35ea165ce"
      },
      "Pre": null,
      "EvaluatorInput": "EfNormTime",
      "Enable": true,
      "CullThreshold": 0.2
    },
    "230316d5-c021-4486-aefc-d22fb48089fb": {
      "$type": "SpawnSizeData",
      "DefaultValues": {
        "x": 1.0,
        "y": 1.0,
        "z": 1.0,
        "w": 1.0
      },
      "NextProcessor": {
        "PartitionGuid": "ff6061d4-385d-4d68-832d-0198c0619050",
        "InstanceGuid": "a9302142-4c73-4491-9f41-33e24e5f684e"
      },
      "Pre": null,
      "EvaluatorInput": "EfOne",
      "Enable": true,
      "Size": 0.0001
    },
    "29c52b90-632c-4143-962d-a1fe6341e84c": {
      "$type": "RandomEvaluatorData",
      "EmitterParameter": "EmitterParameterDistance",
      "Max": 1.0,
      "Min": 0.4
    },
    "42a35045-608f-94f0-26a9-b03336868fb0": {
      "$type": "UpdateLinearVelocityData",
      "DefaultValues": {
        "x": 1.0,
        "y": 1.0,
        "z": 1.0,
        "w": 1.0
      },
      "NextProcessor": null,
      "Pre": null,
      "EvaluatorInput": "EfNormTime",
      "Enable": true
    },
    "46c1d7a4-8bc7-2297-dbf4-1092e82f5856": {
      "$type": "UpdateClipScaleData",
      "DefaultValues": {
        "x": 1.0,
        "y": 1.0,
        "z": 1.0,
        "w": 1.0
      },
      "NextProcessor": {
        "PartitionGuid": "ff6061d4-385d-4d68-832d-0198c0619050",
        "InstanceGuid": "42a35045-608f-94f0-26a9-b03336868fb0"
      },
      "Pre": null,
      "EvaluatorInput": "EfNormTime",
      "Enable": true,
      "Lookup": [
        32767,
        32767,
        32767,
        32767,
        29951,
        29695,
        29439,
        28671,
        29951,
        29695,
        29439,
        28671,
        29951,
        29695,
        29439,
        28671,
        29951,
        29695,
        29439,
        28671,
        29951,
        29695,
        29439,
        28671,
        29951,
        29695,
        29439,
        28671,
        29951,
        29695,
        29439,
        28671,
        29951,
        29695,
        29439,
        28671,
        29951,
        29695,
        29439,
        28671,
        29951,
        29695,
        29439,
        28671,
        29951,
        29695,
        29439,
        28671,
        29951,
        29695,
        29439,
        28671,
        29951,
        29695,
        29439,
        28671,
        29951,
        29695,
        29439,
        28671,
        29951,
        29695,
        29439,
        28671,
        29951,
        29695,
        29439,
        28671,
        29951,
        29695,
        29439,
        28671,
        29951,
        29695,
        29439,
        28671,
        29951,
        29695,
        29439,
        28671,
        29951,
        29695,
        29439,
        28671,
        29951,
        29695,
        29439,
        28671,
        29951,
        29695,
        29439,
        28671,
        29951,
        29695,
        29439,
        28671,
        29951,
        29695,
        29439,
        28671,
        29951,
        29695,
        29439,
        28671,
        29951,
        29695,
        29439,
        28671,
        29951,
        29695,
        29439,
        28671,
        29951,
        29695,
        29439,
        28671,
        29951,
        29695,
        29439,
        28671,
        29951,
        29695,
        29439,
        28671,
        29951,
        29695,
        29439,
        28671,
        29951,
        29695,
        29439,
        28671
      ]
    },
    "53a31f6f-7dda-41ee-711a-ec4665d80ec0": {
      "$type": "UpdateColorData",
      "DefaultValues": {
        "x": 1.0,
        "y": 1.0,
        "z": 1.0,
        "w": 1.0
      },
      "NextProcessor": {
        "PartitionGuid": "ff6061d4-385d-4d68-832d-0198c0619050",
        "InstanceGuid": "1d0f9327-ab27-3f9a-41fd-4295a6d2ec22"
      },
      "Pre": null,
      "EvaluatorInput": "EfNormTime",
      "Enable": true,
      "Color": {
        "x": 1.0,
        "y": 1.0,