{
  "Name": "levels/mp_011/mp_011/layer39_interiorlights",
  "PartitionGuid": "ab0a6703-37c7-4e18-8846-438d516440cc",
  "PrimaryInstanceGuid": "874c6729-3b3a-4eb3-a7a6-686e87f94312",
  "Instances": {
    "92cad7aa-3267-4c1b-9028-260fa6ebe32e": {
      "$type": "ReferenceObjectData",
      "BlueprintTransform": {
        "right": {
          "x": -1.3113417E-07,
          "y": -1.474817E-14,
          "z": 1.0
        },
        "up": {
          "x": 8.742278E-08,
          "y": -1.0,
          "z": -6.8520827E-22
        },
        "forward": {
          "x": 1.0,
          "y": 8.742278E-08,
          "z": 1.3113417E-07
        },
        "trans": {
          "x": 53.824577,
          "y": 9.936334,
          "z": -90.82229
        }
      },
      "Blueprint": {
        "PartitionGuid": "6cbbcd36-978f-4023-a6bb-34b159ee3cb7",
        "InstanceGuid": "307e37b5-bdd4-47d0-8595-a6541564b51c"
      },
      "ObjectVariation": null,
      "StreamRealm": 0,
      "CastSunShadowEnable": true,
      "Excluded": false,
      "IndexInBlueprint": 3721,
      "IsEventConnectionTarget": 3,
      "IsPropertyConnectionTarget": 3
    },
    "1281fd3b-4c84-4b01-ae84-1ee447b2f864": {
      "$type": "ReferenceObjectData",
      "BlueprintTransform": {
        "right": {
          "x": -1.3113417E-07,
          "y": -1.474817E-14,
          "z": 1.0
        },
        "up": {
          "x": 8.742278E-08,
          "y": -1.0,
          "z": -1.2937676E-21
        },
        "forward": {
          "x": 1.0,
          "y": 8.742278E-08,
          "z": 1.3113417E-07
        },
        "trans": {
          "x": 53.824577,
          "y": 13.788669,
          "z": -90.82229
        }
      },
      "Blueprint": {
        "PartitionGuid": "6cbbcd36-978f-4023-a6bb-34b159ee3cb7",
        "InstanceGuid": "307e37b5-bdd4-47d0-8595-a6541564b51c"
      },
      "ObjectVariation": null,
      "StreamRealm": 0,
      "CastSunShadowEnable": true,
      "Excluded": false,
      "IndexInBlueprint": 3722,
      "IsEventConnectionTarget": 3,
      "IsPropertyConnectionTarget": 3
    },
    "e8e8a5bf-2609-4d09-8b48-c63c5b291539": {
      "$type": "ReferenceObjectData",
      "BlueprintTransform": {
        "right": {
          "x": -1.3113417E-07,
          "y": -1.474817E-14,
          "z": 1.0
        },
        "up": {
          "x": 8.742278E-08,
          "y": -1.0,
          "z": -1.0958647E-21
        },
        "forward": {
          "x": 1.0,
          "y": 8.742278E-08,
          "z": 1.3113417E-07
        },
        "trans": {
          "x": 53.824577,
          "y": 17.616333,
          "z": -90.82229
        }
      },
      "Blueprint": {
        "PartitionGuid": "6cbbcd36-978f-4023-a6bb-34b159ee3cb7",
        "InstanceGuid": "307e37b5-bdd4-47d0-8595-a6541564b51c"
      },
      "ObjectVariation": null,
      "StreamRealm": 0,
      "CastSunShadowEnable": true,
      "Excluded": false,
      "IndexInBlueprint": 3723,
      "IsEventConnectionTarget": 3,
      "IsPropertyConnectionTarget": 3
    },
    "1242add0-3bb5-4e3c-b2b5-ed7bde3df8c8": {
      "$type": "ReferenceObjectData",
      "BlueprintTransform": {
        "right": {
          "x": 2.384186E-07,
          "y": -1.0,
          "z": 4.3711402E-08
        },
        "up": {
          "x": 1.0,
          "y": 1.192093E-07,
          "z": -2.7913004E-23
        },
        "forward": {
          "x": -1.1920932E-07,
          "y": 1.6292068E-07,
          "z": 1.0
        },
        "trans": {
          "x": 47.62626,
          "y": 15.781897,
          "z": -89.84755
        }
      },
      "Blueprint": {
        "PartitionGuid": "6cbbcd36-978f-4023-a6bb-34b159ee3cb7",
        "InstanceGuid": "307e37b5-bdd4-47d0-8595-a6541564b51c"
      },
      "ObjectVariation": null,
      "StreamRealm": 0,
      "CastSunShadowEnable": true,
      "Excluded": false,
      "IndexInBlueprint": 3724,
      "IsEventConnectionTarget": 3,
      "IsPropertyConnectionTarget": 3
    },
    "800f964d-9469-4c5a-a7fa-9a8275344ad0": {
      "$type": "ReferenceObjectData",
      "BlueprintTransform": {
        "right": {
          "x": 2.384186E-07,
          "y": -1.0,
          "z": 4.3711402E-08
        },
        "up": {
          "x": 1.0,
          "y": 1.192093E-07,
          "z": -7.0562434E-23
        },
        "forward": {
          "x": -1.1920932E-07,
          "y": 1.6292068E-07,
          "z": 1.0
        },
        "trans": {
          "x": 47.62626,
          "y": 11.946182,
          "z": -89.84755
        }
      },
      "Blueprint": {
        "PartitionGuid": "6cbbcd36-978f-4023-a6bb-34b159ee3cb7",
        "InstanceGuid": "307e37b5-bdd4-47d0-8595-a6541564b51c"
      },
      "ObjectVariation": null,
      "StreamRealm": 0,
      "CastSunShadowEnable": true,
      "Excluded": false,
      "IndexInBlueprint": 3725,
      "IsEventConnectionTarget": 3,
      "IsPropertyConnectionTarget": 3
    },
    "014fd7be-c0b1-45b6-a5ee-778873aa9f77": {
      "$type": "ReferenceObjectData",
      "BlueprintTransform": {
        "right": {
          "x": -1.3113417E-07,
          "y": -1.474817E-14,
          "z": 1.0
        },
        "up": {
          "x": 8.742278E-08,
          "y": -1.0,
          "z": -1.92891E-23
        },
        "forward": {
          "x": 1.0,
          "y": 8.742278E-08,
          "z": 1.3113417E-07
        },
        "trans": {
          "x": 54.82459,
          "y": 26.576334,
          "z": 151.09769
        }
      },
      "Blueprint": {
        "PartitionGuid": "6cbbcd36-978f-4023-a6bb-34b159ee3cb7",
        "InstanceGuid": "307e37b5-bdd4-47d0-8595-a6541564b51c"
      },
      "ObjectVariation": null,
      "StreamRealm": 0,
      "CastSunShadowEnable": true,
      "Excluded": false,
      "IndexInBlueprint": 3726,
      "IsEventConnectionTarget": 3,
      "IsPropertyConnectionTarget": 3
    },
    "2def0887-4710-44da-a97e-0816d1fc4b55": {
      "$type": "ReferenceObjectData",
      "BlueprintTransform": {
        "right": {
          "x": -1.3113417E-07,
          "y": -1.474817E-14,
          "z": 1.0
        },
        "up": {
          "x": 8.742278E-08,
          "y": -1.0,
          "z": 1.7861386E-22
        },
        "forward": {
          "x": 1.0,
          "y": 8.742278E-08,
          "z": 1.3113417E-07
        },
        "trans": {
          "x": 54.82459,
          "y": 22.748669,
          "z": 151.09769
        }
      },
      "Blueprint": {
        "PartitionGuid": "6cbbcd36-978f-4023-a6bb-34b159ee3cb7",
        "InstanceGuid": "307e37b5-bdd4-47d0-8595-a6541564b51c"
      },
      "ObjectVariation": null,
      "StreamRealm": 0,
      "CastSunShadowEnable": true,
      "Excluded": false,
      "IndexInBlueprint": 3727,
      "IsEventConnectionTarget": 3,
      "IsPropertyConnectionTarget": 3
    },
    "4f5fd4aa-e50c-4932-95f9-0cf9f8013c78": {
      "$type": "ReferenceObjectData",
      "BlueprintTransform": {
        "right": {
          "x": 2.384186E-07,
          "y": -1.0,
          "z": 4.3711402E-08
        },
        "up": {
          "x": 1.0,
          "y": 1.192093E-07,
          "z": 0.0
        },
        "forward": {
          "x": -1.1920932E-07,
          "y": 1.6292068E-07,
          "z": 1.0
        },
        "trans": {
          "x": 48.62627,
          "y": 20.906183,
          "z": 152.07243
        }
      },
      "Blueprint": {
        "PartitionGuid": "6cbbcd36-978f-4023-a6bb-34b159ee3cb7",
        "InstanceGuid": "307e37b5-bdd4-47d0-8595-a6541564b51c"
      },
      "ObjectVariation": null,
      "StreamRealm": 0,
      "CastSunShadowEnable": true,
      "Excluded": false,
      "IndexInBlueprint": 3728,
      "IsEventConnectionTarget": 3,