{
  "Name": "levels/mp_011/mp_011/layer7_meshdecals",
  "PartitionGuid": "84a19215-7c7e-4a5d-b426-dff679d2a53f",
  "PrimaryInstanceGuid": "bfde4a80-10d8-4af4-aaf8-a1acd59cd1d3",
  "Instances": {
    "0630d0f4-09d6-47a5-97a6-c4c72a30a3fb": {
      "$type": "ReferenceObjectData",
      "IndexInBlueprint": 1689,
      "IsEventConnectionTarget": 3,
      "IsPropertyConnectionTarget": 3,
      "BlueprintTransform": {
        "right": {
          "x": 0.55544716,
          "y": -4.065018E-09,
          "z": -1.3368716
        },
        "up": {
          "x": 1.1831202E-07,
          "y": 1.4476697,
          "z": 4.4754703E-08
        },
        "forward": {
          "x": 1.3368716,
          "y": -1.2642855E-07,
          "z": 0.555447
        },
        "trans": {
          "x": 72.93555,
          "y": 10.092397,
          "z": 178.84837
        }
      },
      "Blueprint": {
        "PartitionGuid": "249b5afa-06b5-11e0-a001-954e33dd9b0b",
        "InstanceGuid": "046f570e-1aa5-9d58-24eb-5a7718fc52e4"
      },
      "ObjectVariation": null,
      "StreamRealm": 0,
      "CastSunShadowEnable": true,
      "Excluded": false
    },
    "1b9c744d-09a3-4090-a719-5abd1802a011": {
      "$type": "ReferenceObjectData",
      "IndexInBlueprint": 1695,
      "IsEventConnectionTarget": 3,
      "IsPropertyConnectionTarget": 3,
      "BlueprintTransform": {
        "right": {
          "x": -0.6838576,
          "y": -0.00013958062,
          "z": 0.49776363
        },
        "up": {
          "x": -0.00016864968,
          "y": 0.8458309,
          "z": 5.482994E-06
        },
        "forward": {
          "x": -0.49776363,
          "y": -9.481574E-05,
          "z": -0.6838576
        },
        "trans": {
          "x": -51.88342,
          "y": 1.3081548,
          "z": 80.93367
        }
      },
      "Blueprint": {
        "PartitionGuid": "249b5afa-06b5-11e0-a001-954e33dd9b0b",
        "InstanceGuid": "046f570e-1aa5-9d58-24eb-5a7718fc52e4"
      },
      "ObjectVariation": null,
      "StreamRealm": 0,
      "CastSunShadowEnable": true,
      "Excluded": false
    },
    "28ff4aab-b1de-4859-a748-88c89cbab6db": {
      "$type": "ReferenceObjectData",
      "IndexInBlueprint": 1693,
      "IsEventConnectionTarget": 3,
      "IsPropertyConnectionTarget": 3,
      "BlueprintTransform": {
        "right": {
          "x": -0.69580996,
          "y": -0.00012789133,
          "z": -0.9434355
        },
        "up": {
          "x": -0.00021542504,
          "y": 1.1722722,
          "z": -3.0433302E-08
        },
        "forward": {
          "x": 0.94343543,
          "y": 0.00017335432,
          "z": -0.69580996
        },
        "trans": {
          "x": -51.645668,
          "y": 1.2908684,
          "z": 93.24149
        }
      },
      "Blueprint": {
        "PartitionGuid": "249b5afa-06b5-11e0-a001-954e33dd9b0b",
        "InstanceGuid": "046f570e-1aa5-9d58-24eb-5a7718fc52e4"
      },
      "ObjectVariation": null,
      "StreamRealm": 0,
      "CastSunShadowEnable": true,
      "Excluded": false
    },
    "5750a241-c95f-4ed0-9cb4-aea32972a7ab": {
      "$type": "ReferenceObjectData",
      "IndexInBlueprint": 1702,
      "IsEventConnectionTarget": 3,
      "IsPropertyConnectionTarget": 3,
      "BlueprintTransform": {
        "right": {
          "x": -0.7365954,
          "y": -2.955334E-07,
          "z": -0.47777134
        },
        "up": {
          "x": 2.6793286E-08,
          "y": 0.87797356,
          "z": -5.843773E-07
        },
        "forward": {
          "x": 0.47777134,
          "y": -5.04864E-07,
          "z": -0.7365953
        },
        "trans": {
          "x": 98.20766,
          "y": 1.2800236,
          "z": -66.46209
        }
      },
      "Blueprint": {
        "PartitionGuid": "249b5afa-06b5-11e0-a001-954e33dd9b0b",
        "InstanceGuid": "046f570e-1aa5-9d58-24eb-5a7718fc52e4"
      },
      "ObjectVariation": null,
      "StreamRealm": 0,
      "CastSunShadowEnable": true,
      "Excluded": false
    },
    "6830bbc2-c987-42ff-99f3-a5fdadae7929": {
      "$type": "ReferenceObjectData",
      "IndexInBlueprint": 1697,
      "IsEventConnectionTarget": 3,
      "IsPropertyConnectionTarget": 3,
      "BlueprintTransform": {
        "right": {
          "x": 0.59811616,
          "y": 3.6654026E-08,
          "z": -0.8385462
        },
        "up": {
          "x": 3.6654004E-08,
          "y": 1.0300012,
          "z": 7.1167264E-08
        },
        "forward": {
          "x": 0.83854616,
          "y": -7.116725E-08,
          "z": 0.59811604
        },
        "trans": {
          "x": -15.514983,
          "y": 1.1604538,
          "z": -62.599476
        }
      },
      "Blueprint": {
        "PartitionGuid": "249b5afa-06b5-11e0-a001-954e33dd9b0b",
        "InstanceGuid": "046f570e-1aa5-9d58-24eb-5a7718fc52e4"
      },
      "ObjectVariation": null,
      "StreamRealm": 0,
      "CastSunShadowEnable": true,
      "Excluded": false
    },
    "9b574b66-f650-4bad-a4bd-930539e1727a": {
      "$type": "ReferenceObjectData",
      "IndexInBlueprint": 1690,
      "IsEventConnectionTarget": 3,
      "IsPropertyConnectionTarget": 3,
      "BlueprintTransform": {
        "right": {
          "x": -0.8592732,
          "y": -4.0650225E-09,
          "z": -1.1650736
        },
        "up": {
          "x": 9.933598E-08,
          "y": 1.4476696,
          "z": -7.8313974E-08
        },
        "forward": {
          "x": 1.1650735,
          "y": -1.2642855E-07,
          "z": -0.85927343
        },
        "trans": {
          "x": 64.32025,
          "y": 10.092397,
          "z": 179.4135
        }
      },
      "Blueprint": {
        "PartitionGuid": "249b5afa-06b5-11e0-a001-954e33dd9b0b",
        "InstanceGuid": "046f570e-1aa5-9d58-24eb-5a7718fc52e4"
      },
      "ObjectVariation": null,
      "StreamRealm": 0,
      "CastSunShadowEnable": true,
      "Excluded": false
    },
    "9c31cea3-ebb3-4cf0-bc62-6f7d4e0f9cb8": {
      "$type": "ReferenceObjectData",
      "IndexInBlueprint": 1688,
      "IsEventConnectionTarget": 3,
      "IsPropertyConnectionTarget": 3,
      "BlueprintTransform": {
        "right": {
          "x": 1.2041671,
          "y": -3.7424495E-09,
          "z": 0.57124317
        },
        "up": {
          "x": -4.6506816E-08,
          "y": 1.332793,
          "z": 1.06766976E-07
        },
        "forward": {
          "x": -0.5712429,
          "y": -1.163962E-07,
          "z": 1.2041671
        },
        "trans": {
          "x": 79.14014,
          "y": 10.101162,
          "z": 180.58086
        }
      },
      "Blueprint": {
        "PartitionGuid": "249b5afa-06b5-11e0-a001-954e33dd9b0b",
        "InstanceGuid": "046f570e-1aa5-9d58-24eb-5a7718fc52e4"
      },
      "ObjectVariation": null,
      "StreamRealm": 0,
      "CastSunShadowEnable": true,
      "Excluded": false
    },
    "a04d5d3e-41dc-4cec-bdcb-5d3a9483a628": {
      "$type": "ReferenceObjectData",
      "IndexInBlueprint": 1696,
      "IsEventConnectionTarget": 3,
      "IsPropertyConnectionTarget": 3,
      "BlueprintTransform": {
        "right": {
          "x": 0.5981161,
          "y": -6.539272E-07,
          "z": -0.8385463
        },
        "up": {
          "x": 5.49295E-07,
          "y": 1.0300012,
          "z": -4.1141783E-07
        },
        "forward": {
          "x": 0.8385461,
          "y": -2.0829366E-07,
          "z": 0.598116
        },
        "trans": {
          "x": -15.158513,
          "y": 1.3144579,
          "z": -58.647762
        }
      },
      "Blueprint": {
        "PartitionGuid": "249b5afa-06b5-11e0-a001-954e33dd9b0b",