{
  "Name": "levels/mp_011/rush/layer16_rush_cameras",
  "PartitionGuid": "732a8608-2708-41fe-ac2c-f93dca298e73",
  "PrimaryInstanceGuid": "4239ed35-05aa-4a7e-903c-d3ad5864cefe",
  "Instances": {
    "f36d52b0-dc68-4d4a-87bb-87b8265cced5": {
      "$type": "CameraEntityData",
      "IsEventConnectionTarget": 3,
      "IsPropertyConnectionTarget": 3,
      "IndexInBlueprint": 190,
      "Transform": {
        "right": {
          "x": 0.062377423,
          "y": 0.0019287759,
          "z": -0.9980507
        },
        "up": {
          "x": 0.22698441,
          "y": 0.9737632,
          "z": 0.016068185
        },
        "forward": {
          "x": 0.9718981,
          "y": -0.2275445,
          "z": 0.060302895
        },
        "trans": {
          "x": 137.85793,
          "y": 9.078088,
          "z": -102.78866
        }
      },
      "NameId": "",
      "Priority": 1,
      "Enabled": true,
      "Fov": 0.0
    },
    "19234f41-8e7c-47d0-91cd-eb55a49db154": {
      "$type": "CameraEntityData",
      "IsEventConnectionTarget": 3,
      "IsPropertyConnectionTarget": 3,
      "IndexInBlueprint": 191,
      "Transform": {
        "right": {
          "x": 0.85589725,
          "y": 4.562743E-09,
          "z": 0.517146
        },
        "up": {
          "x": 0.07708619,
          "y": 0.98882806,
          "z": -0.12758069
        },
        "forward": {
          "x": -0.5113685,
          "y": 0.14906076,
          "z": 0.8463352
        },
        "trans": {
          "x": 6.0543,
          "y": 8.767026,
          "z": 13.235862
        }
      },
      "NameId": "",
      "Priority": 1,
      "Enabled": true,
      "Fov": 0.0
    },
    "dcf777cd-5165-4f2a-92c2-3673fe5e1282": {
      "$type": "CameraEntityData",
      "IsEventConnectionTarget": 3,
      "IsPropertyConnectionTarget": 3,
      "IndexInBlueprint": 192,
      "Transform": {
        "right": {
          "x": 0.19240735,
          "y": 0.016226307,
          "z": -0.98118085
        },
        "up": {
          "x": -0.23643371,
          "y": 0.9711749,
          "z": -0.030303255
        },
        "forward": {
          "x": 0.9524065,
          "y": 0.23781477,
          "z": 0.1906975
        },
        "trans": {
          "x": 101.55652,
          "y": 7.7835603,
          "z": -69.27502
        }
      },
      "NameId": "",
      "Priority": 1,
      "Enabled": true,
      "Fov": 0.0
    },
    "6313d6dc-884c-4924-9e86-e73aa6a6797d": {
      "$type": "CameraEntityData",
      "IsEventConnectionTarget": 3,
      "IsPropertyConnectionTarget": 3,
      "IndexInBlueprint": 193,
      "Transform": {
        "right": {
          "x": 0.5608289,
          "y": -0.0065539866,
          "z": -0.82790565
        },
        "up": {
          "x": 0.26726535,
          "y": 0.94786686,
          "z": 0.17354372
        },
        "forward": {
          "x": 0.783607,
          "y": -0.31859884,
          "z": 0.5333428
        },
        "trans": {
          "x": -26.34039,
          "y": 2.1891224,
          "z": 115.16667
        }
      },
      "NameId": "",
      "Priority": 1,
      "Enabled": true,
      "Fov": 0.0
    },
    "d2518738-e659-4508-bd90-a9678986c4bf": {
      "$type": "CameraEntityData",
      "IsEventConnectionTarget": 3,
      "IsPropertyConnectionTarget": 3,
      "IndexInBlueprint": 194,
      "Transform": {
        "right": {
          "x": -0.99932814,
          "y": -0.014064275,
          "z": -0.03383662
        },
        "up": {
          "x": -0.01757401,
          "y": 0.994235,
          "z": 0.10577352
        },
        "forward": {
          "x": 0.03215392,
          "y": 0.10629714,
          "z": -0.9938144
        },
        "trans": {
          "x": 15.177111,
          "y": 6.3252916,
          "z": -36.313877
        }
      },
      "NameId": "",
      "Priority": 1,
      "Enabled": true,
      "Fov": 0.0
    },
    "09116da3-9ba9-4539-ba68-dd7ddcba4a07": {
      "$type": "CameraEntityData",
      "IsEventConnectionTarget": 3,
      "IsPropertyConnectionTarget": 3,
      "IndexInBlueprint": 195,
      "Transform": {
        "right": {
          "x": 0.8232234,
          "y": 4.25799E-10,
          "z": -0.5677173
        },
        "up": {
          "x": -0.01071941,
          "y": 0.9998216,
          "z": -0.015543772
        },
        "forward": {
          "x": 0.5676161,
          "y": 0.018881595,
          "z": 0.8230767
        },
        "trans": {
          "x": 77.32444,
          "y": 15.3463125,
          "z": 220.34518
        }
      },
      "NameId": "",
      "Priority": 1,
      "Enabled": true,
      "Fov": 0.0
    },
    "3030f534-4ba1-4409-904b-b5b798b31a28": {
      "$type": "CameraEntityData",
      "IsEventConnectionTarget": 3,
      "IsPropertyConnectionTarget": 3,
      "IndexInBlueprint": 196,
      "Transform": {
        "right": {
          "x": -0.48947734,
          "y": -6.769291E-10,
          "z": 0.8720159
        },
        "up": {
          "x": -0.04285405,
          "y": 0.9987917,
          "z": -0.024054702
        },
        "forward": {
          "x": -0.8709625,
          "y": -0.049143657,
          "z": -0.4888861
        },
        "trans": {
          "x": -18.127163,
          "y": 19.65315,
          "z": 320.6145
        }
      },
      "NameId": "",
      "Priority": 1,
      "Enabled": true,
      "Fov": 0.0
    },
    "4706c798-65ad-4c07-9a58-d2db5011dbac": {
      "$type": "CameraEntityData",
      "IsEventConnectionTarget": 3,
      "IsPropertyConnectionTarget": 3,
      "IndexInBlueprint": 197,
      "Transform": {
        "right": {
          "x": -0.95914066,
          "y": 2.9456748E-08,
          "z": 0.28292918
        },
        "up": {
          "x": -0.072899096,
          "y": 0.96623605,
          "z": -0.24713066
        },
        "forward": {
          "x": -0.27337638,
          "y": -0.2576582,
          "z": -0.92675626
        },
        "trans": {
          "x": -48.085102,
          "y": 3.49601,
          "z": 91.84771
        }
      },
      "NameId": "",
      "Priority": 1,
      "Enabled": true,
      "Fov": 0.0
    },
    "4239ed35-05aa-4a7e-903c-d3ad5864cefe": {
      "$type": "WorldPartData",
      "Name": "Levels/MP_011/Rush_Cameras",
      "PropertyConnections": [],
      "LinkConnections": [],
      "EventConnections": [],
      "Descriptor": null,
      "NeedNetworkId": false,
      "InterfaceHasConnections": false,
      "AlwaysCreateEntityBusClient": false,
      "AlwaysCreateEntityBusServer": false,
      "Objects": [
        {
          "PartitionGuid": "732a8608-2708-41fe-ac2c-f93dca298e73",
          "InstanceGuid": "f36d52b0-dc68-4d4a-87bb-87b8265cced5"
        },
        {
          "PartitionGuid": "732a8608-2708-41fe-ac2c-f93dca298e73",
          "InstanceGuid": "19234f41-8e7c-47d0-91cd-eb55a49db154"
        },
        {
          "PartitionGuid": "732a8608-2708-41fe-ac2c-f93dca298e73",
          "InstanceGuid": "dcf777cd-5165-4f2a-92c2-3673fe5e1282"
        },
        {
          "PartitionGuid": "732a8608-2708-41fe-ac2c-f93dca298e73",
          "InstanceGuid": "6313d6dc-884c-4924-9e86-e73aa6a6797d"
        },
        {
          "PartitionGuid": "732a8608-2708-41fe-ac2c-f93dca298e73",
          "InstanceGuid": "d2518738-e659-4508-bd90-a9678986c4bf"
        },
        {
          "PartitionGuid": "732a8608-2708-41fe-ac2c-f93dca298e73",
          "InstanceGuid": "09116da3-9ba9-4539-ba68-dd7ddcba4a07"
        },
        {
          "PartitionGuid": "732a8608-2708-41fe-ac2c-f93dca298e73",