{
  "Name": "levels/mp_011/teamdeathmatch_01/layer0_teamdeathmatch_01_art",
  "PartitionGuid": "819fd658-e309-4e55-a903-cf194c2ec9fc",
  "PrimaryInstanceGuid": "f6ea2364-57c7-4295-98fc-f5ac5a420c10",
  "Instances": {
    "3b59dfc6-a439-4c04-93c2-f3e4dfdb9732": {
      "$type": "PredestructionEntityData",
      "IsEventConnectionTarget": 3,
      "IsPropertyConnectionTarget": 3,
      "IndexInBlueprint": 19,
      "Transform": {
        "right": {
          "x": 0.70710325,
          "y": 1.3612915E-15,
          "z": 0.70710325
        },
        "up": {
          "x": 0.0,
          "y": 1.0,
          "z": 0.0
        },
        "forward": {
          "x": -0.70710325,
          "y": 1.3612915E-15,
          "z": 0.70710325
        },
        "trans": {
          "x": 125.591415,
          "y": 6.0800014,
          "z": -72.26176
        }
      },
      "Enabled": true,
      "Components": [],
      "RuntimeComponentCount": 0,
      "Radius": 0.25
    },
    "a10920d5-a451-4903-bdc3-72b938c6a70b": {
      "$type": "PredestructionEntityData",
      "IsEventConnectionTarget": 3,
      "IsPropertyConnectionTarget": 3,
      "IndexInBlueprint": 20,
      "Transform": {
        "right": {
          "x": 0.7071031,
          "y": 1.3612912E-15,
          "z": 0.7071031
        },
        "up": {
          "x": 0.0,
          "y": 1.0,
          "z": 0.0
        },
        "forward": {
          "x": -0.7071031,
          "y": 1.3612912E-15,
          "z": 0.7071031
        },
        "trans": {
          "x": 134.64233,
          "y": 6.0800014,
          "z": -63.21085
        }
      },
      "Enabled": true,
      "Components": [],
      "RuntimeComponentCount": 0,
      "Radius": 0.25
    },
    "a0148b88-6e7b-4eb9-b816-71d2c7150bc1": {
      "$type": "ReferenceObjectData",
      "BlueprintTransform": {
        "right": {
          "x": -0.9945061,
          "y": 5.64351E-07,
          "z": 0.104678564
        },
        "up": {
          "x": 5.3237983E-07,
          "y": 1.0,
          "z": -3.3336354E-07
        },
        "forward": {
          "x": -0.104678564,
          "y": -2.7580333E-07,
          "z": -0.9945061
        },
        "trans": {
          "x": 6.9436793,
          "y": 1.2799988,
          "z": -3.4556758
        }
      },
      "Blueprint": {
        "PartitionGuid": "eb3b60e0-3afe-11de-b1e2-aae800f9bca1",
        "InstanceGuid": "eb3b60e1-3afe-11de-b1e2-aae800f9bca1"
      },
      "ObjectVariation": null,
      "StreamRealm": 0,
      "CastSunShadowEnable": true,
      "Excluded": false,
      "IndexInBlueprint": 5,
      "IsEventConnectionTarget": 3,
      "IsPropertyConnectionTarget": 3
    },
    "18cb1f71-3aea-4fc1-8c4b-9440433a30fc": {
      "$type": "ReferenceObjectData",
      "BlueprintTransform": {
        "right": {
          "x": 0.023708472,
          "y": 3.0430127E-07,
          "z": 0.999719
        },
        "up": {
          "x": -6.112578E-07,
          "y": 1.0,
          "z": -2.8989066E-07
        },
        "forward": {
          "x": -0.999719,
          "y": -6.042132E-07,
          "z": 0.023708472
        },
        "trans": {
          "x": 5.051225,
          "y": 1.2799988,
          "z": -4.8394804
        }
      },
      "Blueprint": {
        "PartitionGuid": "eb3b60e0-3afe-11de-b1e2-aae800f9bca1",
        "InstanceGuid": "eb3b60e1-3afe-11de-b1e2-aae800f9bca1"
      },
      "ObjectVariation": null,
      "StreamRealm": 0,
      "CastSunShadowEnable": true,
      "Excluded": false,
      "IndexInBlueprint": 6,
      "IsEventConnectionTarget": 3,
      "IsPropertyConnectionTarget": 3
    },
    "e97b1010-2267-4ed2-bdc1-6d791787b486": {
      "$type": "ReferenceObjectData",
      "BlueprintTransform": {
        "right": {
          "x": 0.023708468,
          "y": 0.052317467,
          "z": 0.998349
        },
        "up": {
          "x": -6.1110364E-07,
          "y": 0.99862975,
          "z": -0.052332163
        },
        "forward": {
          "x": -0.9997189,
          "y": 0.0012401051,
          "z": 0.023676014
        },
        "trans": {
          "x": 5.051225,
          "y": 1.2123102,
          "z": -7.7661557
        }
      },
      "Blueprint": {
        "PartitionGuid": "eb3b60e0-3afe-11de-b1e2-aae800f9bca1",
        "InstanceGuid": "eb3b60e1-3afe-11de-b1e2-aae800f9bca1"
      },
      "ObjectVariation": null,
      "StreamRealm": 0,
      "CastSunShadowEnable": true,
      "Excluded": false,
      "IndexInBlueprint": 7,
      "IsEventConnectionTarget": 3,
      "IsPropertyConnectionTarget": 3
    },
    "cfbde7ef-e677-4389-a1ef-926856e49d4e": {
      "$type": "ReferenceObjectData",
      "BlueprintTransform": {
        "right": {
          "x": 0.09076663,
          "y": -1.0332922E-14,
          "z": 0.9958722
        },
        "up": {
          "x": -4.3530928E-08,
          "y": 1.0,
          "z": 3.9675228E-09
        },
        "forward": {
          "x": -0.9958722,
          "y": -4.3711413E-08,
          "z": 0.09076663
        },
        "trans": {
          "x": 4.847544,
          "y": 1.119966,
          "z": -10.701984
        }
      },
      "Blueprint": {
        "PartitionGuid": "eb3b60e0-3afe-11de-b1e2-aae800f9bca1",
        "InstanceGuid": "eb3b60e1-3afe-11de-b1e2-aae800f9bca1"
      },
      "ObjectVariation": null,
      "StreamRealm": 0,
      "CastSunShadowEnable": true,
      "Excluded": false,
      "IndexInBlueprint": 8,
      "IsEventConnectionTarget": 3,
      "IsPropertyConnectionTarget": 3
    },
    "4f8f437b-d93d-4dcb-8421-9c9fe25427c6": {
      "$type": "ReferenceObjectData",
      "BlueprintTransform": {
        "right": {
          "x": 3.422855E-08,
          "y": -0.05665005,
          "z": 0.9983942
        },
        "up": {
          "x": -4.371114E-08,
          "y": 0.9983942,
          "z": 0.05665005
        },
        "forward": {
          "x": -1.0,
          "y": -4.5579995E-08,
          "z": 3.1697336E-08
        },
        "trans": {
          "x": 4.716204,
          "y": 1.1935031,
          "z": -13.637194
        }
      },
      "Blueprint": {
        "PartitionGuid": "eb3b60e0-3afe-11de-b1e2-aae800f9bca1",
        "InstanceGuid": "eb3b60e1-3afe-11de-b1e2-aae800f9bca1"
      },
      "ObjectVariation": null,
      "StreamRealm": 0,
      "CastSunShadowEnable": true,
      "Excluded": false,
      "IndexInBlueprint": 9,
      "IsEventConnectionTarget": 3,
      "IsPropertyConnectionTarget": 3
    },
    "8dbcde91-77a0-417c-9b51-31085655bf0c": {
      "$type": "ReferenceObjectData",
      "BlueprintTransform": {
        "right": {
          "x": -0.12867439,
          "y": -2.9848967E-16,
          "z": 0.991687
        },
        "up": {
          "x": -4.334801E-08,
          "y": 1.0,
          "z": -5.6245355E-09
        },
        "forward": {
          "x": -0.991687,
          "y": -4.3711392E-08,
          "z": -0.12867439
        },
        "trans": {
          "x": 4.8470783,
          "y": 1.2800007,
          "z": -16.634674
        }
      },
      "Blueprint": {
        "PartitionGuid": "eb3b60e0-3afe-11de-b1e2-aae800f9bca1",
        "InstanceGuid": "eb3b60e1-3afe-11de-b1e2-aae800f9bca1"
      },
      "ObjectVariation": null,
      "StreamRealm": 0,
      "CastSunShadowEnable": true,
      "Excluded": false,
      "IndexInBlueprint": 10,
      "IsEventConnectionTarget": 3,
      "IsPropertyConnectionTarget": 3
    },
    "6defe6b4-cafe-4f09-899d-8bcc0ebbeeb1": {
      "$type": "ReferenceObjectData",
      "BlueprintTransform": {
        "right": {
          "x": 1.0,
          "y": 6.93843E-11,
          "z": -3.9201907E-08
        },
        "up": {
          "x": -6.9792686E-11,
          "y": 1.0,