{
  "Name": "fx/destruction/generic/props/concrete/emitter_m/em_concreteprop_debris_mp_02_m",
  "PartitionGuid": "56087911-9d99-411c-b13f-6dd377796515",
  "PrimaryInstanceGuid": "58c8bddf-5bc3-456e-a6ea-2946c63b1234",
  "Instances": {
    "05f743c0-5996-496a-b43f-3cb13dd488d8": {
      "$type": "RandomEvaluatorData",
      "EmitterParameter": 0,
      "Max": 0.9,
      "Min": 0.2
    },
    "07c73115-26e6-427f-9718-2888e8572395": {
      "$type": "RandomEvaluatorData",
      "EmitterParameter": 0,
      "Max": 2.0,
      "Min": 0.5
    },
    "0e8ae148-ec87-46c9-977b-9034cb536767": {
      "$type": "PolynomialData",
      "EmitterParameter": 0,
      "Coefficients": {
        "x": 0.8852456,
        "y": -1.287512,
        "z": -0.2886609,
        "w": 0.9977466
      },
      "ScaleValue": 2.0,
      "MinClamp": 0.0,
      "MaxClamp": 1.0
    },
    "234709e1-df3b-4ad0-802b-2119e76c0ec1": {
      "$type": "PolynomialData",
      "EmitterParameter": 0,
      "Coefficients": {
        "x": 0.0,
        "y": 0.0,
        "z": -5.315788,
        "w": 5.315788
      },
      "ScaleValue": 1.0,
      "MinClamp": 0.0,
      "MaxClamp": 1.0
    },
    "2a7c1eb6-3076-4740-97ad-816ac8103bac": {
      "$type": "PolynomialData",
      "EmitterParameter": 5,
      "Coefficients": {
        "x": 0.0,
        "y": 0.0,
        "z": 0.0,
        "w": 1.0
      },
      "ScaleValue": 1.0,
      "MinClamp": 0.0,
      "MaxClamp": 1.0
    },
    "32ee1849-24e9-4e0b-9d5c-3bb103a5c84e": {
      "$type": "RandomEvaluatorData",
      "EmitterParameter": 0,
      "Max": 1.0,
      "Min": 0.6
    },
    "432fc71e-6c36-4a2d-a29b-3f3cf6f92861": {
      "$type": "UpdateRotationData",
      "DefaultValues": {
        "x": 1.0,
        "y": 0.0,
        "z": 0.0,
        "w": 0.0
      },
      "NextProcessor": {
        "PartitionGuid": "56087911-9d99-411c-b13f-6dd377796515",
        "InstanceGuid": "efd337b5-3ef5-43e1-b87d-56b4b5be8393"
      },
      "Pre": {
        "PartitionGuid": "56087911-9d99-411c-b13f-6dd377796515",
        "InstanceGuid": "0e8ae148-ec87-46c9-977b-9034cb536767"
      },
      "EvaluatorInput": 2,
      "Enable": true
    },
    "4c70b53b-aead-4839-ae36-1c3738f845c8": {
      "$type": "RandomEvaluatorData",
      "EmitterParameter": 0,
      "Max": 20.0,
      "Min": -20.0
    },
    "568b9309-93cb-4867-af59-6620c416fc79": {
      "$type": "GravityData",
      "DefaultValues": {
        "x": 1.0,
        "y": 1.0,
        "z": 1.0,
        "w": 1.0
      },
      "NextProcessor": {
        "PartitionGuid": "56087911-9d99-411c-b13f-6dd377796515",
        "InstanceGuid": "cd47f057-b1f1-4f6b-8670-fd1b80c63cae"
      },
      "Pre": null,
      "EvaluatorInput": 2,
      "Enable": true,
      "Gravity": 16.0
    },
    "58c8bddf-5bc3-456e-a6ea-2946c63b1234": {
      "$type": "EmitterTemplateData",
      "PointLightIntensity": {
        "x": 0.0,
        "y": 0.0,
        "z": 0.0,
        "w": 1.0
      },
      "PointLightPivot": {
        "x": 0.0,
        "y": 0.0,
        "z": 0.0
      },
      "PointLightColor": {
        "x": 1.0,
        "y": 1.0,
        "z": 1.0
      },
      "MaxCount": 15,
      "Name": "FX/Destruction/Generic/props/Concrete/Emitter_M/Em_ConcreteProp_Debris_MP_02_M",
      "TimeScale": 1.0,
      "LifetimeFrameCount": 0,
      "Lifetime": 0.1,
      "RootProcessor": {
        "PartitionGuid": "56087911-9d99-411c-b13f-6dd377796515",
        "InstanceGuid": "ec33b8d0-bb03-459c-a645-93737387795f"
      },
      "VisibleAfterDistance": 0.0,
      "ZOcclusionLookup": [],
      "EmittableType": 6,
      "Mesh": {
        "PartitionGuid": "69e69f36-a861-8e61-87e6-1b4cb2a00855",
        "InstanceGuid": "f7038c68-2b48-11de-881a-b2186a2605b7"
      },
      "DistanceScaleNearValue": 1.0,
      "PointLightRadius": 20.0,
      "VertexPixelLightingBlendFactor": 0.7,
      "GlobalLocalNormalBlendFactor": 0.0,
      "SoftParticlesFadeDistanceMultiplier": 0.0,
      "LightWrapAroundFactor": 0.5,
      "LightMultiplier": 1.0,
      "DistanceScaleFarValue": 1.0,
      "PointLightRandomIntensityMin": 1.0,
      "MeshCullingDistance": 0.0,
      "PointLightRandomIntensityMax": 1.0,
      "MaxSpawnDistance": 0.0,
      "MinScreenArea": 1.0,
      "DistanceScaleLength": 0.0,
      "PointLightMaxClamp": 1.0,
      "ParticleCullingFactor": 0.8,
      "PointLightMinClamp": 0.0,
      "FollowSpawnSource": false,
      "RepeatParticleSpawning": false,
      "Emissive": false,
      "ExclusionVolumeCullEnable": false,
      "TransparencySunShadowEnable": false,
      "ForceFullRes": false,
      "LocalSpace": false,
      "Opaque": false,
      "ActAsPointLight": false,
      "KillParticlesWithEmitter": false,
      "ForceNiceSorting": false
    },
    "9b852e9a-7965-490e-ad92-429e2116f967": {
      "$type": "SpawnSizeData",
      "DefaultValues": {
        "x": 1.0,
        "y": 1.0,
        "z": 1.0,
        "w": 1.0
      },
      "NextProcessor": {
        "PartitionGuid": "56087911-9d99-411c-b13f-6dd377796515",
        "InstanceGuid": "ec8f1b0f-e7d7-4b76-acc0-1e98e61a5562"
      },
      "Pre": {
        "PartitionGuid": "56087911-9d99-411c-b13f-6dd377796515",
        "InstanceGuid": "32ee1849-24e9-4e0b-9d5c-3bb103a5c84e"
      },
      "EvaluatorInput": 1,
      "Enable": true,
      "Size": 1.2
    },
    "ab9be2cc-bdd0-452a-9641-57152fdf9cc1": {
      "$type": "RotateVectorData",
      "EmitterParameter": 0,
      "Angle": 100.0,
      "RotateWithinPlane": false,
      "InputAffectsPhi": true
    },
    "bb789769-93d2-49db-b29e-212792ae7e02": {
      "$type": "SpawnDirectionData",
      "DefaultValues": {
        "x": 0.0,
        "y": 1.0,
        "z": 0.0,
        "w": 0.0
      },
      "NextProcessor": {
        "PartitionGuid": "56087911-9d99-411c-b13f-6dd377796515",
        "InstanceGuid": "e354dcb7-eaf5-4df3-9d66-f472312032a1"
      },
      "Pre": {
        "PartitionGuid": "56087911-9d99-411c-b13f-6dd377796515",
        "InstanceGuid": "ab9be2cc-bdd0-452a-9641-57152fdf9cc1"
      },
      "EvaluatorInput": 1,
      "Enable": true,
      "DirectionFromEmitterOrigin": 0.0,
      "InheritSpeedAndDirectionFromEmitter": false
    },
    "cd47f057-b1f1-4f6b-8670-fd1b80c63cae": {
      "$type": "SpawnPositionData",
      "DefaultValues": {
        "x": 0.0,
        "y": 0.0,
        "z": 0.0,
        "w": 1.0
      },
      "NextProcessor": {
        "PartitionGuid": "56087911-9d99-411c-b13f-6dd377796515",
        "InstanceGuid": "edf4026a-e8c7-3c72-1afc-3268d25810fb"
      },
      "Pre": {
        "PartitionGuid": "56087911-9d99-411c-b13f-6dd377796515",
        "InstanceGuid": "de040de9-94e3-4f49-a943-e094ece68726"
      },
      "EvaluatorInput": 1,
      "Enable": true
    },
    "d16b8f14-d401-4abe-a9e5-324c4a876af1": {
      "$type": "UpdateSizeData",
      "DefaultValues": {
        "x": 1.0,
        "y": 1.0,
        "z": 1.0,
        "w": 1.0
      },
      "NextProcessor": {
        "PartitionGuid": "56087911-9d99-411c-b13f-6dd377796515",
        "InstanceGuid": "9b852e9a-7965-490e-ad92-429e2116f967"
      },
      "Pre": {
        "PartitionGuid": "56087911-9d99-411c-b13f-6dd377796515",
        "InstanceGuid": "234709e1-df3b-4ad0-802b-2119e76c0ec1"
      },
      "EvaluatorInput": 2,
      "Enable": true,
      "Pivot": {
        "x": 0.0,
        "y": 0.0
      }
    },
    "de040de9-94e3-4f49-a943-e094ece68726": {
      "$type": "BoxEvaluatorData",
      "EmitterParameter": 5,
      "Dimensions": {
        "x": 1.0,
        "y": 1.0,
        "z": 1.0
      },
      "Pivot": {
        "x": 0.0,
        "y": 0.0,
        "z": 0.0
      }
    },
    "e2902f65-bc3e-4e42-a871-ffbc1c21c224": {
      "$type": "SpawnRateData",
      "DefaultValues": {
        "x": 1.0,