{
  "Name": "levels/coop_009/ab01_parent/layer0_ab01_gameplayshapes",
  "PartitionGuid": "d6aec04e-53ef-4e24-bc8c-ef2e274b4b31",
  "PrimaryInstanceGuid": "ad0d8f15-43d8-47aa-945b-f287d0e1c8fb",
  "Instances": {
    "190e86ea-10a3-4324-b046-aaceaf57b1a1": {
      "$type": "OBBData",
      "IndexInBlueprint": 23,
      "IsEventConnectionTarget": 1,
      "IsPropertyConnectionTarget": 3,
      "Transform": {
        "right": {
          "x": 0.9955787,
          "y": 0.0,
          "z": 0.09393131
        },
        "up": {
          "x": 0.0,
          "y": 1.0,
          "z": 0.0
        },
        "forward": {
          "x": -0.09393132,
          "y": 0.0,
          "z": 0.99557877
        },
        "trans": {
          "x": -72.40146,
          "y": 67.181465,
          "z": 667.0039
        }
      },
      "HalfExtents": {
        "x": 30.082228,
        "y": 3.0328798,
        "z": 2.6398687
      }
    },
    "22e3e8eb-bf89-4f19-ac02-52c4012403cb": {
      "$type": "OBBData",
      "IndexInBlueprint": 28,
      "IsEventConnectionTarget": 1,
      "IsPropertyConnectionTarget": 3,
      "Transform": {
        "right": {
          "x": 1.0,
          "y": 0.0,
          "z": 0.0
        },
        "up": {
          "x": 0.0,
          "y": 1.0,
          "z": 0.0
        },
        "forward": {
          "x": 0.0,
          "y": 0.0,
          "z": 1.0
        },
        "trans": {
          "x": -102.18219,
          "y": 66.38134,
          "z": 695.92224
        }
      },
      "HalfExtents": {
        "x": 13.795681,
        "y": 6.8199325,
        "z": 5.504235
      }
    },
    "403cc7c5-4d3f-4a2c-bf41-742f9e0cd3de": {
      "$type": "PathfindingExclusionVolumeData",
      "IndexInBlueprint": 19,
      "IsEventConnectionTarget": 3,
      "IsPropertyConnectionTarget": 3,
      "Transform": {
        "right": {
          "x": 0.95495117,
          "y": 0.0,
          "z": 0.29676315
        },
        "up": {
          "x": 0.0,
          "y": 1.0,
          "z": 0.0
        },
        "forward": {
          "x": -0.29676318,
          "y": 0.0,
          "z": 0.95495117
        },
        "trans": {
          "x": -71.12328,
          "y": 65.060715,
          "z": 601.819
        }
      },
      "HalfExtents": {
        "x": 8.5958605,
        "y": 1.0,
        "z": 5.49989
      }
    },
    "4b6fb56d-b823-46c7-9385-d5581633daf1": {
      "$type": "OBBData",
      "IndexInBlueprint": 22,
      "IsEventConnectionTarget": 1,
      "IsPropertyConnectionTarget": 3,
      "Transform": {
        "right": {
          "x": 3.4228545E-08,
          "y": 0.0,
          "z": -1.0
        },
        "up": {
          "x": 0.0,
          "y": 1.0,
          "z": 0.0
        },
        "forward": {
          "x": 1.0,
          "y": 0.0,
          "z": 3.4228552E-08
        },
        "trans": {
          "x": -66.920555,
          "y": 66.13851,
          "z": 775.02814
        }
      },
      "HalfExtents": {
        "x": 14.736256,
        "y": 3.9410017,
        "z": 1.0000001
      }
    },
    "78964321-98fd-4413-bd66-921ed6d44e9f": {
      "$type": "OBBData",
      "IndexInBlueprint": 26,
      "IsEventConnectionTarget": 1,
      "IsPropertyConnectionTarget": 3,
      "Transform": {
        "right": {
          "x": 0.99998254,
          "y": 0.0,
          "z": 0.0059105176
        },
        "up": {
          "x": 0.0,
          "y": 1.0,
          "z": 0.0
        },
        "forward": {
          "x": -0.005910553,
          "y": 0.0,
          "z": 0.99998254
        },
        "trans": {
          "x": -83.393906,
          "y": 67.45823,
          "z": 730.6403
        }
      },
      "HalfExtents": {
        "x": 4.6978326,
        "y": 2.1817946,
        "z": 0.8098342
      }
    },
    "7965152a-d014-498d-8368-6b5dd44c2917": {
      "$type": "OBBData",
      "IndexInBlueprint": 20,
      "IsEventConnectionTarget": 1,
      "IsPropertyConnectionTarget": 3,
      "Transform": {
        "right": {
          "x": 3.4228545E-08,
          "y": 0.0,
          "z": -1.0
        },
        "up": {
          "x": 0.0,
          "y": 1.0,
          "z": 0.0
        },
        "forward": {
          "x": 1.0,
          "y": 0.0,
          "z": 3.4228545E-08
        },
        "trans": {
          "x": -48.08405,
          "y": 66.151985,
          "z": 775.34143
        }
      },
      "HalfExtents": {
        "x": 14.736256,
        "y": 3.9410017,
        "z": 1.0000001
      }
    },
    "807459fc-8746-4394-a502-3864edfe0f9e": {
      "$type": "OBBData",
      "IndexInBlueprint": 29,
      "IsEventConnectionTarget": 1,
      "IsPropertyConnectionTarget": 3,
      "Transform": {
        "right": {
          "x": -4.3711363E-08,
          "y": 0.0,
          "z": -1.0
        },
        "up": {
          "x": 0.0,
          "y": 1.0,
          "z": 0.0
        },
        "forward": {
          "x": 1.0,
          "y": 0.0,
          "z": -4.3711395E-08
        },
        "trans": {
          "x": -82.85199,
          "y": 66.38134,
          "z": 702.501
        }
      },
      "HalfExtents": {
        "x": 11.543879,
        "y": 6.8199325,
        "z": 5.504235
      }
    },
    "83ee062b-259d-48fd-8f71-7f7ede74697d": {
      "$type": "OBBData",
      "IndexInBlueprint": 21,
      "IsEventConnectionTarget": 3,
      "IsPropertyConnectionTarget": 3,
      "Transform": {
        "right": {
          "x": 0.020491896,
          "y": 0.0,
          "z": -0.9997901
        },
        "up": {
          "x": 0.0,
          "y": 1.0,
          "z": 0.0
        },
        "forward": {
          "x": 0.9997901,
          "y": 0.0,
          "z": 0.020491919
        },
        "trans": {
          "x": -47.569565,
          "y": 66.784386,
          "z": 765.7899
        }
      },
      "HalfExtents": {
        "x": 2.76874,
        "y": 3.9410017,
        "z": 1.0000002
      }
    },
    "9320d263-b038-4988-b8e2-9a21638832fa": {
      "$type": "OBBData",
      "IndexInBlueprint": 16,
      "IsEventConnectionTarget": 1,
      "IsPropertyConnectionTarget": 3,
      "Transform": {
        "right": {
          "x": 0.99998254,
          "y": 0.0,
          "z": 0.0059105176
        },
        "up": {
          "x": 0.0,
          "y": 1.0,
          "z": 0.0
        },
        "forward": {
          "x": -0.0059105544,
          "y": 0.0,
          "z": 0.9999826
        },
        "trans": {
          "x": -83.346596,
          "y": 67.45823,
          "z": 722.5946
        }
      },
      "HalfExtents": {
        "x": 4.6978326,
        "y": 2.1817946,
        "z": 3.093033
      }
    },
    "ad0d8f15-43d8-47aa-945b-f287d0e1c8fb": {
      "$type": "WorldPartData",
      "Name": "Levels/COOP_009/AB01_GameplayShapes",
      "PropertyConnections": [],
      "LinkConnections": [],
      "EventConnections": [],
      "Descriptor": null,
      "NeedNetworkId": false,
      "InterfaceHasConnections": false,
      "AlwaysCreateEntityBusClient": false,
      "AlwaysCreateEntityBusServer": false,
      "Objects": [
        {
          "PartitionGuid": "d6aec04e-53ef-4e24-bc8c-ef2e274b4b31",
          "InstanceGuid": "faf8316b-aa10-493f-a123-2f05aada69d1"
        },
        {
          "PartitionGuid": "d6aec04e-53ef-4e24-bc8c-ef2e274b4b31",
          "InstanceGuid": "ccd5d02a-bdef-4a57-87fa-406d72d4f2c8"
        },
        {
          "PartitionGuid": "d6aec04e-53ef-4e24-bc8c-ef2e274b4b31",
          "InstanceGuid": "9320d263-b038-4988-b8e2-9a21638832fa"
        },
        {
          "PartitionGuid": "d6aec04e-53ef-4e24-bc8c-ef2e274b4b31",